=== Run 20260607T164813Z  mode=backward  limit=∞  output=output/ ===

00:48:42  每次搬砖都被富婆看见 (长夜孤言) [完结]  109p→102章  954KB  OK
          https://www.52shuku.net/gl/04_b/bkeaz.html
          第1章:3126  第2章:3045  第3章:3077  第4章:3811  第5章:3016  第6章:2330
          第7章:3074  第8章:3063  第9章:3222  第10章:3311  第11章:2196  第12章:3062
          第13章:3042  第14章:3137  第15章:3182  第16章:2549  第17章:3365  第18章:3130
          第19章:3059  第20章:3118  第21章:3248  第22章:2880  第23章:3113  第24章:3134
          第25章:2605  第26章:3449  第27章:3182  第28章:3018  第29章:3090  第30章:3113
          第31章:3082  第32章:3036  第33章:3026  第34章:3162  第35章:3056  第36章:3194
          第37章:3117  第38章:2691  第39章:3049  第40章:3070  第41章:3260  第42章:3019
          第43章:2742  第44章:3061  第45章:3090  第46章:3130  第47章:3067  第48章:2146
          第49章:4042  第50章:3011  第51章:3374  第52章:2731  第53章:3045  第54章:3047
          第55章:4272  第56章:3448  第57章:3347  第58章:3723  第59章:3046  第60章:3039
          第61章:3481  第62章:2754  第63章:2863  第64章:3048  第65章:3154  第66章:3101
          第67章:3016  第68章:3045  第69章:3373  第70章:3030  第71章:3034  第72章:3013
          第73章:3083  第74章:3085  第75章:3001  第76章:3042  第77章:3024  第78章:3023
          第79章:3002  第80章:3704  第81章:3459  第82章:3091  第83章:3025  第84章:3402
          第85章:3364  第86章:3109  第87章:3219  第88章:3073  第89章:3334  第90章:3062
          第91章:3524  第92章:3456  第93章:2375  第94章:1581  第95章:1672  第96章:3397
          第97章:3029  第98章:3004  第99章:3052  第100章:2995  第101章:3021  第102章:3686

00:49:24  洞房夜当晚穿到五年后 (昨夜未归) [完结+番外]  116p→84章  1015KB  OK
          https://www.52shuku.net/gl/04_b/bkeay.html
          第1章:2793  第2章:2801  第3章:2785  第4章:2955  第5章:2767  第6章:2677
          第7章:2940  第8章:2732  第9章:2913  第10章:2250  第11章:2717  第12章:2856
          第13章:2775  第14章:2859  第15章:2458  第16章:3043  第17章:2804  第18章:2710
          第19章:2703  第20章:2520  第21章:8907  第22章:5549  第23章:5561  第24章:5633
          第25章:5624  第26章:5688  第27章:5604  第28章:5599  第29章:5600  第30章:5469
          第31章:5537  第32章:5573  第33章:5563  第34章:5586  第35章:5615  第36章:5638
          第37章:5638  第38章:5650  第39章:5637  第40章:2921  第41章:2868  第42章:5571
          第43章:5601  第44章:5661  第45章:5612  第46章:5695  第47章:5650  第48章:5643
          第49章:5648  第50章:5460  第51章:5514  第52章:5663  第53章:5487  第54章:5672
          第55章:5702  第56章:5564  第57章:2918  第58章:2862  第59章:2848  第60章:2946
          第61章:2895  第62章:2860  第63章:2853  第64章:2957  第65章:2936  第66章:2923
          第67章:2893  第68章:2854  第69章:2817  第70章:2834  第71章:2907  第72章:2858
          第73章:2793  第74章:2942  第75章:2860  第76章:2934  第77章:2915  第78章:2882
          第79章:2879  第80章:2874  第81章:2822  第82章 正文完结:2864  第83章:2957  第84章:2914

00:51:10  玄学大佬攻略清冷影后和白月光 (仙珥) [完结+番外]  298p→217章  2474KB  OK
          https://www.52shuku.net/gl/04_b/bkeax.html
          第1章:3985  第2章:3716  第3章:3432  第4章:4544  第5章:2948  第6章:4434
          第7章:7142  第8章:3025  第9章:2661  第10章:2845  第11章:2864  第12章:1787
          第13章:2541  第14章:3522  第15章:3777  第16章:2930  第17章:3243  第18章:2537
          第19章:11582  第20章:4946  第21章:5102  第22章:3457  第23章:4884  第24章:2942
          第25章:3409  第26章:4352  第27章:4647  第28章:2626  第29章:3912  第30章:2623
          第31章:4837  第32章:4260  第33章:3857  第34章:2588  第35章:3945  第36章:3368
          第37章:3698  第38章:4727  第39章:2641  第40章:3479  第41章:4421  第42章:3029
          第43章:3445  第44章:2380  第45章:4038  第46章:3646  第47章:3352  第48章:4275
          第49章:4618  第50章:4742  第51章:5348  第52章:4413  第53章:4767  第54章:2958
          第55章:4078  第56章:3963  第57章:5095  第58章:3296  第59章:3499  第60章:4100
          第61章:3783  第62章:6098  第63章:5708  第64章:4484  第65章:5296  第66章:3044
          第67章:2741  第68章:4634  第69章:2586  第70章:2908  第71章:3314  第72章:3226
          第73章:2932  第74章:3498  第75章:3649  第76章:6953  第77章:2638  第78章:2723
          第79章:3589  第80章:7354  第81章:3360  第82章:2770  第83章:4032  第84章:3736
          第85章:3359  第86章:3779  第87章:2619  第88章:3586  第89章:3409  第90章:3673
          第91章:3742  第92章:3346  第93章:4322  第94章:3529  第95章:3178  第96章:3650
          第97章:3652  第98章:2956  第99章:3657  第100章:3340  第101章:3169  第102章:7271
          第103章:4672  第104章:3366  第105章:3419  第106章:3891  第107章:3994  第108章:2924
          第109章:2669  第110章:3489  第111章:2785  第112章:2922  第113章:4711  第114章:4151
          第115章:3188  第116章:3618  第117章:2971  第118章:3580  第119章:2355  第120章:2570
          第121章:2669  第122章:2756  第123章:3045  第124章:3912  第125章:3449  第126章:3347
          第127章:3678  第128章:4136  第129章:3993  第130章:3276  第131章:3646  第132章:4180
          第133章:3605  第134章:3044  第135章:5303  第136章:5668  第137章:4896  第138章:3735
          第139章:2633  第140章:3597  第141章:3773  第142章:2514  第143章:3718  第144章:3211
          第145章:4522  第146章:3918  第147章:3653  第148章:4051  第149章:3765  第150章:3738
          第151章:5051  第152章:5170  第153章:4216  第154章:3616  第155章:5328  第156章:2908
          第157章:3039  第158章:4322  第159章:3406  第160章:5717  第161章:3269  第162章:3938
          第163章:4243  第164章:3716  第165章:3842  第166章:2939  第167章:4402  第168章:4170
          第169章:2230  第170章:3333  第171章:4264  第172章:5058  第173章:2846  第174章:2920
          第175章:4596  第176章:3333  第177章:2560  第178章:3330  第179章:3265  第180章:3651
          第181章:2586  第182章:4656  第183章:3934  第184章:3922  第185章:3622  第186章:3699
          第187章:4316  第188章:2979  第189章:3556  第190章:3646  第191章:3646  第192章:3512
          第193章:3708  第194章:4243  第195章:3580  第196章:3589  第197章:3323  第198章:3870
          第199章:3296  第200章:3609  第201章:4056  第202章:3362  第203章:4167  第204章:3596
          第205章:2887  第206章:2963  第207章:2576  第208章:4038  第209章:3972  第210章:3552
          第211章:4556  第212章:4252  第213章 正文完结:6836  第214章:2158  第215章:3702  第216章:3361
          第217章:3556

00:52:57  玄学大佬穿为娱乐圈渣A (洛小湃) [完结]  300p→261章  2722KB  OK
          https://www.52shuku.net/gl/04_b/bkeaw.html
          第1章:3556  第2章:3316  第3章:2381  第4章:3176  第5章:3001  第6章:3245
          第7章:3052  第8章:3104  第9章:3027  第10章:2320  第11章:2011  第12章:2048
          第13章:2022  第14章:2184  第15章:2251  第16章:2591  第17章:2603  第18章:3134
          第19章:2490  第20章:2997  第21章:2806  第22章:2229  第23章:2108  第24章:11245
          第25章:6217  第26章:6523  第27章:7038  第28章:6261  第29章:6578  第30章:4225
          第31章:2561  第32章:4299  第33章:2929  第34章:2530  第35章:3550  第36章:4204
          第37章:2228  第38章:3190  第39章:2892  第40章:3531  第41章:3054  第42章:3069
          第43章:3229  第44章:3176  第45章:3067  第46章:3526  第47章:3600  第48章:2539
          第49章:3914  第50章:2625  第51章:3209  第52章:4224  第53章:2595  第54章:3321
          第55章:3932  第56章:2197  第57章:4199  第58章:2178  第59章:3958  第60章:2557
          第61章:2637  第62章:3720  第63章:3559  第64章:3887  第65章:2291  第66章:2917
          第67章:3226  第68章:4259  第69章:2177  第70章:2520  第71章:3665  第72章:3996
          第73章:2238  第74章:4202  第75章:2253  第76章:3924  第77章:2294  第78章:3546
          第79章:2542  第80章:3907  第81章:2537  第82章:4542  第83章:2247  第84章:3335
          第85章:3197  第86章:4182  第87章:2219  第88章:6251  第89章:3257  第90章:3679
          第91章:3999  第92章:2579  第93章:3619  第94章:3546  第95章:4632  第96章:1892
          第97章:4953  第98章:2998  第99章:3002  第100章:3583  第101章:3909  第102章:3272
          第103章:3921  第104章:2130  第105章:3196  第106章:3541  第107章:3549  第108章:2670
          第109章:4189  第110章:2952  第111章:4530  第112章:2182  第113章:4180  第114章:3929
          第115章:6236  第116章:6215  第117章:3247  第118章:3199  第119章:3589  第120章:2545
          第121章:2179  第122章:4180  第123章:3640  第124章:2925  第125章:3580  第126章:2563
          第127章:3949  第128章:2533  第129章:3179  第130章:3208  第131章:3634  第132章:2538
          第133章:4254  第134章:2240  第135章:3545  第136章:2561  第137章:3238  第138章:3260
          第139章:4251  第140章:2320  第141章:6901  第142章:6214  第143章:6637  第144章:3208
          第145章:3545  第146章:3889  第147章:3533  第148章:3513  第149章:2960  第150章:2211
          第151章:4017  第152章:4286  第153章:2000  第154章:3213  第155章:5218  第156章:4594
          第157章:5286  第158章:4925  第159章:4648  第160章:2233  第161章:5183  第162章:3992
          第163章:5565  第164章:5908  第165章:3895  第166章:3832  第167章:3931  第168章:2588
          第169章:3923  第170章:2298  第171章:3916  第172章:2344  第173章:3250  第174章:3246
          第175章:4200  第176章:2192  第177章:3197  第178章:3378  第179章:3245  第180章:3234
          第181章:3527  第182章:2591  第183章:3185  第184章:3379  第185章:3184  第186章:3199
          第187章:5191  第188章:2262  第189章:3254  第190章:3045  第191章:3632  第192章:2653
          第193章:4209  第194章:2046  第195章:4006  第196章:2200  第197章:3223  第198章:3621
          第199章:3977  第200章:2891  第201章:3261  第202章:3224  第203章:3569  第204章:3426
          第205章:2534  第206章:3547  第207章:3183  第208章:3075  第209章:4211  第210章:2595
          第211章:3182  第212章:2875  第213章:2539  第214章:3679  第215章:3217  第216章:3391
          第217章:3191  第218章:2892  第219章:4232  第220章:3899  第221章:2588  第222章:4575
          第223章:3934  第224章:5226  第225章:2002  第226章:3973  第227章:2148  第228章:3187
          第229章:3887  第230章:3256  第231章:3267  第232章:3252  第233章:3244  第234章:3226
          第235章:3290  第236章:3255  第237章:3539  第238章:3198  第239章:3579  第240章:3254
          第241章:3618  第242章:3884  第243章:3182  第244章:3909  第245章:3365  第246章:4218
          第247章:3758  第248章:3251  第249章:3260  第250章:3231  第251章:3230  第252章:3536
          第253章:3328  第254章:3246  第255章:3038  第256章:4546  第257章:3209  第258章:3216
          第259章:3250  第260章:3081  第261章:3810

00:54:04  甩掉的偏执前任回来了 (湖中歌) [完结+番外]  183p→104章  1617KB  OK
          https://www.52shuku.net/gl/04_b/bkeav.html
          第1章:3216  第2章:3124  第3章:3179  第4章:3111  第5章:3293  第6章:3400
          第7章:3417  第8章:3180  第9章:4470  第10章:3407  第11章:3639  第12章:3022
          第13章:3637  第14章:3393  第15章:3306  第16章:3202  第17章:3295  第18章:4027
          第19章:2441  第20章:3215  第21章:10073  第22章:6191  第23章:6537  第24章:6327
          第25章:6915  第26章:6326  第27章:6555  第28章:6949  第29章:6083  第30章:6232
          第31章:7269  第32章:7596  第33章:7510  第34章:7371  第35章:6441  第36章:6364
          第37章:6670  第38章:6585  第39章:7516  第40章:7068  第41章:7939  第42章:6565
          第43章:6730  第44章:6776  第45章:6978  第46章:6492  第47章:6541  第48章:6995
          第49章:6230  第50章:6225  第51章:6393  第52章:6891  第53章:6511  第54章:6735
          第55章:6310  第56章:6181  第57章:6144  第58章:6263  第59章:6153  第60章:6684
          第61章:6499  第62章:6544  第63章:6546  第64章:6106  第65章:6170  第66章:6720
          第67章:6716  第68章:6086  第69章:6589  第70章:6723  第71章:6748  第72章:6366
          第73章:6430  第74章:3539  第75章:3265  第76章:3882  第77章:3737  第78章:3517
          第79章:3642  第80章:3480  第81章:3933  第82章:3206  第83章:4227  第84章:3335
          第85章:3252  第86章:3743  第87章:3971  第88章:3414  第89章:4785  第90章:6170
          第91章:3767  第92章:3033  第93章:3297  第94章:4106  第95章:3255  第96章:3512
          第97章:3278  第98章:3488  第99章:3385  第100章:3978  第101章:3393  第102章:4390
          第103章 正文完结:4373  第104章:3218

00:54:55  疯美omega总想和我生孩子 (乱曲) [完结+番外]  138p→79章  1235KB  OK
          https://www.52shuku.net/gl/04_b/bkeau.html
          第1章:3002  第2章:3061  第3章:3045  第4章:3188  第5章:3032  第6章:2926
          第7章:2878  第8章:2919  第9章:2971  第10章:3126  第11章:2459  第12章:2688
          第13章:2469  第14章:2344  第15章:2455  第16章:2797  第17章:2267  第18章:2421
          第19章:2206  第20章:2369  第21章:2474  第22章:3470  第23章:11508  第24章:6264
          第25章:6523  第26章:6564  第27章:6607  第28章:6222  第29章:7324  第30章:6197
          第31章:6875  第32章:6185  第33章:6183  第34章:6254  第35章:6285  第36章:6248
          第37章:6288  第38章:6296  第39章:6512  第40章:7263  第41章:7836  第42章:6523
          第43章:6348  第44章:6564  第45章:6210  第46章:6209  第47章:6205  第48章:6228
          第49章:6314  第50章:6235  第51章:6169  第52章:6200  第53章:6183  第54章:6259
          第55章:6181  第56章:6197  第57章:6581  第58章:6592  第59章:6509  第60章:6581
          第61章:6249  第62章:6246  第63章:6259  第64章:7311  第65章:6366  第66章:6280
          第67章:6218  第68章:6257  第69章:6237  第70章:6188  第71章:6226  第72章:6169
          第73章 正文完结:6304  第74章:3303  第75章:3178  第76章:3607  第77章:2867  第78章:3285
          第79章:3676

00:56:03  穿为女王O的侍宠 (冬阶) [完结+番外]  189p→115章  1647KB  OK
          https://www.52shuku.net/gl/04_b/bkeat.html
          第1章:3243  第2章:3088  第3章:3194  第4章:3296  第5章:3147  第6章:3090
          第7章:3352  第8章:3149  第9章:3048  第10章:3110  第11章:3030  第12章:3081
          第13章:3068  第14章:3039  第15章:3023  第16章:3020  第17章:3058  第18章:3056
          第19章:3096  第20章:3110  第21章:9189  第22章:5283  第23章:4185  第24章:4366
          第25章:3035  第26章:3171  第27章:3536  第28章:4662  第29章:4838  第30章:6012
          第31章:5090  第32章:5006  第33章:5911  第34章:5623  第35章:4925  第36章:4990
          第37章:5645  第38章:5847  第39章:5506  第40章:5665  第41章:5207  第42章:5211
          第43章:4860  第44章:4885  第45章:4889  第46章:5522  第47章:5647  第48章:6224
          第49章:5246  第50章:5588  第51章:6342  第52章:5369  第53章:4847  第54章:5276
          第55章:4898  第56章:5682  第57章:4851  第58章:5536  第59章:5347  第60章:5700
          第61章:5307  第62章:5233  第63章:5713  第64章:5181  第65章:4933  第66章:5286
          第67章:4918  第68章:5329  第69章:5228  第70章:5057  第71章:4955  第72章:5281
          第73章:5168  第74章:6236  第75章:6526  第76章:5290  第77章:5334  第78章:5299
          第79章:5176  第80章:4884  第81章:5401  第82章:4906  第83章:5212  第84章:5028
          第85章:5388  第86章:4877  第87章:5313  第88章:5234  第89章:4839  第90章:5580
          第91章:5273  第92章:5314  第93章:5172  第94章:4946  第95章:4912  第96章:5205
          第97章:5195  第98章:4895  第99章:3265  第100章:3038  第101章:5137  第102章:5709
          第103章:5733  第104章:5198  第105章:5380  第106章:4903  第107章:4957  第108章:3867
          第109章:4874  第110章:4104  第111章:4856  第112章 正文完:4919  第113章:4856  第114章:4028
          第115章:3172

00:57:08  穿越草原后被花豹独宠 (桥漫) [完结+番外]  175p→110章  1541KB  OK
          https://www.52shuku.net/gl/04_b/bkeas.html
          第1章:3543  第2章:4236  第3章:3651  第4章:3435  第5章:3071  第6章:3087
          第7章:3342  第8章:5805  第9章:3118  第10章:3072  第11章:3194  第12章:3175
          第13章:2770  第14章:3199  第15章:2835  第16章:2603  第17章:2572  第18章:2650
          第19章:3264  第20章:10056  第21章:4013  第22章:3109  第23章:3276  第24章:3061
          第25章:3214  第26章:3072  第27章:3307  第28章:4978  第29章:3341  第30章:6025
          第31章:5023  第32章:6063  第33章:6086  第34章:5963  第35章:4613  第36章:6525
          第37章:6517  第38章:6532  第39章:6594  第40章:6528  第41章:6585  第42章:6542
          第43章:6559  第44章:6326  第45章:6054  第46章:6568  第47章:6007  第48章:6247
          第49章:6039  第50章:6052  第51章:6006  第52章:6094  第53章:6621  第54章:6044
          第55章:6032  第56章:6010  第57章:6067  第58章:6005  第59章:6011  第60章:6068
          第61章:6029  第62章:6136  第63章:6028  第64章:6045  第65章:6061  第66章:6006
          第67章:6014  第68章:5523  第69章:6036  第70章:6256  第71章:6002  第72章:6012
          第73章:6063  第74章:6049  第75章:6078  第76章:6020  第77章:6052  第78章:6048
          第79章:5179  第80章:4173  第81章:4192  第82章:3846  第83章 正文完:3716  第84章:3114
          第85章:3017  第86章:3003  第87章:3088  第88章:3023  第89章:3127  第90章:3186
          第91章:3018  第92章:3069  第93章:3512  第94章:3272  第95章:3649  第96章:3222
          第97章:3250  第98章:3295  第99章:3231  第100章:3587  第101章:3333  第102章:3321
          第103章:3345  第104章:3245  第105章:3211  第106章:3384  第107章:3240  第108章:3317
          第109章:3205  第110章:2414

00:58:04  藏南海 (树莓的黑暗意志) [完结]  154p→135章  1332KB  OK
          https://www.52shuku.net/gl/04_b/bkear.html
          第1章 安通（一）:3162  第2章 仲泰（一）:3634  第3章 仲泰（二）:3478  第4章 仲泰（三）:3173  第5章 仲泰（四）:3140  第6章 仲泰（五）:3114
          第7章 仲泰（六）:3141  第8章 仲泰（七）:3008  第9章 仲泰（八）:3072  第10章 仲泰（九）:3078  第11章 仲泰（十）:3141  第12章 仲泰（十一）:3112
          第13章 仲泰（十二）:3207  第14章 仲泰（十三）:3150  第15章 安通（二）:3102  第16章 仲泰（十四）:3139  第17章 仲泰（十五）:3214  第18章 仲泰（十六）:3041
          第19章 仲泰（十七）:3090  第20章 仲泰（十八）:3141  第21章 仲泰（十九）:3187  第22章 仲泰（二十）:3030  第23章 仲泰（二十一）:3182  第24章 仲泰（二十二）:3252
          第25章 仲泰（二十三）:3634  第26章 仲泰（二十四）:3276  第27章 仲泰（二十五）:3087  第28章 仲泰（二十六）:3304  第29章 仲泰（二十七）:3019  第30章 仲泰（二十八）:3190
          第31章 仲泰（二十九）:3422  第32章 麟泰（一）[倒V开始]:3100  第33章 麟泰（二）:3042  第34章 麟泰（三）:3041  第35章 麟泰（四）:3160  第36章 麟泰（五）:3024
          第37章 麟泰（六）:3038  第38章 麟泰（七）:3044  第39章 麟泰（八）:3095  第40章 麟泰（九）:3100  第41章 麟泰（十）:3194  第42章 麟泰（十一）:3211
          第43章 麟泰（十二）:3215  第44章 麟泰（十三）:3099  第45章 麟泰（十四-十七）:12539  第46章 麟泰（十八）:3017  第47章 麟泰（十九）:3092  第48章 麟泰（二十）:3031
          第49章 麟泰（二十一）:3089  第50章 麟泰（二十二）:3009  第51章 麟泰（二十三）:3013  第52章 麟泰（二十四）:3125  第53章 麟泰（二十五）:3023  第54章 麟泰（二十六）:3223
          第55章 麟泰（二十七）:3026  第56章 麟泰（二十八）:3307  第57章 麟泰（二十九）:3181  第58章 麟泰（三十）:3021  第59章 麟泰（三十一）:3039  第60章 麟泰（三十二）:3027
          第61章 麟泰（三十三）:3243  第62章 麟泰（三十四）:3080  第63章 麟泰（三十五）:3422  第64章 安通（三）:3123  第65章 安通（四）:3192  第66章 安通（五）:3077
          第67章 安通（六）:3014  第68章 安通（七）:3078  第69章 安通（八）:3245  第70章 安通（九）:3090  第71章 安通（十）:3052  第72章 安通（十一）:3041
          第73章 安通（十二）:3274  第74章 安通（十三）:3050  第75章 安通（十四）:3182  第76章 安通（十五）:3137  第77章 安通（十六）:3147  第78章 安通（十七）:3087
          第79章 安通（十八）:3191  第80章 安通（十九）:3051  第81章 安通（二十）:3009  第82章 安通（二十一）:3021  第83章 安通（二十二）:3104  第84章 安通（二十三）:3328
          第85章 安通（二十四）:3079  第86章 安通（二十五）:3047  第87章 安通（二十六）:3068  第88章 安通（二十七）:3053  第89章 安通（二十八）:3105  第90章 安通（二十九）:3029
          第91章 安通（三十）:3092  第92章 安通（三十一）:3353  第93章 安通（三十二）:4061  第94章 安通（三十三）:3136  第95章 安通（三十四）:3093  第96章 安通（三十五）:3019
          第97章 安通（三十六）:3717  第98章 安通（三十七）:3327  第99章 安通（三十八）:3328  第100章 安通（三十九）:3462  第101章 安通（四十）:3168  第102章 承泰（一）:3116
          第103章 承泰（二）:3026  第104章 承泰（三）:3016  第105章 承泰（四）:3118  第106章 承泰（五）:3219  第107章 承泰（六）:3234  第108章 承泰（七）:3005
          第109章 承泰（八）:3272  第110章 承泰（九）:3009  第111章 承泰（十）:3062  第112章 承泰（十一）:3282  第113章 承泰（十二）:3082  第114章 承泰（十三）:3063
          第115章 承泰（十四）:3069  第116章 承泰（十五）:3033  第117章 承泰（十六）:3073  第118章 承泰（十七）:3023  第119章 承泰（十八）:3080  第120章 承泰（十九）:3014
          第121章 承泰（二十）:3058  第122章 承泰（二十一）:3056  第123章 承泰（二十二）:3003  第124章 承泰（二十三）:4340  第125章 承泰（二十四）:3140  第126章 承泰（二十五）:3091
          第127章 承泰（二十六）:3134  第128章 承泰（二十七）:3097  第129章 承泰（二十八）:3224  第130章 承泰（二十九）:3063  第131章 承泰（三十）:3098  第132章 承泰（三十一）:3026
          第133章 承泰（三十二）:3563  第134章 承泰（三十三）:3100  第135章 承泰（完）:4142

00:58:42  说好的凤傲天怎么强取豪夺了 (夹心GGBOND) [完结+番外]  102p→91章  898KB  OK
          https://www.52shuku.net/gl/04_b/bkeaq.html
          第1章:3746  第2章:3363  第3章:3322  第4章:3369  第5章:3245  第6章:3328
          第7章:3434  第8章:3600  第9章:3279  第10章:3240  第11章:3382  第12章:3323
          第13章:3529  第14章:3485  第15章:3678  第16章:3173  第17章:3309  第18章:3267
          第19章:3249  第20章:3313  第21章:3281  第22章:3564  第23章:3401  第24章:3231
          第25章:3359  第26章:3411  第27章:3156  第28章:3243  第29章:3224  第30章:3205
          第31章:3318  第32章:3180  第33章:3149  第34章:3216  第35章:3248  第36章:3061
          第37章:3134  第38章:3654  第39章:3219  第40章:3228  第41章:3185  第42章:3295
          第43章:3620  第44章:3316  第45章:3453  第46章:3236  第47章:3085  第48章:3083
          第49章:3318  第50章:3461  第51章:3255  第52章:3180  第53章:3093  第54章:3153
          第55章:3570  第56章:3235  第57章:3097  第58章:3254  第59章:3275  第60章:3398
          第61章:3041  第62章:3196  第63章:3187  第64章:3117  第65章:3172  第66章:3105
          第67章:3561  第68章:3498  第69章:3059  第70章:3180  第71章:3094  第72章:3082
          第73章:3049  第74章:3343  第75章:3093  第76章:3068  第77章:3125  第78章:3218
          第79章 正文完:3376  第80章:3288  第81章:3069  第82章:3614  第83章:3150  第84章:3259
          第85章:3443  第86章:3104  第87章:3116  第88章:3060  第89章:3046  第90章:3392
          第91章:3544

00:59:31  跟大明星O上恋综后 (草莓抱冰) [完结]  134p→108章  1125KB  OK
          https://www.52shuku.net/gl/04_b/bkeap.html
          第1章:3130  第2章:3653  第3章:3257  第4章:3288  第5章:3329  第6章:3663
          第7章:3323  第8章:3723  第9章:3895  第10章:3118  第11章:3353  第12章:3897
          第13章:3480  第14章:3071  第15章:3310  第16章:2696  第17章:4745  第18章:3070
          第19章:2340  第20章:2188  第21章:2034  第22章:2277  第23章:2148  第24章:2071
          第25章:10302  第26章:3186  第27章:3182  第28章:3612  第29章:3890  第30章:6247
          第31章:3576  第32章:3198  第33章:3414  第34章:3853  第35章:3034  第36章:4559
          第37章:3248  第38章:3609  第39章:3056  第40章:3207  第41章:3247  第42章:3203
          第43章:3221  第44章:3629  第45章:3232  第46章:3226  第47章:3183  第48章:3529
          第49章:3616  第50章:3394  第51章:3252  第52章:3510  第53章:3203  第54章:3282
          第55章:3282  第56章:3261  第57章:3182  第58章:3181  第59章:3212  第60章:4884
          第61章:3215  第62章:3088  第63章:3196  第64章:3274  第65章:3310  第66章:3182
          第67章:3180  第68章:3169  第69章:3249  第70章:3298  第71章:3196  第72章:3204
          第73章:3320  第74章:4523  第75章:2200  第76章:3524  第77章:3040  第78章:3036
          第79章:3027  第80章:3177  第81章:3568  第82章:3190  第83章:2934  第84章:3247
          第85章:4545  第86章:3257  第87章:3264  第88章:3621  第89章:5338  第90章:3550
          第91章:3539  第92章:4007  第93章:4530  第94章:3006  第95章:3191  第96章:3302
          第97章:3245  第98章:3911  第99章:2615  第100章:3318  第101章:3207  第102章:2843
          第103章:2988  第104章:3240  第105章:3408  第106章:3064  第107章:4187  第108章:2755

01:00:20  述影后今天吻到祝小花了吗 (宁久葳) [完结]  131p→90章  1093KB  OK
          https://www.52shuku.net/gl/04_b/bkeao.html
          第1章:3089  第2章:2592  第3章:3300  第4章:3156  第5章:2833  第6章:3622
          第7章:3071  第8章:3258  第9章:3254  第10章:3073  第11章:3195  第12章:3308
          第13章:3064  第14章:3267  第15章:3180  第16章:3133  第17章:3234  第18章:3325
          第19章:3262  第20章:3132  第21章:3238  第22章:6304  第23章:3072  第24章:3190
          第25章:3304  第26章:3298  第27章:3108  第28章:3302  第29章:3211  第30章:3272
          第31章:3207  第32章:3288  第33章:3173  第34章:3263  第35章:3259  第36章:3211
          第37章:3216  第38章:3183  第39章:3190  第40章:3194  第41章:3221  第42章:3335
          第43章:3293  第44章:3205  第45章:3203  第46章:3211  第47章:3270  第48章:3247
          第49章:3112  第50章:3214  第51章:3246  第52章:3245  第53章:3224  第54章:3277
          第55章:3225  第56章:3197  第57章:3226  第58章:3370  第59章:3251  第60章:3194
          第61章:3257  第62章:3193  第63章:3604  第64章:3220  第65章:3235  第66章:3204
          第67章:3239  第68章:7626  第69章:3217  第70章:3225  第71章:3215  第72章:3209
          第73章:6182  第74章:6037  第75章:6250  第76章:4593  第77章:3914  第78章:5371
          第79章:5522  第80章:3481  第81章:3461  第82章:5117  第83章:3415  第84章:3613
          第85章:3402  第86章:4249  第87章:3615  第88章:3664  第89章:3401  第90章:43376

01:00:45  重回到渣妻少女时 (那只杨) [完结+番外]  69p→56章  602KB  OK
          https://www.52shuku.net/gl/04_b/bkean.html
          第1章 攻略进度50%:3014  第2章 宋讷的白月光（修）:3766  第3章 备孕（修）:3041  第4章 备孕:3334  第5章 骗子宋讷:3109  第6章 程思源是宋讷的18岁到27岁:3136
          第7章 和我结婚，是为了程思源吗:2973  第8章 宋讷来了:3015  第9章 这顿饭十分憋屈:2980  第10章 慕慕受伤了:3040  第11章 捐血:3119  第12章 监控也没有还她清白:2991
          第13章 宋讷：我们以后好好过日子:3030  第14章 她甚至都能容忍对方不忠:3134  第15章 程思源之于宋讷，宛若宋讷之于她:2878  第16章 宋讷：我不喜欢你:3027  第17章 宋讷，我不需要你了:1889  第18章 世上再无唐竹:2460
          第19章 原来她叫叶轻:3370  第20章 那是，十八岁的宋讷:2501  第21章 这一世，她不会再动心:7637  第22章 前世，宋讷也曾帮过她:6094  第23章 这一世，她只需阻拦程思源和宋讷:6065  第24章 宋讷没有办理入学:6070
          第25章 住进宋讷家:6248  第26章 她不是真的叶轻:6580  第27章 先下手为强:6301  第28章 成为小情侣:6016  第29章 见父母:6080  第30章 宋讷亲亲:5777
          第31章 梦中的女人成为现实:2341  第32章 她要等自己的老婆，唐竹:2085  第33章 思念成疾:3420  第34章 需要感受到失去她才知道自己爱你:4850  第35章 唐竹的家人来东大了:3571  第36章 叶轻，唐竹:2293
          第37章 不是唐竹又是谁:3186  第38章 不是你邀请我的吗:2783  第39章 橙子味好吃:3158  第40章 白月光总之不是你:3177  第41章 恭喜宿主，已完成任务:3448  第42章 我要去英国留学:3142
          第43章 请告诉我，她在哪儿:3165  第44章 唐竹，你这次要消失多久:3239  第45章 宋讷竞给我安定位追踪器:3167  第46章 宋讷，你在勾引我？:2988  第47章 宋讷是新同学:2272  第48章 宋讷，我要结婚了:3276
          第49章 她凭什么想走就走？:2138  第50章 一命换一命:2726  第51章 宋讷：我给你生个宝宝吧:2688  第52章 四年之约:2539  第53章 病态追踪:2227  第54章 新的编曲:2620
          第55章 要永远在一起:2522  第56章 番:2224

01:01:39  青梅馋我很久了 (绝对不吃鸳鸯锅) [完结]  146p→139章  1287KB  OK
          https://www.52shuku.net/gl/04_b/bkeam.html
          第1章:3122  第2章:4191  第3章:3256  第4章:3129  第5章:3557  第6章:3179
          第7章:3480  第8章:3279  第9章:2948  第10章:3027  第11章:3028  第12章:3047
          第13章:3076  第14章:3043  第15章:3001  第16章:2029  第17章:3272  第18章:3040
          第19章:3742  第20章:7211  第21章:3186  第22章:3284  第23章:3218  第24章:3283
          第25章:3212  第26章:4178  第27章:3225  第28章:3176  第29章:3221  第30章:3195
          第31章:3185  第32章:3211  第33章:3268  第34章:4528  第35章:3273  第36章:3227
          第37章:3183  第38章:3207  第39章:3199  第40章:3206  第41章:3188  第42章:3204
          第43章:1864  第44章:3249  第45章:3205  第46章:3217  第47章:3224  第48章:3215
          第49章:5543  第50章:3247  第51章:3580  第52章:3182  第53章:3170  第54章:3200
          第55章:3241  第56章:3237  第57章:3195  第58章:3259  第59章:3171  第60章:2878
          第61章:3223  第62章:3206  第63章:3553  第64章:3169  第65章:3190  第66章:3192
          第67章:3206  第68章:3170  第69章:3257  第70章:3213  第71章:4202  第72章:2197
          第73章:3250  第74章:3214  第75章:3226  第76章:3198  第77章:3258  第78章:3212
          第79章:3171  第80章:3289  第81章:3193  第82章:3172  第83章:3197  第84章:3249
          第85章:3182  第86章:3192  第87章:3287  第88章:3528  第89章:3579  第90章:3180
          第91章:3176  第92章:3178  第93章:3203  第94章:3176  第95章:3521  第96章:3248
          第97章:2838  第98章:1931  第99章:2175  第100章:1203  第101章:3181  第102章:3171
          第103章:2192  第104章:1546  第105章:2267  第106章:3202  第107章:2513  第108章:2526
          第109章:3192  第110章:2228  第111章:3251  第112章:2167  第113章:2839  第114章:2234
          第115章:2854  第116章:2514  第117章:2852  第118章:3189  第119章:2850  第120章:1847
          第121章:2516  第122章:1871  第123章:2533  第124章:1194  第125章:2654  第126章:3167
          第127章:3183  第128章:1846  第129章:2857  第130章:2253  第131章:3232  第132章:1865
          第133章:2309  第134章:3623  第135章:1936  第136章:1641  第137章:3194  第138章:1889
          第139章:3552

01:02:44  怪物也得给女人当狗吗 (李酶酶) [完结]  178p→123章  1553KB  OK
          https://www.52shuku.net/gl/04_b/bkeal.html
          第1章 鼍龙（一）:2556  第2章 鼍龙（二）:3645  第3章 鼍龙（三）:3013  第4章 鼍龙（四）:3090  第5章 鼍龙（五）:3651  第6章 鼍龙（六）:3188
          第7章 鼍龙（七）:3233  第8章 鼍龙（八）:3145  第9章 鼍龙（九）:3173  第10章 鼍龙（十）:3004  第11章 鼍龙（十一）:3313  第12章 缨虫（一）:3044
          第13章 缨虫（二）:3019  第14章 缨虫（三）:3062  第15章 缨虫（四）:3212  第16章 缨虫（五）:3255  第17章 缨虫（六）:3006  第18章 缨虫（七）:3166
          第19章 缨虫（八）:3079  第20章 缨虫（九）:3062  第21章 缨虫（十）:3049  第22章 缨虫（十一）:3101  第23章 缨虫（十二）:3317  第24章 缨虫（十三）:3168
          第25章 缨虫（十四）:3268  第26章 缨虫（十五）:3016  第27章 缨虫（十六）:3225  第28章 缨虫（十七）:3179  第29章 缨虫（十八）:3598  第30章 狡兽（一）:3182
          第31章 狡兽（二）:3176  第32章 狡兽（三）:3179  第33章 狡兽（四）:5538  第34章 狡兽（五）:3867  第35章 狡兽（六）:3180  第36章 狡兽（七）:3170
          第37章 狡兽（八）:3528  第38章 狡兽（九）:3881  第39章 狡兽（十）:4598  第40章 狡兽（十一）:3856  第41章 狡兽（十二）:3196  第42章 狡兽（十三）:5507
          第43章 狡兽（十四）:5611  第44章 狡兽（十五）:5521  第45章 狡兽（十六）:4895  第46章 狡兽（十七）:4747  第47章 黏菌（一）:3897  第48章 黏菌（二）:3848
          第49章 黏菌（三）:4837  第50章 黏菌（四）:3894  第51章 黏菌（五）:4521  第52章 黏菌（六）:3885  第53章 黏菌（七）:6573  第54章 黏菌（八）:3190
          第55章 黏菌（九）:3271  第56章 黏菌（十）:3837  第57章 黏菌（十一）:4235  第58章 黏菌（十二）:3188  第59章 黏菌（十三）:4708  第60章 黏菌（十四）:3527
          第61章 黏菌（十五）:4197  第62章 黏菌（十六）:8228  第63章 黏菌（十七）:8198  第64章 黏菌（十八）:8214  第65章 织娘（一）:3845  第66章 织娘（二）:3894
          第67章 织娘（三）:3966  第68章 织娘（四）:3940  第69章 织娘（五）:3846  第70章 织娘（六）:3897  第71章 织娘（七）:3852  第72章 织娘（八）:4173
          第73章 织娘（九）:3944  第74章 织娘（十）:3620  第75章 织娘（十一）:3848  第76章 织娘（十二）:3898  第77章 织娘（十三）:5243  第78章 织娘（十四）:5178
          第79章 织娘（十五）:5550  第80章 织娘（十六）:3889  第81章 织娘（十七）:4864  第82章 织娘（十八）:4655  第83章 织娘（十九）:4176  第84章 织娘（二十）:4515
          第85章 织娘（二十一）:5941  第86章 织娘（二十二）:3547  第87章 织娘（二十三）:3859  第88章 织娘（二十四）:4919  第89章 织娘（二十五）:4524  第90章 织娘（二十六）:4528
          第91章 织娘（二十七）:3518  第92章 织娘（二十八）:6680  第93章 血妖（一）:3506  第94章 血妖（二）:3537  第95章 血妖（三）:3543  第96章 血妖（四）:4230
          第97章 血妖（五）:3571  第98章 血妖（六）:3900  第99章 血妖（七）:3530  第100章 血妖（八）:3189  第101章 血妖（九）:3190  第102章 血妖（十）:3573
          第103章 血妖（十一）:4049  第104章 血妖（十二）:3667  第105章 血妖（十三）:3275  第106章 血妖（十四）:3280  第107章 血妖（十五）:4840  第108章 血妖（十六）:4504
          第109章 血妖（十七）:4272  第110章 血妖（十八）:3203  第111章 血妖（十九）:3526  第112章 血妖（二十）:3190  第113章 血妖（二十一）:9201  第114章 厄种（一）:3571
          第115章 厄种（二）:4242  第116章 厄种（三）:4598  第117章 厄种（四）:4958  第118章 厄种（五）:6559  第119章 厄种（六）:6660  第120章 厄种（七）:6903
          第121章 厄种（八）:7598  第122章 厄种（九）:6603  第123章 厄种（十）:7544

01:03:32  女主是灭世魔头[快穿] (予渔) [完结+番外]  130p→74章  1123KB  OK
          https://www.52shuku.net/gl/04_b/bkeak.html
          第1章 世界一（1）:3410  第2章 世界一（2）:3795  第3章 世界一（3）:2520  第4章 世界一（4）:2467  第5章 世界一（5）:2424  第6章 世界一（6）:2512
          第7章 世界一（7）:2339  第8章 世界一（8）:2234  第9章 世界一（9）:2260  第10章 世界一（10）:2259  第11章 世界一（11）:2242  第12章 世界一（12）:2240
          第13章 世界一（13）:2304  第14章 世界一（14）:2152  第15章 世界一（15）:2638  第16章 世界一（16）:2172  第17章 世界一（17）:2233  第18章 世界一（18）:2358
          第19章 世界一（19）:2179  第20章 世界一（20）:2485  第21章 世界一（21）:2423  第22章 世界一（22）:2603  第23章 世界一（23）:2778  第24章 世界一（24）:2881
          第25章 世界一（25）:3061  第26章 世界一（26）:10204  第27章 世界一（27）:6278  第28章 世界一（28）:6517  第29章 世界一（29）:6370  第30章 世界一（30）:6629
          第31章 世界一（31）:6226  第32章 世界一（32）:6214  第33章 世界一（完）:6932  第34章 世界二（1）:6177  第35章 世界二（2）:6608  第36章 世界二（3）:6192
          第37章 世界二（4）:6170  第38章 世界二（5）:6168  第39章 世界二（6）:6214  第40章 世界二（7）:6212  第41章 世界二（8）:6277  第42章 世界二（9）:6181
          第43章 世界二（10）:6265  第44章 世界二（11）:6535  第45章 世界二（12）:6254  第46章 世界二（13）:6684  第47章 世界二（14）:6319  第48章 世界二（完）:6591
          第49章 世界三（1）:6272  第50章 世界三（2）:6549  第51章 世界三（3）:6175  第52章 世界三（4）:6308  第53章 世界三（5）:6232  第54章 世界三（6）:6227
          第55章 世界三（7）:6293  第56章 世界三（8）:6235  第57章 世界三（9）:6350  第58章 世界三（10）:6210  第59章 世界三（11）:6228  第60章 世界三（12）:6210
          第61章 世界三（13）:6307  第62章 世界三（14）:6209  第63章 世界三（15）:6378  第64章 世界三（16）:6297  第65章 世界三（17）:6191  第66章 世界三（18）:6272
          第67章 世界三（完）:6199  第68章 兰因絮果（1）:6262  第69章 兰因絮果（2）:6425  第70章 兰因絮果（3）:6179  第71章 兰因絮果（4）:6227  第72章 大结局（上）:7219
          第73章 大结局下:5025  第74章 番外〔看作话哦〕:305

01:04:41  女主审美与众不同[快穿] (风听澜) [完结+番外]  190p→183章  1754KB  OK
          https://www.52shuku.net/gl/03_b/bkdZF.html
          第1章 猛鬼游戏App（1）:3082  第2章 猛鬼游戏App（2）:3086  第3章 猛鬼游戏App（3）:3129  第4章 猛鬼游戏App（4）:3052  第5章 猛鬼游戏App（5）:3064  第6章 猛鬼游戏App（6）:3096
          第7章 猛鬼游戏App（7）:3089  第8章 猛鬼游戏App（8）:3047  第9章 猛鬼游戏App（9）:3072  第10章 猛鬼游戏App（10）:3044  第11章 猛鬼游戏App（11）:3081  第12章 猛鬼游戏App（12）:3034
          第13章 猛鬼游戏App（13）:3072  第14章 猛鬼游戏App（14）:3059  第15章 猛鬼游戏App（15）:3036  第16章 猛鬼游戏App（16）:3033  第17章 猛鬼游戏App（17）:3068  第18章 猛鬼游戏App（18）:3030
          第19章 猛鬼游戏App（19）:3283  第20章 猛鬼游戏App（20）:3062  第21章 猛鬼游戏App（21）:3019  第22章 猛鬼游戏App（22）:3044  第23章 猛鬼游戏App（23）:3061  第24章 猛鬼游戏App（24）:3211
          第25章 猛鬼游戏App（25）:3215  第26章 猛鬼游戏App（26）:3183  第27章 猛鬼游戏App（27）:3218  第28章 猛鬼游戏App（28）:3199  第29章 猛鬼游戏App（29）:3212  第30章 猛鬼游戏App（30）:3303
          第31章 经纪人和她的倒霉蛋艺人（1）:3232  第32章 经纪人和她的倒霉蛋艺人（2）:3199  第33章 经纪人和她的倒霉蛋艺人（3）:3218  第34章 经纪人和她的倒霉蛋艺人（4）:3171  第35章 经纪人和她的倒霉蛋艺人（5）:3257  第36章 经纪人和她的倒霉蛋艺人（6）:3194
          第37章 经纪人和她的倒霉蛋艺人（7）:3228  第38章 经纪人和她的倒霉蛋艺人（8）:3213  第39章 经纪人和她的倒霉蛋艺人（9）:3194  第40章 经纪人和她的倒霉蛋艺人（10）:3171  第41章 经纪人和她的倒霉蛋艺人（11）:3210  第42章 经纪人和她的倒霉蛋艺人（12）:3191
          第43章 经纪人和她的倒霉蛋艺人（13）:3213  第44章 经纪人和她的倒霉蛋艺人（14）:3177  第45章 经纪人和她的倒霉蛋艺人（15）:3233  第46章 经纪人和她的倒霉蛋艺人（16）:3206  第47章 经纪人和她的倒霉蛋艺人（17）:3191  第48章 经纪人和她的倒霉蛋艺人（18）:3175
          第49章 经纪人和她的倒霉蛋艺人（19）:3179  第50章 经纪人和她的倒霉蛋艺人（20）:3237  第51章 谁说的末世先杀圣母？（1）:3175  第52章 谁说的末世先杀圣母？（2）:3179  第53章 谁说的末世先杀圣母？（3）:3200  第54章 谁说的末世先杀圣母？（4）:3182
          第55章 谁说的末世先杀圣母？（5）:3201  第56章 谁说的末世先杀圣母？（6）:3178  第57章 谁说的末世先杀圣母？（7）:3191  第58章 谁说的末世先杀圣母？（8）:3182  第59章 谁说的末世先杀圣母？（9）:3194  第60章 谁说的末世先杀圣母？（10）:3188
          第61章 谁说的末世先杀圣母？（11）:3196  第62章 谁说的末世先杀圣母？（12）:3219  第63章 谁说的末世先杀圣母？（13）:3220  第64章 谁说的末世先杀圣母？（14）:3178  第65章 谁说的末世先杀圣母？（15）:3180  第66章 谁说的末世先杀圣母？（16）:3191
          第67章 谁说的末世先杀圣母？（17）:3205  第68章 谁说的末世先杀圣母？（18）:3177  第69章 谁说的末世先杀圣母？（19）:3191  第70章 谁说的末世先杀圣母？（20）:3194  第71章 年代签到文（1）:3182  第72章 年代签到文（2）:3213
          第73章 年代签到文（3）:3194  第74章 年代签到文（4）:3172  第75章 年代签到文（5）:3212  第76章 年代签到文（6）:3204  第77章 年代签到文（7）:3171  第78章 年代签到文（8）:3181
          第79章 年代签到文（9）:3188  第80章 年代签到文（10）:3195  第81章 年代签到文（11）:3169  第82章 年代签到文（12）:3226  第83章 年代签到文（13）:3167  第84章 年代签到文（14）:3172
          第85章 年代签到文（15）:3180  第86章 年代签到文（16）:3183  第87章 年代签到文（17）:3184  第88章 年代签到文（18）:3181  第89章 年代签到文（19）:3185  第90章 年代签到文（20）:3196
          第91章 年代签到文（21）:3183  第92章 年代签到文（22）:3185  第93章 我想去你的世界（1）:3180  第94章 我想去你的世界（2）:3239  第95章 我想去你的世界（3）:3193  第96章 我想去你的世界（4）:3179
          第97章 我想去你的世界（5）:3200  第98章 我想去你的世界（6）:3184  第99章 我想去你的世界（7）:3176  第100章 我想去你的世界（8）:3178  第101章 我想去你的世界（9）:3182  第102章 我想去你的世界（10）:3173
          第103章 我想去你的世界（11）:3212  第104章 我想去你的世界（12）:3193  第105章 我想去你的世界（13）:3186  第106章 我想去你的世界（14）:3181  第107章 我想去你的世界（15）:3181  第108章 我想去你的世界（16）:3205
          第109章 我想去你的世界（17）:3185  第110章 我想去你的世界（18）:3183  第111章 我想去你的世界（19）:3196  第112章 我想去你的世界（20）:3178  第113章 我想去你的世界（21）:3174  第114章 我想去你的世界（22）:3235
          第115章 我自愿给她花钱的（1）:3258  第116章 我自愿给她花钱的（2）:3176  第117章 我自愿给她花钱的（3）:3193  第118章 我自愿给她花钱的（4）:3209  第119章 我自愿给她花钱的（5）:3216  第120章 我自愿给她花钱的（6）:3241
          第121章 我自愿给她花钱的（7）:3183  第122章 我自愿给她花钱的（8）:3202  第123章 我自愿给她花钱的（9）:3185  第124章 我自愿给她花钱的（10）:3205  第125章 我自愿给她花钱的（11）:3177  第126章 我自愿给她花钱的（12）:3172
          第127章 我自愿给她花钱的（13）:3186  第128章 我自愿给她花钱的（14）:3187  第129章 我自愿给她花钱的（15）:3248  第130章 我自愿给她花钱的（16）:3169  第131章 我自愿给她花钱的（17）:3186  第132章 我自愿给她花钱的（18）:3206
          第133章 我自愿给她花钱的（19）:3182  第134章 我自愿给她花钱的（20）:3181  第135章 我自愿给她花钱的（21）:3201  第136章 我自愿给她花钱的（22）:3174  第137章 我自愿给她花钱的（23）:3193  第138章 我自愿给她花钱的（24）:3189
          第139章 我自愿给她花钱的（25）:3212  第140章 什么叫江山为聘啊（1）:3236  第141章 什么叫江山为聘啊（2）:3187  第142章 什么叫江山为聘啊（3）:3185  第143章 什么叫江山为聘啊（4）:3181  第144章 什么叫江山为聘啊（5）:3185
          第145章 什么叫江山为聘啊（6）:3219  第146章 什么叫江山为聘啊（7）:3185  第147章 什么叫江山为聘啊（8）:3171  第148章 什么叫江山为聘啊（9）:3194  第149章 什么叫江山为聘啊（10）:3204  第150章 什么叫江山为聘啊（11）:3205
          第151章 什么叫江山为聘啊（12）:3197  第152章 什么叫江山为聘啊（13）:3181  第153章 什么叫江山为聘啊（14）:3174  第154章 什么叫江山为聘啊（15）:3250  第155章 什么叫江山为聘啊（16）:3199  第156章 什么叫江山为聘啊（17）:3189
          第157章 什么叫江山为聘啊（18）:3193  第158章 什么叫江山为聘啊（19）:3203  第159章 星际战甲（1）:3220  第160章 星际战甲（2）:3198  第161章 星际战甲（3）:3183  第162章 星际战甲（4）:3184
          第163章 星际战甲（5）:3248  第164章 星际战甲（6）:3201  第165章 星际战甲（7）:3193  第166章 星际战甲（8）:3212  第167章 星际战甲（9）:3172  第168章 星际战甲（10）:3208
          第169章 星际战甲（11）:3176  第170章 星际战甲（12）:3221  第171章 星际战甲（13）:3224  第172章 星际战甲（14）:3185  第173章 星际战甲（15）:3176  第174章 星际战甲（16）:3181
          第175章 星际战甲（17）:3221  第176章 星际战甲（18）:3230  第177章 星际战甲（19）:3181  第178章 星际战甲（20）:3228  第179章 番外（1）猛鬼游戏:3175  第180章 番外（2）猛鬼游戏:3191
          第181章 番外（3）娱乐圈:3203  第182章 番外（4）娱乐圈:3182  第183章 番外（5）末世:3097

01:05:16  女Alpha穿越诡漫后，她成了烫角色 (笔诛双姝) [完结]  93p→99章  821KB  OK
          https://www.52shuku.net/gl/03_b/bkdZE.html
          第1章 听说女A求包:2216  第2章 画面真是美好:3275  第3章 诶这么好说话:2240  第4章 什么奇葩要求:2202  第5章 娃娃脸的青年:2071  第6章 我只要你来量:2059
          第7章 我去趟卫生间:1995  第8章 姐，算我求你:2202  第9章 果然是个孩子:2086  第10章 她能有什么事:2228  第11章 驰名双标的她:2192  第12章 这队吃枣药丸:2255
          第13章 色猫想要贴贴:2467  第14章 自己PUA自己:3218  第15章 神秘少年出现:1512  第16章 南区诡异猎杀:1483  第17章 原来你是龙啊:1667  第18章 我是未成年龙:2240
          第19章 她在狂炫美食【修bug】:2182  第20章 她不能吃美食:2342  第21章 神秘S级高手:2016  第22章 熬夜干活牛马:3318  第23章 记得烤肉很香:2200  第24章 关她什么事情:2044
          第25章 都是你克了我:2419  第26章 黑鸦组织捣乱:2291  第27章 总是意外横生:2107  第28章 非伦理的实验:2128  第29章 双女威武霸气【一更】:3040  第30章 讨厌实验产物【二更】:2435
          第31章 姐姐，你真好【二合一】:5163  第32章 你不如跟我走【待修】:4891  第33章 是妇唱妇随呀【补一】:2286  第34章 背着我干啥呢:2300  第35章 该不会坏事了【一更】:2115  第36章 她杀红了眼了:2078
          第37章 世界的隐民者:2101  第38章 这是我的礼物:2032  第39章 让她没空关注:2101  第40章 男人都是坏蛋:2071  第41章 为什么它还在:3032  第42章 她到易感期了:5922
          第43章 她哪的信息素:2026  第44章 她与她的克制:2092  第45章 买饭的钱没了:2105  第46章 变态黑鸦组织（待修）:2425  第47章 是更新的漫画（末尾微调）:2038  第48章 柔弱少年遇险【二合一】:4434
          第49章 额滴亲爹嘞～:2096  第50章 是会吃撑的龙:2126  第51章 胡搅蛮缠的龙:2269  第52章 咱们绝对稀罕:2738  第53章 失控的异能啊:1058  第54章 拿出去拿出去:1148
          第55章 异常能量引诱:1966  第56章 你为什么不在:2090  第57章 奇特献祭阵法:1883  第58章 龙龙要爆发啦:2011  第59章 精神力实体化:2073  第60章 废弃石头炸弹:2068
          第61章 废弃的地下区:2100  第62章 好胖一颗球啊:2051  第63章 畜生不如的人:3091  第64章 阿奇团子离去:3016  第65章 热情的3局长:3008  第66章 她在委屈诶！:3129
          第67章 咸鱼想要崛起:3021  第68章 不可描述存在:3054  第69章 一起拍照片呀:3081  第70章 一起逮捕罪犯:3005  第71章 那位伟大之人:3305  第72章 学不会的事儿:3194
          第73章 她的幼生形态:3272  第74章 他的愧疚遗憾:3404  第75章 她认真又严肃:3077  第76章 是多事之秋啊:3033  第77章 诡异群体异变:3059  第78章 什么东西合法:3008
          第79章 来自暗处算计:3046  第80章 韩局长的邀请:3054  第81章 非法清剿行动:3106  第82章 佝偻的追随者:3023  第83章 神秘组织选址:3073  第84章 决定养小人了:3067
          第85章 诡异突然异变:3229  第86章 单线镜头开启:3136  第87章 蓝耀组织疯狂:3207  第88章 是春江花月夜:3313  第89章 她沉迷在拥抱:3280  第90章 诡异浪潮再现:3183
          第91章 各地危险降临:4280  第92章 是宣姐爆发了:4076  第93章 不顾一切献祭:4445  第94章 算计层出不穷:3298  第95章 公主病没依靠:5259  第96章 砍诡异几条街:3221
          第97章 哦莫掉马了呀:3102  第98章 黑笔狗贼没心:3538  第99章 终局与美好/二合一【正文完】:4465

01:05:38  系统破产后我和将军HE了 (瓜叽) [完结]  53p→52章  464KB  OK
          https://www.52shuku.net/gl/03_b/bkdZD.html
          第1章:2484  第2章:3191  第3章:2403  第4章:2302  第5章:3253  第6章:2688
          第7章:3035  第8章:2720  第9章:2878  第10章:3072  第11章:2286  第12章:2417
          第13章:2121  第14章:2338  第15章:2063  第16章:3255  第17章:3113  第18章:2562
          第19章:2603  第20章:2279  第21章:3540  第22章:4447  第23章:3354  第24章:3167
          第25章:2587  第26章:2313  第27章:3650  第28章:3619  第29章:3254  第30章:3841
          第31章:2391  第32章:2815  第33章:2455  第34章:2248  第35章:3536  第36章:2269
          第37章:2722  第38章:2447  第39章:3288  第40章:3981  第41章:3503  第42章:3662
          第43章:2551  第44章:2771  第45章:3251  第46章:3926  第47章:3630  第48章:3603
          第49章:3331  第50章:3718  第51章:2361  第52章:1872

01:06:20  失忆后闺蜜为何那样 (瓜叽) [完结+番外]  116p→82章  972KB  OK
          https://www.52shuku.net/gl/03_b/bkdZC.html
          第1章 并非闺蜜:3620  第2章 并非能亲:3829  第3章 并非送歌:3543  第4章 并非路过:3502  第5章 并非难吃:3783  第6章 并非17.:3722
          第7章 并非恋爱:3855  第8章 并非同居:4469  第9章 并非纯友谊:3515  第10章 并非了解:3118  第11章 并非自然:4364  第12章 并非偷亲:4254
          第13章 并非生气:3501  第14章 并非美容仪:4228  第15章 并非送歌:4245  第16章 并非坦白:3984  第17章 现在可以亲了嘛？老婆:9235  第18章 小狗和齿痕:3300
          第19章 呼吸似乎都在亲吻她的脸颊:5207  第20章 谁的爱太疯:4884  第21章 那不行，我有狗了:3953  第22章 予取予求:2574  第23章 勾手:3355  第24章 金主要不再验验货？:5038
          第25章 在谈恋爱吗？:3655  第26章 吻:3284  第27章 咬舌:6231  第28章 醉酒:3172  第29章 那你发誓:3205  第30章 睡裙:3311
          第31章 七年之痒？:3201  第32章 谁更好:3574  第33章 戒指:3520  第34章 揉:3854  第35章 今天不要早安吻吗？:3920  第36章 地下恋:3217
          第37章 独占:3868  第38章 抓包:3309  第39章 初遇:3312  第40章 试衣:4202  第41章 怎么表白的？:3524  第42章 女朋友:3248
          第43章 温泉:3319  第44章 学姐:4275  第45章 哄老婆第一名:4212  第46章 万劫不复:3840  第47章 你是谁的老婆？:4510  第48章 在温泉里:3632
          第49章 太超过了:3543  第50章 谁家妻妻不是一起睡的！:3540  第51章 晨间:4906  第52章 看看你的:3228  第53章 求婚？:3339  第54章 并非师生！:3516
          第55章 妈咪:2847  第56章 我和她和好了:4575  第57章 怎么办呢:4590  第58章 会一直这么幸福吗？:4249  第59章 钻戒:4197  第60章 老婆好想泥:3236
          第61章 想念:3307  第62章 苦果:3273  第63章 是我想求婚:3283  第64章 冥顽强求:3579  第65章 还在生气吗，宝宝:3583  第66章 好怪:3626
          第67章 女友？:3866  第68章 她知道吗？:4276  第69章 你想起来了吧？:5288  第70章 不会来了:4916  第71章 在吗？有快递送到你家了:3279  第72章 因为想和你:5549
          第73章 你答应吗？:3330  第74章 正文完:3899  第75章 好漂亮，老婆:4216  第76章 老婆老婆:2707  第77章 直播没关……:4843  第78章 论坛体:3693
          第79章 生日:3551  第80章 论坛体2:3045  第81章 大瞳小羊校园if:3696  第82章 避嫌:4918

01:07:38  在修罗场偷走万人迷女主[快穿] (懿声) [完结]  216p→188章  1878KB  OK
          https://www.52shuku.net/gl/03_b/bkdZB.html
          第1章 长公主:3070  第2章 长公主:1898  第3章 长公主:3188  第4章 长公主:3059  第5章 长公主:3009  第6章 长公主:3096
          第7章 长公主:3101  第8章 长公主:3088  第9章 长公主:3151  第10章 长公主:3484  第11章 长公主:2669  第12章 长公主:2369
          第13章 长公主:2730  第14章 长公主:3154  第15章 长公主:2040  第16章 长公主:2238  第17章 长公主:2184  第18章 长公主:2591
          第19章 长公主:2392  第20章 长公主:2253  第21章 长公主:2406  第22章 长公主:2403  第23章 长公主:2069  第24章 长公主:1442
          第25章 长公主:2129  第26章 长公主:2025  第27章 长公主:10602  第28章 长公主:3325  第29章 长公主:3242  第30章 长公主:3520
          第31章 沉默的beta:3217  第32章 沉默的beta:3280  第33章 沉默的beta:3026  第34章 沉默的beta:3052  第35章 沉默的beta:3243  第36章 沉默的beta:3070
          第37章 沉默的beta:3203  第38章 沉默的beta:3242  第39章 沉默的beta:3101  第40章 沉默的beta:3081  第41章 沉默的beta:3195  第42章 沉默的beta:3349
          第43章 沉默的beta:3429  第44章 沉默的beta:3256  第45章 沉默的beta:3544  第46章 沉默的beta:3347  第47章 沉默的beta:3667  第48章 沉默的beta:3202
          第49章 沉默的beta:3616  第50章 沉默的beta:3272  第51章 沉默的beta:3293  第52章 沉默的beta:3577  第53章 沉默的beta:3559  第54章 沉默的beta:3278
          第55章 沉默的beta:3303  第56章 沉默的beta:3599  第57章 沉默的beta:3401  第58章 沉默的beta:3304  第59章 沉默的beta:3685  第60章 沉默的beta:3248
          第61章 鬼王的新娘:3374  第62章 鬼王的新娘:3253  第63章 鬼王的新娘:3237  第64章 鬼王的新娘:3021  第65章 鬼王的新娘:3297  第66章 鬼王的新娘:3213
          第67章 鬼王的新娘:3206  第68章 鬼王的新娘:3200  第69章 鬼王的新娘:3032  第70章 鬼王的新娘:3309  第71章 鬼王的新娘:3230  第72章 鬼王的新娘:3074
          第73章 鬼王的新娘:3072  第74章 鬼王的新娘:3186  第75章 鬼王的新娘:3222  第76章 鬼王的新娘:3220  第77章 鬼王的新娘:3280  第78章 鬼王的新娘:3054
          第79章 鬼王的新娘:3284  第80章 鬼王的新娘:3093  第81章 鬼王的新娘:3089  第82章 鬼王的新娘:3056  第83章 鬼王的新娘:3283  第84章 鬼王的新娘:3080
          第85章 鬼王的新娘＋娱乐圈那个万人嫌:3043  第86章 娱乐圈那个万人嫌:3218  第87章 娱乐圈那个万人嫌:3528  第88章 娱乐圈那个万人嫌:3266  第89章 娱乐圈那个万人嫌:3224  第90章 娱乐圈那个万人嫌:3196
          第91章 娱乐圈那个万人嫌:3255  第92章 娱乐圈那个万人嫌:3211  第93章 娱乐圈那个万人嫌:3213  第94章 娱乐圈那个万人嫌:3018  第95章 娱乐圈那个万人嫌:3217  第96章 娱乐圈那个万人嫌:3227
          第97章 娱乐圈那个万人嫌:3265  第98章 娱乐圈那个万人嫌:3193  第99章 娱乐圈那个万人嫌:3180  第100章 娱乐圈那个万人嫌:3034  第101章 娱乐圈那个万人嫌:3046  第102章 娱乐圈那个万人嫌:3335
          第103章 娱乐圈那个万人嫌:3040  第104章 娱乐圈那个万人嫌:3021  第105章 娱乐圈那个万人嫌:3205  第106章 娱乐圈那个万人嫌:3071  第107章 娱乐圈那个万人嫌:3128  第108章 娱乐圈那个万人嫌:3077
          第109章 娱乐圈那个万人嫌:8724  第110章 娱乐圈那个万人嫌:3205  第111章 娱乐圈那个万人嫌:3225  第112章 才不是猫妖呢:3219  第113章 才不是猫妖呢:3215  第114章 才不是猫妖呢:3253
          第115章 才不是猫妖呢:3260  第116章 才不是猫妖呢:3213  第117章 才不是猫妖呢:3189  第118章 才不是猫妖呢:3216  第119章 才不是猫妖呢:3237  第120章 才不是猫妖呢:3237
          第121章 才不是猫妖呢:3071  第122章 才不是猫妖呢:3213  第123章 才不是猫妖呢:3303  第124章 才不是猫妖呢:3271  第125章 才不是猫妖呢:3226  第126章 才不是猫妖呢:3274
          第127章 才不是猫妖呢:3221  第128章 才不是猫妖呢:10330  第129章 才不是猫妖呢:3281  第130章 才不是猫妖呢:3216  第131章 才不是猫妖呢:3220  第132章 才不是猫妖呢:3284
          第133章 拜金女和她破产的前女友:3062  第134章 拜金女和她的破产前女友:3202  第135章 拜金女和她的破产前女友:3238  第136章 拜金女和她的破产前女友:3269  第137章 拜金女和她的破产前女友:3190  第138章 拜金女和她的破产前女友:3256
          第139章 拜金女和她破产的前女友:3420  第140章 拜金女和她的破产前女友:3222  第141章 拜金女和她的破产前女友:3223  第142章 拜金女和她的破产前女友:3028  第143章 拜金女和她的破产前女友:3251  第144章 拜金女和她的破产前女友:3304
          第145章 拜金女和她的破产前女友:3245  第146章 拜金女和她的破产前女友:3254  第147章 拜金女和她的破产前女友:3256  第148章 拜金女和她的破产前女友（含大量网友reaction）:3988  第149章 拜金女和她的破产前女友:3259  第150章 拜金女和她的破产前女友＋俏太后巧夺臣妻:3274
          第151章 俏太后巧夺臣妻:3061  第152章 俏太后巧夺臣妻:3072  第153章 俏太后巧夺臣妻:3257  第154章 俏太后巧夺臣妻:3333  第155章 俏太后巧夺臣妻:6605  第156章 俏太后巧夺臣妻:6234
          第157章 俏太后巧夺臣妻:5234  第158章 俏太后巧夺臣妻:3262  第159章 俏太后巧夺臣妻:5613  第160章 俏太后巧夺臣妻:3202  第161章 俏太后巧夺臣妻（三合一）:9818  第162章 俏太后巧夺臣妻:3632
          第163章 末世作精:2597  第164章 末世作精:3052  第165章 末世作精:2387  第166章 末世作精:2249  第167章 末世作精:2582  第168章 末世作精:3343
          第169章 末世作精:2223  第170章 末世作精:3355  第171章 末世作精:2551  第172章 末世作精:2924  第173章 末世作精:2618  第174章 末世作精:2187
          第175章 末世作精:2639  第176章 末世作精:2357  第177章 末世作精:2200  第178章 凡女修仙:2080  第179章 凡女修仙:2207  第180章 凡女修仙:2253
          第181章 凡女修仙:2616  第182章 凡女修仙:2331  第183章 凡女修仙:4259  第184章 凡女修仙:7211  第185章 凡女修仙:3263  第186章 凡女修仙:3331
          第187章 凡女修仙:3191  第188章 正文完:2140

01:08:15  其实是个笨蛋 (堂风君) [完结+番外]  96p→80章  812KB  OK
          https://www.52shuku.net/gl/03_b/bkdZA.html
          第1章 机会:3482  第2章 委屈:3277  第3章 雪松:3245  第4章 青睐:3322  第5章 手链:3058  第6章 欢呼:3307
          第7章 严谨:3023  第8章 温柔:3218  第9章 生气:4359  第10章 难养:2053  第11章 值钱:2083  第12章 余韵:3286
          第13章 好玩:3081  第14章 送花:2063  第15章 肆意:2561  第16章 喜欢:2238  第17章 性感:3072  第18章 吃醋:3174
          第19章 和好:3402  第20章 惊喜:3053  第21章 思念:2037  第22章 心碎:3266  第23章 心悸:3075  第24章 号角:3181
          第25章 哄骗:3094  第26章 虚弱:3084  第27章 唇膏:3090  第28章 假期:3635  第29章 生病:3302  第30章 回家:3315
          第31章 晚安:3094  第32章 钓系:3449  第33章 反应:3185  第34章 狐狸:3563  第35章 渣女:3446  第36章 浮萍:3828
          第37章 逃避:3435  第38章 犹豫:3147  第39章 逃避:3655  第40章 惆怅:3520  第41章 亲亲:3154  第42章 撞见:3471
          第43章 秘密:3509  第44章 心疼:3030  第45章 和好:3061  第46章 提点:5171  第47章 小猫:5126  第48章 香水:3274
          第49章 吻痕:3104  第50章 糖果:3351  第51章 噩梦:3134  第52章 止步:3127  第53章 误会:3186  第54章 混乱:3268
          第55章 失恋:3197  第56章 压抑:3299  第57章 进步:3225  第58章 酒店:3040  第59章 意外:3319  第60章 同眠:3131
          第61章 突破:3565  第62章 前夕:3152  第63章 暧昧:3039  第64章 亲亲:4319  第65章 告白:3376  第66章 灵活:3310
          第67章 温存:3067  第68章 困倦:3035  第69章 技术:3285  第70章 诚恳:3144  第71章 坦白:3223  第72章 伤疤:6293
          第73章 空虚:3184  第74章 误会:3128  第75章 恳求:3196  第76章 真相:4169  第77章 归家:3113  第78章 扮演:3485
          第79章 完结:3144  第80章 过往:5445

01:09:03  万人迷被阴湿怪物觊觎后 (甜掉牙) [完结]  133p→93章  1214KB  OK
          https://www.52shuku.net/gl/03_b/bkdZ9.html
          第1章 深渊巨蟒:3336  第2章 母亲体香:3175  第3章 阴湿蛇蛇:3868  第4章 疯批蛇蛇:3100  第5章 蛇蛇好爽:3130  第6章 水母宝宝:3216
          第7章 祂的触手:4129  第8章 恶毒水母:6052  第9章 祂的监视:3189  第10章 蛇蛇吃醋:3416  第11章 涩涩的祂:3595  第12章 祂的寄生:4251
          第13章 吞咽触手:4579  第14章 阴湿的祂:5125  第15章 和祂共浴:2101  第16章 愚蠢的祂:3637  第17章 祂的惩罚:3547  第18章 与祂交易:4167
          第19章 祂的语言:4010  第20章 诡异章鱼:3667  第21章 祂的母亲:10128  第22章 惩罚章鱼:3287  第23章 奖励水母:3088  第24章 祂的醋意:4088
          第25章 喜欢母亲:3366  第26章 祂的血液:4086  第27章 恶劣的祂:6104  第28章 惩罚小蛇:3044  第29章 母亲的狗:6062  第30章 惩罚蛇蛇:6196
          第31章 观察人类:4368  第32章 诡异怪物:3429  第33章 蛇蛇找妈:4183  第34章 染上情欲:3154  第35章 亲吻水母:4348  第36章 门外的祂:4254
          第37章 帮祂洗澡:4557  第38章 蛇性本淫:4457  第39章 她是邪神:5024  第40章 疯子长官:4191  第41章 埋入胸口:5522  第42章 祂的碗足:4559
          第43章 神圣的祂:5304  第44章 与祂相遇:4304  第45章 水母害羞:4558  第46章 章鱼求爱:3067  第47章 渴望母亲:4056  第48章 祂的异变:4206
          第49章 奖励小蛇:3014  第50章 小蛇喝奶:3097  第51章 蜕皮的祂:4208  第52章 学会示弱:4026  第53章 筑巢的祂:6855  第54章 蛇蛇筑巢:2547
          第55章 克隆水母:8038  第56章 双生水母:4001  第57章 姐妹和睦:3014  第58章 狂热信徒:3599  第59章 私人审讯:3138  第60章 第二人格:4182
          第61章 海上告白:3123  第62章 深海章鱼:4038  第63章 漂亮章鱼:4607  第64章 章鱼触手:4102  第65章 喂饱母亲:4043  第66章 母亲母亲:3039
          第67章 潮热的祂:6290  第68章 乖巧蛇宝:6045  第69章 诡异房间:6309  第70章 镜中水仙:3275  第71章 祂的欲望:3189  第72章 舔了一口:3171
          第73章 她的宝贝:3383  第74章 海岛秘密:3337  第75章 邪神苏醒:5119  第76章 卑劣的爱:3413  第77章 人类气味:5113  第78章 双蛇缠绕:3286
          第79章 善良的祂:3198  第80章 马甲掉了:3152  第81章 修罗场:6381  第82章 祂的祭品:3179  第83章 被抓回去:5244  第84章 全球异变:7234
          第85章 三崽救妈:3148  第86章 逃离岛屿:5245  第87章 飞机失控:7261  第88章 飞机爆炸:5171  第89章 深渊海妖:6240  第90章 我吃醋了:3272
          第91章 文案回收:4651  第92章 妈妈妈妈:8288  第93章 人类母亲:5414

01:10:35  淡水河与金鱼 (麦当劳薯喵) [完结+番外]  247p→194章  2112KB  OK
          https://www.52shuku.net/gl/03_b/bkdZ8.html
          第1章:2724  第2章:2611  第3章:4308  第4章:1333  第5章:2499  第6章:2307
          第7章:3137  第8章:3076  第9章:3634  第10章:1753  第11章:3410  第12章:2355
          第13章:3146  第14章:3049  第15章:3289  第16章:3322  第17章:2742  第18章:1770
          第19章:2206  第20章:2159  第21章:2093  第22章:2596  第23章:2279  第24章:3304
          第25章:10469  第26章:3526  第27章:3355  第28章:6387  第29章:4709  第30章:4044
          第31章:4414  第32章:3568  第33章:3095  第34章:3126  第35章:3123  第36章:3912
          第37章:3200  第38章:3467  第39章:3169  第40章:3128  第41章:6363  第42章:3260
          第43章:4646  第44章:3635  第45章:3214  第46章:3142  第47章:3492  第48章:3214
          第49章:3223  第50章:3292  第51章:3230  第52章:3298  第53章:3241  第54章:3642
          第55章:3518  第56章:3067  第57章:3179  第58章:3881  第59章:3607  第60章:3278
          第61章:3816  第62章:3218  第63章:3200  第64章:3409  第65章:3649  第66章:3251
          第67章:3727  第68章:3484  第69章:6299  第70章:3625  第71章:3290  第72章:3202
          第73章:3221  第74章:3726  第75章:3298  第76章:3314  第77章:3229  第78章:3425
          第79章:3261  第80章:3335  第81章:4300  第82章:3717  第83章:3640  第84章:4318
          第85章:3363  第86章:3662  第87章:3744  第88章:3210  第89章:4115  第90章:3363
          第91章:3601  第92章:4262  第93章:3467  第94章:8437  第95章:3491  第96章:4256
          第97章:3261  第98章:3426  第99章:3803  第100章:4016  第101章:3294  第102章:4277
          第103章:4209  第104章:3665  第105章:4763  第106章:3343  第107章:4037  第108章:4331
          第109章:3217  第110章:3225  第111章:3277  第112章:3248  第113章:3822  第114章:3335
          第115章:3106  第116章:3343  第117章:5203  第118章:5547  第119章:3658  第120章:3463
          第121章:3604  第122章:3790  第123章:3526  第124章:3722  第125章:3792  第126章:3439
          第127章:3255  第128章:3284  第129章:4138  第130章:3383  第131章:3106  第132章:3711
          第133章:3809  第134章:3155  第135章:3405  第136章:3296  第137章:3069  第138章:3595
          第139章:3807  第140章:3371  第141章:3130  第142章:3768  第143章:3356  第144章:3146
          第145章:4161  第146章:3021  第147章:3576  第148章:8234  第149章:3790  第150章:3213
          第151章:3198  第152章:3595  第153章:3077  第154章:3639  第155章:3423  第156章:3232
          第157章:3322  第158章:3659  第159章:5139  第160章:4019  第161章:3360  第162章:3338
          第163章:4171  第164章:3383  第165章:3706  第166章:4087  第167章:4162  第168章:3599
          第169章:3475  第170章:3654  第171章:3431  第172章:3507  第173章:3178  第174章:3148
          第175章:4054  第176章:3260  第177章:3429  第178章:3207  第179章:3239  第180章:3537
          第181章:3669  第182章:3573  第183章:3134  第184章:3067  第185章:3268  第186章:3289
          第187章:3656  第188章:3281  第189章:2291  第190章:4479  第191章:3716  第192章:5983
          第193章:2138  第194章:2601

01:12:37  她为明月 (空青宿雪) [完结+番外]  344p→163章  2977KB  OK
          https://www.52shuku.net/gl/03_b/bkdZ7.html
          第1章:4405  第2章:3431  第3章:3402  第4章:3305  第5章:3238  第6章:3210
          第7章:3107  第8章:3247  第9章:4057  第10章:2320  第11章:3200  第12章:2186
          第13章:2299  第14章:2104  第15章:2659  第16章:2628  第17章:2194  第18章:3360
          第19章:2546  第20章:2514  第21章:2117  第22章:2760  第23章:2174  第24章:10552
          第25章:6193  第26章:6308  第27章:6654  第28章:6414  第29章:6517  第30章:6368
          第31章:6773  第32章:6284  第33章:6288  第34章:7270  第35章:6621  第36章:6618
          第37章:6609  第38章:6822  第39章:6214  第40章:6428  第41章 （评论加更）:9263  第42章:6396
          第43章:6393  第44章:6272  第45章:6336  第46章 作收加更:6115  第47章 营养液加更:6404  第48章 营养液加更:6502
          第49章:6550  第50章:6187  第51章:6150  第52章:6280  第53章:6225  第54章:6498
          第55章:6089  第56章:6333  第57章:6747  第58章:6272  第59章:6359  第60章:6118
          第61章:6180  第62章 “太阳”深水加更二合一:9098  第63章:6264  第64章:6159  第65章:6264  第66章:8348
          第67章:10282  第68章:8453  第69章:3421  第70章:6263  第71章 “太阳”深水加更二合一:6999  第72章:2276
          第73章:3290  第74章:3153  第75章:8102  第76章 2w营养液加更:5146  第77章:6397  第78章 2w营养液加更:5114
          第79章:6339  第80章:5335  第81章:1258  第82章:10152  第83章:10166  第84章:9976
          第85章:10629  第86章:3391  第87章:4415  第88章:8208  第89章:3369  第90章:4920
          第91章:4248  第92章:4693  第93章:6380  第94章:12566  第95章:3275  第96章:4096
          第97章:8376  第98章:3437  第99章:3226  第100章:6348  第101章:6095  第102章:8256
          第103章:6331  第104章:10291  第105章:6253  第106章:6757  第107章:6638  第108章 作收加更二合一:10061
          第109章:6279  第110章 3w营养液加更二合一:13056  第111章:6413  第112章 3w营养液加更二合一:10343  第113章:10308  第114章:9974
          第115章:10266  第116章:6697  第117章:11905  第118章:10272  第119章:7439  第120章:12045
          第121章 慎买:5426  第122章:12093  第123章:10244  第124章:6307  第125章:10316  第126章:10581
          第127章:8269  第128章:6307  第129章:6371  第130章:14253  第131章:14716  第132章:7623
          第133章:6613  第134章:7109  第135章:6968  第136章:7269  第137章 if现代番一:6243  第138章 if现代番二:6359
          第139章 if现代番三:6203  第140章 if现代番四:3259  第141章 if现代番五:3196  第142章 if现代番六:3241  第143章 糖渍青梅一:3336  第144章 糖渍青梅二:3192
          第145章 糖渍青梅三:3379  第146章 糖渍青梅四:3357  第147章 糖渍青梅五:3366  第148章 糖渍青梅六:4046  第149章 糖渍青梅七:5522  第150章 猫猫兽人番外一:3708
          第151章 猫猫兽人番外二:3242  第152章 猫猫兽人番外三:3626  第153章 猫猫兽人番外四:3660  第154章 猫猫兽人番外五:3241  第155章 猫猫兽人番外六:6685  第156章 全订福利番外:10460
          第157章 全订福利番外:1552  第158章 90%订阅福利番外:3246  第159章 90%订阅福利番外:2966  第160章 全订福利番外:4000  第161章 点错了的收费番外:3608  第162章 全订福利番外:3462
          第163章 反攻番外:5959

01:13:50  渴肤症美人总在觊觎我 (空青宿雪) [完结+番外]  202p→99章  1710KB  OK
          https://www.52shuku.net/gl/03_b/bkdZ6.html
          第1章:3497  第2章:3755  第3章:3161  第4章:3370  第5章:3215  第6章:3357
          第7章:3247  第8章:3195  第9章:4094  第10章:2333  第11章:2083  第12章:2060
          第13章:3249  第14章:2410  第15章:3055  第16章:3373  第17章:2454  第18章:2751
          第19章:3179  第20章:10201  第21章:6256  第22章:6320  第23章:6545  第24章:6250
          第25章:6218  第26章:6238  第27章:6195  第28章:6196  第29章:6563  第30章:6250
          第31章:6253  第32章:6211  第33章:6539  第34章:6567  第35章:6243  第36章:6219
          第37章:6544  第38章:7230  第39章:6611  第40章:7570  第41章:6553  第42章:6515
          第43章:6606  第44章:6328  第45章:6602  第46章:7226  第47章:6557  第48章:6636
          第49章:6365  第50章:6593  第51章:6574  第52章:6545  第53章:7205  第54章:6307
          第55章:6259  第56章:6253  第57章:6265  第58章:6574  第59章:6568  第60章:6077
          第61章:11363  第62章:6212  第63章:6245  第64章:6556  第65章:6190  第66章:6027
          第67章:6207  第68章:6601  第69章:6626  第70章:6188  第71章:6406  第72章:6196
          第73章:6209  第74章:5884  第75章:6823  第76章:5369  第77章:6056  第78章:5458
          第79章:6127  第80章:8502  第81章:5678  第82章:5965  第83章:5613  第84章:5488
          第85章:5699  第86章:5864  第87章:5910  第88章:5492  第89章:5888  第90章:5548
          第91章:5647  第92章:5824  第93章:5877  第94章:5524  第95章:5502  第96章:5399
          第97章:5426  第98章:4042  第99章:4547

01:14:10  Love U2[刑侦] (春山梦) [完结]  49p→43章  421KB  OK
          https://www.52shuku.net/gl/01_b/bkdYd.html
          第1章 看，手铐play:3128  第2章 我要验伤:3133  第3章 楼观雪你是不是处:3090  第4章 我很钟意你啊:3198  第5章 发。情期:3114  第6章 信息素诱导:3070
          第7章 牙齿有点痒痒:3156  第8章 手段毒:3116  第9章 抓住她:3053  第10章 do完就求婚:3123  第11章 早就对她有了独占欲:3097  第12章 雾蒙蒙的香气:3095
          第13章 一晚七次行不行:3121  第14章 想念楼观雪:3087  第15章 直接给跪了:3238  第16章 你好甜啊:3064  第17章 在吻里告白:3134  第18章 乖宝，远离坏姐姐:3314
          第19章 道歉餐:3085  第20章 你喝酒了:2195  第21章 临时标记:3237  第22章 楼队骂人也挺脏的:2160  第23章 控制不住散发信息素:3155  第24章 你好，结芬:3554
          第25章 这个人是我的:3548  第26章 你为什么不生气:3079  第27章 杀掉这个人:2067  第28章 你来陪我睡觉好不好:2020  第29章 刑侦大队长女朋友:2082  第30章 不同的香水味:3010
          第31章 不对付:3024  第32章 要杀的人是我:3036  第33章 打火机:3011  第34章 有了她的孩子:2347  第35章 我会死吗:3514  第36章 喉管断裂:3503
          第37章 狗东西:3030  第38章 失踪:3099  第39章 真相:3066  第40章 不是我:3005  第41章 是妈妈:3020  第42章 来自宋素的标记:7520
          第43章 小小圆形孕囊:7580

01:15:07  仙尊你好能装啊 (偷颗星) [完结+番外]  154p→142章  1348KB  OK
          https://www.52shuku.net/gl/01_b/bkdYc.html
          第1章:3050  第2章:2970  第3章:3083  第4章:3094  第5章:3317  第6章:3246
          第7章:3201  第8章:3363  第9章:2633  第10章:3290  第11章:2160  第12章:2195
          第13章:2188  第14章:2024  第15章:2370  第16章:2219  第17章:2075  第18章:2936
          第19章:2041  第20章:2014  第21章:2462  第22章:2144  第23章:3373  第24章:8235
          第25章:3283  第26章:3517  第27章:3823  第28章:3360  第29章:3257  第30章:3533
          第31章:3200  第32章:3202  第33章:3644  第34章:3060  第35章:3306  第36章:3025
          第37章:3093  第38章:3206  第39章:3023  第40章:3200  第41章:3300  第42章:3224
          第43章:3255  第44章:3064  第45章:3846  第46章:3511  第47章:3205  第48章:3608
          第49章:3218  第50章:3232  第51章:3233  第52章:3237  第53章:3177  第54章:3078
          第55章:3197  第56章:2866  第57章:3236  第58章:3549  第59章:2694  第60章:3211
          第61章:3029  第62章:3088  第63章:3265  第64章:3316  第65章:3073  第66章:3219
          第67章:3000  第68章:2572  第69章:3504  第70章:3183  第71章:2875  第72章:3197
          第73章:3292  第74章:3023  第75章:3257  第76章:3024  第77章:3847  第78章:3292
          第79章:3120  第80章:3212  第81章:3063  第82章:3224  第83章:3194  第84章:3085
          第85章:3259  第86章:3058  第87章:3253  第88章:3037  第89章:3013  第90章:3010
          第91章:2266  第92章:3022  第93章:3010  第94章:3008  第95章:2515  第96章:3198
          第97章:2507  第98章:3006  第99章:3030  第100章:3598  第101章:2230  第102章:3007
          第103章:3215  第104章:2569  第105章:3043  第106章:3539  第107章:3202  第108章:2880
          第109章:1552  第110章:3554  第111章:3026  第112章:3027  第113章:2225  第114章:3243
          第115章:3233  第116章:3205  第117章:3219  第118章:3276  第119章:3045  第120章:3208
          第121章:3032  第122章:3228  第123章:3255  第124章:3007  第125章:3565  第126章:3014
          第127章:3979  第128章:3020  第129章:3016  第130章:3070  第131章:3257  第132章:5212
          第133章:3300  第134章:3227  第135章:3862  第136章:2727  第137章:4531  第138章:3490
          第139章:2023  第140章:4304  第141章:2835  第142章:2393

01:16:49  冥婚到一个漂亮老婆 (绝对不吃鸳鸯锅) [完结+番外]  248p→221章  2191KB  OK
          https://www.52shuku.net/gl/01_b/bkdYb.html
          第1章:4032  第2章:3272  第3章:3255  第4章:3798  第5章:4257  第6章:3259
          第7章:5738  第8章:2395  第9章:4129  第10章:3561  第11章:2370  第12章:3364
          第13章:1593  第14章:2386  第15章:3406  第16章:3211  第17章:3061  第18章:3586
          第19章:10117  第20章:6548  第21章:6535  第22章:6513  第23章:6235  第24章:6227
          第25章:6740  第26章:6201  第27章:6998  第28章:6269  第29章:6265  第30章:6906
          第31章:8874  第32章:7344  第33章:6369  第34章:6218  第35章:3284  第36章:3239
          第37章:3207  第38章:2877  第39章:3279  第40章:3224  第41章:3617  第42章:2909
          第43章:3382  第44章:3221  第45章:3195  第46章:3281  第47章:3219  第48章:4254
          第49章:3294  第50章:3242  第51章:3056  第52章:6228  第53章:2872  第54章:3249
          第55章:1873  第56章:4299  第57章:3257  第58章:3196  第59章:3876  第60章:2292
          第61章:3195  第62章:2855  第63章:3276  第64章:1870  第65章:3227  第66章:3210
          第67章:3175  第68章:2251  第69章:1695  第70章:3272  第71章:3181  第72章:6287
          第73章:3209  第74章:3286  第75章:3300  第76章:2533  第77章:3175  第78章:3247
          第79章:3189  第80章:3192  第81章:3193  第82章:3200  第83章:3260  第84章:3322
          第85章:3279  第86章:3214  第87章:2217  第88章:1841  第89章:4564  第90章:2250
          第91章:2171  第92章:2170  第93章:2177  第94章:2185  第95章:1884  第96章:2246
          第97章:2903  第98章:3005  第99章:3179  第100章:3218  第101章:3017  第102章:3270
          第103章:3201  第104章:3226  第105章:3288  第106章:2863  第107章:3890  第108章:3189
          第109章:2226  第110章:3274  第111章:2191  第112章:3196  第113章:3191  第114章:3228
          第115章:1791  第116章:2213  第117章:3592  第118章:2209  第119章:2846  第120章:3203
          第121章:2843  第122章:3198  第123章:2546  第124章:1866  第125章:3218  第126章:3633
          第127章:3537  第128章:3235  第129章:2136  第130章:3224  第131章:3285  第132章:3880
          第133章:3174  第134章:2212  第135章:2556  第136章:3195  第137章:3190  第138章:3287
          第139章:3178  第140章:1906  第141章:3386  第142章:1878  第143章:2206  第144章:3220
          第145章:3183  第146章:4669  第147章:2643  第148章:3172  第149章:2302  第150章:1901
          第151章:1914  第152章:1503  第153章:3531  第154章:4226  第155章:3183  第156章:2177
          第157章:3185  第158章:3250  第159章:3242  第160章:3179  第161章:3183  第162章:1843
          第163章:3182  第164章:3193  第165章:3211  第166章:3258  第167章:3529  第168章:3851
          第169章:3219  第170章:3552  第171章:3181  第172章:3193  第173章:2941  第174章:3286
          第175章:3192  第176章:3562  第177章:3204  第178章:3187  第179章:2230  第180章:3216
          第181章:3187  第182章:3196  第183章:1882  第184章:2895  第185章:1903  第186章:2848
          第187章:3221  第188章:1851  第189章:2908  第190章:3226  第191章:3224  第192章:3556
          第193章:3212  第194章:3233  第195章:2874  第196章:1187  第197章:2852  第198章:3181
          第199章:1853  第200章:3192  第201章:3195  第202章:3191  第203章:3193  第204章:1517
          第205章:1855  第206章:1908  第207章:3186  第208章:1848  第209章:1682  第210章:2191
          第211章:3653  第212章:3182  第213章:1703  第214章:1892  第215章:3236  第216章:3213
          第217章:2513  第218章:1536  第219章:3204  第220章:1524  第221章:2859

01:17:28  冰山女娲后人怀了我的蛇崽后 (虞不眠) [完结]  106p→99章  947KB  OK
          https://www.52shuku.net/gl/01_b/bkdYa.html
          第1章 落霞山:3174  第2章 相遇:3232  第3章 四宝剑:3225  第4章 重用:3109  第5章 女娲族:3047  第6章 见面:3079
          第7章 可以为我死吗？:3091  第8章 挑事:3080  第9章 打脸:3157  第10章 对视:3161  第11章 邀请出山:3362  第12章 受伤:3158
          第13章 妹妹:3351  第14章 喂水:3107  第15章 打架:3252  第16章 关心:3203  第17章 入洞:3046  第18章 救人:3210
          第19章 对战:3129  第20章 妻妻联手:3084  第21章 内丹:9217  第22章 城主:3261  第23章 换血:5250  第24章 姐姐:3203
          第25章 入府:3288  第26章 下毒人:3181  第27章 赚钱:3248  第28章 计划:3215  第29章 夺位:3176  第30章 全杀:3201
          第31章 离开:3194  第32章 训练:3175  第33章 抱住:3039  第34章 再遇:3184  第35章 救人:3004  第36章 赚钱的目的:3026
          第37章 赌坊:3194  第38章 赢钱:3307  第39章 动手:3184  第40章 追杀:3173  第41章 夜袭:3177  第42章 出手:3182
          第43章 泛红:3068  第44章 圣灵芝:3026  第45章 幽冥紫狮:2147  第46章 破阵:3017  第47章 逃出:2391  第48章 配合:3014
          第49章 准备收服:2060  第50章 你现在还不能受伤:3041  第51章 望星城:2524  第52章 宝莲灯:3036  第53章 保护你:3177  第54章 府衙:3205
          第55章 带尊主与林回见面:3180  第56章 再见司徒云扶:3217  第57章 莲花:3172  第58章 四人聚集:3046  第59章 女儿的阿娘:3071  第60章 大开杀戒:3077
          第61章 宝莲灯现世:3010  第62章 天虚城:3002  第63章 炼天炉:3011  第64章 同床:3073  第65章 炼天炉的下落:3036  第66章 主城:3065
          第67章 女帝:3056  第68章 除妖堂被屠:2811  第69章 救莫天胜:3075  第70章 交战:3040  第71章 破阵:3335  第72章 刺杀:3455
          第73章 迷雾:2111  第74章 攻入:3054  第75章 你靠太近:3053  第76章 混天阵:3012  第77章 激战:3208  第78章 知道她螣蛇的身份:3091
          第79章 合作:3030  第80章 偷炼天炉:3018  第81章 夜入王府:3046  第82章 神鬼城:3030  第83章 造物仙鼎:3072  第84章 魔族犯神鬼城:3059
          第85章 受伤:3002  第86章 螣蛇本体:3034  第87章 命悬一线:3019  第88章 成婚:3003  第89章 回到南都:3005  第90章 时清蛟龙:3017
          第91章 相见:3064  第92章 入住府中:3012  第93章 大婚:3042  第94章 洞房:3020  第95章 战乱:3176  第96章 十道魔君，罗尤:3006
          第97章 死守:3193  第98章 开始杀仙:3180  第99章 大结局:3065

01:18:07  和好友的妈妈HE了 (松山听雨) [完结]  105p→94章  896KB  OK
          https://www.52shuku.net/gl/01_b/bkdXZ.html
          第1章:3074  第2章:3053  第3章:2455  第4章:3062  第5章:3059  第6章:3075
          第7章:2915  第8章:3125  第9章:3038  第10章:2912  第11章:2201  第12章:2530
          第13章:2428  第14章:2699  第15章:3083  第16章:2844  第17章:2310  第18章:2238
          第19章:2330  第20章:3094  第21章:2531  第22章:2314  第23章:2614  第24章:3066
          第25章:3011  第26章:3136  第27章:3152  第28章:3464  第29章:3013  第30章:3168
          第31章:3183  第32章:3240  第33章:3203  第34章:3138  第35章:3283  第36章:3568
          第37章:3023  第38章:3166  第39章:3354  第40章:3014  第41章:3306  第42章:3259
          第43章:3224  第44章:3207  第45章:3232  第46章:3017  第47章:3133  第48章:3104
          第49章:3032  第50章:3229  第51章:3138  第52章:3328  第53章:3331  第54章:3331
          第55章:3050  第56章:3441  第57章:3134  第58章:3437  第59章:3110  第60章:3162
          第61章:3375  第62章:3225  第63章:3365  第64章:3052  第65章:3135  第66章:3425
          第67章:3268  第68章:3102  第69章:3411  第70章:3104  第71章:3204  第72章:3358
          第73章:3280  第74章:3377  第75章:3602  第76章:3322  第77章:3119  第78章:3103
          第79章:3068  第80章:3343  第81章:3164  第82章:3235  第83章:3256  第84章:3282
          第85章:3254  第86章:3301  第87章:3219  第88章:3362  第89章:3229  第90章:3154
          第91章:3406  第92章:3254  第93章:3110  第94章:4330

01:19:07  和情人的死对头先婚后爱 (执晚星) [完结+番外]  160p→96章  1362KB  OK
          https://www.52shuku.net/gl/01_b/bkdXY.html
          第1章:3577  第2章:3503  第3章:2946  第4章:2974  第5章:3097  第6章:3601
          第7章:2874  第8章:2598  第9章:3037  第10章:2610  第11章:3481  第12章:3605
          第13章:2659  第14章:2758  第15章:2543  第16章:3019  第17章:3056  第18章:3056
          第19章:3831  第20章:3208  第21章:4697  第22章:3274  第23章:11205  第24章:3706
          第25章:4016  第26章:4608  第27章:3975  第28章:3346  第29章:3297  第30章:3787
          第31章:3176  第32章:3259  第33章:3211  第34章:6850  第35章:6372  第36章:3515
          第37章:3543  第38章:3953  第39章:4167  第40章:3256  第41章:3204  第42章:3179
          第43章:3670  第44章:3256  第45章:3170  第46章:3350  第47章:3167  第48章:3598
          第49章:3394  第50章:3246  第51章:3609  第52章:3185  第53章:3646  第54章:5435
          第55章:3710  第56章:3188  第57章:3515  第58章:3276  第59章:3609  第60章:4858
          第61章:3354  第62章:3589  第63章:3551  第64章:3877  第65章:3743  第66章:3773
          第67章:3514  第68章:3283  第69章:3713  第70章:6205  第71章:7033  第72章:6016
          第73章:3295  第74章:1814  第75章:4510  第76章:5632  第77章:9167  第78章:7189
          第79章:10993  第80章:7845  第81章:5903  第82章:7061  第83章:6655  第84章:6699
          第85章:8303  第86章:3686  第87章:3579  第88章:12800  第89章:8167  第90章:14716
          第91章:9217  第92章:7130  第93章:4607  第94章:5834  第95章:19924  第96章:3332

01:19:53  和病弱大佬先婚后爱了 (雨歇朝升) [完结+番外]  126p→111章  1135KB  OK
          https://www.52shuku.net/gl/01_b/bkdXX.html
          第1章 协议：我和黎总……住一起吗？:4065  第2章 生病：你有软肋。:3307  第3章 靠近：色即是空，空即是色:3280  第4章 撞见：你就一点机会都不给我吗:3519  第5章 答案：你谈过恋爱吗:3352  第6章 领证：没走错吧:3570
          第7章 快乐：分你一份:3320  第8章 请客：没话找话:3421  第9章 演出：好疼……冷……:3279  第10章 接机：是要……把衣服解开吗:3249  第11章 涩：她哭了:3086  第12章 甜：你喜欢黎总吗:3278
          第13章 醉酒：要给老婆买甜的:3185  第14章 危机：把她给我抓回来:3116  第15章 签约：你私生活混乱吗:3023  第16章 游乐场：她是你女朋友对吧:3139  第17章 碎裂：你疯了:3167  第18章 合作：谈恋爱了没:3169
          第19章 老师：那你亲亲我:3314  第20章 出差：昨晚没睡好:3400  第21章 同款：不卖身不卖艺:3103  第22章 酒店：好巧啊:3209  第23章 秀场：有人晕倒了:3064  第24章 三合一：我是你的情敌哦:9246
          第25章 同床：把衣服脱了:3270  第26章 潜规则：她不是一笔交易:3258  第27章 约会：找到你了:3062  第28章 家庭：你演技好拙劣:3047  第29章 琴行：你跟她很像:3062  第30章 结婚对象：黎总居然笑了:3266
          第31章 绮梦：这可是你亲手绑的:3094  第32章 回国：你上热搜了:3271  第33章 绯闻：能澄清吗:3180  第34章 敲打：热搜词条……被炸了:3129  第35章 下雪：第一次见你带人回家:3008  第36章 超市：黎总，你真的好可爱啊:3170
          第37章 很冷：我不是三岁:3015  第38章 睡觉：那你还不进来:3127  第39章 病危：有没有什么办法，能救她:3169  第40章 勘破：我从不信命定:3079  第41章 转机：你为什么哭了:3068  第42章 觅香：合法妻子应该做的事情:3053
          第43章 作画：月下美人:3076  第44章 残画：我不走，永远都不会:3203  第45章 拍摄：容易……引火烧身:3171  第46章 不速之客：你到底是谁:3248  第47章 冷战：你生气了:3018  第48章 红豆：相思寄情:3196
          第49章 受伤：我们回家好不好:3167  第50章 秘密：你觉得，她和我像吗:3209  第51章 道歉：美人计:3002  第52章 发烧：我想同您聊一聊:3170  第53章 礼物：小骗子:3274  第54章 月光：你是我的:3226
          第55章 小彩蛋：初遇：三年前国外（非正文故事线顺序）:3033  第56章 过来：长得丑的，我不吃:3013  第57章 许愿：多少钱买的:3048  第58章 吃醋：有人会过来:3193  第59章 送糖：我从不做坏事:3204  第60章 跨年：我能不能先讨点利息:3217
          第61章 吃饭：你想上头条？:3169  第62章 动心：我很喜欢:3255  第63章 弹琴：你也是……我的:3202  第64章 故人：你可以离开了:3179  第65章 计策：那就去表白啊:3234  第66章 失控：你不要命了:3216
          第67章 演戏：你想做什么，我都陪你:3194  第68章 作曲：我是你的:3187  第69章 试探：结了婚不还可以离婚吗:3304  第70章 喝药：你快出去:3176  第71章 厌弃：我不该活着:3179  第72章 视频：我陪你:3214
          第73章 误会：你和她很配吗:3211  第74章 风暴：她不会骗我的:3186  第75章 静心：浪漫主义:3194  第76章 生气：为什么不说话:3216  第77章 咨询：我讨厌失控:3211  第78章 影片：她是喜欢的:3208
          第79章 悸动：我喜欢你:4169  第80章 勾引：好犯规:3271  第81章 见面：我喜欢吃软饭:3243  第82章 花房：她的敏感点:3189  第83章 画室：自己脱:3194  第84章 干渴：真好看:3252
          第85章 交易：疼不疼:3171  第86章 很累：让我抱一会儿:3251  第87章 自私：把那份婚前协议发我:3240  第88章 抢救：我们离婚吧:3239  第89章 苦涩：对不起:3239  第90章 冷静：我想和你谈谈:3251
          第91章 威胁：我是她的妻子:3214  第92章 坦白：我爱你:3181  第93章 狼狈：一无所有:3198  第94章 善意：我是商羡的妻子:3256  第95章 露馅：只喜欢……姐姐:3179  第96章 戒指：老婆，再叫一遍:3184
          第97章 承诺：羡羡真乖:3190  第98章 炸锅：我吃醋了:3506  第99章 湿身：求生欲:3197  第100章 求婚：将亲手所作的致意送予你:3606  第101章 公开：不许装可怜:3248  第102章 猜测：这个世界还是太玄幻了:3222
          第103章 计划：想接吻么:3189  第104章 分别：我不会走的:3192  第105章 正文完：去找她吧:3190  第106章 番外一：黎楚绾×南玖（一）:4886  第107章 番外二：黎楚绾×南玖（二）:5202  第108章 番外三：黎楚绾×南玖（三）:4501
          第109章 番外四：黎楚绾×南玖（四）:4520  第110章 番外五：黎楚绾×南玖（完）:5875  第111章 番外六：黎韫霜:6337

01:20:27  开局赠送哭包诡母卡 (娇笺) [完结]  92p→54章  812KB  OK
          https://www.52shuku.net/gl/01_b/bkdXU.html
          第1章 鬼母:4108  第2章 依恋:4351  第3章 寄生:3241  第4章 守护:3263  第5章 鬼域:3107  第6章 饥饿:4761
          第7章 错位:3871  第8章 亲密:3446  第9章 交缠:3278  第10章 退婚:3122  第11章 敌意:3182  第12章 臆想:3269
          第13章 失控:3112  第14章 咬痕:3949  第15章 色彩:3045  第16章 双标:3257  第17章 暧昧:3246  第18章 弄脏:3093
          第19章 抢食:3399  第20章 欲望:3004  第21章 吻痕:10347  第22章 阴差:7967  第23章 恶念:6410  第24章 恨意:6565
          第25章 诅咒:6978  第26章 自毁:4085  第27章 慈悲:5287  第28章 怪物:3343  第29章 勾引:3673  第30章 吃醋:4080
          第31章 态度:3350  第32章 求我:7793  第33章 缘浅:5909  第34章 掌控:6234  第35章 婆媳:6625  第36章 背德:6133
          第37章 吻她:6063  第38章 祝福:5054  第39章 养鬼:5533  第40章 容器:5850  第41章 夜半:5178  第42章 猎物:5427
          第43章 试探:5165  第44章 来客:5646  第45章 巧遇:5733  第46章 老师:6285  第47章 变化:5179  第48章 甜的:5962
          第49章 鬼道:5820  第50章 冥府:7569  第51章 阴神:5324  第52章 誓言:4221  第53章 阳街:8660  第54章 终章:6610

01:21:41  摆夜摊被美女警司盯梢了 (大茶杉) [完结]  206p→124章  1821KB  OK
          https://www.52shuku.net/gl/01_b/bkdXT.html
          第1章 第1章:3506  第2章 第2章:3721  第3章 第3章:3227  第4章 第4章:3692  第5章 第5章:3407  第6章 第6章:4089
          第7章 第7章:4408  第8章 第8章:4759  第9章 第9章:3931  第10章 第10章:3509  第11章 第11章:4172  第12章 第12章:3310
          第13章 第13章:3790  第14章 第14章:3826  第15章 第15章:3314  第16章 第16章:3470  第17章 第17章:4904  第18章 第18章:3561
          第19章 第19章:4015  第20章 第20章:3637  第21章 第21章:5261  第22章 第22章:4172  第23章 第23章:3622  第24章 第24章:3515
          第25章 第25章:3261  第26章 第26章:4719  第27章 第27章:3945  第28章 第28章:3880  第29章 第29章:6300  第30章 第30章:3555
          第31章 第31章:3763  第32章 第32章:5062  第33章 第33章:5191  第34章 第34章:5099  第35章 第35章:5347  第36章 第36章:10274
          第37章 第37章:4833  第38章 第38章:3918  第39章 第39章:4843  第40章 第40章:6474  第41章 第41章:5854  第42章 第42章:5156
          第43章 第43章:3611  第44章 第44章:3401  第45章 第45章:7464  第46章 第46章:5766  第47章 第47章:6334  第48章 第48章:3745
          第49章 第49章:6339  第50章 第50章:3579  第51章 第51章:6089  第52章 第52章:3556  第53章 蒸发:6774  第54章 话梅:5692
          第55章 课题:6147  第56章 默声:4759  第57章 山野:4861  第58章 信封:4081  第59章 圣诞1:3088  第60章 圣诞2:3898
          第61章 圣诞3:3821  第62章 圣诞4:6205  第63章 罪受:6125  第64章 克制:6809  第65章 新年:4384  第66章 不好:7833
          第67章 初恋:3477  第68章 除夕:4520  第69章 时限:6394  第70章 必修课:4650  第71章 春意:4360  第72章 佳境:7374
          第73章 胆小鬼:3808  第74章 共赢:3641  第75章 避重就轻:6628  第76章 相纸:3881  第77章 竹根:4071  第78章 清明:5971
          第79章 巨轮:5530  第80章 冒险:5263  第81章 愤怒:3995  第82章 女儿:6980  第83章 目的地:7187  第84章 延续:6268
          第85章 今后:6354  第86章 慢慢:5971  第87章 纠纷:3831  第88章 重启:4723  第89章 忍耐:6721  第90章 卷宗:6037
          第91章 铜锈:3794  第92章 隐瞒:3178  第93章 捉迷藏:4860  第94章 灰烬:6171  第95章 原子:5850  第96章 程度:3162
          第97章 货源:4276  第98章 转型:5365  第99章 信纸:7070  第100章 约谈:3315  第101章 云端:5816  第102章 暗涌:5334
          第103章 暂停:3679  第104章 渐明:5829  第105章 作祟:6294  第106章 笔迹:6415  第107章 秩序之外:3962  第108章 滚烫:8118
          第109章 破绽:3108  第110章 剧本:4829  第111章 账号:3816  第112章 坠落:5294  第113章 强大:4288  第114章 意图:6604
          第115章 圣诞:4683  第116章 直面:5969  第117章 折返:4442  第118章 着火:4465  第119章 牵引:5722  第120章 狼狈:6370
          第121章 东风:6215  第122章 风铃:3218  第123章 爱惜:3905  第124章 未来·终章:8764

01:22:21  斗不过天道后拉师姐上我贼船 (樊汌) [完结]  109p→87章  980KB  OK
          https://www.52shuku.net/gl/01_b/bkdXS.html
          第1章 第三次重生:3412  第2章 缢鬼（一）:4574  第3章 缢鬼（二）:3552  第4章 缢鬼（三）:3538  第5章 苏巧桥（一）:3357  第6章 苏巧桥（二）:3503
          第7章 苏巧桥（三）:2073  第8章 鸣冤鼓（一）:3300  第9章 鸣冤鼓（二）:3124  第10章 鸣冤鼓（三）:3374  第11章 鸣冤鼓（四）:3207  第12章 鸣冤鼓（五）:2674
          第13章 宋文晓:3694  第14章 异端:3038  第15章 秘境（一）:3449  第16章 秘境（二）:3197  第17章 秘境（三）:3902  第18章 秘境（四）:3448
          第19章 秘境（五）:3227  第20章 秘境（六）:3596  第21章 秘境（七）:4432  第22章 秘境（八）:4059  第23章 秘境（九）:4014  第24章 秘境（十）:3471
          第25章 秘境（十一）:3441  第26章 秘境（十二）:3508  第27章 梦:3400  第28章 启程苏商:3246  第29章 红棺材（一）:3367  第30章 红棺材（二）:3338
          第31章 红棺材（三）:3124  第32章 红棺材（四）:3135  第33章 红棺材（五）:2871  第34章 红棺材（六）:3769  第35章 红棺材（七）:3296  第36章 红棺材（八）:2943
          第37章 红棺材（九）:3423  第38章 红棺材（十）:3822  第39章 红棺材（十一）  ？？？疯了？:4084  第40章 红棺材（十二）:3800  第41章 闵璇（一）:3994  第42章 闵璇（二）:7337
          第43章 禁术:3340  第44章 地府:3951  第45章 放长线钓大鱼:6402  第46章 拯救“失足”少女:3683  第47章 宗门大比（一）:2604  第48章 宗门大比（二）:3175
          第49章 宗门大比（三）:2811  第50章 姜漆:3614  第51章 新年:3793  第52章 万婴坑（一）:3616  第53章 万婴坑（二）:6743  第54章 万婴坑（三）:4575
          第55章 万婴坑（四）:3159  第56章 万婴坑（五）:3161  第57章 万婴坑（六）:3977  第58章 万婴坑（七）:7029  第59章 万婴坑（八）:3765  第60章 万婴坑（九）:5597
          第61章 万婴坑（十）:4430  第62章 消失的婴灵:3178  第63章 姜漆的身影:3289  第64章 壁画（一）:4196  第65章 壁画（二）:2630  第66章 壁画（三）:3628
          第67章 壁画（四）:3593  第68章 壁画（五）:3868  第69章 壁画（六）:3317  第70章 壁画（七）:3963  第71章 疫病:4070  第72章 食尸鬼（一）:4124
          第73章 食尸鬼（二）:3818  第74章 食尸鬼（三）:4132  第75章 食尸鬼（四）:3330  第76章 食尸鬼（五）:3956  第77章 食尸鬼（六）:3566  第78章 食尸鬼（七）:3435
          第79章 食尸鬼（八）:3317  第80章 食尸鬼（九）:3856  第81章 食尸鬼（十）:3677  第82章 你我的命运:3213  第83章 郁涔的选择:3564  第84章 战前:3438
          第85章 献祭:4101  第86章 “此是千秋第一秋”:3365  第87章 指尖的风:4592

01:22:50  春深不见雪 (烂谷子) [完结]  77p→61章  645KB  OK
          https://www.52shuku.net/gl/01_b/bkdXR.html
          第1章 春深:3451  第2章 走马灯:3190  第3章 陈宝瑜:3447  第4章 负担:3009  第5章 漠城:3351  第6章 原因:3328
          第7章 答案:3449  第8章 如果:3188  第9章 顿悟:3255  第10章 北京:3278  第11章 宁乡:3209  第12章 别扭:3262
          第13章 情人:3676  第14章 船帆:3408  第15章 她们:3068  第16章 雨和吻:3180  第17章 听话:3105  第18章 坦诚:3045
          第19章 争:3177  第20章 心伤:3436  第21章 自欺:3401  第22章 妄想:3174  第23章 针锋:3266  第24章 恨欲:9792
          第25章 两相:3202  第26章 触角:3229  第27章 手段:3061  第28章 暗潮:3179  第29章 私奔:3292  第30章 假面:3233
          第31章 出逃:3196  第32章 执拗:3189  第33章 逢雨:3064  第34章 赌:3450  第35章 归乡:3275  第36章 旧人:3230
          第37章 时光:3264  第38章 拼凑:3218  第39章 局中:3341  第40章 确认:3231  第41章 初雪:3548  第42章 不见雪:3323
          第43章 人心:3640  第44章 择路:3182  第45章 难安:3229  第46章 爱:4355  第47章 自卑:3460  第48章 别怕:3056
          第49章 温情:3356  第50章 世俗:3108  第51章 意义:3922  第52章 恶意:3128  第53章 理想:3428  第54章 海浪:3029
          第55章 幸福:3628  第56章 生机:4508  第57章 退潮:3186  第58章 隐痛:4859  第59章 最好:3282  第60章 爱欲:3176
          第61章 阳光:3368

01:23:38  海王有个小秘密 (萝生不息) [完结]  126p→101章  1054KB  OK
          https://www.52shuku.net/gl/01_b/bkdXQ.html
          第1章:5041  第2章:3029  第3章:3118  第4章:3048  第5章:3544  第6章:2519
          第7章:2202  第8章:3139  第9章:3335  第10章:2475  第11章:2414  第12章:2080
          第13章:2261  第14章:2260  第15章:2297  第16章:2108  第17章:1854  第18章:3037
          第19章:2210  第20章:2535  第21章:3216  第22章:2583  第23章:1672  第24章:3300
          第25章:3574  第26章:3390  第27章:3081  第28章:3276  第29章:3090  第30章:3486
          第31章:3372  第32章:3430  第33章:3099  第34章:3194  第35章:4658  第36章:3090
          第37章:6833  第38章:3350  第39章:3165  第40章:3467  第41章:3563  第42章:3043
          第43章:3067  第44章:3291  第45章:3826  第46章:3878  第47章:3341  第48章:4070
          第49章:3525  第50章:3283  第51章:3197  第52章:3283  第53章:3596  第54章:3192
          第55章:3308  第56章:3623  第57章:3366  第58章:3278  第59章:3283  第60章:3414
          第61章:3258  第62章:3103  第63章:3198  第64章:3505  第65章:3428  第66章:3697
          第67章:3583  第68章:3922  第69章:3427  第70章:4552  第71章:3457  第72章:3516
          第73章:3118  第74章:4803  第75章:4732  第76章:3053  第77章:3735  第78章:3994
          第79章:4056  第80章:3658  第81章:3727  第82章:3296  第83章:3259  第84章:3778
          第85章:4355  第86章:5309  第87章:3219  第88章:3473  第89章:4988  第90章:4085
          第91章:4280  第92章:3776  第93章:3126  第94章:5001  第95章:3398  第96章:3192
          第97章:3779  第98章:4598  第99章:3222  第100章:3450  第101章:2812

01:24:26  炮灰Beta有话要说 (顷稔) [完结+番外]  132p→102章  1130KB  OK
          https://www.52shuku.net/gl/01_b/bkdXP.html
          第1章 这力量。:3447  第2章 Beta有话要说！:3444  第3章 急急急！！！:4734  第4章 你在做什么！？:3169  第5章 果真吗！！？:3175  第6章 这女主哪里不对劲吧！！！:3343
          第7章 墙上深深拳印。:3250  第8章 靠她捡垃圾又快又准！:3380  第9章 有人捡漏！！:3145  第10章 好巧啊，殿下。:3087  第11章 小骗子。:3432  第12章 孙教官不讲武德！！！:3138
          第13章 刕叹都快跪下来求她了！:3367  第14章 我要接暗页的任务。:3343  第15章 机甲化为一道流光坠落。:3696  第16章 殿下金贵，命很值钱。:3149  第17章 即便死，也要死在咆哮中。:3178  第18章 花枝悄悄勾住小猫尾巴尖。:3366
          第19章 云层之下藏着一声叹息。:3252  第20章 都说打不过了！:3171  第21章 不要捡垃圾吃啊！！！:3799  第22章 别一直盯着她。:3453  第23章 她讽刺本叹啊！！！:3785  第24章 她霸凌本室友啊！！！:3281
          第25章 她要云心甘情愿落于她掌心。:3065  第26章 完啦！:6513  第27章 全世界只有我在挨揍:3169  第28章 刕叹一定会满意。:3463  第29章 你若想买下我，直说就是。:3523  第30章 和你很像哦，小猫。:3216
          第31章 你带我走:3435  第32章 殿下，你还好吗？:3938  第33章 易感期的Alpha脾气真大。:6184  第34章 我们可请不动殿下。:3277  第35章 愿邀星辰并肩。:3420  第36章 能吃吗？:3430
          第37章 我抓住你了！:3152  第38章 你为什么紧张？:3010  第39章 她是虚构的吗？:3340  第40章 偏我来时不逢春:3457  第41章 小猫老板:3041  第42章 在……服侍殿下。:6139
          第43章 她们正逢明媚夏日。:3109  第44章 殿下，等会儿你想睡哪边？:3331  第45章 你烫到我了。:3060  第46章 都被标记了却不承认:3100  第47章 章（“松子”深水加更）：少年娟狂，手可摘星:6017  第48章 章（“松子”深水加更）：殿下你别跑了！:3088
          第49章 帝国殿下她不讲道理！:3102  第50章 人抓到了。:3090  第51章 你们的同伴已被捉住。:3323  第52章 我的后背交给你了。:3122  第53章 命运啊:3209  第54章 你呢，又能吗？:3170
          第55章 便似天倾地陷般动摇整个世界。:3163  第56章 让它像一颗太阳一样升起。:3471  第57章 “刕叹……帮我……”:6285  第58章 你不要后悔。:3224  第59章 我学会了。:3121  第60章 你到底会不会？:3362
          第61章 这不是炮灰Beta的戏份！:3046  第62章 章（“Leosus”深水加更）：咪也是要形象的。:3066  第63章 那你就试试吧。:9111  第64章 我有些想你。:3451  第65章 “……疼。”:6346  第66章 “你故意逗我。”:3209
          第67章 “有杀气！”:3264  第68章 “刕叹你出名啦！”:3063  第69章 黑猫精神体主人是谁！！！:6245  第70章 这是要逼婚吗！？:3159  第71章 咪有一点感动:3064  第72章 可能是心有灵犀吧。:3118
          第73章 七殿下严选猫猫！:3394  第74章 一只猫猫带两只大老虎:3257  第75章 猫尾没收咪还抽你。:3137  第76章 我呢？我们呢？:3072  第77章 坏猫。:3229  第78章 【帝国军校成功升旗】:3246
          第79章 猫有九条命呢。:6254  第80章 “风筝线，给你了。”:3193  第81章 “想要……尾巴。”:3141  第82章 想要这个？:3476  第83章 “捡回去的流浪猫不能抛弃。”:3071  第84章 “这是我女朋友，刕叹。”:3065
          第85章 “叫魂呐。”:3183  第86章 扶青泱顿时撤回一个柔笑。:3174  第87章 “谈恋爱也要干活！”:6102  第88章 “小猫也给你。”:3055  第89章 风暴已至。:3051  第90章 她真的后悔了。:3071
          第91章 “我来爱你了。”:6094  第92章 “没有酒的名字叫‘小猫’。”:3167  第93章 到底在哪里！！！:3037  第94章 “这样，你会安心一点吗？”:3292  第95章 谁这么大胆？:3351  第96章 “命运”:3046
          第97章 这实在荒谬。:3224  第98章 叹世事无常，叹物是人非。:3097  第99章 我在你身边。:3164  第100章 你我并肩，通行星海。:3629  第101章 番外一：爱如星海般永恒。:6576  第102章 番外二：“刕、叹。”:3824

01:25:40  爆改恶女后竟成为万人迷 (媂元清) [完结+番外]  193p→161章  1676KB  OK
          https://www.52shuku.net/gl/01_b/bkdXO.html
          第1章 前世:4068  第2章 情深:4108  第3章 初遇:3258  第4章 报复:3217  第5章 赔罪:3822  第6章 震惊:2457
          第7章 改观:3216  第8章 露面:3109  第9章 犯规:3223  第10章 拜师:4007  第11章 桀骜:3409  第12章 被拒:3242
          第13章 密语:3977  第14章 反击:3045  第15章 重逢:3818  第16章 炫耀:4056  第17章 好感:2767  第18章 驯服:2877
          第19章 筹谋:2998  第20章 攻略:3533  第21章 感谢:2421  第22章 亲亲:3220  第23章 引诱:4626  第24章 往昔:2471
          第25章 传讯:2220  第26章 练剑:3343  第27章 算账:2273  第28章 误会:3762  第29章 言和:3432  第30章 妄念:10237
          第31章 吃醋:6595  第32章 享受:6821  第33章 选择:3940  第34章 私谈:3548  第35章 揭穿:3230  第36章 争吵:3121
          第37章 别恋:3369  第38章 不甘:4489  第39章 大比:3498  第40章 打赌:4153  第41章 欺辱:3834  第42章 玩弄:3706
          第43章 吻她:4356  第44章 臣服:4472  第45章 故人:3221  第46章 祈求:3593  第47章 遇伏:3622  第48章 不妙:3924
          第49章 动情:3291  第50章 破戒:3312  第51章 感动:3343  第52章 盟约:3273  第53章 变脸:3497  第54章 懊悔:3289
          第55章 求死:4823  第56章 誓言:3760  第57章 地牢:3817  第58章 缘线:3889  第59章 深仇:4053  第60章 逆徒:3077
          第61章 离魂:3211  第62章 处刑:4093  第63章 弑母:3780  第64章 奖励:3190  第65章 像谁:3135  第66章 惊心:3364
          第67章 噩耗:3402  第68章 逆天:4365  第69章 质问:3095  第70章 情蛊:3485  第71章 情灭:3141  第72章 反攻:3135
          第73章 盲蛊:3292  第74章 攻心:3271  第75章 难处:3574  第76章 巧辩:3470  第77章 警告:3129  第78章 龌龊:3425
          第79章 后悔:3441  第80章 大典:3384  第81章 杀了:3159  第82章 吃醋:3208  第83章 坠落:3643  第84章 欢喜:3251
          第85章 渡船:3172  第86章 有的:4473  第87章 结丹:4140  第88章 渡劫:3609  第89章 兴奋:3204  第90章 双修:3479
          第91章 许诺:2232  第92章 追问:2393  第93章 回忆:3821  第94章 诞生:3205  第95章 忌恨:4284  第96章 皈依:2450
          第97章 小偷:3111  第98章 跪下:3314  第99章 夜袭:3336  第100章 约定:3247  第101章 哀求:3361  第102章 真相:3085
          第103章 再逢:3365  第104章 折磨:2695  第105章 游戏:2602  第106章 帮忙:3127  第107章 神剑:3077  第108章 调情:3289
          第109章 不得:2869  第110章 婚服:3004  第111章 恳求:4071  第112章 苦果:3204  第113章 心酸:2628  第114章 心计:3067
          第115章 哀求:3050  第116章 偷情:3151  第117章 真美:2601  第118章 索吻:3144  第119章 闹事:3820  第120章 输了:3879
          第121章 献祭:4353  第122章 报仇:2739  第123章 故人:2764  第124章 面具:2801  第125章 洞房:3287  第126章 心动:3110
          第127章 谎言:3391  第128章 幻境:3096  第129章 姐姐:3068  第130章 廉昭:2909  第131章 超度:3841  第132章 化神:4490
          第133章 误会:2240  第134章 打架:2969  第135章 教主:2304  第136章 宝宝:3091  第137章 真相:3001  第138章 阿妍:2800
          第139章 奖励:2775  第140章 哄骗:2603  第141章 开战:2893  第142章 雷劫:3826  第143章 震惊:3598  第144章 盟主:3324
          第145章 质问:3171  第146章 拒绝:3388  第147章 暧昧:3224  第148章 强吻:3325  第149章 勾引:2861  第150章 行动:3259
          第151章 逗弄:3778  第152章 剖白:2740  第153章 决战:3637  第154章 胜算:3512  第155章 赴死:3427  第156章 解封:4020
          第157章 告白:3158  第158章 轮回:3083  第159章 命运:3134  第160章 称帝:4083  第161章 云澈篇1:3619

01:26:41  觊觎的小姑姑是假千金 (累了就躺) [完结]  166p→111章  1370KB  OK
          https://www.52shuku.net/gl/01_b/bkdXN.html
          第1章:3846  第2章:3074  第3章:3009  第4章:2755  第5章:3120  第6章:3700
          第7章:3103  第8章:2482  第9章:2532  第10章:3031  第11章:3885  第12章:2772
          第13章:2859  第14章:1887  第15章:1689  第16章:2320  第17章:3645  第18章:2619
          第19章:2190  第20章:2500  第21章:2989  第22章:1911  第23章:9039  第24章:4411
          第25章:3822  第26章:4281  第27章:4224  第28章:5219  第29章:4632  第30章:4476
          第31章:4019  第32章:3638  第33章:4014  第34章:4998  第35章:5129  第36章:4126
          第37章:4624  第38章:4413  第39章:4929  第40章:4639  第41章:5017  第42章:4250
          第43章:4894  第44章:5426  第45章:3910  第46章:5025  第47章:4199  第48章:5378
          第49章:4667  第50章:4906  第51章:4857  第52章:3119  第53章:3515  第54章:3948
          第55章:4571  第56章:4249  第57章:3795  第58章:4212  第59章:4975  第60章:3998
          第61章:3548  第62章:4009  第63章:4116  第64章:3934  第65章:4356  第66章:4576
          第67章:5580  第68章:4415  第69章:5219  第70章:5690  第71章:4524  第72章:3882
          第73章:3681  第74章:4322  第75章:3569  第76章:3241  第77章:5284  第78章:4509
          第79章:5386  第80章:6371  第81章:4952  第82章:4038  第83章:3554  第84章:4189
          第85章:5469  第86章:4239  第87章:5971  第88章:3075  第89章:3918  第90章:3870
          第91章:4266  第92章:3348  第93章:4453  第94章:3996  第95章:4689  第96章:4427
          第97章:4093  第98章:4325  第99章:3515  第100章:3387  第101章:4461  第102章:4752
          第103章:3710  第104章:5435  第105章:3377  第106章:3406  第107章:3724  第108章:3465
          第109章:3857  第110章:4529  第111章:5596

01:26:59  豪门大小姐后悔了 (给我一把剑) [完结+番外]  41p→43章  344KB  OK
          https://www.52shuku.net/gl/01_b/bkdXM.html
          第1章 初见:3320  第2章 理发店兼职:2196  第3章 炸酱面:1596  第4章 离校:1398  第5章 洗头:3065  第6章 扔垃圾:3072
          第7章 做梦:1986  第8章 三万:1064  第9章 离开学校:1055  第10章 过几天找我:1205  第11章 十块的花:1307  第12章 陪我过年:2052
          第13章 见家长:1239  第14章 主动:1469  第15章 在一起:1049  第16章 逛街:3007  第17章 喜欢吗:3054  第18章 浴缸:2196
          第19章 亲了一会:2505  第20章 窒息的吻:2007  第21章 小卧室:2038  第22章 窝着:1248  第23章 不敢恃宠而骄:2022  第24章 电话:1771
          第25章 回来:1307  第26章 下雪:2052  第27章 大小姐离开:2736  第28章 分别:1342  第29章 搬家:6357  第30章 是她吗:3699
          第31章 水声:5390  第32章 顾总:5605  第33章 找她:3196  第34章 寄东西:6611  第35章 满意吗:3510  第36章 不需要:3190
          第37章 突然抱住:3191  第38章 私密空间:3179  第39章 早啊:3202  第40章 不着急:3177  第41章 张嘴，啊～:3207  第42章 好坏啊你:3173
          第43章 番外:1054

01:27:37  重生之皇妃的复仇 (土耳其的飞猪) [完结]  100p→146章  929KB  OK
          https://www.52shuku.net/gl/31_b/bkdX1.html
          第1章:3023  第2章:2979  第3章:2969  第4章:3018  第5章:3012  第6章:2991
          第7章:3100  第8章:3112  第9章:2922  第10章:2974  第11章:2897  第12章:3082
          第13章:2908  第14章:5035  第15章:2967  第16章:2912  第17章:3029  第18章:2927
          第19章:3102  第20章:3365  第21章:3023  第22章:2965  第23章:1934  第24章:2234
          第25章:2999  第26章:2879  第27章:2453  第28章:1213  第29章:3056  第30章:3367
          第31章:4688  第32章:3098  第33章:2129  第34章:2895  第35章:2704  第36章:3885
          第37章:2155  第38章:3083  第39章:1433  第40章:3116  第41章:2134  第42章:3086
          第43章:2100  第44章:2100  第45章:3041  第46章:3113  第47章:3059  第48章:2150
          第49章:2508  第50章:2095  第51章:2184  第52章:2169  第53章:2178  第54章:2205
          第55章:2171  第56章:2195  第57章:2478  第58章:2248  第59章:2205  第60章:2216
          第61章:2169  第62章:2221  第63章:2327  第64章:2219  第65章:2169  第66章:2172
          第67章:2172  第68章:2299  第69章:2226  第70章:3394  第71章:2247  第72章:2167
          第73章:3185  第74章:3181  第75章:3223  第76章:2187  第77章:2186  第78章:2185
          第79章:2271  第80章:3471  第81章:2183  第82章:2190  第83章:2260  第84章:2253
          第85章:2277  第86章:2204  第87章:2257  第88章:2259  第89章:2412  第90章:1042
          第91章:2177  第92章:1307  第93章:1193  第94章:1291  第95章:1230  第96章:2248
          第97章:2318  第98章:1202  第99章:1175  第100章:1208  第101章:1307  第102章:1235
          第103章:1221  第104章:2044  第105章:1170  第106章:1041  第107章:1409  第108章:1055
          第109章:1227  第110章:1209  第111章:1352  第112章:2176  第113章:1009  第114章:1299
          第115章:1321  第116章:1224  第117章:1109  第118章:1578  第119章:1218  第120章:1171
          第121章:1344  第122章:1088  第123章:1295  第124章:1237  第125章:1029  第126章:1180
          第127章:1312  第128章:631  第129章:1170  第130章:1018  第131章:1022  第132章:1043
          第133章:1313  第134章:762  第135章:922  第136章:641  第137章:1195  第138章:1089
          第139章:1536  第140章:1192  第141章:1178  第142章:1062  第143章:1207  第144章:1098
          第145章:1164  第146章:649

01:27:59  长公主和女驸马 (华澜君) [完结]  59p→46章  499KB  OK
          https://www.52shuku.net/gl/31_b/bkdX0.html
          第1章 初遇:4237  第2章 名噪 ？！:8110  第3章 惊心:2479  第4章 面首:5036  第5章 押注:4190  第6章 议亲:4948
          第7章 殿试:2938  第8章 魁首:3205  第9章 意外:2341  第10章 赴宴:2716  第11章 确认:2210  第12章 赐婚:3015
          第13章 试婚:2419  第14章 诱饵:2595  第15章 大婚:4159  第16章 回门:5603  第17章 突变:1552  第18章 挑衅（含入v通知）:1670
          第19章 离京:10200  第20章 过夜:2245  第21章 震撼:3204  第22章 回府:3554  第23章 同住:3181  第24章 半日:3193
          第25章 惩罚:3172  第26章 试探:3185  第27章 秘密:2901  第28章 坦白:3170  第29章 身份:2171  第30章 洛川:3749
          第31章 打晕:2501  第32章 诈他:2178  第33章 包围:2567  第34章 峰回:3182  第35章 落网:4660  第36章 逃离:3172
          第37章 和离:4284  第38章 赏赐:3212  第39章 新衣:4530  第40章 回京:4170  第41章 吃醋:3194  第42章 出事:7181
          第43章 怕吗:3178  第44章 子嗣:3179  第45章 离谱:3292  第46章 完结:2798

01:28:22  请君多体会 (鸭鸭鸭不知道) [完结+番外]  56p  (无章节标记)  465KB  OK
          https://www.52shuku.net/gl/31_b/bkdXq.html
          全文: 154766字

01:28:46  姐姐说的是 (鸭鸭鸭不知道) [完结]  60p→48章  504KB  OK
          https://www.52shuku.net/gl/31_b/bkdXp.html
          第1章 第一章 不是御姐都不亏:3701  第2章 第二章 「？」:3323  第3章 第三章 姐姐，要么我来:3062  第4章 第四章 奖励我啊:3057  第5章 第五章 中央空调的烦恼:3215  第6章 第六章 姐姐这么着急吗:3022
          第7章 第七章 姐姐好有意思:3008  第8章 第八章 妹妹好忙啊:3150  第9章 第九章 喜欢这样的？:3203  第10章 第十章 好笑吗:3122  第11章 第十一章 妹妹好有礼貌:3067  第12章 第十二章 我们不合适:3158
          第13章 第十三章 姐姐一点也不凶:3492  第14章 第十四章 妹妹好熟练啊:3066  第15章 第十五章 姐姐是不是心情不好:3484  第16章 第十六章 怎么哄别的姐姐妹妹的？:3171  第17章 第十七章 所以，你要怎么哄？:3218  第18章 第十八章 我的微信有吗？:3200
          第19章 第十九章 挺适合你的，妹妹:3303  第20章 第二十章 「拿铁配美式」:3224  第21章 第二十一章 好抢手哦:3089  第22章 第二十二章 不会也有不会的好:3573  第23章 第二十三章 姐姐是担心我:3890  第24章 第二十四章 空荡荡的:3412
          第25章 第二十五章 一小簇火苗:3262  第26章 第二十六章 醉清膏蟹:3325  第27章 第二十七章 辛苦了:3948  第28章 第二十八章 柠檬糖:3739  第29章 第二十九章 柠檬糖的酸甜:3171  第30章 第三十章 回味:3432
          第31章 第三十一章 姐姐最近很忙:3206  第32章 第三十二章 你不知道:3295  第33章 第三十三章 也贴心接我:3998  第34章 第三十四章 记这么清楚啊:4110  第35章 第三十五章 别人要，你就给？:3124  第36章 第三十六章 可太会折腾人了:3516
          第37章 第三十七章 怪我，还能让姐姐说出话:3087  第38章 第三十八章 还是被咬了:3332  第39章 第三十九章 因果关系:3840  第40章 第四十章 有些心动:3593  第41章 第四十一章 我确实喜欢一个女人:4208  第42章 第四十二章 冷静地说喜欢你:3334
          第43章 第四十三章 运气很好:4695  第44章 第四十四章 打申请吧:3306  第45章 第四十五章 撩了就跑:3801  第46章 第四十六章 已经晚了:3871  第47章 第四十七章 她才是对的人:3265  第48章 第四十八章 我也爱你:4196

01:28:56  写给你的108封信 (顾染) [完结]  23p→108章  214KB  OK
          https://www.52shuku.net/gl/29_b/bkdWe.html
          第1章:173  第2章:233  第3章:320  第4章:341  第5章:473  第6章:574
          第7章:723  第8章:701  第9章:890  第10章:930  第11章:1004  第12章:1061
          第13章:1170  第14章:1443  第15章:1633  第16章:1944  第17章:2340  第18章:2493
          第19章:2540  第20章:3139  第21章:375  第22章:424  第23章:536  第24章:118
          第25章:182  第26章:289  第27章:315  第28章:361  第29章:416  第30章:420
          第31章:584  第32章:565  第33章:183  第34章:206  第35章:108  第36章:512
          第37章:718  第38章:546  第39章:888  第40章:762  第41章:464  第42章:451
          第43章:1200  第44章:305  第45章:712  第46章:633  第47章:636  第48章:583
          第49章:706  第50章:344  第51章:457  第52章:373  第53章:276  第54章:561
          第55章:553  第56章:543  第57章:625  第58章:857  第59章:577  第60章:1518
          第61章:1143  第62章:546  第63章:556  第64章:697  第65章:637  第66章:511
          第67章:429  第68章:382  第69章:483  第70章:420  第71章:832  第72章:442
          第73章:342  第74章:429  第75章:836  第76章:897  第77章:626  第78章:242
          第79章:260  第80章:422  第81章:436  第82章:305  第83章:366  第84章:380
          第85章:157  第86章:424  第87章:581  第88章:441  第89章:426  第90章:901
          第91章:271  第92章:376  第93章:383  第94章:400  第95章:95  第96章:97
          第97章:460  第98章:528  第99章:141  第100章:518  第101章:293  第102章:510
          第103章:195  第104章:983  第105章:545  第106章:271  第107章:520  第108章:717

01:29:17  与顶流影后O闪婚后 (Imkin) [完结+番外]  52p→37章  434KB  OK
          https://www.52shuku.net/gl/28_b/bkdV2.html
          第1章 遗嘱:3407  第2章 初遇:3322  第3章 初吻:3494  第4章 成交:2255  第5章 回家:2380  第6章 标记:2752
          第7章 出发:2407  第8章 竞争:4271  第9章 结婚:6238  第10章 掌权:2365  第11章 综艺:2255  第12章 录制:2564
          第13章 情敌:3473  第14章 履行:4601  第15章 对赌:2314  第16章 约会:3124  第17章 工作:4905  第18章 背叛:5077
          第19章 失控:2507  第20章 纵容:2759  第21章 接任:2675  第22章 影子:5322  第23章 维护:2829  第24章 侦探:2104
          第25章 眼泪:2225  第26章 易感:5277  第27章 缠绕:4109  第28章 续约:2109  第29章 溺水:4233  第30章 相拥:3092
          第31章 收网:4366  第32章 告白:6082  第33章 真相:2627  第34章 吃醋:2145  第35章 结婚:11093  第36章 正文完结:4719
          第37章 if线：当年名额没有被顶替01:11117

01:29:42  错信坏女人的温柔外表后 (寻空) [完结]  67p→54章  581KB  OK
          https://www.52shuku.net/gl/28_b/bkdVy.html
          第1章:3324  第2章:3613  第3章:2582  第4章:2342  第5章:3423  第6章:3916
          第7章:3099  第8章:2763  第9章:5364  第10章:2890  第11章:3446  第12章:3253
          第13章:2329  第14章:2456  第15章:2160  第16章:3054  第17章:3554  第18章:2373
          第19章:3015  第20章:3079  第21章:3020  第22章:9064  第23章:3795  第24章:3798
          第25章:3319  第26章:3393  第27章:2795  第28章:2630  第29章:3486  第30章:3607
          第31章:3153  第32章:3460  第33章:4037  第34章:5664  第35章:2281  第36章:3347
          第37章:3361  第38章:3620  第39章:3520  第40章:4549  第41章:4021  第42章:3140
          第43章:3620  第44章:3388  第45章:2566  第46章:3409  第47章:3261  第48章:3649
          第49章:4974  第50章:4059  第51章:3556  第52章:2466  第53章:4032  第54章:7216

01:30:43  分手后她还穿着我的衬衫 (镜中霓) [完结]  151p→112章  1374KB  OK
          https://www.52shuku.net/gl/27_b/bkdVk.html
          第1章 圣诞飘雪:3793  第2章 好久不见:3558  第3章 人间疾苦:3329  第4章 别有用心:3154  第5章 不要露怯:3122  第6章 无处不在:3496
          第7章 乱了心跳（P）:3238  第8章 常绿乔木（P）:3185  第9章 心跳怦怦（P）:3241  第10章 七朵金花（P）:3043  第11章 天差地别（P）:3119  第12章 又娇又糙（P）:3206
          第13章 钢铁意志（P）:3187  第14章 傲慢小姐（P）:3246  第15章 谁行谁上（P）:3198  第16章 风头无两:3503  第17章 态度明朗:3058  第18章 青年才俊:3109
          第19章 必要理由:3030  第20章 永绝后患:3135  第21章 上天眷顾:3026  第22章 过时真心:3438  第23章 你恨我吗:3573  第24章 我不羞耻:3416
          第25章 理想主义:3831  第26章 我不偏心:4293  第27章 既要又要:3652  第28章 绝世大瓜:3622  第29章 命运之神:4211  第30章 云泥之别:3985
          第31章 商人本质:4324  第32章 我没有变:3709  第33章 学习狂魔:3666  第34章 世事无常:3828  第35章 公主驾到:3719  第36章 我最宝贵:3446
          第37章 不欢而散:3867  第38章 当局者迷:3786  第39章 社交恐惧（P）:6599  第40章 鬃积雨云（P）:6586  第41章 玉叶金柯（P）:6871  第42章 螂族暴击（P）:6833
          第43章 胡思乱想（P）:6699  第44章 瘀青人生:3712  第45章 童话世界:3552  第46章 热闹除夕:3593  第47章 母职枷锁:3513  第48章 惊魂一线:3535
          第49章 他人因果:3294  第50章 剧透状态:3584  第51章 跟你不熟:4161  第52章 死亡阴影:4263  第53章 小螺丝钉:3633  第54章 分手旧事:3343
          第55章 命不该绝:3461  第56章 鹅潭渔火:3629  第57章 不太清白:4030  第58章 一念之仁:4209  第59章 死亡记录:4220  第60章 方寸大乱:3984
          第61章 无法面对（P）:6485  第62章 持续冷战（P）:6382  第63章 野生杨梅（P）:6581  第64章 次品玫瑰（P）:6324  第65章 擅打直球（P）:6754  第66章 是心动吗（P）:6822
          第67章 元气归位:4329  第68章 围猎悬赏:3883  第69章 不测风云:3243  第70章 天降惊喜:3315  第71章 鸡犬不宁:3903  第72章 你ooc了:3984
          第73章 我不能说:3675  第74章 对象死了:3548  第75章 暴躁雪梨:3891  第76章 心照不宣:3377  第77章 另有隐情:3611  第78章 疑影重重:3733
          第79章 心动回响:3799  第80章 有过前缘:3956  第81章 掐断萌芽:3959  第82章 清明惊魂:3839  第83章 草台班子:4029  第84章 等她开窍:3641
          第85章 分享生活:3401  第86章 情浓于血:3520  第87章 岂有此理（P）:6285  第88章 流年不利（P）:6213  第89章 弯弯的夜（P）:6062  第90章 不要发现（P）:6491
          第91章 最真的梦:3578  第92章 把猫给我:4916  第93章 笨蛋主人:3642  第94章 特别爱你:3789  第95章 梅品竹心:4257  第96章 云落成雨:3699
          第97章 夏夜晚风:4076  第98章 带我走吧:3566  第99章 划清界限:3850  第100章 她自由了:4911  第101章 我想见你:4830  第102章 自省时间:3747
          第103章 我来见你:3683  第104章 我会等你:3926  第105章 糟糕约会:4186  第106章 发现秘密:4375  第107章 惊喜送达:4608  第108章 心落地了:3968
          第109章 赶我走吗:3878  第110章 烈火烹煮:3444  第111章 就是现在:4226  第112章 飞奔向她:3799

01:31:45  转身已是三千年 (肆典) [完结+番外]  154p→135章  1392KB  OK
          https://www.52shuku.net/gl/26_b/bkdU8.html
          第1章 仙身:3003  第2章 神君:3190  第3章 神彩:3075  第4章 住处:3249  第5章 暗杀:3111  第6章 神山:4231
          第7章 踩云:3123  第8章 游湖:2565  第9章 下雪:3200  第10章 小痣:3459  第11章 九须:3158  第12章 撒娇:3115
          第13章 灵泉:3679  第14章 要死:3159  第15章 受伤:3042  第16章 指尖:3215  第17章 赌注:3136  第18章 学剑:3044
          第19章 小凤:3543  第20章 小字:3382  第21章 少阳:3370  第22章 佳话:3534  第23章 影子:3535  第24章 误会（上）:3506
          第25章 误会（下）:4571  第26章 请帖:3344  第27章 东海:3170  第28章 怒吼:2278  第29章 惊鸿:3143  第30章 过往:3351
          第31章 战神:3689  第32章 宴席:3127  第33章 钟瑶:3290  第34章 凡尘:3310  第35章 朝华:4177  第36章 妖神:3027
          第37章 邀请:3256  第38章 温泉:3277  第39章 月色:3185  第40章 入梦:3867  第41章 动情:3176  第42章 人呢:3461
          第43章 恩怨:3407  第44章 着急:3426  第45章 眼光:3467  第46章 不难:4178  第47章 酸了:3401  第48章 占有:3609
          第49章 赌棋:3237  第50章 好看:3301  第51章 昆仑:3200  第52章 婚事:3202  第53章 话题:3422  第54章 强盗:3334
          第55章 心事:3694  第56章 瞬移:3355  第57章 华胥:3182  第58章 捉弄:3601  第59章 闭关:3744  第60章 剑阵:4246
          第61章 出关:3223  第62章 一半:5273  第63章 动荡:4097  第64章 西海:3318  第65章 热闹:3080  第66章 议事:4285
          第67章 放心:3532  第68章 冥海:3364  第69章 泡泡:3178  第70章 珊瑚:3513  第71章 阴谋:3743  第72章 天劫:4538
          第73章 火光:5066  第74章 我在:3190  第75章 伤势:3731  第76章 回头:5454  第77章 醒了:3261  第78章 南山:3574
          第79章 拥吻:4313  第80章:3267  第81章 议亲:3574  第82章 生气:3224  第83章 私奔:3074  第84章 上天:3076
          第85章 天庭:3160  第86章 情话:3152  第87章 哄骗:3066  第88章 小船:3085  第89章 你想:3160  第90章 看戏:3137
          第91章 聘礼:3464  第92章 闯祸:3133  第93章 赔偿:3630  第94章 南荒:3507  第95章 天青:4223  第96章 月影:3903
          第97章 处境:3180  第98章 管教:3200  第99章 不许:3205  第100章 心疼:3006  第101章 求亲:2619  第102章 桃花:3274
          第103章 贺礼:3314  第104章 喜服:3144  第105章 借住:3108  第106章 规矩:3179  第107章 输了:3157  第108章 画卷:2753
          第109章 辞别:3248  第110章 迎亲:3175  第111章 天雷:3218  第112章 凡尘（一）:3179  第113章 凡尘（二）:4524  第114章 凡尘（三）:2888
          第115章 凡尘（四）:3685  第116章 凡尘（五）:3044  第117章 凡尘（六）:3554  第118章 凡尘（七）:3984  第119章 凡尘（八）:3348  第120章 凡尘（九）:3029
          第121章 凡尘（十）:2982  第122章 凡尘（十一）:3219  第123章 凡尘（十二）:3048  第124章 命格:4737  第125章 记忆:3348  第126章 禁地:3522
          第127章 计划:2925  第128章 金光:2576  第129章 盘问:3159  第130章 报复:3727  第131章 完结:2576  第132章 番外（一）:3464
          第133章 番外（二）:3625  第134章 番外（三）:4211  第135章 番外（四）:5493

01:32:17  爱上傲娇毛茸茸是宿命 (冰冰奶咖) [完结]  83p→78章  735KB  OK
          https://www.52shuku.net/gl/26_b/bkdU5.html
          第1章 玉兔:3279  第2章 任务:3222  第3章 抢劫:3703  第4章 天台:3054  第5章 清场:3040  第6章 大人:3029
          第7章 玉尘:3068  第8章 越界:3133  第9章 做菜:3050  第10章 冲突:3049  第11章 蔷薇:3061  第12章 心意:3413
          第13章 变量:3428  第14章 醉酒:3201  第15章 失落:3159  第16章 潜行:3053  第17章 目的:3140  第18章 供词:3181
          第19章 合力:3051  第20章 同往:3095  第21章 遗神:3218  第22章 怨怼:3036  第23章 逛街:3010  第24章 同眠:3004
          第25章 曦月:3115  第26章 再醉:3209  第27章 表白:3062  第28章 幻境:3019  第29章 大计:3047  第30章 空间:3033
          第31章 相逢:3164  第32章 见义:3054  第33章 大厦:3160  第34章 封闭:3133  第35章 心结:3096  第36章 相护:3064
          第37章 容器:3012  第38章 自私:3005  第39章 夺冠:3026  第40章 封印:3021  第41章 暴露:3011  第42章 坦诚:3027
          第43章 谛听:3057  第44章 档案:3010  第45章 伪神:3014  第46章 信仰:3082  第47章 人类:3042  第48章 禁闭:3007
          第49章 回忆:3005  第50章 给予:3013  第51章 告假:3023  第52章 挚友:3095  第53章 堕魔:3110  第54章 诛神:3003
          第55章 召唤:3013  第56章 身份:3006  第57章 囚禁:3004  第58章 往事:3018  第59章 交缠:3050  第60章 造神:3017
          第61章 背叛:3021  第62章 出逃:3138  第63章 死遁:3022  第64章 光阴:3011  第65章 幻觉:3013  第66章 快逃:3011
          第67章 空洞:3011  第68章 梦境:3051  第69章 潜伏:3073  第70章 天晴:3066  第71章 恩赐:3130  第72章 爱慕:3032
          第73章 倒戈:3009  第74章 锦囊:3092  第75章 夜雨:3008  第76章 筹谋:3026  第77章 故友:3048  第78章 晴雨:4660

01:32:38  不熟 (粉默春秋) [完结]  52p  (无章节标记)  455KB  OK
          https://www.52shuku.net/gl/26_b/bkdU4.html
          全文: 152562字

01:32:56  缅甸雨林没有安全词 (零度Void) [完结]  46p→38章  409KB  OK
          https://www.52shuku.net/gl/26_b/bkdU3.html
          第1章 闯入者:4546  第2章 没有名字的人:3772  第3章 阿陆:4083  第4章 打鸟:3726  第5章 凤凰:4094  第6章 云豹的影子:3487
          第7章 雨林的夜晚:3800  第8章 山洪:4225  第9章 体温:3785  第10章 名字:4179  第11章 第一次:5540  第12章 月亮与深渊:4303
          第13章 日常:4189  第14章 阿陆失踪了:4254  第15章 安全词:4106  第16章 约定:3442  第17章 暂别:2386  第18章 远方:2739
          第19章 归途:3354  第20章 重逢:3958  第21章 雨林深处:3121  第22章 东边:3400  第23章 对峙:2623  第24章 夜行:2994
          第25章 报复:1676  第26章 身世:2860  第27章 无处可躲:3180  第28章 阿陆受伤:3102  第29章 最后的藏身处:3107  第30章 偷猎者的头目:2662
          第31章 谈判失败:2457  第32章 屠杀:2941  第33章 阿陆之死:4045  第34章 复仇:3368  第35章 陆昭被抓:3525  第36章 沈渊赴死:5352
          第37章 弥留:3890  第38章 月亮:2856

01:33:43  豪门大小姐抛弃残废A后 (怀昭) [完结]  131p→61章  1111KB  OK
          https://www.52shuku.net/gl/25_b/bkdUr.html
          第1章:4477  第2章:4626  第3章:3892  第4章:4271  第5章:4326  第6章:4409
          第7章:2083  第8章:5046  第9章:3288  第10章:3774  第11章:4003  第12章:3342
          第13章:3349  第14章:3545  第15章:4017  第16章:4114  第17章:3754  第18章:4995
          第19章:7891  第20章:4470  第21章:5830  第22章:6027  第23章:7263  第24章:5492
          第25章:5966  第26章:8617  第27章:6062  第28章:7528  第29章:5449  第30章:8472
          第31章:5685  第32章:7113  第33章:8131  第34章:8800  第35章:6120  第36章:4291
          第37章:7092  第38章:5613  第39章:5480  第40章:6479  第41章:4328  第42章:9799
          第43章:10538  第44章:6054  第45章:5238  第46章:3981  第47章:4120  第48章:8748
          第49章:5547  第50章:6757  第51章:5034  第52章:6321  第53章:4503  第54章:10742
          第55章:3956  第56章:5146  第57章:13806  第58章:7257  第59章:6826  第60章:8531
          第61章:18561

01:34:32  清冷白月光她追悔莫及 (一盒小糖) [完结]  112p→80章  987KB  OK
          https://www.52shuku.net/gl/25_b/bkdUq.html
          第1章 重逢:2045  第2章 点名:3050  第3章 最熟悉的陌生人:3764  第4章 没意义:3080  第5章 变了:3539  第6章 看不透:2341
          第7章 重新开始:3425  第8章 不懂:3456  第9章 言和:3992  第10章 意外:2031  第11章 分寸:3792  第12章 试探:3764
          第13章 偶遇:3124  第14章 理想型:3854  第15章 灿阳:3709  第16章 微妙:3918  第17章 触动:4662  第18章 悸动:6218
          第19章 酸涩:6229  第20章 认清:5438  第21章 防备:4226  第22章 最好的选择:4018  第23章 特殊:5370  第24章 梦:4872
          第25章 祁礼:4395  第26章 逼问:3956  第27章 满足感:3501  第28章 留下:3690  第29章 试探:4406  第30章 天南地北:4768
          第31章 心痛:4269  第32章 暧昧:4120  第33章 夜路:3590  第34章 关心:4672  第35章 唯一:4046  第36章 累赘:4710
          第37章 错觉:3450  第38章 吃醋:4296  第39章 别当真:4477  第40章 不介意:5142  第41章 质问:4421  第42章 躲避:4328
          第43章 平行线:4047  第44章 不以为然:3856  第45章 占有欲:3735  第46章 疯了:4374  第47章 心痛:4696  第48章 吻:4859
          第49章 负责:3996  第50章 挑明:3623  第51章 惩罚:4164  第52章 亲热:4676  第53章 坦诚相见？:4165  第54章 欺骗:4835
          第55章 道歉:3727  第56章 质问:4208  第57章 选择:3840  第58章 心跳:4379  第59章 探入:3881  第60章 偷情:3719
          第61章 礼物:4057  第62章 缠绵:4019  第63章 怀疑:3977  第64章 暴露:4375  第65章 出柜:3946  第66章 决裂:6058
          第67章 伤痛:5850  第68章 冷淡:4733  第69章 没有关系:5025  第70章 最后的倾诉:4129  第71章 不负责:3744  第72章 误会:4399
          第73章 距离:4295  第74章 诀别:4876  第75章 挽留:4164  第76章 新的生活:4516  第77章 机会:3572  第78章 邀请:4605
          第79章 诱惑:4056  第80章 正文完:4780

01:35:41  假千金Omega不可能喜欢我 (鸽子不会咕咕咕) [完结+番外]  174p→112章  1476KB  OK
          https://www.52shuku.net/gl/25_b/bkdUp.html
          第1章:4449  第2章:4719  第3章:3928  第4章:3736  第5章:3507  第6章:3605
          第7章:4443  第8章:2702  第9章:3365  第10章:4501  第11章:3511  第12章:3999
          第13章:2277  第14章:3538  第15章:3066  第16章:2509  第17章:1891  第18章:1196
          第19章:4679  第20章:10598  第21章:4203  第22章:4940  第23章:7695  第24章:4559
          第25章:3995  第26章:4224  第27章:6869  第28章:3926  第29章:3898  第30章:6185
          第31章:3197  第32章:3505  第33章:3896  第34章:3617  第35章:3885  第36章:3913
          第37章:3569  第38章:3892  第39章:3519  第40章:7535  第41章:4564  第42章:3583
          第43章:3871  第44章:3529  第45章:3869  第46章:6211  第47章:6244  第48章:4231
          第49章:3881  第50章:4171  第51章:3525  第52章:3900  第53章:6519  第54章:7243
          第55章:4590  第56章:4303  第57章:3550  第58章:4204  第59章:3915  第60章:3909
          第61章:6220  第62章:3843  第63章:4236  第64章:3910  第65章:3950  第66章:3532
          第67章:6202  第68章:3170  第69章:3198  第70章:4238  第71章:6237  第72章:3619
          第73章:4238  第74章:3567  第75章:6528  第76章:6293  第77章:4191  第78章:4624
          第79章:3883  第80章:3623  第81章:4265  第82章:6183  第83章:6202  第84章:3566
          第85章:3680  第86章:3568  第87章:3888  第88章:3845  第89章:7666  第90章:6899
          第91章:4197  第92章:3861  第93章:3530  第94章:4921  第95章:3936  第96章:7917
          第97章:7199  第98章:4168  第99章:3533  第100章:3907  第101章:4513  第102章:3584
          第103章:3645  第104章:4183  第105章:3896  第106章:3672  第107章:4050  第108章:3148
          第109章:3482  第110章:4890  第111章:3157  第112章:2800

01:36:04  跑路后天菜姐姐说喜欢我 (韫初) [完结]  57p→53章  500KB  OK
          https://www.52shuku.net/gl/24_b/bkdTX.html
          第1章:3114  第2章:3866  第3章:3192  第4章:3060  第5章:3261  第6章:3112
          第7章:3020  第8章:3025  第9章:3117  第10章:1533  第11章:1555  第12章:3086
          第13章:3024  第14章:3106  第15章:2163  第16章:2193  第17章:3623  第18章:3029
          第19章:3037  第20章:3065  第21章:3105  第22章:3200  第23章:3282  第24章:3181
          第25章:3244  第26章:3188  第27章:3557  第28章:3296  第29章:3343  第30章:3301
          第31章:3177  第32章:3246  第33章:3183  第34章:3310  第35章:3293  第36章:3210
          第37章:3245  第38章:3217  第39章:4261  第40章:3332  第41章:3315  第42章:3248
          第43章:2515  第44章:1634  第45章:3171  第46章:3177  第47章:3189  第48章:3197
          第49章:3199  第50章:3594  第51章:3214  第52章:3563  第53章:3001

01:36:14  44次日落 [无期迷途] (罗桉) [完结]  7p→6章  52KB  OK
          https://www.52shuku.net/gl/24_b/bkdTV.html
          第1章    001:1829  第2章    002:2020  第3章    003:2149  第4章    004:1916  第5章    005:4148  第6章    006:4863

01:36:40  相亲对象是昨晚的omega (春山香茗) [完结]  64p  (无章节标记)  546KB  OK
          https://www.52shuku.net/gl/24_b/bkdTP.html
          全文: 183604字

01:37:13  相濡以沫[水仙] (钟渡羽) [完结+番外]  87p→11章  775KB  OK
          https://www.52shuku.net/gl/24_b/bkdTO.html
          第17章该怪她的:3967  第18章不是喜欢我吗:9757  第19章不要女朋友，要你:6611  第20章有事或者想我就不用等明天:5854  第21章她爱她:10003  第22章选你也是顾全大局:3203
          第23章自私的爱:3974  第24章回我们家:25541  第32章我喜欢你:3068  第33章我爱你:4049  第34章我是来嫁你:56608

01:37:50  重生之星途璀璨 (单身狗不理) [完结]  94p→75章  848KB  OK
          https://www.52shuku.net/gl/24_b/bkdTN.html
          第1章 庄周梦蝶:2705  第2章 确认过眼神:2060  第3章 第 3 章:49  第4章 我发烧了吗？:2761  第5章 我要考第一:2650  第6章 六月飞雪:3413
          第7章 揍你丫的:3284  第8章 我打人了:2724  第9章 二胎:3759  第10章 谁是你表姐！:4341  第11章 举个栗子:3579  第12章 你带镜子了吗:1725
          第13章 唱歌？:5191  第14章 苏北北的勇气:2515  第15章 第 15 章:4  第16章 人丑就该多读书:2885  第17章 橙汁要吗？:4236  第18章 第 18 章:4
          第19章 欠揍的我来了:3634  第20章 你猜～:94  第21章 我有手机了:6001  第22章 脑震荡:4186  第23章 温婷君:3921  第24章 女子篮球队:3518
          第25章 第 25 章:154  第26章 马甲掉了:4149  第27章 小乔嫣然:3714  第28章 小王八蛋:5311  第29章 有因必有果:4123  第30章 第 30 章:353
          第31章 苏北北你完了:3559  第32章 姐妹同心:4176  第33章 失望:5657  第34章 乌鸦嘴:6217  第35章 我嘴巴开过光你信吗？:5457  第36章 凤凰传奇:4426
          第37章 生活不止眼前的苟且:4297  第38章 你需要一台洗衣机:4789  第39章 说话欠揍原来是真的:5351  第40章 二傻？二哈？:4254  第41章 睡觉吧:4255  第42章 流星花园:4350
          第43章 看，落汤鸡:1536  第44章 超级女生:5659  第45章 就这样吧:3400  第46章 转发苏北北:3700  第47章 梁祝:4689  第48章 Superstar:3725
          第49章 凤求凰:4136  第50章 平凡之路:5249  第51章 有缘自会相见:4419  第52章 还喝酒吗？:4762  第53章 卖身契:3919  第54章 前女友:3640
          第55章 我要亲亲抱抱举高高:4609  第56章 说你爱我:4291  第57章 兵临城下:2978  第58章 谈恋爱:3738  第59章 想分手吗？:6158  第60章 你真的不想？:3748
          第61章 你想在上面吗？:3494  第62章 震惊！:2934  第63章 妻管严？:5012  第64章 你以后就是我的人:4608  第65章 tui～人渣！:4672  第66章 啪！:4676
          第67章 无语:3143  第68章 主要看气质:5650  第69章 小乔你好:5739  第70章 啪啪啪！:5012  第71章 呸！凑不要脸的！:6370  第72章 我们分手吧:4453
          第73章 喂！你的益达:2860  第74章 信不信我咬你啊！:2722  第75章 全文完:1842

01:38:08  一个小寡妇 (单身狗不理) [完结]  46p→49章  411KB  OK
          https://www.52shuku.net/gl/23_b/bkdT5.html
          第1章 卤水点豆腐:2095  第2章 懵逼见懵逼:2003  第3章 我想活过第二集:1868  第4章 传闻中的战斗鸡:2223  第5章 我的鱼:1813  第6章 小鸡唧唧唧:2004
          第7章 请问你买鱼吗？:2215  第8章 呸！不要脸:2090  第9章 两头猪:2076  第10章 以后有我:2151  第11章 土豪，求包养:2420  第12章 她，我家的！:2159
          第13章 我不想买房啊:2060  第14章 你有对象吗:2263  第15章 活火分茶:2594  第16章 我们私奔吧:2255  第17章 给你看个东西！:4615  第18章 亡命天涯:3706
          第19章 倒插门可还行？:2454  第20章 到此一游:2429  第21章 面对狗粮吧！:2951  第22章 喜宴:2643  第23章 厨娘:2144  第24章 继续跑路:3814
          第25章 三角恋它不香吗？:3803  第26章 乌鸦嘴:2350  第27章 我不想死:2303  第28章 征兵:2500  第29章 好消息！好消息！:2524  第30章 钢铁直女是如何炼成的:2739
          第31章 呸！:2839  第32章 打的就是你！:3416  第33章 退婚书:3414  第34章 偷水晶:3503  第35章 认亲:3750  第36章 渣女:3527
          第37章 观战:2485  第38章 危机解除:3451  第39章 我喜欢你长得好看:3973  第40章 我们结婚吧！:2466  第41章 我长得还行吧？:3257  第42章 庚贴:2673
          第43章 风雨欲来:3737  第44章 回家:2298  第45章 糟了！:3078  第46章 拜谒:2879  第47章 蹭饭:2383  第48章 祖上旧事:4774
          第49章 全文完:2255

01:38:19  穿书后爱上女配 (卖葫芦大师) [完结]  21p→41章  190KB  OK
          https://www.52shuku.net/gl/23_b/bkdT4.html
          第1章 穿成个傻白甜:1556  第2章 踹出个柜门:1211  第3章 就喜欢这样的:1389  第4章 不愧是古早小说的女主:1201  第5章 可是成年了:1392  第6章 当然是有缘啦:1314
          第7章 当然不是友情啦:1308  第8章 电影进行时上:1356  第9章 电影进行时下:1722  第10章 这就躺下了！:1538  第11章 秘密:1559  第12章 相互明恋中:2106
          第13章 该怎么形容:1420  第14章 感天动地:1375  第15章 都知道了:1619  第16章 回家:1333  第17章 她被禁步了:1305  第18章 被分开了:1708
          第19章 满脑子的云熙:1670  第20章 一模一样的初恋:1448  第21章 讲一个故事:1344  第22章 云熙的消息:1505  第23章 联系上了:1439  第24章 命运般的未婚妻头衔:1784
          第25章 如果爱忘了:1428  第26章 一遍又一遍:1501  第27章 订婚现场:1570  第28章 我不在乎:1555  第29章 只要五年:1700  第30章 再见:1525
          第31章 放下执念:1638  第32章 回国:1857  第33章 有证青年上线:1678  第34章 坏家伙:1422  第35章 出事了:1507  第36章 寻找:1520
          第37章 绝对不能让安羽知道:1526  第38章 她是宋云熙:1693  第39章 万一呢:1432  第40章 又见面啦:1522  第41章 十年:1407

01:39:50  重生之老婆再爱我一次 (桐净) [完结+番外]  254p→151章  2301KB  OK
          https://www.52shuku.net/gl/22_b/bkdS6.html
          第1章 玫瑰应该盛开（一）:4720  第2章 玫瑰应该盛开（二）:3618  第3章 玫瑰应该盛开（三）:3335  第4章 玫瑰应该盛开（四）:3932  第5章 玫瑰应该盛开（五）:4318  第6章 玫瑰应该盛开（六）:3638
          第7章 玫瑰应该盛开（七）:3801  第8章 玫瑰应该盛开（八）:3840  第9章 玫瑰应该盛开（九）:4588  第10章 玫瑰应该盛开（十）:4636  第11章 玫瑰应该盛开（十一）:4972  第12章 玫瑰应该盛开（十二）:5042
          第13章 玫瑰应该盛开（十三）:5317  第14章 玫瑰应该盛开（十四）:5542  第15章 玫瑰应该盛开（十五）:4609  第16章 玫瑰应该盛开（十六）:5127  第17章 玫瑰应该盛开（十七）:4684  第18章 玫瑰应该盛开（十八）:4409
          第19章 玫瑰应该盛开（十九）:7136  第20章 玫瑰应该盛开（番外）:4840  第21章 走向你的一百零一步（一）:5817  第22章 走向你的一百零一步（二）:3026  第23章 走向你的一百零一步（三）:4764  第24章 走向你的一百零一步（四）:5654
          第25章 走向你的一百零一步（五）:5623  第26章 走向你的一百零一步（六）:3912  第27章 走向你的一百零一步（七）:4794  第28章 走向你的一百零一步（八）:4317  第29章 走向你的一百零一步（九）:5869  第30章 走向你的一百零一步（十）:3760
          第31章 走向你的一百零一步（十一）:5318  第32章 走向你的一百零一步（十二）:4070  第33章 走向你的一百零一步（十三）:4708  第34章 走向你的一百零一步（十四）:5278  第35章 走向你的一百零一步（十五）:5493  第36章 走向你的一百零一步（十六）:4282
          第37章 走向你的一百零一步（十七）:6455  第38章 走向你的一百零一步（十八）:4692  第39章 走向你的一百零一步（十九）:4826  第40章 走向你的一百零一步（番外）:5265  第41章 只和你萍水相逢（一）:4284  第42章 只和你萍水相逢（二）:3362
          第43章 只和你萍水相逢（三）:4441  第44章 只和你萍水相逢（四）:3440  第45章 只和你萍水相逢（五）:3666  第46章 只和你萍水相逢（六）:5550  第47章 只和你萍水相逢（七）:3921  第48章 只和你萍水相逢（八）:5337
          第49章 只和你萍水相逢（九）:5272  第50章 只和你萍水相逢（十）:4182  第51章 只和你萍水相逢（十一）:3802  第52章 只和你萍水相逢（十二）:4383  第53章 只和你萍水相逢（十三）:3244  第54章 只和你萍水相逢（十四）:7179
          第55章 只和你萍水相逢（十五）:5151  第56章 只和你萍水相逢（十六）:3973  第57章 只和你萍水相逢（十七）:4579  第58章 只和你萍水相逢（十八）:3600  第59章 只和你萍水相逢（十九）:3401  第60章 只和你萍水相逢（番外）:6643
          第61章 为你余生尽失又何妨（一）:4985  第62章 为你余生尽失又何妨（二）:3831  第63章 为你余生尽失又何妨（三）:5653  第64章 为你余生尽失又何妨（四）:4254  第65章 为你余生尽失又何妨（五）:3932  第66章 为你余生尽失又何妨（六）:4211
          第67章 为你余生尽失又何妨（七）:4869  第68章 为你余生尽失又何妨（八）:5031  第69章 为你余生尽失又何妨（九）:3758  第70章 为你余生尽失又何妨（十）:4797  第71章 为你余生尽失又何妨（十一）:3868  第72章 为你余生尽失又何妨（十二）:6391
          第73章 为你余生尽失又何妨（十三）:4504  第74章 为你余生尽失又何妨（十四）:5565  第75章 为你余生尽失又何妨（十五）:4543  第76章 为你余生尽失又何妨（十六）:8066  第77章 为你余生尽失又何妨（十七）:3652  第78章 为你余生尽失又何妨（十八）:2218
          第79章 为你余生尽失又何妨（十九）:3405  第80章 为你余生尽失又何妨（番外二合一）:2798  第81章 明天你想吃什么（一）:5218  第82章 明天你想吃什么（二）:6217  第83章 明天你想吃什么（三）:4870  第84章 明天你想吃什么（四）:5396
          第85章 明天你想吃什么（五）:8018  第86章 明天你想吃什么（六）:5681  第87章 明天你想吃什么（七）:7249  第88章 明天你想吃什么（八）:3999  第89章 明天你想吃什么（九）:8516  第90章 明天你想吃什么（十）:5920
          第91章 明天你想吃什么（十一）:5503  第92章 明天你想吃什么（十二）:7499  第93章 明天你想吃什么（十三）:4584  第94章 明天你想吃什么（十四）:3339  第95章 明天你想吃什么（十五）:5911  第96章 明天你想吃什么（十六）:7761
          第97章 明天你想吃什么（十七）:5454  第98章 明天你想吃什么（十八）:6284  第99章 明天你想吃什么（十九）:3218  第100章 明天你想吃什么（番外）:4308  第101章 请看见我，听见我（一）:4883  第102章 请看见我，听见我（二）:5027
          第103章 请看见我，听见我（三）:6038  第104章 请看见我，听见我（四）:6197  第105章 请看见我，听见我（五）:5296  第106章 请看见我，听见我（六）:7722  第107章 请看见我，听见我（七）:5671  第108章 请看见我，听见我（八）:6276
          第109章 请看见我，听见我（九）:8024  第110章 请看见我，听见我（十）:6643  第111章 请看见我，听见我（十一）:5818  第112章 请看见我，听见我（十二）:5503  第113章 请看见我，听见我（十三）:4054  第114章 请看见我，听见我（十四）:4798
          第115章 请看见我，听见我（十五）:3515  第116章 请看见我，听见我（十六）:4368  第117章 请看见我，听见我（十七）:2371  第118章 请看见我，听见我（十八）:2531  第119章 请看见我，听见我（十九）:3780  第120章 请看见我，听见我（番外）:1181
          第121章 一颗心脏的重量（一）:4273  第122章 一颗心脏的重量（二）:4876  第123章 一颗心脏的重量（三）:5550  第124章 一颗心脏的重量（四）:6889  第125章 一颗心脏的重量（五）:4441  第126章 一颗心脏的重量（六）:7027
          第127章 一颗心脏的重量（七）:5771  第128章 一颗心脏的重量（八）:4716  第129章 一颗心脏的重量（九）:6681  第130章 一颗心脏的重量（十）:7033  第131章 一颗心脏的重量（十一）:6312  第132章 一颗心脏的重量（十二）:4662
          第133章 一颗心脏的重量（十三）:5124  第134章 一颗心脏的重量（十四）:4949  第135章 一颗心脏的重量（十五）:6305  第136章 一颗心脏的重量（十六）:4178  第137章 一颗心脏的重量（十七）:3435  第138章 一颗心脏的重量（十八）:4217
          第139章 一颗心脏的重量（十九）:3083  第140章 一颗心脏的重量（番外）:3006  第141章 凌朔x苏玫玥:9058  第142章 覃晴x林默:3128  第143章 秦妄x叶知秋:9792  第144章 殷玄镜x魏昭:4916
          第145章 赫冥x穆逸:3767  第146章 叶燃x宁谧:4596  第147章 白鸠麟x沈清弦:5446  第148章 徐晓x周黎:8348  第149章 杨悸予x叶静:12560  第150章 若离x阿念:13906
          第151章 番外30问:2253

01:40:10  炮灰的反制手段 (花刺儿) [完结]  49p→45章  425KB  OK
          https://www.52shuku.net/gl/21_b/bkdRH.html
          第1章 穿书:3074  第2章 遇险:3049  第3章 师姐:3131  第4章 委托:3073  第5章 解决:3205  第6章 复仇:3058
          第7章 逆光:3034  第8章 话本:3154  第9章 练剑:3077  第10章 逃避:3140  第11章 默契:3213  第12章 打工:3280
          第13章 师姐:3133  第14章 选拔:3095  第15章 同进退:3147  第16章 冰原:3165  第17章 青鱼:3105  第18章 藏宝地:3076
          第19章 地牢:3189  第20章 洪家:3056  第21章 摆烂:3043  第22章 鬼宅:3599  第23章 哭声:3077  第24章 新婚:3544
          第25章 抉择:3095  第26章 潇羽门:2025  第27章 重生:3029  第28章 锦盒:3046  第29章 她的身影:3037  第30章 坠:2870
          第31章 031:3134  第32章 再遇:3106  第33章 僵持:2804  第34章 吻:3824  第35章 传单:2553  第36章 第 36 章:3024
          第37章 神宫:3072  第38章 连秋:3192  第39章 至宝:3158  第40章 幻化:2837  第41章 秘境:3039  第42章 幻情:3071
          第43章 妖族:3152  第44章 情蛊:3121  第45章 定局:4624

01:41:30  捡个人鱼做老婆 (半寸桃花) [完结]  209p→11章  1895KB  OK
          https://www.52shuku.net/gl/21_b/bkdRG.html
          第179章:5492  第180章:3633  第181章:4133  第182章:3964  第183章:3257  第184章:3766
          第185章:4079  第186章:3933  第187章:3424  第188章:4558  第189章:3183

01:41:44  在作者群偶遇初恋该怎么勾搭 (柏妫) [完结+番外]  31p→27章  271KB  OK
          https://www.52shuku.net/gl/21_b/bkdRF.html
          第1章 有趣的人:3375  第2章 小酌怡情:3348  第3章 老相识:3323  第4章 暗中关注:3344  第5章 叙旧:3030  第6章 恶趣味:3110
          第7章 失眠:3201  第8章 美梦:3170  第9章 朋友:3233  第10章 贵人:3191  第11章 唱歌:3205  第12章 关于未来:3203
          第13章 拥抱:3249  第14章 母亲:3562  第15章 生活习惯:3293  第16章 告白:3251  第17章 畅想未来:3423  第18章 糖炒栗子味:3247
          第19章 说与不说:3309  第20章 对抗:3590  第21章 摊牌:3192  第22章 见家长:3286  第23章 甜蜜周末:3216  第24章 平常的一天:3244
          第25章 妙咪:3320  第26章 泡澡:3301  第27章 海边:3741

01:42:00  清冷老婆竟是我粉丝 (云枍木兮) [完结]  41p→30章  353KB  OK
          https://www.52shuku.net/gl/20_b/bkdRr.html
          第1章 夏小姐:3227  第2章 一起睡:3217  第3章 我老婆:3063  第4章 抱一下:3193  第5章 很累吗:3012  第6章 很漂亮:3168
          第7章 怎么办:3026  第8章 我看看:3033  第9章 家里人:3054  第10章 想见我:3119  第11章 正经片:3057  第12章 我希望:3032
          第13章 不要走:3070  第14章 喜欢你:3036  第15章 追求你:3035  第16章 往前走:6476  第17章 一起看:3355  第18章 我跟你:5682
          第19章 想见她:3270  第20章 去找你:3777  第21章 有点疼:3942  第22章 一个吻:10243  第23章 我爱你:3458  第24章 还不行:3368
          第25章 疼了？:3437  第26章 让我来:3396  第27章 脱了吧:3452  第28章 想要你:5887  第29章 我粉丝:5434  第30章 我愿意:4479

01:42:27  和傲娇美人分手后 (花金郁) [完结]  53p→43章  427KB  OK
          https://www.52shuku.net/gl/20_b/bkdRi.html
          第1章 Chapter1四灵山记:5520  第2章 Chapter2四灵山记:3695  第3章 Chapter3四灵山记:4195  第4章 Chapter4四灵山记:3273  第5章 Chapter5四灵山记:3826  第6章 Chapter6四灵山记:3103
          第7章 Chapter7四灵山记:3999  第8章 Chapter8四灵山记:3348  第9章 Chapter9四灵山记:3464  第10章 Chapter10四灵山记:3169  第11章 Chapter11四灵山记:3428  第12章 Chapter12四灵山记:3741
          第13章 Chapter13四灵山记:3425  第14章 Chapter14四灵山记:3345  第15章 Chapter15四灵山记:3732  第16章 Chapter16四灵山记:3107  第17章 Chapter17四灵山记:3185  第18章 Chapter18四灵山记:3108
          第19章 Chapter19四灵山记:2481  第20章 Chapter20四灵山记:3634  第21章 Chapter21四灵山记:3202  第22章 Chapter22四灵山记:2129  第23章 Chapter23四灵山记:3925  第24章 Chapter24四灵山记:2002
          第25章 Chapter25四灵山记:2551  第26章 Chapter26四灵山记:2948  第27章 Chapter27四灵山记:3090  第28章 Chapter28四灵山记:4149  第29章 Chapter29四灵山记:3040  第30章 Chapter30四灵山记:2606
          第31章 Chapter31四灵山记:2109  第32章 Chapter32四灵山记:3158  第33章 Chapter33四灵山记:3019  第34章 Chapter34四灵山记:2458  第35章 Chapter35四灵山记:2493  第36章 Chapter36四灵山记:3149
          第37章 Chapter37四灵山记:2142  第38章 Chapter38四灵山记:3171  第39章 Chapter39四灵山记:3239  第40章 Chapter40四灵山记:2145  第41章 Chapter41四灵山记:3074  第42章 Chapter42四灵山记:4208
          第43章 Chapter43四灵山记:3222

01:42:54  替身？分明是夫妻相 (芒风色正) [完结+番外]  70p→61章  630KB  OK
          https://www.52shuku.net/gl/20_b/bkdRh.html
          第1章 初见:3694  第2章 感谢:3140  第3章 挑衅:3137  第4章 后调:3384  第5章 偶遇:3207  第6章 冒犯:3065
          第7章 游离:3057  第8章 再会:3424  第9章 追求:3112  第10章 拒绝:3175  第11章 瓜分:3233  第12章 离间:3190
          第13章 认知:3122  第14章 交易:3524  第15章 认真:3066  第16章 清醒:3299  第17章 得意:3019  第18章 散步:3252
          第19章 天赋:3151  第20章 底气:3172  第21章 盲目:3166  第22章 夸赞:3444  第23章 犯规:3068  第24章 决定:3094
          第25章 虚无:3526  第26章 区别:3047  第27章 出走:3111  第28章 脆弱:3275  第29章 期待:3117  第30章 拿捏:3286
          第31章 荒谬:3050  第32章 拳击:3095  第33章 打算:3243  第34章 纠正:3128  第35章 镜子:3057  第36章 昵称:3128
          第37章 介意:3016  第38章 准备:3047  第39章 要求:3065  第40章 窃听:3197  第41章 张扬:3069  第42章 快意:3175
          第43章 合适:3099  第44章 后悔:3262  第45章 危机:3072  第46章 矫情:3061  第47章 在意:3189  第48章 关切:3055
          第49章 底气:3196  第50章 温柔:3138  第51章 情绪:3197  第52章 负责:3096  第53章 欣慰:3948  第54章 调节:3076
          第55章 回避:3264  第56章 余温:3468  第57章 尾声:3194  第58章 定位:3396  第59章 延迟满足（上）:7439  第60章 延迟满足（中）:7650
          第61章 延迟满足（下）:7588

01:43:49  我是专业女足门将 (桥边红妖) [完结+番外]  139p→110章  1214KB  OK
          https://www.52shuku.net/gl/20_b/bkdRg.html
          第1章 江州群英:3024  第2章 讨薪:3716  第3章 搬运工:3281  第4章 球队二门:4042  第5章 热身赛:3408  第6章 2025/2026赛季:3597
          第7章 2025/2026赛季:3582  第8章 2025/2026赛季:3395  第9章 2025/2026赛季:3249  第10章 2025/2026赛季:3595  第11章 2025/2026赛季:3315  第12章 2025/2026赛季:3202
          第13章 2025/2026赛季:3229  第14章 2025/2026赛季:3504  第15章 2025/2026赛季:3475  第16章 2025/2026赛季:3262  第17章 2025/2026赛季:3226  第18章 2025/2026赛季:3406
          第19章 2025/2026赛季:3201  第20章 2025/2026赛季:3263  第21章 2025/2026赛季:3228  第22章 2025/2026赛季:3152  第23章 2025/2026赛季:3503  第24章 2025/2026赛季:3671
          第25章 观战联赛杯:3208  第26章 “新农村建设”:3971  第27章 收尾工作:3350  第28章 队内会议:3153  第29章 夏季拉练:3151  第30章 强强对话:3517
          第31章 更衣室矛盾:3318  第32章 租借球员:3317  第33章 2026/2027赛季:3315  第34章 2026/2027赛季:3091  第35章 2026/2027赛季:3234  第36章 2026/2027赛季:3541
          第37章 2026/2027赛季:3665  第38章 2026/2027赛季:3364  第39章 2026/2027赛季:3088  第40章 2026/2027赛季:3523  第41章 2026/2027赛季:3307  第42章 2026/2027赛季:3463
          第43章 2026/2027赛季:3135  第44章 2026/2027赛季:3841  第45章 2026/2027赛季:3188  第46章 2026/2027赛季:3120  第47章 2026/2027赛季:3025  第48章 2026/2027赛季:3374
          第49章 2026/2027赛季:3574  第50章 2026/2027赛季:3085  第51章 2026/2027赛季:3823  第52章 2026/2027赛季:3828  第53章 经前期综合征:3239  第54章 附加赛:3474
          第55章 短暂度假:3195  第56章 小简严选:3282  第57章 性取向:3516  第58章 朋友关系？:3185  第59章 死循环:3085  第60章 全新的尝试:3332
          第61章 2027/2028赛季:3376  第62章 2027/2028赛季:3395  第63章 2027/2028赛季:3157  第64章 2027/2028赛季:3210  第65章 2027/2028赛季:3313  第66章 2027/2028赛季:3189
          第67章 2027/2028赛季:3654  第68章 2027/2028赛季:3007  第69章 2027/2028赛季:3043  第70章 2027/2028赛季:3361  第71章 2027/2028赛季:3189  第72章 2027/2028赛季:3343
          第73章 2027/2028赛季:3464  第74章 2027/2028赛季:3119  第75章 2027/2028赛季:3238  第76章 2027/2028赛季:6137  第77章 2027/2028赛季:6398  第78章 2027/2028赛季:4227
          第79章 2027/2028赛季:4589  第80章 2027/2028赛季:3495  第81章 决赛对决:6976  第82章 短暂同居:5345  第83章 同居生活:3863  第84章 备战新赛季:3496
          第85章 热身赛:4499  第86章 保亚争冠:4063  第87章 2028/2029赛季:3769  第88章 2028/2029赛季:3562  第89章 2028/2029赛季:3405  第90章 2028/2029赛季:3683
          第91章 2028/2029赛季:3269  第92章 2028/2029赛季:4834  第93章 2028/2029赛季:4061  第94章 2028/2029赛季:5862  第95章 2028/2029赛季:4828  第96章 2028/2029赛季:4750
          第97章 见家长:4324  第98章 转会谈判:3910  第99章 济州岛之行:4364  第100章 争执:4314  第101章 2029/2030赛季:4665  第102章 2029/2030赛季:4106
          第103章 2029/2030赛季:5209  第104章 2029/2030赛季:3588  第105章 2029/2030赛季:3808  第106章 2029/2030赛季:4041  第107章 2029/2030赛季:5232  第108章 2029/2039赛季:3315
          第109章 番外一:1507  第110章 番外二:1842

01:44:24  没想到吧，我有无限重复能力 (有娴钱) [完结+番外]  78p→69章  675KB  OK
          https://www.52shuku.net/gl/20_b/bkdRf.html
          第1章 左伊:3274  第2章 无限重复:3995  第3章 失效:3166  第4章 送她回家:3147  第5章 朋友:3262  第6章 不真诚:3593
          第7章 一见钟情:3156  第8章 喜欢:3065  第9章 我拒绝了:3028  第10章 回家:3248  第11章 道歉:3035  第12章 礼物:2346
          第13章 谢谢苏导:1635  第14章 感谢投喂:2396  第15章 打破砂锅问到底:3261  第16章 追人方式有点恐怖:3264  第17章 除夕:3392  第18章 想见你:3123
          第19章 时光机:3196  第20章 你很特别:3241  第21章 已付款:3463  第22章 家宴:3073  第23章 未来规划:3162  第24章 追逐:3389
          第25章 经纪人:3134  第26章 变态:3308  第27章 妹妹:3158  第28章 澄清:3163  第29章 见一面吧:3325  第30章 约你:3119
          第31章 仇富:3035  第32章 小狗睡衣:3268  第33章 梦:3206  第34章 电影:3106  第35章 利用:3112  第36章 欺骗:3100
          第37章 过去:3239  第38章 吃饭:3296  第39章 我去接你:3269  第40章 朋友妻:3033  第41章 为什么:3069  第42章 了解:3199
          第43章 罪恶:3017  第44章 温柔:3040  第45章 你怎么来了？:3108  第46章 寻找:3207  第47章 生生:3941  第48章 实习:3175
          第49章 她过得很好:3341  第50章 在一起:3142  第51章 生日宴:3200  第52章 因为我喜欢你:3227  第53章 我想吻她:3255  第54章 出柜:3255
          第55章 人之常情:3140  第56章 舍不得:3343  第57章 吻技:3517  第58章 生日快乐:3003  第59章 电影:3571  第60章 配合调查:3095
          第61章 弟弟:3185  第62章 直播:3131  第63章 开学:2972  第64章 车祸:4511  第65章 重复再重复:4346  第66章 回忆:3152
          第67章 今天天气很好:3946  第68章 做个好梦:3292  第69章 一个古人:3298

01:45:00  金丝雀她强取豪夺 (凛冬白菜) [完结+番外]  81p→66章  679KB  OK
          https://www.52shuku.net/gl/19_b/bkdRa.html
          第1章 邂逅:3502  第2章 转账:3295  第3章 居所:3231  第4章 参谋:3133  第5章 租房:3375  第6章 委婉:3788
          第7章 柜门:3595  第8章 密码:3532  第9章 姐姐:3528  第10章 共友:3515  第11章 造梦:3080  第12章 晕车:3305
          第13章 天真:4093  第14章 告白:3029  第15章 晚餐:3321  第16章 夜晚:3168  第17章 共眠:3237  第18章 早晨:3228
          第19章 约会:3344  第20章 情侣:3188  第21章 沙发:3127  第22章 失控:3853  第23章 阴天:3784  第24章 谈判:3865
          第25章 监控:3534  第26章 相识:3039  第27章 名声:3053  第28章 纸花:3217  第29章 蹲守:3422  第30章 再会:3719
          第31章 厨房:4232  第32章 飙车:3199  第33章 告别:3149  第34章 六年:3306  第35章 风雨:3158  第36章 会议:3105
          第37章 收购:3037  第38章 切割:3068  第39章 火葬:3610  第40章 客厅:4020  第41章 豪夺:3283  第42章 纠缠:3760
          第43章 相关:3492  第44章 往事:3184  第45章 窗前:3563  第46章 新年:3740  第47章 报警:3124  第48章 大粉:3183
          第49章 小床:3660  第50章 午休:3119  第51章 醉鬼:3146  第52章 酒后:3545  第53章 大海:3103  第54章 花园:3158
          第55章 哔哩:3329  第56章 铃铛:3493  第57章 坠落:3817  第58章 崩坏:4380  第59章 开庭:3151  第60章 疼痛:3327
          第61章 名声:3392  第62章 相册:3975  第63章 结局:3411  第64章 日常番外1:3037  第65章 日常番外2:3628  第66章 番外3:2086

01:45:18  冬青 (一澄) [完结+番外]  41p→40章  385KB  OK
          https://www.52shuku.net/gl/19_b/bkdQZ.html
          第1章 楔子:3391  第2章 第一章闹事:3237  第3章 第二章偶遇:3595  第4章 第三章背影:3171  第5章 第四章购房:3281  第6章 第五章装修:3270
          第7章 第六章春生:3030  第8章 第七章处安:3326  第9章 第八章往来:3139  第10章 第九章疑问:3034  第11章 第十章添装:3106  第12章 第十一章暖居:3147
          第13章 第十二章冰雹:3028  第14章 第十三章四害:3011  第15章 第十四章谈话:3713  第16章 第十五章病倒:3132  第17章 第十六章变故:3185  第18章 第十七章墓园:3107
          第19章 第十八章转机:3180  第20章 第十九章烧烤:3018  第21章 第二十章早餐:3053  第22章 第二十一章醉意:3049  第23章 第二十二章收尾:3096  第24章 第二十三章想念:3051
          第25章 第二十四章冲突:3177  第26章 第二十五章旧事:3299  第27章 第二十六章邀请:3087  第28章 第二十七章春节:3296  第29章 第二十八章月光:3021  第30章 第二十九章同眠:3013
          第31章 第三十章阵雨:3033  第32章 第三十一章书信:3522  第33章 第三十二章来电:3208  第34章 第三十三章答案:3227  第35章 第三十四章人才:3067  第36章 第三十五章法院:3020
          第37章 第三十六章开业:3063  第38章 番外·冬青:5441  第39章 番外·江来:2018  第40章 老派火锅之必要:3062

01:45:26  小鱼干都给你 (殊十一) [完结]  17p→16章  146KB  OK
          https://www.52shuku.net/gl/19_b/bkdQW.html
          第1章 离家:3291  第2章 追随:3265  第3章 上供小鱼干:2100  第4章 遇险:3361  第5章 是心动:1897  第6章 区区洗澡:2954
          第7章 勇闯狗圈:2447  第8章 你哪儿都不如她:1969  第9章 发情期:3516  第10章 分离:2497  第11章 再会:4126  第12章 团团诱饵:3679
          第13章 狸花大战扫地机器人:1247  第14章 猫猫录视频:1218  第15章 李舸x夏悠悠:5051  第16章 李舸x夏悠悠:4746

01:45:35  烟火的温度 (四百八十寺) [完结]  20p→15章  166KB  OK
          https://www.52shuku.net/gl/19_b/bkdQV.html
          第1章 轻舟已过（上）:5210  第2章 轻舟已过（下）:4150  第3章 她说:3747  第4章 谢谢你的爱:4940  第5章 一年，一天，一夜:4886  第6章 零度春天（上）:3744
          第7章 零度春天（下）:4740  第8章 紫色（上）:3129  第9章 紫色（中）:3258  第10章 紫色（下）:2477  第11章 骡（上）:2642  第12章 骡（下）:2338
          第13章 盛世佳人（上）:3482  第14章 盛世佳人（中）:4216  第15章 盛世佳人（下）:2148

01:45:59  穿到90年代攻略邻家姐姐 (三春黛) [完结]  62p→57章  550KB  OK
          https://www.52shuku.net/gl/18_b/bkdQ1.html
          第1章 初到银昌:3181  第2章 水波蛋:3295  第3章 绿豆汤:3431  第4章 自行车:3303  第5章 去我那儿住吧:3363  第6章 黄桃罐头:3373
          第7章 进山，敢吗:3050  第8章 换毛衣:2063  第9章 方寸之距:2239  第10章 吓到啦？ Q弹是什么意思？:2752  第11章 留个纪念:3187  第12章 喜酒:3157
          第13章 进城:3256  第14章 红围巾:3202  第15章 鸡汤豆腐串:3219  第16章 礼物:2537  第17章 杏仁蜂蜜:3283  第18章 搅局:3294
          第19章 心愿:3071  第20章 若即若离的纱:3391  第21章 绿皮橘子:3453  第22章 车间风云:2601  第23章 奶茶:3192  第24章 什锦罐头:2874
          第25章 王新月:3263  第26章 爱心饭盒:3436  第27章 信:3247  第28章 黑市:2730  第29章 蛋炒饭:2519  第30章 金丽:3248
          第31章 交锋:3341  第32章 离开:3514  第33章 开张:3224  第34章 火锅:3174  第35章 朋友:3631  第36章 阿贝贝:3519
          第37章 阿纹:3546  第38章 速冻水饺:3043  第39章 春莺:2416  第40章 紫:3271  第41章 骗子:3134  第42章 喜欢:3231
          第43章 答案:3052  第44章 冬暖:3328  第45章 糖炒板栗:3098  第46章 江雪:5537  第47章 万般心意:3217  第48章 老婆:3337
          第49章 哪种爱:3765  第50章 偏爱:3330  第51章 除夕:3367  第52章 同居:3211  第53章 追查:3119  第54章 证明:2676
          第55章 一起:2941  第56章 灯芯绒:2611  第57章 尾声:3342

01:46:40  渣了学生会主席后被留级了 (给我金子) [完结]  110p→101章  971KB  OK
          https://www.52shuku.net/gl/18_b/bkdQz.html
          第1章 不好惹的大小姐:3101  第2章 半山腰:3021  第3章 回程:3044  第4章 风言风语:3063  第5章 喝:3141  第6章 冰块:3106
          第7章 邀约:3043  第8章 清醒:3192  第9章 拉黑:3122  第10章 习惯:3162  第11章 求人:3189  第12章 跪下:3059
          第13章 强吻:3093  第14章 主权:3099  第15章 哭了？:3126  第16章 分寝:3050  第17章 找茬:3065  第18章 要她低头:3071
          第19章 认命:3350  第20章 对不起:3092  第21章 你进步了？:6102  第22章 滚上来:3050  第23章 争端:3087  第24章 爆发:3048
          第25章 没有觉悟:3123  第26章 画布:3087  第27章 淤青:3168  第28章 不见人影:3123  第29章 焉了的大小姐:3224  第30章 把自己当回事:3166
          第31章 出气:3074  第32章 谁该取悦谁:3079  第33章 选择题:3092  第34章 三人:3049  第35章 可笑:3164  第36章 阮氏:3085
          第37章 丧讯:3106  第38章 过往:3210  第39章 再见:3259  第40章 人呢:3168  第41章 爱上？:3183  第42章 凌总监:3112
          第43章 带小孩:3306  第44章 重逢:3097  第45章 财务总监来说:3058  第46章 饭局:3071  第47章 夹心饼干:3204  第48章 出柜:3155
          第49章 尾随:3162  第50章 摩天轮:3146  第51章 传说:3276  第52章 针锋相对:3125  第53章 去还是不去:3215  第54章 寻找:3304
          第55章 你在乎吗:3182  第56章 你关心她？:3128  第57章 情敌吗？:3155  第58章 最后一面了？:3198  第59章 新邻居:3087  第60章 哭了？:3134
          第61章 罪魁祸首:3172  第62章 帮忙:3161  第63章 告白:3113  第64章 我要检查:3111  第65章 喝粥:3151  第66章 地铁:3260
          第67章 老实交代:3144  第68章 爱情观:3167  第69章 难受:3177  第70章 擦身:3120  第71章 旧衣:3128  第72章 庆幸:3151
          第73章 换座:3218  第74章 找上门:3140  第75章 保护:3206  第76章 暗流涌动:3086  第77章 偷拍:3113  第78章 兜风:3187
          第79章 了结:3097  第80章 坐以待毙？:3157  第81章 条件置换:3061  第82章 理智:3117  第83章 吃点苦头:3090  第84章 主卧:3161
          第85章 担忧:3089  第86章 偷吻:3064  第87章 戳穿:3267  第88章 挑衅:3188  第89章 登堂入室:3177  第90章 上门:3135
          第91章 夜聊:3119  第92章 出头:3083  第93章 不厚道:3048  第94章 女朋友:3216  第95章 邀约:3194  第96章 入局:3317
          第97章 收购:3335  第98章 为难:3133  第99章 要求:3118  第100章 顺毛:3127  第101章 完结章:3830

01:48:11  死遁后傲娇美人她后悔了 (花生壳首席) [完结]  217p→204章  1861KB  OK
          https://www.52shuku.net/gl/18_b/bkdQy.html
          第1章 她的手好冰:3939  第2章 她不爱吃糖:3321  第3章 她说话，就装听不懂:3609  第4章 她休想甩掉我:3241  第5章 她被夺舍了？:3404  第6章 她讨厌的原因:3387
          第7章 她很不对劲:3149  第8章 她的心结:3728  第9章 她可真聪明:3254  第10章 她察觉到了:2155  第11章 她的笑意:2121  第12章 她可真好看:2090
          第13章 她的痛苦:2178  第14章 你笑起来真好看:2338  第15章 你不许对我撒谎:2335  第16章 你很想？:2692  第17章 你香香的:2158  第18章 你被发现了:1983
          第19章 你的柔软和痛苦:2275  第20章 你的理由:2266  第21章 你的温度:2214  第22章 你的愿望:2254  第23章 你的猫咪:2099  第24章 你的恶作剧:2128
          第25章 你的主动:2171  第26章 你的通风报信:2129  第27章 你的检查:2147  第28章 你说这是为了…:2063  第29章 你喜欢我吗？:2058  第30章 你的喂饭:2128
          第31章 你的脆弱:2206  第32章 你的偷看:2107  第33章 你的目光与我交汇:2105  第34章 你在看谁？:1989  第35章 谁的高中不迷茫:2257  第36章 谁在怕黑？:3121
          第37章 谁的委屈:3110  第38章 谁的三年:3307  第39章 谁没有以后？:3190  第40章 谁的一见钟情:3039  第41章 谁的告白:3342  第42章 谁的手笔？:3297
          第43章 谁家小孩？:2135  第44章 谁的倒计时？:2496  第45章 谁的不舍:2194  第46章 谁的麻烦:2122  第47章 她的梦魇:3215  第48章 谁的约会:3360
          第49章 真的忍不住:3196  第50章 真的涨了:3219  第51章 真的手痒:4290  第52章 真的不理你了:4109  第53章 真的误入:3275  第54章 真的好香:3579
          第55章 真的不要想我:3584  第56章 真的捐了:3972  第57章 真的假的:3699  第58章 真的辛苦:3563  第59章 真的跟随:3948  第60章 真的惊喜:5894
          第61章 真的晕车:3236  第62章 真的不能睡了:3340  第63章 幸福吗:3231  第64章 都行吗？:2610  第65章 说话吗？:3314  第66章 回家吗:2735
          第67章 离开吗:6272  第68章 骗人吗:2026  第69章 怜悯吗:2435  第70章 她的出现:4367  第71章 她的分数:3639  第72章 她的恶意:1774
          第73章 她的后悔:3263  第74章 她的疑问:1899  第75章 她的吓人:1560  第76章 她的求救:2339  第77章 她的闷哼:3273  第78章 她的纠结:2013
          第79章 她的暴露:1469  第80章 她的行踪:2956  第81章 她的逃离:2246  第82章 你的死讯:2234  第83章 你的虚伪:2401  第84章 你的积分:1840
          第85章 你的头发:2188  第86章 你的不同:3267  第87章 你的温暖:2171  第88章 你的脾气:3240  第89章 你的抛弃:3233  第90章 你的眼泪:2284
          第91章 你的轻言:1962  第92章 你的跟随:1961  第93章 你的选择:1949  第94章 你的指尖:1888  第95章 你的底气:1953  第96章 你的断言:2047
          第97章 你的依赖:3114  第98章 你的声音:2038  第99章 你的窃喜:1644  第100章 你的决心:2683  第101章 你的需要:3230  第102章 谁的柔软:3306
          第103章 谁的回应:3429  第104章 谁的反悔:3236  第105章 谁的疑惑:3268  第106章 谁的绝境:2598  第107章 谁的名字:2671  第108章 谁的心软:2328
          第109章 谁的妹妹:3234  第110章 谁的牵挂:2224  第111章 谁的哭泣:3270  第112章 谁的退却:4090  第113章 谁的呼唤:4360  第114章 谁的秘密:3605
          第115章 谁的唯一:3414  第116章 谁的偷看:3317  第117章 谁的替身:3372  第118章 谁的烦乱:3272  第119章 谁的梦境:3305  第120章 谁的钥匙:3193
          第121章 谁的气意:3234  第122章 谁的在意:3284  第123章 谁的和好:3214  第124章 谁的别离:3300  第125章 谁的姓名:3392  第126章 谁的过去:3193
          第127章 谁的期许:3237  第128章 谁的禁言:3212  第129章 谁的定金:3256  第130章 谁的约定:3237  第131章 谁的安慰:3368  第132章 谁的流连:3238
          第133章 谁的伤疤:3302  第134章 真的拥抱:3279  第135章 真的在乎:3370  第136章 真的难言:3179  第137章 真的假话:3282  第138章 真的安抚:3281
          第139章 真的喜好:3251  第140章 真的回去:3377  第141章 真的分别:3588  第142章 真的忍耐:3625  第143章 真的血迹:3167  第144章 真的方法:3275
          第145章 真的伤人:3286  第146章 真的痒:3187  第147章 真的锋利:3176  第148章 真的撒娇:3205  第149章 真的喜欢:3200  第150章 真的承诺:3179
          第151章 真的妥协:3202  第152章 真的礼物:3205  第153章 真的舔舐:3195  第154章 真的审问:3191  第155章 真的关门:3205  第156章 真的吓唬:3206
          第157章 真的意外:3194  第158章 真的不幸:3244  第159章 真的占有:3188  第160章 真的最爱:3167  第161章 真的犹豫:3204  第162章 真的哭泣:3167
          第163章 真的比较:3198  第164章 真的不妙:3376  第165章 真的绽放:3190  第166章 真的回归:3219  第167章 生气吗:3276  第168章 是你吗:3224
          第169章 放弃吗:3231  第170章 来了吗:3174  第171章 刺激吗:3193  第172章 拖累吗:3181  第173章 逃跑吗:3235  第174章 怨我吗:3182
          第175章 永远吗:4492  第176章 她的名字:3216  第177章 她的婚约:3171  第178章 她的三年:3001  第179章 她的来到:3120  第180章 她的演戏:3208
          第181章 你的舞会:2661  第182章 你的露面:2904  第183章 你的好感:3040  第184章 你的把柄:2231  第185章 你的嘱托:2231  第186章 你的愿望:2246
          第187章 你的房间:3167  第188章 你的喜欢:3178  第189章 你的驱赶:3188  第190章 你的问题:3175  第191章 你的记忆:3166  第192章 你的成绩:3190
          第193章 你的问题:3202  第194章 你的到来:3219  第195章 你的过去:3221  第196章 你的衣服:3191  第197章 你的玫瑰:3138  第198章 真的记忆:3168
          第199章 真的相遇:3199  第200章 真的委屈:3192  第201章 真的开心:3186  第202章 真的回溯:3173  第203章 真的成年:3196  第204章 真的谢谢:4936

01:49:02  夏枝疯长 (桃里夭夭) [完结]  119p→85章  1022KB  OK
          https://www.52shuku.net/gl/18_b/bkdQw.html
          第1章 盛夏:3187  第2章 靠近:3822  第3章 酒疯:3182  第4章 长夜:2309  第5章 胆怯:3159  第6章 亲我:3332
          第7章 影子:3024  第8章 渴望:3908  第9章 母亲:4468  第10章 绿萝:3677  第11章 噩梦:3896  第12章 等你:3788
          第13章 动摇:2967  第14章 发现:3420  第15章 凌晨:3409  第16章 深绿:3234  第17章 音讯:3910  第18章 侧脸:3811
          第19章 雨声:9887  第20章 撩她:4932  第21章 灯光:6876  第22章 回响:3542  第23章 倒退:3415  第24章 女儿:3290
          第25章 时间:3706  第26章 夜深:3237  第27章 别扭:3253  第28章 天台:3565  第29章 是谁:3831  第30章 眼睛:6206
          第31章 疯长:4004  第32章 意识:3295  第33章 暗线:4286  第34章 真相:3589  第35章 梦境:3345  第36章 追逐:4234
          第37章 悸动:3549  第38章 强吻:3843  第39章 疑云:3294  第40章 夏光:3795  第41章 潮湿:3255  第42章 心软:4369
          第43章 对峙:3689  第44章 花瓣:3714  第45章 咬痕:4179  第46章 炙热:3338  第47章 旧梦:4009  第48章 拥抱:3804
          第49章 失踪:3457  第50章 海边:3399  第51章 哭泣:3693  第52章 牢笼:3711  第53章 愤怒:4167  第54章 反问:3272
          第55章 答案:3392  第56章 惊醒:3538  第57章 21克:4677  第58章 悖论:4830  第59章 暴雨:6288  第60章 雨伞:6386
          第61章 绿枝:3455  第62章 怀抱:5917  第63章 隐秘:3699  第64章 新邻:3356  第65章 断电:4028  第66章 狐狸:3948
          第67章 怪物:3267  第68章 生日 “To the one:3359  第69章 钟声:4171  第70章 接听:3655  第71章 撕裂:4352  第72章 礼物:3564
          第73章 敲门:3676  第74章 坍缩:3180  第75章 秘密:4365  第76章 谎言:3310  第77章 坠落:3252  第78章 家人:4120
          第79章 眼泪:3399  第80章 选择:3881  第81章 六年:4566  第82章 淹没:4984  第83章 失序:5052  第84章 灯塔:4643
          第85章 END:5539

01:49:48  和疯执总裁分手后 (青木橘) [完结]  99p→69章  871KB  OK
          https://www.52shuku.net/gl/18_b/bkdQu.html
          第1章 向小姐愿意跟我交往吗？:3205  第2章 追我逃跑的心上人啊。:3948  第3章 把向小姐拐进这扇门，关起……:3271  第4章 张嘴含住棒棒糖:4534  第5章 查我学历:4469  第6章 我这不是正在替你教训她吗……:5028
          第7章 这个人，我势在必得:2997  第8章 心上人:3278  第9章 唇被狠狠封住:2214  第10章 疯于情:2134  第11章 还会撒娇:2142  第12章 什么话都敢逼我说呢:2191
          第13章 真是一只小馋狐:2383  第14章 跪着吃掉:2289  第15章 为了邢冰妩，她可以做到:2180  第16章 现在该伺候伺候我了:2198  第17章 滚:2071  第18章 姐姐的话，我肯定是会听……:2818
          第19章 姐姐，声音记得收着点。:2571  第20章 姐姐，你不要我了吗？:2040  第21章 醋意横生:2361  第22章 还没看出来吗？我只是玩……:4591  第23章 整个世界都是向妍:12191  第24章 （修） 向妍在她的世界里……:7964
          第25章 （修） 未婚妻，我们，不……:3855  第26章 我当年也只是玩玩:3306  第27章 （大改） 从我身上下去:3193  第28章 （修） 迂回:4587  第29章 （修） 玩不过:5285  第30章 报复，交锋，碰撞:6699
          第31章 打破:3197  第32章 乖乖在这里等着:3878  第33章 回旋镖:4209  第34章 被丢在垃圾桶:4212  第35章 你配吗？:3198  第36章 我看起来够美味吗？:3173
          第37章 站稳，动了今晚就不会结……:6533  第38章 妍妍，姐姐表现得好不好……:5537  第39章 妍妍一点都不心疼姐姐。:3573  第40章 是小狗吗？这么喜欢咬人……:5225  第41章 第41章“什么....……:6512  第42章 （修） 疯:4218
          第43章 每一秒都在想:4172  第44章 吃饭……还是吃姐姐？:3969  第45章 别想离开我:3502  第46章 装疯卖傻:3506  第47章 看来还是不够:3851  第48章 （修） 惩治:4511
          第49章 （修） 梅开二度:4202  第50章 不乖的孩子会得到惩罚:3218  第51章 回江城:3531  第52章 预判:4002  第53章 你的预判:3274  第54章 您拨打的用户不存在:3247
          第55章 爱也好，恨也罢:3196  第56章 不要叫我姐姐:3249  第57章 （修） 逼回:3878  第58章 （修） 没有谁离开谁会活……:3835  第59章 爱过就只是爱过:3168  第60章 泥泞一片:4532
          第61章 丢下:3302  第62章 取悦我:3166  第63章 痛也要纠缠:3868  第64章 挑衅:3206  第65章 无动于衷:4842  第66章 从未站在她这边:5283
          第67章 爆发:10169  第68章 真心还是诡计:7956  第69章 正文完结:16975

01:51:11  反派总在一见钟情[快穿] (或许有一天) [完结]  217p→214章  2030KB  OK
          https://www.52shuku.net/gl/18_b/bkdQt.html
          第1章 软饭a的自我修养01:2178  第2章 软饭a的自我修养02:2444  第3章 软饭a的自我修养03:2247  第4章 软饭a的自我修养04:2217  第5章 软饭a的自我修养05:2149  第6章 软饭a的自我修养06:2382
          第7章 软饭a的自我修养07:2223  第8章 软饭a的自我修养08:2398  第9章 软饭a的自我修养09:2432  第10章 软饭a的自我修养10:2578  第11章 软饭a的自我修养11:2710  第12章 软饭a的自我修养12:2712
          第13章 软饭a的自我修养13:2299  第14章 软饭a的自我修养14:2327  第15章 软饭a的自我修养15:2854  第16章 软饭a的自我修养16:2596  第17章 软饭a的自我修养17:2350  第18章 软饭a的自我修养18:2628
          第19章 软饭a的自我修养20:2728  第20章 软饭a的自我修养20:2527  第21章 软饭a的自我修养21:2522  第22章 软饭a的自我修养22:2563  第23章 软饭a的自我修养23:2543  第24章 软饭a的自我修养24:2576
          第25章 软饭a的自我修养25:2707  第26章 软饭a的自我修养26:3212  第27章 软饭a的自我修养27:3381  第28章 软饭a的自我修养28:3324  第29章 软饭a的自我修养29:3214  第30章 软饭a的自我修养30:3291
          第31章 软饭a的自我修养31:3179  第32章 软饭a的自我修养32:3180  第33章 软饭a的自我修养33:3253  第34章 软饭a的自我修养34:3179  第35章 软饭a的自我修养35:3283  第36章 软饭a的自我修养36:3188
          第37章 软饭a的自我修养37:3184  第38章 软饭a的自我修养38:3202  第39章 软饭a的自我修养39:3230  第40章 软饭a的自我修养40:3520  第41章 软饭a的自我修养41:3201  第42章 软饭a的自我修养42:3177
          第43章 软饭a的自我修养43:3390  第44章 软饭a的自我修养44:3185  第45章 软饭a的自我修养45:3211  第46章 软饭a的自我修养46:3216  第47章 软饭a的自我修养47:3535  第48章 暴君开始励精图治01:3329
          第49章 暴君开始励精图治02:3321  第50章 暴君开始励精图治03:3233  第51章 暴君开始励精图治04:3237  第52章 暴君开始励精图治05:3242  第53章 暴君开始励精图治06:3285  第54章 暴君开始励精图治07:3289
          第55章 暴君开始励精图治08:3236  第56章 暴君开始励精图治09:3615  第57章 暴君开始励精图治10:3234  第58章 暴君开始励精图治11:3264  第59章 暴君开始励精图治12:3272  第60章 暴君开始励精图治13:3257
          第61章 暴君开始励精图治14:3286  第62章 暴君开始励精图治15:3287  第63章 暴君开始励精图治16:3312  第64章 暴君开始励精图治17:3253  第65章 暴君开始励精图治18:3185  第66章 暴君开始励精图治19:3262
          第67章 暴君开始励精图治20:3220  第68章 暴君开始励精图治21:3274  第69章 暴君开始励精图治22:3263  第70章 暴君开始励精图治23:3180  第71章 暴君开始励精图治24:3229  第72章 暴君开始励精图治25:3242
          第73章 暴君开始励精图治26:3237  第74章 暴君开始励精图治27:3174  第75章 暴君开始励精图治28:3536  第76章 暴君开始励精图治29:3187  第77章 暴君开始励精图治30:3227  第78章 暴君开始励精图治31:3242
          第79章 暴君开始励精图治32:3259  第80章 暴君开始励精图治33:3237  第81章 富二代躺平日常01:3253  第82章 富二代躺平日常02:3174  第83章 富二代躺平日常03:3196  第84章 富二代躺平日常04:3260
          第85章 富二代躺平日常05:3221  第86章 富二代躺平日常06:3285  第87章 富二代躺平日常07:3223  第88章 富二代躺平日常08:3232  第89章 富二代躺平日常09:3207  第90章 富二代躺平日常10:3195
          第91章 富二代躺平日常11:3237  第92章 富二代躺平日常12:3168  第93章 富二代躺平日常13:3187  第94章 富二代躺平日常14:3208  第95章 富二代躺平日常15:3171  第96章 富二代躺平日常16:3256
          第97章 富二代躺平日常17:3235  第98章 富二代躺平日常18:3323  第99章 富二代躺平日常19:3179  第100章 富二代躺平日常20:3184  第101章 富二代躺平日常21:3220  第102章 富二代躺平日常22:3175
          第103章 富二代躺平日常23:3216  第104章 富二代躺平日常24:3179  第105章 富二代躺平日常25:3227  第106章 富二代躺平日常26:3182  第107章 富二代躺平日常27:3236  第108章 富二代躺平日常28:3168
          第109章 富二代躺平日常29:3169  第110章 富二代躺平日常30:3221  第111章 富二代躺平日常31:3173  第112章 是我心上人没错01:3324  第113章 是我心上人没错02:3232  第114章 是我心上人没错03:3229
          第115章 是我心上人没错04:3267  第116章 是我心上人没错05:3276  第117章 是我心上人没错06:3241  第118章 是我心上人没错07:3249  第119章 是我心上人没错08:3261  第120章 是我心上人没错09:3219
          第121章 是我心上人没错10:3279  第122章 是我心上人没错11:3181  第123章 是我心上人没错12:3272  第124章 是我心上人没错13:3265  第125章 是我心上人没错14:3276  第126章 是我心上人没错15:3263
          第127章 是我心上人没错16:3234  第128章 是我心上人没错17:3254  第129章 是我心上人没错18:3213  第130章 是我心上人没错19:3200  第131章 是我心上人没错20:3185  第132章 是我心上人没错21:3269
          第133章 是我心上人没错22:3202  第134章 是我心上人没错23:3201  第135章 是我心上人没错24:3610  第136章 是我心上人没错25:3258  第137章 是我心上人没错26:3193  第138章 是我心上人没错27:3327
          第139章 是我心上人没错28:3303  第140章 是我心上人没错29:3205  第141章 是我心上人没错30:3201  第142章 是我心上人没错31:3211  第143章 是我心上人没错32:3293  第144章 是我心上人没错33:3242
          第145章 是我心上人没错34:3168  第146章 是我心上人没错35:3179  第147章 是我心上人没错36:3237  第148章 爱人只能有一个01:3274  第149章 爱人只能有一个02:3209  第150章 爱人只能有一个03:3293
          第151章 爱人只能有一个04:3255  第152章 爱人只能有一个05:3213  第153章 爱人只能有一个06:3328  第154章 爱人只能有一个07:3230  第155章 爱人只能有一个08:3270  第156章 爱人只能有一个09:3261
          第157章 爱人只能有一个10:3303  第158章 爱人只能有一个11:3240  第159章 爱人只能有一个12:3266  第160章 爱人只能有一个13:3252  第161章 爱人只能有一个14:3339  第162章 爱人只能有一个15:3272
          第163章 爱人只能有一个16:3296  第164章 爱人只能有一个17:3236  第165章 爱人只能有一个18:3277  第166章 爱人只能有一个19:3268  第167章 爱人只能有一个20:3262  第168章 爱人只能有一个21:3244
          第169章 爱人只能有一个22:3637  第170章 爱人只能有一个23:3253  第171章 爱人只能有一个24:3343  第172章 爱人只能有一个25:3547  第173章 爱人只能有一个26:3288  第174章 爱人只能有一个27:3247
          第175章 爱人只能有一个28:3220  第176章 爱人只能有一个29:3245  第177章 爱人只能有一个30:3250  第178章 爱人只能有一个31:3229  第179章 爱人只能有一个32:3507  第180章 爱人只能有一个33:3285
          第181章 爱人只能有一个34:3188  第182章 爱人只能有一个35:3251  第183章 爱人只能有一个36:3173  第184章 爱人只能有一个37:3255  第185章 爱人只能有一个38:3272  第186章 爱人只能有一个39:3209
          第187章 无情道狗都不修01:3260  第188章 无情道狗都不修02:3216  第189章 无情道狗都不修03:3247  第190章 无情道狗都不修04:3265  第191章 无情道狗都不修05:3278  第192章 无情道狗都不修06:3261
          第193章 无情道狗都不修07:3171  第194章 无情道狗都不修08:3179  第195章 无情道狗都不修09:3246  第196章 无情道狗都不修10:3281  第197章 无情道狗都不修11:3275  第198章 无情道狗都不修12:3254
          第199章 无情道狗都不修13:3216  第200章 无情道狗都不修14:3182  第201章 无情道狗都不修15:3334  第202章 无情道狗都不修16:3171  第203章 无情道狗都不修17:3227  第204章 无情道狗都不修18:3201
          第205章 无情道狗都不修19:3183  第206章 无情道狗都不修20:3228  第207章 无情道狗都不修21:3204  第208章 无情道狗都不修22:3184  第209章 无情道狗都不修23:3186  第210章 无情道狗都不修24:3263
          第211章 无情道狗都不修25:3267  第212章 无情道狗都不修26:3300  第213章 无情道狗都不修27:3184  第214章 终章:3235

01:51:57  侍奉的人外神其实是鬼 (弯弯不弯鸭) [完结]  120p→104章  1061KB  OK
          https://www.52shuku.net/gl/18_b/bkdQs.html
          第1章 偷窥:3161  第2章 鬼打墙:3235  第3章 它要她死:2983  第4章 保持冷静:3026  第5章 “神明”:3647  第6章 求你:3061
          第7章 你想要我:2440  第8章 她一个人的神明:3337  第9章 最好的朋友:3335  第10章 到了:2061  第11章 想见她:2610  第12章 饿死鬼:3265
          第13章 香香小姐:3133  第14章 钟挽澜:3191  第15章 弱点:3054  第16章 招揽:2886  第17章 医院:3518  第18章 同学家:3063
          第19章 她不是我妈:2245  第20章 不乖:4868  第21章 沉沦:10256  第22章 我床下有个人:3181  第23章 不许偷看:3334  第24章 滚开:3190
          第25章 威胁:3328  第26章 是她的:3204  第27章 交易:3176  第28章 虔诚的吻:3191  第29章 说不:3248  第30章 引诱:3283
          第31章 危险的邀请:3239  第32章 百户村灵异事件:3187  第33章 出发:3176  第34章 进入鬼域:3198  第35章 水鬼:3172  第36章 遗照上的女孩:3178
          第37章 她死得很惨:3215  第38章 鬼婴:3180  第39章 它怂了:3170  第40章 真相:3234  第41章 守夜:3232  第42章 暴雨:3206
          第43章 小可怜:3323  第44章 正义丫头:3187  第45章 她没事:3205  第46章 送你把刀:3175  第47章 鬼物:3184  第48章 鬼网吧:3188
          第49章 江城火车站（1）:3213  第50章 江城火车站（2）:3171  第51章 江城火车站（3）:3274  第52章 江城火车站（4）:3173  第53章 江城火车站（5）:3173  第54章 江城火车站（6）:3187
          第55章 僵王（1）:3235  第56章 僵王（2）:3181  第57章 僵王（3）:3203  第58章 再遇饿死鬼（1）:3252  第59章 再遇饿死鬼（2）:3187  第60章 再遇饿死鬼（3）:3173
          第61章 再遇饿死鬼（4）:3176  第62章 再遇饿死鬼（5）:3170  第63章 再遇饿死鬼（6）:3181  第64章 君宫妤:3265  第65章 失踪的向幼:3236  第66章 金凰月（1）:3209
          第67章 金凰月（2）:3204  第68章 金凰月（3）:3177  第69章 金凰月（4）:3233  第70章 金凰月（5）:3183  第71章 金凰月（6）:3180  第72章 金凰月（7）:3176
          第73章 她的曾经（1）:3180  第74章 她的曾经（2）:3181  第75章 她的曾经（3）:3178  第76章 试衣间:3171  第77章 小狗狗:3211  第78章 是这吗:3183
          第79章 笼中鸟:3297  第80章 鬼神:3216  第81章 肉饼楼:3173  第82章 新同学:3190  第83章 鬼将:3224  第84章 实战翻车:3172
          第85章 胡辣汤:3175  第86章 情人节新年番外:3176  第87章 梦中情人:3167  第88章 实战作业:3235  第89章 夜啼鬼:3175  第90章 小儿鬼:3174
          第91章 流感（1）:3176  第92章 流感（2）:3183  第93章 赌场（1）:3181  第94章 赌场（2）:3178  第95章 赌场（3）:3170  第96章 赌场（4）:3173
          第97章 赌场（5）:3184  第98章 白瑶（1）:3171  第99章 白瑶（2）:3171  第100章 秦春之死:3773  第101章 终篇（1）:7239  第102章 终篇（2）:3183
          第103章 终篇（3）:3173  第104章 大结局:10908

01:53:15  落魄千金被疯批强取豪夺了 (廿廿呀) [完结]  213p→117章  1871KB  OK
          https://www.52shuku.net/gl/17_b/bkdPN.html
          第1章:4534  第2章:3399  第3章:3123  第4章:3086  第5章:1936  第6章:3058
          第7章:3010  第8章:3651  第9章:2813  第10章:3217  第11章:3258  第12章:3193
          第13章:3954  第14章:3747  第15章:4290  第16章:3875  第17章:3552  第18章:8827
          第19章:5270  第20章:4015  第21章:4880  第22章:5928  第23章:5883  第24章:6238
          第25章:5577  第26章:3358  第27章:5149  第28章:5209  第29章:5482  第30章:5342
          第31章:5633  第32章:5382  第33章:5403  第34章:4837  第35章:4347  第36章:4099
          第37章:4958  第38章:6378  第39章:7118  第40章:5729  第41章:5643  第42章:7408
          第43章:5279  第44章:5242  第45章:7622  第46章:5021  第47章:4463  第48章:5995
          第49章:5725  第50章:5245  第51章:5173  第52章:6988  第53章:6715  第54章:4220
          第55章:6298  第56章:4129  第57章:5928  第58章:4984  第59章:5850  第60章:5041
          第61章:3693  第62章:5813  第63章:4120  第64章:5574  第65章:4007  第66章:5342
          第67章:5742  第68章:6096  第69章:5613  第70章:6881  第71章:5386  第72章:5966
          第73章:7333  第74章:6181  第75章:3975  第76章:6572  第77章:4977  第78章:5505
          第79章:6471  第80章:4584  第81章:6280  第82章:5850  第83章:5452  第84章:4879
          第85章:5285  第86章:8368  第87章:5729  第88章:5162  第89章:5222  第90章:6020
          第91章:5932  第92章:6782  第93章:6093  第94章:6984  第95章:6202  第96章:6003
          第97章:6266  第98章:5548  第99章:8236  第100章:6704  第101章:5958  第102章:6042
          第103章:5648  第104章:6030  第105章:5601  第106章:5982  第107章:8385  第108章:5186
          第109章:3843  第110章:4863  第111章:5006  第112章:4867  第113章:5338  第114章:4853
          第115章:5007  第116章:5383  第117章:5526

01:54:06  余心悠长 (鸭梨鸭梨) [完结+番外]  139p→95章  1112KB  OK
          https://www.52shuku.net/gl/17_b/bkdPD.html
          第1章 姐姐:4240  第2章 江大小姐:3421  第3章 下雨天:3651  第4章 争球场:4526  第5章 暖阳:3118  第6章 裂痕:2664
          第7章 破碎者:3634  第8章 姐妹与秘密:3627  第9章 阿公阿婆:2861  第10章 乡下的周末:2225  第11章 月考:3474  第12章 番茄鸡蛋面:2769
          第13章 过往:3044  第14章 聚会:3678  第15章 努力:3176  第16章 英语测试:4190  第17章 放学后的约定:4229  第18章 竞赛:4343
          第19章 报名表:3374  第20章 产检:3753  第21章 校运会:6486  第22章 篮球赛:5239  第23章 红糖水与保温盒:4859  第24章 痛苦的辩题:5348
          第25章 夹的远，嫁的远:4278  第26章 痛苦的意义:4626  第27章 新朋友:5606  第28章 明染理发店:3883  第29章 门的颜色:5558  第30章 薄荷:4801
          第31章 产房外的走廊:5094  第32章 风铃叮当:5683  第33章 钢琴房:3974  第34章 屋檐下的光:3505  第35章 痕迹:6495  第36章 大蚊子:3793
          第37章 我相信你:3077  第38章 迷路的小猫:3691  第39章 回家的路:2213  第40章 毛绒拖鞋:3730  第41章 场边的人:2366  第42章 破碎:2634
          第43章 起风了:2665  第44章 零点零分:5726  第45章 三十天:3812  第46章 家的样子:5345  第47章 天台:2533  第48章 事儿精:4423
          第49章 回头见:2648  第50章 锁:4680  第51章 走之前:4183  第52章 送别:2805  第53章 勇气:3525  第54章 团园:3975
          第55章 机票:2444  第56章 天亮之前:2850  第57章 奶茶店的拥抱:6728  第58章 花:4306  第59章 告白:3445  第60章 情人节:3793
          第61章 门缝里的光:3731  第62章 回程:4379  第63章 回来后的第一次聚会:2851  第64章 朋友:2346  第65章 通知:2084  第66章 成人礼:5423
          第67章 18岁:7897  第68章 请假条:4770  第69章 火锅:3440  第70章 清明:3398  第71章 倒计时:4379  第72章 高考:4526
          第73章 吻:4088  第74章 去向:3078  第75章 第一次:4587  第76章 沿海公路:3595  第77章 八月底:4072  第78章 两座城:2835
          第79章 北京:2953  第80章 九月的风:3125  第81章 回云州:5285  第82章 人多热闹:3340  第83章 返程:3076  第84章 冷战:2386
          第85章 礼物:3390  第86章 纸条:2128  第87章 加速键:2522  第88章 大人模样:3602  第89章 游玩北京:2953  第90章 证据:3295
          第91章 判决:2079  第92章 旧档案:2663  第93章 迟到的天光:2431  第94章 晚风:2813  第95章 严于律己（高言x蒋妤）:5289

01:54:27  我跟渣攻的白月光好上了 (木木无言) [完结+番外]  49p→63章  429KB  OK
          https://www.52shuku.net/gl/17_b/bkdPC.html
          第1章 1你敢跟我抢人:2006  第2章 2你真可怜:2171  第3章 3不过是个玩物:2081  第4章 4飞蛾扑火:2102  第5章 5她喜欢的是男人:2159  第6章 6难怪只是赝品:2313
          第7章 7跟她保持距离:2131  第8章 8严苓设计好的:2089  第9章 9吃醋:2056  第10章 10屈辱:2117  第11章 11秀分快啊:2369  第12章 12被严苓养废了:2240
          第13章 13偏爱:2172  第14章 14约定:2432  第15章 15护食:2367  第16章 16是我害了她:2214  第17章 17你太脏了:2254  第18章 18她恨死她了:2255
          第19章 19陷阱:2194  第20章 20糟蹋:2303  第21章 21给脸不要脸:2474  第22章 22难堪:2075  第23章 23非礼勿视:2038  第24章 24心怀不轨:2084
          第25章 25真脏:2178  第26章 26接吻:2279  第27章 27炫耀:2286  第28章 28以牙还牙:2124  第29章 29卑鄙:2139  第30章 30疼吗:2401
          第31章 31我喜欢你:2181  第32章 32别讨厌我:2024  第33章 33辜负:2153  第34章 34不重要了:2252  第35章 35疯子:2201  第36章 36顾茗老师:2261
          第37章 37非亲非故:2102  第38章 38第一次:2128  第39章 39看着你走:2437  第40章 40最后一次见面:2383  第41章 41真是疯了:2264  第42章 42如梦初醒:2106
          第43章 43祝你们幸福:2219  第44章 44想她:2299  第45章 45油嘴滑舌:2254  第46章 46嫉妒:2166  第47章 47名分:2222  第48章 48夫妻:2062
          第49章 49顾茗 出柜:2291  第50章 50见家长:2121  第51章 51正文完结:2460  第52章 52番外一:2200  第53章 53番外二:2418  第54章 54番外三:2101
          第55章 55番外四:2136  第56章 56番外五:2426  第57章 57番外六:2155  第58章 58番外七:2346  第59章 59顾茗的独白:2625  第60章 60顾言的独白:2078
          第61章 61婚后日常之冷战:2116  第62章 62婚后日常之夜聊:2571  第63章 63白头偕老:2430

01:54:44  栖息地 (巫念) [完结]  44p→34章  374KB  OK
          https://www.52shuku.net/gl/17_b/bkdPB.html
          第1章 【沈】伦敦:3558  第2章 【沈】离开:3476  第3章 【沈】今昨:3316  第4章 【沈】道别:3287  第5章 【沈】怀疑:3067  第6章 【沈】混乱:3069
          第7章 【沈】往事:3481  第8章 【沈】秘密:3469  第9章 【沈】谜底:3751  第10章 【岁】失忆？:3365  第11章 【岁】明天:3998  第12章 【岁】黎明:3893
          第13章 【岁】初见:3409  第14章 【沈】重逢:3897  第15章 【沈】爱河:4272  第16章 【沈】疗程:3345  第17章 【沈】策划:3827  第18章 【岁】回忆:3485
          第19章 【岁】冲动:3793  第20章 【沈】症状:3709  第21章 【沈】自己:3633  第22章 【沈】联系:3168  第23章 【沈】联系:4232  第24章 【沈】表白:3452
          第25章 【岁】喜欢:3185  第26章 【岁】梦境:3662  第27章 【岁】遗忘:3767  第28章 【岁】栖息:3554  第29章 【岁】母亲:3852  第30章 【岁】拾昔:3265
          第31章 【沈】等待:4054  第32章 【沈】朋友:3318  第33章 【沈】回望:4033  第34章 【沈】最后:3928

01:55:04  拯救计划进行中 (改改改名) [完结+番外]  48p→47章  432KB  OK
          https://www.52shuku.net/gl/17_b/bkdPA.html
          第一章:2895  第二章:3132  第三章:3019  第四章:3186  第五章:3036  第六章:3166
          第七章:3190  第八章:2954  第九章:3050  第十章:3049  第十一章:3058  第十二章:3041
          第十三章:3095  第十四章:3008  第十五章:3091  第十六章:2923  第十七章:3025  第十八章:3157
          第十九章:3187  第二十章:3211  第二十一章:3088  第二十二章:3058  第二十三章:3275  第二十四章:3152
          第二十五章:2836  第二十六章:3109  第二十七章:3246  第二十八章:3334  第二十九章:3076  第三十章:2881
          第三十一章:2932  第三十二章:2930  第三十三章:3112  第三十四章:2957  第三十五章:2940  第三十六章:3081
          第三十七章:3107  第三十八章:3139  第三十九章:3067  第四十章:3067  第四十一章:3148  第四十二章:3162
          第四十三章:3006  第四十四章:2841  第四十五章:3151  第四十六章:2953  第四十七章:1730

01:55:16  春日分别 (帕尔西法z) [完结+番外]  26p  (无章节标记)  232KB  OK
          https://www.52shuku.net/gl/17_b/bkdP9.html
          全文: 78010字

01:55:46  素手薇光 (自得圆满) [完结]  80p→70章  722KB  OK
          https://www.52shuku.net/gl/15_b/bkdPm.html
          第1章:3978  第2章:3251  第3章:3021  第4章:3064  第5章:3028  第6章:3003
          第7章:4406  第8章:2231  第9章:2143  第10章:1672  第11章:1160  第12章:1409
          第13章:2064  第14章:1859  第15章:3052  第16章:2189  第17章:2205  第18章:1658
          第19章:3207  第20章:3021  第21章:3705  第22章:3032  第23章:3008  第24章:1362
          第25章:1405  第26章:1880  第27章:3385  第28章:2829  第29章:3551  第30章:2352
          第31章:10149  第32章:9974  第33章:3299  第34章:3724  第35章:3414  第36章:3747
          第37章:4164  第38章:3238  第39章:4065  第40章:2146  第41章:5215  第42章:2107
          第43章:4551  第44章:1281  第45章:3700  第46章:2190  第47章:4075  第48章:3829
          第49章:4255  第50章:3583  第51章:4187  第52章:4568  第53章:3157  第54章:4505
          第55章:8567  第56章:2037  第57章:1964  第58章:2772  第59章:3223  第60章:3745
          第61章:4496  第62章:1720  第63章:3332  第64章:3223  第65章:3844  第66章:3320
          第67章:8579  第68章:2930  第69章:3270  第70章:4835

01:56:00  穿书后把男主的天降系抢走 (大肥基卷) [完结+番外]  30p→36章  258KB  OK
          https://www.52shuku.net/gl/15_b/bkdPl.html
          第1章 姬仔进言情小说里:2419  第2章 “目前一切设定均合理”:2138  第3章 终于蚌埠住了？:3082  第4章 沈大小姐：“我成长了”:2325  第5章 “我可是放鸽子一把好手”:2350  第6章 沈雨乔默念“男人都是狗屁”:2086
          第7章 夏韵竹精准雷区蹦迪:2197  第8章 换座位:2184  第9章 沈大小姐抢走第一了:2239  第10章 帮沈大小姐挡刀:2416  第11章 沈大小姐也是非酋:2395  第12章 青梅竹马的故事:2265
          第13章 逐渐偏离轨道:2530  第14章 沈大小姐：美女的事你别管！:2195  第15章 想邀功无果的沈猫猫:2263  第16章 夏韵竹或成大小姐树洞:2950  第17章 沈大小姐又来探望了:2178  第18章 总算能回学校:2468
          第19章 来沈大小姐家里:2435  第20章 有人想追夏韵竹:2319  第21章 夏某感冒了:2545  第22章 报名校运会:2541  第23章 沈大小姐被挑衅:2165  第24章 沈雨乔扭伤了:2192
          第25章 突然被告状:2376  第26章 渐行渐远渐无书:2204  第27章 七夕更新:1977  第28章 第 28 章:2194  第29章 补全:2625  第30章 互相吃醋？:2165
          第31章 待补全:1041  第32章 电灯胆:2537  第33章 正片开始:3064  第34章 猝不及防完结章:2747  第35章 中秋节番外:2276  第36章 夏韵竹的生日:2261

01:56:09  耳朵先说喜欢你 (不讲道李) [完结]  18p→14章  153KB  OK
          https://www.52shuku.net/gl/15_b/bkdPk.html
          第1章:3769  第2章:3447  第3章:3798  第4章:3620  第5章:3361  第6章:3181
          第7章:3258  第8章:3379  第9章:3427  第10章:3340  第11章:3327  第12章:3208
          第13章:3701  第14章:5207

01:57:54  到时再见 (一心向钱的浆果) [完结+番外]  292p→194章  2409KB  OK
          https://www.52shuku.net/gl/15_b/bkdOY.html
          第1章 到时，第1章:5153  第2章 到时，第2章:4636  第3章 到时，第3章:4340  第4章 到时，第4章:3844  第5章 到时，第5章:4357  第6章 到时，第6章:3939
          第7章 到时，第7章:4043  第8章 到时，第8章:4085  第9章 到时，第9章:4077  第10章 到时，第10章:3806  第11章 到时，第11章:4007  第12章 到时，第12章:4174
          第13章 到时，第13章:4042  第14章 到时，第14章:4183  第15章 到时，第15章:4169  第16章 到时，第16章:3582  第17章 到时，第17章:3272  第18章 到时，第18章:3495
          第19章 到时，第19章:3679  第20章 到时，第20章:3018  第21章 到时，第21章:5517  第22章 到时，第22章:3632  第23章 到时，第23章:4427  第24章 到时，第24章:3856
          第25章 到时，第25章:3713  第26章 到时，第26章:4129  第27章 到时，第27章:3714  第28章 到时，第28章:3817  第29章 到时，第29章:3701  第30章 到时，第30章:3870
          第31章 到时，第31章:4073  第32章 到时，第32章:3432  第33章 到时，第33章:4128  第34章 到时，第34章:3701  第35章 到时，第35章:3722  第36章 到时，第36章:3903
          第37章 到时，第37章:3836  第38章 到时，第38章:3765  第39章 到时，第39章:3549  第40章 到时，第40章:4573  第41章 到时，第41章:4088  第42章 到时，第42章:4137
          第43章 到时，第43章:3679  第44章 到时，第44章:3270  第45章 到时，第45章:4368  第46章 到时，第46章:3601  第47章 到时，第47章:3994  第48章 到时，第48章:4014
          第49章 到时，第49章:4222  第50章 到时，第50章:3942  第51章 到时，第51章:4299  第52章 到时，第52章:4544  第53章 到时，第53章:4798  第54章 到时，第54章:4207
          第55章 到时，第55章:4838  第56章 到时，第56章:4076  第57章 到时，第57章:5011  第58章 到时，第58章:4575  第59章 到时，第59章:3421  第60章 到时，第60章:3679
          第61章 到时，第61章:3713  第62章 到时，第62章:4117  第63章 到时，第63章:1597  第64章 到时，第64章:4040  第65章 到时，第65章:3671  第66章 到时，第66章:3991
          第67章 到时，第67章:3604  第68章 到时，第68章:4207  第69章 到时，第69章:3905  第70章 到时，第70章:883  第71章 到时，第71章:3903  第72章 到时，第72章:3675
          第73章 到时，第73章:3823  第74章 到时，第74章:4142  第75章 到时，第75章:4164  第76章 到时，第76章:3941  第77章 到时，第77章:3786  第78章 到时，第78章:4077
          第79章 到时，第79章:3691  第80章 到时，第80章:3682  第81章 到时，第81章:3848  第82章 到时，第82章:4274  第83章 到时，终:1743  第84章 番外:887
          第85章 再见，第1章:8077  第86章 再见，第2章:8543  第87章 再见，第3章:5106  第88章 再见，第4章:3988  第89章 再见，第5章:4171  第90章 再见，第6章:4396
          第91章 再见，第7章:4055  第92章 再见，第8章:4290  第93章 再见，第9章:4078  第94章 再见，第10章:4379  第95章 再见，第11章:4692  第96章 再见，第12章:3871
          第97章 再见，第13章:3772  第98章 再见，第14章:4024  第99章 再见，第15章:4015  第100章 再见，第16章:4125  第101章 再见，第17章:4254  第102章 再见，第18章:3930
          第103章 再见，第19章:4593  第104章 再见，第20章:4213  第105章 再见，第21章:4297  第106章 再见，第22章:4278  第107章 再见，第23章:4058  第108章 再见，第24章:3812
          第109章 再见，第25章:3962  第110章 再见，第26章:4233  第111章 再见，第27章:4128  第112章 再见，第28章:4425  第113章 再见，第29章:4369  第114章 再见，第30章:4148
          第115章 再见，第31章:3960  第116章 再见，第32章:3996  第117章 再见，第33章:4426  第118章 再见，第34章:4686  第119章 再见，第35章:4393  第120章 再见，第36章:3932
          第121章 再见，第37章:4132  第122章 再见，第38章:3995  第123章 再见，第39章:4306  第124章 再见，第40章:4318  第125章 再见，第41章:4691  第126章 再见，第42章:4094
          第127章 再见，第43章:3851  第128章 再见，第44章:3835  第129章 再见，第45章:3700  第130章 再见，第46章:3749  第131章 再见，第47章:4152  第132章 再见，第48章:4135
          第133章 再见，第49章:3853  第134章 再见，第50章:3826  第135章 再见，第51章:4062  第136章 再见，第52章:3836  第137章 再见，第53章:4264  第138章 再见，第54章:3882
          第139章 再见，第55章:3691  第140章 再见，第56章:4096  第141章 再见，第57章:3791  第142章 再见，第58章:4034  第143章 再见，第59章:3821  第144章 再见，第60章:4242
          第145章 再见，第61章:3730  第146章 再见，第62章:4091  第147章 再见，第63章:3849  第148章 再见，第64章:3900  第149章 再见，第65章:4529  第150章 再见，第66章:4176
          第151章 再见，第67章:4258  第152章 再见，第68章:4068  第153章 再见，第69章:4931  第154章 再见，第70章:3689  第155章 再见，第71章:4106  第156章 再见，第72章:3861
          第157章 再见，第73章:4048  第158章 再见，第74章:3960  第159章 再见，第75章:4258  第160章 再见，第76章:3901  第161章 再见，第77章:3751  第162章 再见，第78章:3689
          第163章 再见，第79章:3729  第164章 再见，第80章:4013  第165章 再见，第81章:3810  第166章 再见，第82章:3779  第167章 再见，第83章:3981  第168章 再见，第84章:4058
          第169章 再见，第85章:3825  第170章 再见，第86章:4012  第171章 再见，第87章:3824  第172章 再见，第88章:4020  第173章 再见，第89章:3957  第174章 再见，第90章:4168
          第175章 再见，第91章:3790  第176章 再见，第92章:3985  第177章 再见，第93章:3825  第178章 再见，第94章:3827  第179章 再见，第95章:3985  第180章 再见，第96章:3934
          第181章 再见，第97章:3973  第182章 再见，第98章:3778  第183章 再见，第99章:4521  第184章 再见，第100章:8736  第185章 再见，第101章:4149  第186章 再见，第102章:4778
          第187章 再见，第103章:3766  第188章 再见，第104章:4356  第189章 再见，第105章:4133  第190章 再见，第106章:4035  第191章 再见，第107章:3896  第192章 再见，第108章:9398
          第193章 再见，第109章:6159  第194章 浆果的话:1345

01:58:32  月落心安处 (半盏君) [完结]  100p→65章  928KB  OK
          https://www.52shuku.net/gl/15_b/bkdOX.html
          第1章 宿命牵引，心动不期而遇:3170  第2章 江老师您好，我叫何梓安:3531  第3章 岁月静好，大抵就是眼前的模样:3150  第4章 那你也找个女朋友呀:3173  第5章 暧昧，在无声中悄悄蔓延:3241  第6章 她确定喜欢江靖月:3248
          第7章 何梓安，救我:3489  第8章 有惊无险:3271  第9章 我想带你回去:3953  第10章 那个女孩会喜欢她吗？:3610  第11章 山顶深吻:3201  第12章 她是我女朋友:3484
          第13章 《River Flows In You》只为你而弹:3051  第14章 寒假别离:3456  第15章 除夕前往她的城市:3753  第16章 心归一处:4076  第17章 我等你带我再来:3743  第18章 暖阳遇清风:4898
          第19章 变故:4410  第20章 爱意未凉:7660  第21章 你会原谅我吗？:4711  第22章 重返净土寺:4630  第23章 订婚宴与远走他乡:7516  第24章 又到苹果成熟时:3606
          第25章 江靖月回国:3957  第26章 强迫未遂:4904  第27章 从此集团由她掌舵:5028  第28章 如果缘分未尽:6548  第29章 机遇与温暖同行:8640  第30章 集团总部借调:7479
          第31章 会是她吗？:4329  第32章 重逢如潮:7596  第33章 心向安处:6555  第34章 旧念难平:8281  第35章 解不开的心结:7696  第36章 江靖月南方巡检:4160
          第37章 五分醉意，五分演技:3339  第38章 执念与救赎:4746  第39章 暂留H市:7671  第40章 原来又误会她了:4940  第41章 吻她:6425  第42章 她吃醋了:7064
          第43章 慢慢靠近:4928  第44章 何梓安的占有欲:5234  第45章 加个联系方式吧:3393  第46章 被撩到了:3675  第47章 我们重新在一起了:4683  第48章 相拥而眠:5310
          第49章 造谣引起的的风波:6092  第50章 江总反攻了？:4218  第51章 江靖月出柜:4881  第52章 好好走下去:4675  第53章 那你来睡啊:3816  第54章 小别胜新婚:4206
          第55章 登门拜年:4862  第56章 你们在干嘛？:4566  第57章 生辰暖意:5377  第58章 心归处是彼此:4745  第59章 我们结婚吧:4595  第60章 婚宴前夕:4065
          第61章 婚礼:4894  第62章 喜上加喜:4996  第63章 除夕暖事:3652  第64章 待产:4058  第65章 正文完:3858

01:59:15  纯情狗A她总在向老婆求爱 (问仙求道) [完结+番外]  117p→106章  1013KB  OK
          https://www.52shuku.net/gl/15_b/bkdOW.html
          第1章 失心疯了:3539  第2章 家宴:3630  第3章 我睡觉挺老实的:2660  第4章 没兴趣:2867  第5章 别忘了你已经结婚了:3241  第6章 要死:3000
          第7章 失忆？妻子？:3153  第8章 听话:3081  第9章 屏蔽了:3053  第10章 探望:2197  第11章 出院:3026  第12章 挽回妻子的心:3156
          第13章 家庭煮A:3221  第14章 海洋馆:3063  第15章 谁耳机漏电了:2251  第16章 她不想:3291  第17章 那我亲亲看:3334  第18章 离婚吧:2089
          第19章 我想咬她:2354  第20章 高跟鞋:2967  第21章 巴掌:2093  第22章 跟女人结婚太幸福:3283  第23章 松弛有度:3156  第24章 想着吧:2919
          第25章 民宿:3450  第26章 听我讲话很无聊？:3576  第27章 好听话:4140  第28章 雨:2921  第29章 帮我:2748  第30章 我要进去:3690
          第31章 梦:3660  第32章 一直:2708  第33章 求你:2913  第34章 能不死吗:2214  第35章 决斗！:3720  第36章 跪行:3853
          第37章 离婚play:2402  第38章 想:3418  第39章 Merry Christmas:3184  第40章 要帮我戴上吗:2924  第41章 我养你:2862  第42章 姐:2700
          第43章 索吻:2911  第44章 惩罚:3774  第45章 朋友圈:3332  第46章 匍匐着臣服:2647  第47章 色诱:3512  第48章 最萌之物:2507
          第49章 赞助灭火器:3188  第50章 老婆快给我撑腰呀:3140  第51章 不足矣:2594  第52章 三秒:3891  第53章 一点也不乖:4121  第54章 嫁妆:3719
          第55章 奇迹妻妻:2122  第56章 跟哪个野人在一起！:3597  第57章 我不会:2852  第58章 坏狗:2518  第59章 Yy:3383  第60章 撞死:4088
          第61章 别穿:3190  第62章 妻子的标记:3999  第63章 留纪念:2443  第64章 表妹妻:2928  第65章 秘密:2687  第66章 妻子妈妈:2981
          第67章 烟火:2221  第68章 Stop:4167  第69章 美颜暴击:2719  第70章 出片:3096  第71章 对镜:2078  第72章 主播离异带娃:2195
          第73章 死水:3308  第74章 猫窑子:3227  第75章 再粘粘我:2049  第76章 沈教授:2979  第77章 受虐狂:4183  第78章 堕落:2086
          第79章 母乳:3568  第80章 小妻子:4122  第81章 坏小孩:4238  第82章 就爱吃亏上当:3873  第83章 再见:2937  第84章 太好了:3076
          第85章 遗憾:2479  第86章 小说:3013  第87章 缺婆娘:4867  第88章 病人:3467  第89章 凡事都有姐妹:2584  第90章 骂了:3243
          第91章 姬感爆棚:5713  第92章 讨厌:2747  第93章 怨天尤人:2634  第94章 骗子:2980  第95章 上来:3027  第96章 车票:2709
          第97章 妈咪也喜欢你:5238  第98章 回头:4519  第99章 妻狗99:3141  第100章 更激烈:3126  第101章 误入贼窝:3070  第102章 孙女媳:3319
          第103章 罚:2397  第104章 愿望:2087  第105章 吾妻神:4202  第106章 混乱的时间线:3033

01:59:50  修理恋爱 (浊鸢鱼) [完结]  90p→68章  779KB  OK
          https://www.52shuku.net/gl/15_b/bkdOV.html
          第1章 修车:2980  第2章 正经地方:3164  第3章 体面:4216  第4章 包子:4323  第5章 俗人:3115  第6章 面试:3643
          第7章 奶茶:4522  第8章 熟人:3871  第9章 心事:3259  第10章 雨:3543  第11章 透气:3036  第12章 心脏:3670
          第13章 取车:3277  第14章 空调:3294  第15章 水池:3353  第16章 花束:3350  第17章 梨子:3130  第18章 修理工:3335
          第19章 房子:2862  第20章 观影:3002  第21章 旧人:3317  第22章 不安:4259  第23章 室友:3115  第24章 初恋:4832
          第25章 关店:4306  第26章 胆小鬼:4161  第27章 生病:2530  第28章 好眠:3232  第29章 回校:4755  第30章 机构:4075
          第31章 计划:4387  第32章 难熬:4572  第33章 好梦:3416  第34章 扫雪:2443  第35章 对峙:2761  第36章 争执:3901
          第37章 离开:3989  第38章 回村:3912  第39章 情商:4014  第40章 夜谈:3760  第41章 菜园:3970  第42章 信息:3439
          第43章 麻辣烫:3991  第44章 手机店:4232  第45章 露馅:3532  第46章 路上:4238  第47章 游戏:3812  第48章 暗恋:3736
          第49章 答案:3684  第50章 实感:3826  第51章 入职:3994  第52章 虚无:3778  第53章 隔岸观火:4134  第54章 寻找:4241
          第55章 信任:4818  第56章 准备就绪:5294  第57章 初雪:4186  第58章 聚会:4411  第59章 泪:5280  第60章 接人:3978
          第61章 节目:3961  第62章 捞鱼:3418  第63章 工作室:3163  第64章 甜点:4642  第65章 泳池:4691  第66章 礼服:3700
          第67章 灵感:3478  第68章 新朋友:4104

02:01:28  赛博宿敌怎么是我同事啊 (椒盐橘) [完结+番外]  271p→145章  2419KB  OK
          https://www.52shuku.net/gl/14_b/bkdOU.html
          第1章:4635  第2章:5155  第3章:3549  第4章:4726  第5章:3684  第6章:4212
          第7章:5507  第8章:3894  第9章:3485  第10章:4155  第11章:5043  第12章:4102
          第13章:3310  第14章:3457  第15章:4164  第16章:4015  第17章:3815  第18章:5289
          第19章:5774  第20章:3570  第21章:4808  第22章:12540  第23章:5690  第24章:4423
          第25章:8412  第26章:5338  第27章:7583  第28章:4351  第29章:5505  第30章:5980
          第31章:4396  第32章:4851  第33章:5064  第34章:8090  第35章:8241  第36章:7959
          第37章:4880  第38章:8728  第39章:5431  第40章:8726  第41章:6292  第42章:9339
          第43章:3466  第44章:7041  第45章:8223  第46章:3460  第47章:8817  第48章:4981
          第49章:5913  第50章:4546  第51章:4432  第52章:4972  第53章:4665  第54章:4877
          第55章:4376  第56章:4850  第57章:6610  第58章:7612  第59章:8111  第60章:6038
          第61章:5223  第62章:7584  第63章:9249  第64章:4979  第65章:5474  第66章:4590
          第67章:6354  第68章:6887  第69章:3309  第70章:4735  第71章:4374  第72章:3249
          第73章:3690  第74章:3321  第75章:5308  第76章:4507  第77章:3686  第78章:6815
          第79章:3763  第80章:4647  第81章:4200  第82章:4547  第83章:4222  第84章:4973
          第85章:6709  第86章:5839  第87章:3517  第88章:4602  第89章:3696  第90章:3647
          第91章:6859  第92章:3463  第93章:3344  第94章:5248  第95章:6556  第96章:5263
          第97章:4821  第98章:3820  第99章:10953  第100章:10134  第101章:5028  第102章:6913
          第103章:3876  第104章:6680  第105章:5458  第106章:4245  第107章:4802  第108章:6437
          第109章:5465  第110章:4641  第111章:4033  第112章:7444  第113章:7632  第114章:7333
          第115章:8524  第116章:3893  第117章:8568  第118章:9780  第119章:9851  第120章:4524
          第121章:4717  第122章:7981  第123章:6156  第124章:8569  第125章:3987  第126章:3057
          第127章:6912  第128章:4409  第129章:6995  第130章:6815  第131章:2821  第132章:3431
          第133章:8158  第134章:4208  第135章:4782  第136章:4332  第137章:6658  第138章:6257
          第139章:7076  第140章:5750  第141章:4689  第142章:5044  第143章:7139  第144章:5261
          第145章:3051

02:03:14  冬日热恋 (江一水) [完结+番外]  290p→133章  2508KB  OK
          https://www.52shuku.net/gl/14_b/bkdOT.html
          第1章:3674  第2章:3513  第3章:3562  第4章:3897  第5章:3356  第6章:4409
          第7章:4300  第8章:4586  第9章:2641  第10章:2399  第11章:4072  第12章:3030
          第13章:5510  第14章:7943  第15章:3968  第16章:7963  第17章:6161  第18章:4219
          第19章:6923  第20章:4727  第21章:5193  第22章:6140  第23章:6615  第24章:5315
          第25章:5404  第26章:4262  第27章:8291  第28章:4459  第29章:5677  第30章:3624
          第31章:5168  第32章:4127  第33章:4406  第34章:4435  第35章:4370  第36章:3393
          第37章:3221  第38章:4512  第39章:4091  第40章:4619  第41章:4697  第42章:4685
          第43章:5730  第44章:5632  第45章:5762  第46章:4095  第47章:5594  第48章:3207
          第49章:3239  第50章:5440  第51章:5128  第52章:4114  第53章:7053  第54章:3956
          第55章:3033  第56章:5042  第57章:4567  第58章:6854  第59章:7589  第60章:6689
          第61章:8591  第62章:9132  第63章:8050  第64章:7567  第65章:6691  第66章:7134
          第67章:10917  第68章:6453  第69章:6851  第70章:6743  第71章:6568  第72章:11063
          第73章:9854  第74章:8885  第75章:9096  第76章:7253  第77章:8764  第78章:7906
          第79章:10051  第80章:6921  第81章:10206  第82章:11039  第83章:8919  第84章:6381
          第85章:8504  第86章:9658  第87章:7203  第88章:6513  第89章:8268  第90章:6236
          第91章:7983  第92章:7541  第93章:7564  第94章:7775  第95章:8050  第96章:7183
          第97章:6925  第98章:6266  第99章:7539  第100章:7577  第101章:6705  第102章:6331
          第103章:7357  第104章:6417  第105章:6555  第106章:7314  第107章:7277  第108章:6193
          第109章:7874  第110章:6975  第111章:8924  第112章:8919  第113章:6244  第114章:6859
          第115章:6570  第116章:6888  第117章:6302  第118章:6398  第119章:9027  第120章:6111
          第121章:6161  第122章:6539  第123章:6580  第124章:6359  第125章:6539  第126章:7183
          第127章:6876  第128章:5907  第129章:4767  第130章:7278  第131章:3373  第132章:7557
          第133章:3110

02:03:54  每天都想叛逃师门 (黑糖白茶) [完结]  103p→78章  915KB  OK
          https://www.52shuku.net/gl/14_b/bkdOH.html
          第1章:3708  第2章:4501  第3章:3478  第4章:4065  第5章:3302  第6章:3214
          第7章:3164  第8章:3412  第9章:3423  第10章:4819  第11章:3456  第12章:3551
          第13章:3823  第14章:7320  第15章:3946  第16章:3968  第17章:11761  第18章:4659
          第19章:6137  第20章:3803  第21章:3440  第22章:3638  第23章:3246  第24章:3922
          第25章:3654  第26章:3882  第27章:3174  第28章:3120  第29章:3655  第30章:4243
          第31章:4431  第32章:3459  第33章:3186  第34章:3630  第35章:3579  第36章:3271
          第37章:5051  第38章:3105  第39章:3492  第40章:3398  第41章:3249  第42章:3062
          第43章:3273  第44章:3324  第45章:3209  第46章:3639  第47章:3116  第48章:3660
          第49章:3268  第50章:3651  第51章:3038  第52章:3240  第53章:6085  第54章:3530
          第55章:3160  第56章:3152  第57章:3225  第58章:3240  第59章:3404  第60章:3442
          第61章:3284  第62章:3373  第63章:3077  第64章:4049  第65章:3533  第66章:3433
          第67章:3440  第68章:7148  第69章:3399  第70章:3245  第71章:3394  第72章:3406
          第73章:3168  第74章:3191  第75章:3335  第76章:5092  第77章:5653  第78章:6260

02:04:35  影后她隐婚生子 (洱丫) [完结+番外]  107p→80章  938KB  OK
          https://www.52shuku.net/gl/14_b/bkdOG.html
          第1章 初遇:3317  第2章 软禁:3549  第3章 威胁:3728  第4章 射杀:4091  第5章 拥抱:3631  第6章 挑衅:4299
          第7章 击杀:3157  第8章 噩耗:3586  第9章 同居:4150  第10章 偷吃:3387  第11章 结婚:3630  第12章 登记:3653
          第13章 惊喜:4110  第14章 危机:3839  第15章 亲吻:3593  第16章 上药:3078  第17章 争吵:4256  第18章 和好:3540
          第19章 婚礼:4435  第20章 养猫:3791  第21章 坏猫:4956  第22章 不适:3564  第23章 真相:5120  第24章 热搜:3975
          第25章 呆子:3931  第26章 施暴:3362  第27章 吃醋:4168  第28章 噩耗:3315  第29章 离婚:4099  第30章 升温:3951
          第31章 心疼:4257  第32章 孩子:3439  第33章 害臊:3823  第34章 情敌:4016  第35章 初吻:5639  第36章 索吻:3266
          第37章 分房:3514  第38章 仇杀:3647  第39章 恩怨:3687  第40章 哄睡:3664  第41章 标记:4116  第42章 甜腻:4097
          第43章 恐惧:3923  第44章 争吵:3585  第45章 占有:3677  第46章 接吻:3498  第47章 炽热:3510  第48章 偏执:3750
          第49章 婚姻:3832  第50章 纵容:3400  第51章 生日:3873  第52章 礼物:3261  第53章 引诱:3490  第54章 撒娇:3560
          第55章 断念:3651  第56章 调情:3190  第57章 初次上:2962  第58章 初次下:3634  第59章 度假:4170  第60章 冲突:3178
          第61章 怀孕:3798  第62章 喜讯:3162  第63章 生产:3635  第64章 偏心:3143  第65章 爱人:3919  第66章 孕期:3594
          第67章 生产:4289  第68章 爱护:3451  第69章 结局上:3271  第70章 结局下:4670  第71章 盛晏舟—错位上:6436  第72章 盛晏舟—错位下:6048
          第73章 时运—梅雨:6769  第74章 苏应篇一:3140  第75章 苏应篇二:3228  第76章 苏应篇三:3293  第77章 苏应篇四:3573  第78章 苏应篇五:4639
          第79章 养娃日常:5998  第80章 后记:3215

02:04:41  加盐巧克力 (应洗红) [完结+番外]  13p  (无章节标记)  106KB  OK
          https://www.52shuku.net/gl/14_b/bkdOF.html
          全文: 36597字

02:06:27  谍影迷情 (凌风雪) [完结+番外]  294p→257章  2579KB  OK
          https://www.52shuku.net/gl/14_b/bkdOE.html
          第1章 谍影初醒(修):3052  第2章 绝境博弈(修):3509  第3章 冰山女神(修):3320  第4章 两人对抗(修):3449  第5章 格斗训练(修):3430  第6章 饭厅风波(修):3202
          第7章 强制组队(修):3130  第8章 信任射击(修):3027  第9章 野外生存(修):3374  第10章 寝夜微暖(修):3353  第11章 协同侦哨(修):3363  第12章 险坠援护(修):3431
          第13章 夜浴冲突(修):3150  第14章 军械勾陷(修):3263  第15章 她的在意(修):3305  第16章 为她出头(修):3004  第17章 念入缝隙:3653  第18章 欢颜回归:3377
          第19章 雷霆反击:3029  第20章 初到她家(修):3003  第21章 舞绽真心(修):3442  第22章 津港暴乱:3069  第23章 明晨有约:3243  第24章 关东武馆:3206
          第25章 危宴将至:3375  第26章 书房集训:3512  第27章 茶会入局(修):3377  第28章 津港商会:3536  第29章 接聘设局(修):3192  第30章 军校博弈:3400
          第31章 一起受罚:3681  第32章 她的暖意:3518  第33章 初次告白:3360  第34章 乙丑密约(修):3333  第35章 首次任务:3133  第36章 窃波初漾(修):3402
          第37章 反探敌踪:3353  第38章 暗破陷阱:3446  第39章 宴变藏危:3529  第40章 镜映心动:3184  第41章 她爱着她:3479  第42章 她离开后:3551
          第43章 姐妹重逢:3068  第44章 灯下习术:3734  第45章 错念成殤:3606  第46章 隐秘情愫:3739  第47章 风雪惊变:3208  第48章 愧疚缠心(修):3810
          第49章 铁轨谍影:2819  第50章 祸水东引:3501  第51章 二次搜捕:2789  第52章 意外解围:2782  第53章 血色月台:3001  第54章 沪上暂歇:3192
          第55章 再次相遇:2773  第56章 情丝难断:3154  第57章 危机四伏:3257  第58章 沪上危行:2821  第59章 沪上潜行:3243  第60章 危局情深:2845
          第61章 惊见缉令:2775  第62章 惊梦难安:3143  第63章 虎口脱险:3336  第64章 爱意滚烫:3024  第65章 重归于好:3047  第66章 默契妻妻:2943
          第67章 爱火燎原:2745  第68章 生辰互许:2916  第69章 妻妻出门:2977  第70章 死路对峙:2785  第71章 姐妹晤面:2917  第72章 妻妻做菜:2735
          第73章 夜暖相依:3058  第74章 雅装同游:3262  第75章 乱世祈安:3355  第76章 巡捕拦途:2840  第77章 妻妻溜冰:3146  第78章 乱世清欢:3236
          第79章 姜汤暖疾:3034  第80章 乱世之爱:2844  第81章 坦彻心扉:3384  第82章 雪夜密计:3150  第83章 水塔待缚:3567  第84章 沉绪难平:3111
          第85章 爱意情浓:3356  第86章 沈家邀约:2957  第87章 前往沈府:2897  第88章 沈父发怒:3109  第89章 婚约惊变:2832  第90章 故地愁肠:2815
          第91章 寒夜擦肩:2727  第92章 长夜煎心:3369  第93章 爱的撕咬:3782  第94章 软语温言:3021  第95章 是你值得:3536  第96章 拜访姐姐:3202
          第97章 家庭聚会:3517  第98章 暂定新居:3211  第99章 资金垄断:3317  第100章 周密计划:3340  第101章 商会混乱:3038  第102章 上岛会长:3152
          第103章 再遇小满:3311  第104章 心头之事:3006  第105章 龙川肥圆:2903  第106章 如履薄冰:3226  第107章 关键情报:3591  第108章 交换情报:3367
          第109章 传递情报:3522  第110章 巷隅惊变:3182  第111章 困兽之斗:4209  第112章 雾锁危局:3018  第113章 夜访清澜:4189  第114章 心事解开:2809
          第115章 爱的坦白:4170  第116章 静候良机:3933  第117章 借力打力:4106  第118章 天定情缘:3955  第119章 密码机器:3413  第120章 步步惊心:3226
          第121章 森左田樱:4046  第122章 静瑶重逢:3412  第123章 刀锋暗舞:5435  第124章 移祸脱身:3805  第125章 共产党人:3796  第126章 搬入新家:3070
          第127章 婚姻之事:3648  第128章 花厅家宴:3605  第129章 森左来访:3478  第130章 步步惊心:3986  第131章 小满回归:3585  第132章 同志牺牲:4031
          第133章 周密计划:2932  第134章 睡前的吻:2952  第135章 探查地形:3146  第136章 剑术博弈:4249  第137章 森左解围:4038  第138章 寒夜相依:2820
          第139章 潜影赴宴:3410  第140章 高桥寿宴:3111  第141章 寿宴惊波:4146  第142章 鬼面刺杀:2826  第143章 刺杀落幕:2727  第144章 欢颜生日:3436
          第145章 生日快乐:3328  第146章 紧急任务:3209  第147章 小满被捕:4365  第148章 魔鬼部队:2905  第149章 身赴敌穴:3933  第150章 审讯阶段:2847
          第151章 小满牺牲:4382  第152章 她还有她:3627  第153章 军国荼毒:4087  第154章 高桥死亡:3811  第155章 上岛杀心:3546  第156章 身份暴露:4181
          第157章 挟持森左:3058  第158章 清澜赶到:3417  第159章 要救老婆:3291  第160章 危机时刻:3273  第161章 争分夺秒:3498  第162章 惊险逃脱:4283
          第163章 森左求死:2558  第164章 桐花落泪:4182  第165章 照顾老婆:2914  第166章 审讯森左:3727  第167章 森左血偿:2840  第168章 焦圈豆汁:3233
          第169章 军统除名:4223  第170章 意外备份:3816  第171章 沈父震怒:3620  第172章 与父割裂:3493  第173章 搬入新家:4342  第174章 妻妻置家:2709
          第175章 一诺倾心:2938  第176章 遵命老婆:2719  第177章 骤起波澜:3849  第178章 沈家囚笼:2839  第179章 执手明志:2753  第180章 告别沈家:2622
          第181章 脱离沈家(修):3093  第182章 情绪低迷:2945  第183章 新年快乐:3582  第184章 过年之夜:2938  第185章 温存时刻:3119  第186章 入党前夕:3196
          第187章 再遇静瑶:3882  第188章 静瑶之危:3928  第189章 清风赴约:2950  第190章 加入组织:3618  第191章 曼丽同志:3756  第192章 执行任务:3509
          第193章 制定计划:2675  第194章 虎口取舟:4238  第195章 海上危行:3240  第196章 潜入敌船:2653  第197章 场面混乱:2585  第198章 趁胜追击:3031
          第199章 她的心疼:3399  第200章 她就宠她:2769  第201章 温润软语:2715  第202章 静瑶噩耗:3734  第203章 忆起当年:2938  第204章 事发突然:2640
          第205章 她的暖心:3344  第206章 温情之夜:3562  第207章 密电风波:3030  第208章 行动前夕:3654  第209章 掉包行动:3883  第210章 浑水摸鱼:3151
          第211章 码头枪战:3030  第212章 狼子野心:4344  第213章 善恶有报:2724  第214章 念安到来:3803  第215章 长夜相依:3822  第216章 妻妻听戏:3921
          第217章 戏台密语:2754  第218章 破解昆曲:3733  第219章 密令除歼:3599  第220章 诱杀计划:3858  第221章 精心布局:3195  第222章 鱼儿上钩:3561
          第223章 热锅蚂蚁:4389  第224章 码头布局:3640  第225章 榨干价值:2542  第226章 牢底坐穿:2675  第227章 尘封往事:3239  第228章 念安清澜:3054
          第229章 紧急会议:3561  第230章 皆是温情:2769  第231章 探望曼丽:3474  第232章 妻妻情深:3368  第233章 雨夜别离:3447  第234章 乱世浮沉:2818
          第235章 出发关水:2499  第236章 密林潜伏:3519  第237章 芦苇救童:4228  第238章 潜伏行动:2977  第239章 仓库遇险:2560  第240章 二楼突击:2659
          第241章 绝境救援:2445  第242章 罪证公布:3110  第243章 念安绝笔:2814  第244章 危局部署:2456  第245章 念安诀别:2597  第246章 念安牺牲:2848
          第247章 清澜崩溃:2556  第248章 五星红旗:3045  第249章 婚礼之事:2219  第250章 时光杂货:3533  第251章 温情脉脉:2983  第252章 老婆大人:2539
          第253章 团圆午宴:3403  第254章 筹备婚礼:3452  第255章 大婚之日:4068  第256章 回程之路:3563  第257章 岁岁年年:3749

02:07:25  捡的猫变A后总想标记我 (盒不困) [完结+番外]  153p→139章  1296KB  OK
          https://www.52shuku.net/gl/13_b/bkdNP.html
          第1章:3671  第2章:2418  第3章:1588  第4章:2007  第5章:1892  第6章:2031
          第7章:2300  第8章:2110  第9章:2010  第10章:2013  第11章:2180  第12章:2035
          第13章:2288  第14章:2130  第15章:1989  第16章:2027  第17章:2629  第18章:1909
          第19章:2125  第20章:2294  第21章:1948  第22章:2149  第23章:2358  第24章:1902
          第25章:2228  第26章:2273  第27章:2003  第28章:1794  第29章:2053  第30章:1933
          第31章:2116  第32章:2044  第33章:1839  第34章:2242  第35章:10233  第36章:3364
          第37章:3240  第38章:3240  第39章:3230  第40章:3253  第41章:3269  第42章:3203
          第43章:3290  第44章:3405  第45章:4265  第46章:2686  第47章:3251  第48章:3209
          第49章:3231  第50章:3070  第51章:3262  第52章:2312  第53章:3240  第54章:3235
          第55章:3210  第56章:3315  第57章:3247  第58章:3259  第59章:3221  第60章:3261
          第61章:3882  第62章:3204  第63章:3279  第64章:3231  第65章:3214  第66章:3194
          第67章:3228  第68章:3206  第69章:3244  第70章:3202  第71章:3264  第72章:3194
          第73章:4560  第74章:3631  第75章:3319  第76章:3196  第77章:5307  第78章:4577
          第79章:3888  第80章:3214  第81章:2877  第82章:3221  第83章:3226  第84章:5185
          第85章:3227  第86章:3227  第87章:4535  第88章:3220  第89章:3248  第90章:3405
          第91章:2776  第92章:3221  第93章:3234  第94章:3207  第95章:2601  第96章:3237
          第97章:3220  第98章:2556  第99章:1839  第100章:3204  第101章:3202  第102章:3269
          第103章:3240  第104章:3885  第105章:3301  第106章:3239  第107章:3528  第108章:3215
          第109章:3535  第110章:3211  第111章:3164  第112章:3284  第113章:2894  第114章:3210
          第115章:3738  第116章:3207  第117章:3341  第118章:3864  第119章:3332  第120章:2815
          第121章:3235  第122章:3197  第123章:2403  第124章:2557  第125章:3247  第126章:3316
          第127章:3606  第128章:3620  第129章:3287  第130章:4202  第131章:3229  第132章:3295
          第133章:3255  第134章:3274  第135章:3255  第136章 番外1:4681  第137章 番外2:3906  第138章 番外3:5351
          第139章 番外终:2422

02:08:15  [盗墓同人] 家主年年换解药，修罗场炸了 (二号阿败) [完结]  136p→98章  1186KB  OK
          https://www.52shuku.net/gl/13_b/bkdNG.html
          第1章 十天之内，坐等暴毙身亡:3868  第2章 明天，记得早些来:3774  第3章 灯还没灭，怕是……:3350  第4章 不行，家主尚未起身:3715  第5章 只是卖卖力气:3450  第6章 更轻佻越礼的:3690
          第7章 求家主，赐下……:2978  第8章 正该把腿打断:3240  第9章 传言说屈膝献媚:3431  第10章 跟人打起来啦:3260  第11章 残缺成这样？:2867  第12章 大半是私心，听吗:3489
          第13章 管得太多了点:3057  第14章 觉得我该成婚？:3621  第15章 要不要亲一下:3701  第16章 护着还来不及:4117  第17章 没事，皮肉伤:3597  第18章 倒计时三十天:4943
          第19章 ……啧:2954  第20章 发生在三天前:4537  第21章 生死不明:2086  第22章 要怎样回报？:2722  第23章 帮家主叫水:5061  第24章 只是个死人:4679
          第25章 你情我愿，就在昨晚:3559  第26章 未免还是碍眼:4043  第27章 可要好好奖赏:4955  第28章 还很主动呢:3878  第29章 走之前，要不要抱？:3801  第30章 管他俩打生打死:3008
          第31章 新找的小男人？:4678  第32章 倒像急着捉奸:3840  第33章 反正小鱼在外面守着:4463  第34章 什么叫“也”闻得到？:5238  第35章 是不是还要重温旧情:5548  第36章 你劝我多试几个？:3341
          第37章 累的走不动了:5104  第38章 怕张崇突然醒来:4881  第39章 今夜无事，记得备水:5064  第40章 只打算玩弄取乐:4266  第41章 现在没力气动手:4777  第42章 跟张启山截然相反:4662
          第43章 为家主说媒牵喜:5052  第44章 不想推开我吗:4488  第45章 他才是真正趁虚而入:2705  第46章 家主真是秀色可餐:3784  第47章 老古董终于想开了:4992  第48章 冲击太大，短路中:4243
          第49章 没一个靠谱的:5764  第50章 多喝鹿血，发发汗:4554  第51章 这次可全是意外:4348  第52章 这地方滑的紧:4647  第53章 虾仔……也在啊？:3556  第54章 该不会看到了:2606
          第55章 该不会毁容吧？:3805  第56章 我不信，他人呢？:5683  第57章 还是个闷骚呢:5187  第58章 怎么会是口脂:3214  第59章 刚刚还在想你:4033  第60章 别忘了分寸，海侠:3577
          第61章 ——张海楼？！:3700  第62章 道一声恭喜吧:3586  第63章 这胜利是你期待吗:4181  第64章 这么快再毒发？:5244  第65章 要我杀了他么:3420  第66章 好……家主~:3981
          第67章 我也想跟家主一起:3177  第68章 那天晚上，是我……:4736  第69章 是你动了手脚:5251  第70章 还会吃了你不成:3292  第71章 直接亲了……？:5689  第72章 现在轮到他自己:3676
          第73章 知道什么，快说！:4595  第74章 来追杀我的？:5627  第75章 婚礼怎么办？:3845  第76章 不是他的手，那……:3895  第77章 ——放开家主！:3439  第78章 对我真有过……:4023
          第79章 要对家主做什么？:2824  第80章 不想用他们？我可以:3554  第81章 第一个下手的就是你:4572  第82章 唯一想做的事情:2177  第83章 无需汇报少主（重写加量版本！）:4415  第84章 我来之前喝了药:5444
          第85章 ……刚刚，是师兄？:2724  第86章 从头至尾不信我:3834  第87章 撞见他梦里喊……:1899  第88章 小混蛋不可能连着出:3734  第89章 这觉一点也不安稳:4558  第90章 您会怎么做？:2516
          第91章 我不干，您不准死:6396  第92章 明知后果，主动为之？:3097  第93章 三月内能到么？:3008  第94章 父母很期待见您:5267  第95章 走不了了，放心:4104  第96章 崇峦雨过碧瑶光:4415
          第97章 官事归来衣雪埋:3134  第98章 楼上黄昏欲望休+完结感言:2402

02:09:15  高冷师尊夜夜被偏执反派偷亲 (游红尘) [完结]  157p→205章  1376KB  OK
          https://www.52shuku.net/gl/13_b/bkdNF.html
          第1章 穿成师尊［正文完结，放心看］:2569  第2章 我在训斥他啊:2089  第3章 他没有弄丢:2402  第4章 匪夷所思的一幕:1825  第5章 装逼也是有代价的:2231  第6章 本君和萧恒，只是师徒:2218
          第7章 他是我新收的徒弟，名叫谢渊:1963  第8章 觉得刺眼:1857  第9章 想想就好笑:2184  第10章 他是你儿子？:1961  第11章 吞天蟒玄清:2902  第12章 师尊，你会怎么做:1557
          第13章 你这脸怎么这么红？:1926  第14章 不是就滚:1857  第15章 我会留宿此处:1626  第16章 主仆协议:1992  第17章 玄清，咱俩商量个事儿好不好:1791  第18章 纠缠你一生:2184
          第19章 真是吵得很:3942  第20章 新年快乐，谢渊:2421  第21章 师尊别气:2148  第22章 值得:1712  第23章 女主沈欢:1991  第24章 像要破碎了一样:2226
          第25章 城主府:1984  第26章 谢渊：我来做新娘:2271  第27章 任谢渊握着:2067  第28章 真奇怪:2183  第29章 我只是个替身而已:2878  第30章 羞耻的任务:2365
          第31章 我喜欢师尊:1024  第32章 偷亲师尊:1430  第33章 嘴肿了:2025  第34章 辱骂都好似奖赏:2032  第35章 好想亲:1624  第36章 你是我一个人的:2600
          第37章 师尊想我了？:1919  第38章 谢渊的腰挺有劲:2222  第39章 我的弟子不劳烦诸位:2097  第40章 我是谢渊，不是萧恒:2494  第41章 如何亵渎你:2244  第42章 他不知道谢渊为什么喜欢他:2307
          第43章 断绝师徒关系:1811  第44章 师尊是我的求而不得:1437  第45章 师尊你还是会伤心的:2732  第46章 像是在勾引他:2060  第47章 美貌很具有蛊惑性:1950  第48章 死遁倒计时:2291
          第49章 触发关键剧情点:1818  第50章 钓到一条大鱼:1932  第51章 师尊出事了:2359  第52章 凭你也配得到我的惊封剑？:2131  第53章 死遁:2370  第54章 求求宿主救场:4063
          第55章 和女朋友也差不多:2021  第56章 谢渊他竟然！竟然！:2035  第57章 温时卿觉得脸都丢光了:2001  第58章 心虚地舔掉:1506  第59章 掉马！:1794  第60章 强制！:1940
          第61章 我占有你:1751  第62章 囚禁！:1497  第63章 别碰我！:1095  第64章 师尊抱抱我:1224  第65章 有师尊的味道，真香:1745  第66章 谢渊他不一样:1903
          第67章 师尊你对我是有感觉的:1612  第68章 想抱着师尊睡:1843  第69章 师尊是在和我调情吗？:2252  第70章 你会舍不得我吗？:1760  第71章 温道君被囚禁了:1959  第72章 是师尊你太好骗:2015
          第73章 师尊，我爱你:4049  第74章 阴阳冕能复活人的身体？:2031  第75章 你救不了谢渊！:1948  第76章 谢渊已经死了:1190  第77章 把谢渊还给我:2806  第78章 温道君这是殉情了吗？:2177
          第79章 谢渊值得你所有的好:2091  第80章 师尊摸我了:1741  第81章 你是爱我的:2176  第82章 骗着师尊爱上他:2054  第83章 哄一哄谢渊:2018  第84章 能在你的体内为所欲为:2380
          第85章 你，混蛋:2180  第86章 师尊，张开嘴:2309  第87章 我才是师尊的娘子:2008  第88章 师尊就是该被压的:1823  第89章 我真的离不开你:2181  第90章 那你要回来好不好？:1902
          第91章 我比女修差在哪里？:2145  第92章 女装只有0次和亿次:1906  第93章 谢渊是他温时卿的亲传:2236  第94章 不喜欢让别人碰他:1790  第95章 亲两口解解馋:3324  第96章 女装半强制师尊（沦陷）［修］:4000
          第97章 谢渊的花样太多了:1843  第98章 入了洞房就是你的娘子:2488  第99章 所以你就亲我？:1918  第100章 坐到我腿上来:2196  第101章 求师尊怜惜我:2091  第102章 根本招架不住:2118
          第103章 问天宗天天都这么刺激？:2069  第104章 我属于我师尊:2756  第105章 阿渊，帮帮我:1864  第106章 师弟变师娘:2492  第107章 因为师尊爱我:1909  第108章 他俩是真不清白:2299
          第109章 只能忍耐:2280  第110章 我喜……:2079  第111章 谢小渊也哭了:2182  第112章 就在床上修炼吧:2200  第113章 还挺爽的:1978  第114章 我们和他们像不像？:2151
          第115章 疯狂滋生的阴暗占有欲:2009  第116章 执念生魔:2222  第117章 不要走丢了:1740  第118章 正经点儿:2443  第119章 你多大了？:1925  第120章 他喜欢谢渊，无关性别:2084
          第121章 做他的第一条狗:2401  第122章 我师尊呢？:1676  第123章 求你，等等我（二合一）:4085  第124章 再给我刻一次:1696  第125章 噩梦:2383  第126章 要我:2217
          第127章 裂天剑:2712  第128章 听着闹心:1811  第129章 谢渊一本正经:2539  第130章 我的欲望就是你:2239  第131章 他不敢问了:1902  第132章 气焰嚣张（二合一）:4095
          第133章 我都没碰到他！（二合一）:4273  第134章 下不了床:4023  第135章 那就杀光:4325  第136章 站起来:4006  第137章 师尊，我来:1774  第138章 一个都救不了:4039
          第139章 抱你该抱的:2020  第140章 师尊真听话（以后改到每天晚上八点更新）:2159  第141章 你有道侣吗？:2038  第142章 腰被缠住:2072  第143章 姐姐:1981  第144章 你就是你:2130
          第145章 还挺可爱:2601  第146章 可算让我摸到了:1573  第147章 坑他一把:2075  第148章 修士与狐妖:1992  第149章 主人训狗:2241  第150章 别乱说话:1871
          第151章 别…让人看见:2041  第152章 巨大的骗局:2386  第153章 镜花水月:2044  第154章 他会抛弃你:2146  第155章 师尊到底是什么人:1867  第156章 小猫:2178
          第157章 缠上你的机会:1899  第158章 你别理他！:2567  第159章 最艰难的夜晚:1846  第160章 仅剩的家人:2234  第161章 抱着他的人并不是师尊！:2063  第162章 师尊真的好香:1953
          第163章 我发誓我只是亲:1911  第164章 装啊:2213  第165章 想念他:1965  第166章 找到他:2089  第167章 选择哪条路:1874  第168章 我能免费听？:2188
          第169章 谢渊不知道:2258  第170章 不说吗？:1848  第171章 不要多想:1936  第172章 对不起:2398  第173章 为什么要说对不起:1793  第174章 宣泄:2449
          第175章 解开心结:4061  第176章 奖励（二合一）:4011  第177章 让你失望了？:1836  第178章 想奖励他:2228  第179章 在记了（删减了五百）:1009  第180章 漫漫红尘:3228
          第181章 再见:2058  第182章 等他出现:2046  第183章 十年了:2855  第184章 成神:1168  第185章 要幸福:2601  第186章 相见（现代篇）:1584
          第187章 永不后悔:2057  第188章 要不要试试？:1990  第189章 你好啊，凡人:1817  第190章 他就是疯子:2336  第191章 哥哥说谎:2225  第192章 天老爷啊:1848
          第193章 邻居:2031  第194章 师尊向来直球:1832  第195章 证明:2322  第196章 试探:2129  第197章 你俩绝配:2132  第198章 众人齐聚:1914
          第199章 偿还:2426  第200章 还是还的完的:2207  第201章 装货:1851  第202章 马尾小人:1760  第203章 气疯了:2281  第204章 一家人:1821
          第205章 正文完结:2668

02:09:56  今天也没有追到方小姐 (墨小叮当) [完结]  110p→95章  996KB  OK
          https://www.52shuku.net/gl/13_b/bkdNE.html
          第1章 车祸:3200  第2章 失忆:3254  第3章 好转:3581  第4章 出院:3380  第5章 冰淇淋:3573  第6章 散步:3239
          第7章 景希:3234  第8章 景耀:3237  第9章 姐姐:3530  第10章 年会:3693  第11章 噩梦:3212  第12章 小憩:3241
          第13章 睡衣:3497  第14章 回家:3833  第15章 开车:3353  第16章 开工:3368  第17章 糖果罐子:4028  第18章 宝宝:3243
          第19章 约会:3732  第20章 追你:3355  第21章 眼镜:3189  第22章 加班:3324  第23章 拖鞋:3583  第24章 看电影:3488
          第25章 出差:3344  第26章 成远:3716  第27章 发烧:3329  第28章 腰疼:3330  第29章 体检:3686  第30章 害怕:3173
          第31章 午休:3153  第32章 运动:3251  第33章 握手:3501  第34章 上课:3895  第35章 吃醋:3515  第36章 明白:3165
          第37章 酒会:3923  第38章 初吻:3223  第39章 戒指:3163  第40章 医院:3141  第41章 原点:3344  第42章 协议:3553
          第43章 分开:3631  第44章 贺夫人:3098  第45章 思念:3638  第46章 方母:3354  第47章 家贼:3165  第48章 原作:3551
          第49章 别枝:3137  第50章 故人:3413  第51章 重逢:3243  第52章 茕兔:3222  第53章 白鹇:3439  第54章 失控:3887
          第55章 拼桌:3406  第56章 黑料:3394  第57章 妹妹:3413  第58章 伤口:3549  第59章 不离:3467  第60章 忌口:4059
          第61章 愈合:3447  第62章 探班:3599  第63章 拍戏:3224  第64章 准备:3458  第65章 访谈:3473  第66章 不安:3710
          第67章 破冰:3638  第68章 游戏:3223  第69章 真心话:3606  第70章 朋友:3645  第71章 主动:3347  第72章 凡人:3574
          第73章 了解:3334  第74章 回归:3520  第75章 节目:3291  第76章 礼物:3160  第77章 孩子:3841  第78章 导演:3504
          第79章 长辈:3394  第80章 遗珠:3774  第81章 身世:3894  第82章 相册:3233  第83章 相认:3210  第84章 我在:3244
          第85章 退行:3033  第86章 回神:3304  第87章 日出:3144  第88章 离开:3162  第89章 新生:3918  第90章 静好:3794
          第91章 改变:3290  第92章 并肩:4671  第93章 家人:3682  第94章 戛纳:4602  第95章 终章:3988

02:10:12  枯木逢春 (鉴悬日月) [完结]  36p→34章  325KB  OK
          https://www.52shuku.net/gl/13_b/bkdND.html
          第1章 楔子:1312  第2章 审讯:2967  第3章 废弃粮仓:3172  第4章 搬家:2920  第5章 谢清安:2956  第6章 商议:3023
          第7章 照片:3267  第8章 北边邀约:3040  第9章 送盐:3025  第10章 集会后续:3681  第11章 回程:3078  第12章 来电:3120
          第13章 闲谈:2563  第14章 秦以清后续:2907  第15章 初入幻境:3046  第16章 婵:3009  第17章 再次启程:3002  第18章 再遇曙光:3126
          第19章 重逢:3000  第20章 雨夜遇险:3162  第21章 做戏:3028  第22章 交易:3218  第23章 扫墓:3508  第24章 旧事:4223
          第25章 到达A市:3789  第26章 沐家刁难:3174  第27章 混乱关系:3011  第28章 赴宴:3262  第29章 接风宴生事:3395  第30章 后续:3155
          第31章 研究院来人:3398  第32章 同盟:4727  第33章 变异莲花:3477  第34章 大结局:2508

02:10:44  灿烂的遗产 (木随风) [完结]  83p→81章  758KB  OK
          https://www.52shuku.net/gl/13_b/bkdNC.html
          第1章 全城讣告:3378  第2章 剧院丧礼:3279  第3章 盛大的告别式:3039  第4章 取而代之:2978  第5章 愿者上钩:2917  第6章 属于惯犯:3297
          第7章 你在玩火:3348  第8章 我是你亲妹:3005  第9章 关于尘界的一切:3352  第10章 顺藤吃瓜:3435  第11章 开源:3186  第12章 我也觉得很好:2933
          第13章 喂鱼:3026  第14章 我替他还:3157  第15章 推心置腹:2990  第16章 厌恶:3462  第17章 放羊人的故事:2696  第18章 乐意之至:3028
          第19章 许言的私房钱:3021  第20章 我可以刷脸:3188  第21章 母亲的母亲:3257  第22章 记忆的传承:3024  第23章 眼巴巴:3001  第24章 品人如品茶:3310
          第25章 改革者:3050  第26章 虎狼环伺:3255  第27章 是谁？:3164  第28章 重蹈覆撤:3299  第29章 我们在等你:3096  第30章 灵境小队:2936
          第31章 落水者:3315  第32章 主场作战:3275  第33章 一个离奇的故事:3161  第34章 俄狄浦斯:3284  第35章 鳄鱼的眼泪:3397  第36章 开膛手谷雨:3251
          第37章 无乐不作:3078  第38章 以恶制恶:2999  第39章 超级捕手:3103  第40章 两个魔丸:3373  第41章 我管定你了:2967  第42章 我自首，是我干的:3196
          第43章 无人能比:3252  第44章 什么都不怕:3111  第45章 登船邀请函:3081  第46章 登船指南:3032  第47章 登船前夜:3335  第48章 诺亚号出现:3205
          第49章 一场晚宴:3117  第50章 四种脸谱:3192  第51章 黑白脸谱判官:3307  第52章 抱团游戏:3365  第53章 洗牌:3089  第54章 变质:3216
          第55章 最后一轮:3377  第56章 狩猎场:3351  第57章 浮出水面:3112  第58章 指挥官的身份:3032  第59章 你不信我？:3085  第60章 畅快淋漓地招安:3503
          第61章 跑了:3033  第62章 珍惜她爱护她:3179  第63章 逃避:3046  第64章 别扭:3024  第65章 我的人:3035  第66章 道歉认错:2929
          第67章 不得了的一面:2990  第68章 和盘托出:3015  第69章 有客人在:2963  第70章 幼稚:2995  第71章 赫耳墨斯:3009  第72章 招兵买马:2881
          第73章 信使的逃亡:3142  第74章 水下:2967  第75章 争分夺秒:2833  第76章 殊死一搏:2932  第77章 复活的boss:2530  第78章 深渊之下:2869
          第79章 新指挥官:2910  第80章 重生:2728  第81章 终章:2496

02:10:57  我会在你身边 (多点花椒多点辣) [完结]  30p→28章  257KB  OK
          https://www.52shuku.net/gl/12_b/bkdNq.html
          第1章 相识:3038  第2章 房东:3422  第3章 关注:3515  第4章 失意:3387  第5章 般配:3145  第6章 皇帝:3024
          第7章 丫头:3604  第8章 接机:3031  第9章 颜箐:3098  第10章 求学:3604  第11章 朋友:3053  第12章 放松:3367
          第13章 醋坛:3896  第14章 闺蜜:2247  第15章 债主:3306  第16章 情侣:3353  第17章 表白:3071  第18章 好人:3035
          第19章 借住:2261  第20章 点赞:2130  第21章 发烧:3330  第22章 逃避:3224  第23章 道歉:3016  第24章 行动:2393
          第25章 表白1:2185  第26章 表白2:3376  第27章 表白3:3060  第28章 结局:1067

02:11:24  假装情侣 (多点花椒多点辣) [完结+番外]  70p→62章  600KB  OK
          https://www.52shuku.net/gl/12_b/bkdNp.html
          第1章 我是你女朋友:4014  第2章 我是你暗恋对象？:4526  第3章 新好友:3083  第4章 疤痕:3156  第5章 脑子黄黄:3037  第6章 姐姐:3001
          第7章 我也想你:3245  第8章 好呆哦:3083  第9章 晚安吻:3012  第10章 乞巧:3039  第11章 欺骗:3052  第12章 姐姐姐姐:3002
          第13章 普通同事:3030  第14章 上瘾:3059  第15章 对不起:3034  第16章 喜欢跟你亲亲:3011  第17章 小彩虹:3088  第18章 网恋:3049
          第19章 姊妹俩:3051  第20章 人设:3085  第21章 女朋友2.0:3024  第22章 无性恋与异性恋与同性恋:3020  第23章 约会:3005  第24章 喝酒:3280
          第25章 酒后:3010  第26章 见面:3029  第27章 我喜欢你:3088  第28章 脸红:3006  第29章 扯平:3074  第30章 日记:3036
          第31章 体贴:3010  第32章 一见钟情:3038  第33章 情话:3049  第34章 出柜:3717  第35章 往事:3035  第36章 微醺:3004
          第37章 我想你:3255  第38章 杨莫芸:3424  第39章 和好:4114  第40章 过往:3526  第41章 清醒:3013  第42章 失忆:3134
          第43章 起飞回家！:3721  第44章 小彩虹:3333  第45章 回忆:3150  第46章 严筱&苏烟:3032  第47章 记忆:3011  第48章 挽留:3058
          第49章 叶青述:3227  第50章 后女友:3023  第51章 信任:3166  第52章 花:3202  第53章 自卑:3335  第54章 破冰:3150
          第55章 理想型:3069  第56章 胡牌:3174  第57章 扯平:3199  第58章 噩梦:3045  第59章 第 59 章:3011  第60章 第 60 章:3042
          第61章 结局:4195  第62章 后记:2297

02:12:05  淡绿柔烈 (进店玩猫) [完结+番外]  109p→93章  960KB  OK
          https://www.52shuku.net/gl/11_b/bkdMy.html
          第1章 一猪失踪:3277  第2章 一猪闪现:3200  第3章 年纪轻轻就走了:3216  第4章 一头撞晕:3256  第5章 关于曾沐:3289  第6章 莫名交融:3113
          第7章 突然跳舞:3284  第8章 坏女人:3150  第9章 视频通话:3112  第10章 喜欢爪子:3218  第11章 野老人:3199  第12章 回家:3225
          第13章 主动送狗:3282  第14章 一起遛狗:3357  第15章 见家长:3347  第16章 领养活动:3165  第17章 进城:3232  第18章 东北正宗台湾烤肠:3212
          第19章 记得你:3277  第20章 灰溜溜:3114  第21章 螺蛳粉:3310  第22章 晚安冰激凌:3116  第23章 天梯:3348  第24章 电钢琴:3122
          第25章 装修计划:3166  第26章 姐姐非要让我住她家:3080  第27章 是的我看见到处是阳光:3249  第28章 满心都是世俗的欲望:3275  第29章 装个大的:3206  第30章 两人仿佛做了妻妻一般:3406
          第31章 情敌:3286  第32章 绑带:3275  第33章 烤鱼大餐:3429  第34章 同一间房:3127  第35章 照片被狗吃了:3244  第36章 绿房子:3250
          第37章 对手戏:3129  第38章 入秋:3315  第39章 终身美丽:3438  第40章 终身美丽2:3304  第41章 看树:3124  第42章 深秋:3281
          第43章 两只毛毛虫:3317  第44章 看太阳:3173  第45章 考虑:3163  第46章 触摸实验:3270  第47章 在谈了:3112  第48章 接回家:3178
          第49章 一起睡:3158  第50章 偷偷谈恋爱:3327  第51章 Starry Winter:3127  第52章 没关系的小翻车:3305  第53章 补偿你:3164  第54章 撒娇:3101
          第55章 无法抑制:3178  第56章 小狗幼儿园重新开业:3173  第57章 杀青:3209  第58章 被怀疑:3356  第59章 小别:3111  第60章 关于婚姻:3218
          第61章 过去与现在:3172  第62章 你回来啦:3261  第63章 你被开啦:3048  第64章 卖狗粮:3236  第65章 内忧外患:3333  第66章 太难了:3213
          第67章 好不容易见一面:3189  第68章 肺和心不同:3289  第69章 这一夜竟然写了三章我真服了:3147  第70章 万千拉拉失去家园:3199  第71章 丸辣，被人做局辣:3122  第72章 一波未平一波又起:3452
          第73章 卡皮吧啦:3224  第74章 已有女友版:3220  第75章 换摄影师:3329  第76章 小林助理:3405  第77章 受你一靠子:3287  第78章 捉猫猫:3384
          第79章 亲亲:3221  第80章 雨天漫步:3618  第81章 女人不坏，我们不爱:3513  第82章 新的人生计划:3219  第83章 你不和我一起走吗:3101  第84章 告别:4540
          第85章 小结局：一家人要说什么:4579  第86章 番外：另一个秋天:3130  第87章 番外：小炒怡情:4480  第88章 番外：春天:4546  第89章 番外：回国:5811  第90章 番外：颁奖典礼:3824
          第91章 番外：生日快乐:4655  第92章 番外：四月天:6152  第93章 这里是最后一章:6421

02:12:10  爱恨交织 (定楚) [完结]  8p→12章  65KB  OK
          https://www.52shuku.net/gl/11_b/bkdMx.html
          第一章:1108  第二章:1801  第三章:1679  第四章:1536  第五章:1121  第六章:1030
          第七章:1093  第八章:2575  第九章:2145  第十章:2797  第十一章:1835  第十二章:2000

02:14:04  昔日情敌，眉来眼去 (泼泼囍) [完结+番外]  315p→251章  2737KB  OK
          https://www.52shuku.net/gl/10_b/bkdLS.html
          第1章:2542  第2章:3121  第3章:3163  第4章:3048  第5章:4067  第6章:3800
          第7章:3188  第8章:3975  第9章:4961  第10章:3548  第11章:3616  第12章:3152
          第13章:3393  第14章:3415  第15章:3394  第16章:3665  第17章:3142  第18章:3654
          第19章:9092  第20章:3194  第21章:3892  第22章:3018  第23章:3668  第24章:3261
          第25章:3202  第26章:3659  第27章:3172  第28章:3174  第29章:3300  第30章:3228
          第31章:3214  第32章:3177  第33章:2136  第34章:3172  第35章:3186  第36章:3252
          第37章:3253  第38章:2288  第39章:3212  第40章:4128  第41章:3923  第42章:3553
          第43章:3231  第44章:3223  第45章:3684  第46章:3532  第47章:4046  第48章:3589
          第49章:3512  第50章:3203  第51章:3530  第52章:3170  第53章:4583  第54章:3557
          第55章:3539  第56章:3298  第57章:3285  第58章:3253  第59章:3569  第60章:3232
          第61章:3891  第62章:3625  第63章:4110  第64章:5023  第65章:2201  第66章:3783
          第67章:3205  第68章:3221  第69章:3954  第70章:4617  第71章:4876  第72章:3244
          第73章:4469  第74章:4311  第75章:3296  第76章:3205  第77章:3287  第78章:3275
          第79章:4250  第80章:4508  第81章:3369  第82章:4052  第83章:3003  第84章:3665
          第85章:3752  第86章:3598  第87章:3998  第88章:3554  第89章:4214  第90章:4390
          第91章:4122  第92章:3133  第93章:3334  第94章:3519  第95章:3591  第96章:2128
          第97章:2038  第98章:3304  第99章:3667  第100章:4915  第101章:3125  第102章:3370
          第103章:3398  第104章:3064  第105章:4260  第106章:2293  第107章:4730  第108章:4081
          第109章:5639  第110章:6962  第111章:3634  第112章:3688  第113章:3707  第114章:3540
          第115章:3667  第116章:3011  第117章:3129  第118章:3270  第119章:4182  第120章:3340
          第121章:3413  第122章:3640  第123章:3589  第124章:3678  第125章:4289  第126章:3083
          第127章:3220  第128章:3294  第129章:3100  第130章:3215  第131章:3109  第132章:3382
          第133章:4144  第134章:3150  第135章:4209  第136章:3579  第137章:3724  第138章:3765
          第139章:3984  第140章:3638  第141章:3647  第142章:3225  第143章:3250  第144章:3658
          第145章:3215  第146章:3091  第147章:2283  第148章:4111  第149章:3342  第150章:2465
          第151章:3594  第152章:3165  第153章:3683  第154章:3374  第155章:3203  第156章:3610
          第157章:3627  第158章:3304  第159章:3631  第160章:3568  第161章:3360  第162章:3368
          第163章:3558  第164章:3313  第165章:3351  第166章:4215  第167章:4585  第168章:3302
          第169章:3773  第170章:4292  第171章:3325  第172章:4423  第173章:3581  第174章:3967
          第175章:3512  第176章:3258  第177章:3069  第178章:3070  第179章:3715  第180章:3241
          第181章:3880  第182章:3317  第183章:3435  第184章:3069  第185章:3205  第186章:3368
          第187章:3624  第188章:3126  第189章:3113  第190章:3418  第191章:3791  第192章:3002
          第193章:3124  第194章:3133  第195章:3553  第196章:3026  第197章:3753  第198章:3190
          第199章:4742  第200章:5202  第201章:3116  第202章:3558  第203章:5403  第204章:3589
          第205章:3220  第206章:3108  第207章:5754  第208章:3836  第209章:5433  第210章:3506
          第211章:3193  第212章:3067  第213章:3169  第214章:3590  第215章:4460  第216章:4638
          第217章:3941  第218章:3641  第219章:3676  第220章:3194  第221章:3069  第222章:3645
          第223章:3637  第224章:3865  第225章:3519  第226章:3840  第227章:3041  第228章:3047
          第229章:3190  第230章:4126  第231章:3626  第232章:3516  第233章:5390  第234章:4672
          第235章:4516  第236章:4410  第237章:4379  第238章:3417  第239章:4020  第240章:3518
          第241章:3372  第242章:3805  第243章:3075  第244章:4602  第245章:4371  第246章:5075
          第247章:7802  第248章 番外(1):3110  第249章 番外(2):3086  第250章 番外(3):3056  第251章 番外(4):2953

02:14:18  小木鱼 (阻妮妮) [完结]  30p→26章  263KB  OK
          https://www.52shuku.net/gl/10_b/bkdLH.html
          第1章 1:3473  第2章 2:4007  第3章 3:3320  第4章 4:3135  第5章 5:3058  第6章 6:3273
          第7章 7:3523  第8章 8:3475  第9章 9:4427  第10章 10:3033  第11章 11:3012  第12章 12:3476
          第13章 13:3357  第14章 14:2986  第15章 15:3104  第16章 16:3282  第17章 17:3130  第18章 18:3107
          第19章 19:3816  第20章 20:3165  第21章 21:3194  第22章 22:3295  第23章 23:3055  第24章 24:3157
          第25章 25:2979  第26章 26:4333

02:14:47  爱她当如是 (云端上弦月) [完结]  75p→66章  691KB  OK
          https://www.52shuku.net/gl/10_b/bkdLG.html
          第1章 归来:2415  第2章 晚宴:4053  第3章 是她:2373  第4章 三年:2721  第5章 补课:3260  第6章 生病:2482
          第7章 上班:3007  第8章 离婚:3254  第9章 设宴:3211  第10章 回家:4667  第11章 沟通:3157  第12章 火锅:3131
          第13章 周末:3607  第14章 签约:3391  第15章 浴室:3160  第16章 旧伤:3316  第17章 高中:3503  第18章 句号:2850
          第19章 团拜:3961  第20章 元旦:3437  第21章 姐姐:3603  第22章 娘家:3555  第23章 除夕:3390  第24章 初八:3339
          第25章 冲动:3781  第26章 明天:3020  第27章 礼物:3273  第28章 总部:3629  第29章 大会:3279  第30章 问题:3005
          第31章 清明:3029  第32章 重症:3447  第33章 追思:3197  第34章 答案:3175  第35章 真相:2818  第36章 漾漾:3523
          第37章 主权:3221  第38章 忌日:3558  第39章 不朽:3057  第40章 换吗:4384  第41章 二度:3255  第42章 出路:4323
          第43章 瑜伽:4665  第44章 离职:3212  第45章 书房:3055  第46章 洋城:3721  第47章 订婚:3428  第48章 翼城:5175
          第49章 允许:3410  第50章 盛夏:4253  第51章 意定:3612  第52章 匿名:3248  第53章 中秋:3389  第54章 杭城:3666
          第55章 庆典:4258  第56章 旅行:3217  第57章 开学:3440  第58章 故地:4190  第59章 亲吻:3548  第60章 夏梦:4887
          第61章 作息:4053  第62章 矛盾:3165  第63章 沉默:4810  第64章 寿宴:3803  第65章 故意:3014  第66章 未来:3069

02:15:18  缝故焚旧 (汀上雁) [完结]  80p→77章  721KB  OK
          https://www.52shuku.net/gl/10_b/bkdLF.html
          第1章 路边的女人不能随便捡:3461  第2章 好脾气小猫和坏心眼小狐的初遇故事:3182  第3章 用谎言骗心骗婚的坏狐:3381  第4章 认识第三天就定亲！:3087  第5章 你这咬人的坏狐:2988  第6章 望妻石出发寻妻记:3061
          第7章 难得少年夫妻:3394  第8章 我的漂亮老婆太宠我了怎么办:3014  第9章 今我来迟:3027  第10章 不期而至的吻:3047  第11章 故人归:3066  第12章 两只错向的船:3096
          第13章 她说她最心狠:3034  第14章 狐狸，贡品与野祠:3003  第15章 孤影摇烛夜（无衣心动夜）:3028  第16章 初试榜首:3014  第17章 出发京城！:3051  第18章 其实我也知道你舍不得（抵达永安）:3155
          第19章 清谈会，搅动京城风起:3012  第20章 弄臣:3008  第21章 会试第一:3024  第22章 状元和她的娘子:3228  第23章 被赐婚公主，恨海情天的开始:3064  第24章 无衣女扮男装掉马:3245
          第25章 千万别惹死了老婆的寡妇:3091  第26章 被判下婚约不作数:3167  第27章 她没有向我诉说的那些眼泪（追妻火葬场火热加料中！）:3034  第28章 失声之人:3058  第29章 少年权臣和明珠公主:3039  第30章 畏寒:3039
          第31章 新的开始:3052  第32章 感谢公主殿下的指名:3004  第33章 再无退路:3028  第34章 剜骨伤:3043  第35章 心病:3002  第36章 她从来都不擅长说自己的委屈:3160
          第37章 缝隙:3076  第38章 她不选我:3121  第39章 真正的决裂 （追妻火葬场2.0）:3066  第40章 少年誓:3008  第41章 醉生梦死:3034  第42章 许下永不相见的决定:3035
          第43章 颜如舜华:3024  第44章 错位相爱千蝶都族人现身:3005  第45章 焚卷埋迹-景曜七绝:3029  第46章 焚卷埋迹-蛊毒双姝:3047  第47章 焚卷埋迹-凌霄楼阁:3021  第48章 焚卷埋迹-蝎语者至:3005
          第49章 公主救妻:3002  第50章 奇怪而相配:3018  第51章 准备装一把死遁后被老婆救下:3156  第52章 明珠录（温裳视角）:3357  第53章 明珠录（其二）:3567  第54章 昨夜又雪（谢无衣视角）:3087
          第55章 青衫旧:3033  第56章 木槿、木芙蓉:3055  第57章 被下药-“绝世神医”温裳:3391  第58章 遗物:3026  第59章 不解之缘:3078  第60章 同舟歌:3170
          第61章 薄命:3104  第62章 回京-风雨将至:3136  第63章 雪恨-夺帝之争:3105  第64章 天命-夺帝之争:3027  第65章 元坤反正（第三视角）女帝登基:3197  第66章 折梅:3688
          第67章 何处寻前世人:3076  第68章 扼腕-久别重逢:3288  第69章 霸道女帝巧取豪夺和亲小祭司:3047  第70章 其实千蝶都的特产是小狗:3240  第71章 著我旧时裳:3087  第72章 千枝万叶:3137
          第73章 离恨天:3025  第74章 贪恋:3067  第75章 丹墀之下:3096  第76章 大权在握的女帝和运筹帷幄的大将军:3142  第77章 名分:3231

02:15:42  抱月亮 (水轻墨) [完结]  64p→55章  554KB  OK
          https://www.52shuku.net/gl/10_b/bkdLE.html
          第1章 001:3285  第2章 002:2252  第3章 003:1817  第4章 004:2165  第5章 005:3260  第6章 006:3126
          第7章 007:3449  第8章 008:3478  第9章 009:3698  第10章 010:2676  第11章 011:3089  第12章 012:2814
          第13章 013:3729  第14章 014:3260  第15章 015（修）:3889  第16章 016（修）:3652  第17章 017（修）:3892  第18章 018（修）:3730
          第19章 019（修）:4366  第20章 020（修）:4705  第21章 021（修）:5888  第22章 022:3095  第23章 023:2947  第24章 024:3025
          第25章 025:1542  第26章 026:2033  第27章 027:4202  第28章 028:3880  第29章 029:4321  第30章 030:2489
          第31章 031:2749  第32章 032:3366  第33章 033:3032  第34章 034（修）:3909  第35章 035:3437  第36章 036:3474
          第37章 037（修）:4242  第38章 038（修）:3841  第39章 039（修）:3696  第40章 040:3258  第41章 041:4894  第42章 042（修）:3254
          第43章 043:1742  第44章 044:2077  第45章 045:3136  第46章 046:4100  第47章 047:3385  第48章 048:3811
          第49章 049:2961  第50章 050:2311  第51章 051（修）:3547  第52章 052（修）:3342  第53章 053（修）:3357  第54章 054:3007
          第55章 055:3064

02:16:02  和失忆的白月光同居了 (纵得长风几万里) [完结]  47p→33章  411KB  OK
          https://www.52shuku.net/gl/10_b/bkdLD.html
          第1章 合租对象是老同学，还是白月光？（一）:4331  第2章 合租对象是老同学，还是白月光？（二）:3346  第3章 和我在同一个屋檐下的你（一）:3804  第4章 和我在同一个屋檐下的你（二）:3348  第5章 我曾经有一个暗恋对象（一）:3339  第6章 我曾经有一个暗恋对象（二）:3873
          第7章 我曾经有一个暗恋对象（三）:5342  第8章 救猫咪（一）:5037  第9章 救猫咪（二）:4277  第10章 救猫咪（三）:3738  第11章 心动在雪夜（一）:4013  第12章 心动在雪夜（二）:2300
          第13章 心动在雪夜（三）（祈睿视角）:4616  第14章 心动在雪夜（四）（祈睿视角）:4473  第15章 真心话大冒险（一）:3584  第16章 真心话大冒险（二）:4748  第17章 真心话大冒险（三）:4352  第18章 真心话大冒险（四）:4299
          第19章 真心话大冒险（五）:2534  第20章 真心话大冒险（六）:3698  第21章 真心话大冒险（七）:4345  第22章 真心话大冒险（八）:3556  第23章 真心话大冒险（九）:4693  第24章 d市之旅（一）:2402
          第25章 d市之旅（二）:3776  第26章 d市之旅（三）:3082  第27章 感冒这件小事（一）:4498  第28章 感冒这件小事（二）:5925  第29章 表白（上）:4528  第30章 表白（下）:5200
          第31章 故地重游（一）:4830  第32章 故地重游（二）:4083  第33章 故地重游（三）:5574

02:16:12  参加婚礼后交了个女朋友 (潼话) [完结]  21p→16章  178KB  OK
          https://www.52shuku.net/gl/10_b/bkdLC.html
          第1章 裙与裤:2682  第2章 戒与绳:3356  第3章 指与发:4228  第4章 粉与白:3864  第5章 日与眠:3028  第6章 行与过:3466
          第7章 女与也:3458  第8章 浮与沉:3168  第9章 潜与深:3812  第10章 光与暗:3113  第11章 独与共:4896  第12章 口与勿:3543
          第13章 合与否:3733  第14章 喜与爱:3210  第15章 别与重:6507  第16章 敢与永:2614

02:16:36  与恶女的距离 (渊澄宇安) [完结+番外]  58p→49章  513KB  OK
          https://www.52shuku.net/gl/09_b/bkdLu.html
          第1章:2250  第2章:3322  第3章:3200  第4章:4372  第5章:4826  第6章:3259
          第7章:3379  第8章:3514  第9章:3058  第10章:3134  第11章:4140  第12章:3373
          第13章:5811  第14章:3297  第15章:3439  第16章:3044  第17章:3112  第18章:4507
          第19章:2746  第20章:2587  第21章:3724  第22章:3222  第23章:3181  第24章:3417
          第25章:2555  第26章:4347  第27章:3132  第28章:3178  第29章:3164  第30章:3693
          第31章:3678  第32章:3210  第33章:5240  第34章 正文之外的内容，慎阅[番外]:1336  第35章:3444  第36章:3170
          第37章:3713  第38章:4459  第39章:3599  第40章:3751  第41章:3205  第42章:3122
          第43章:3269  第44章:2838  第45章:3560  第46章:3529  第47章:4283  第48章[番外]:1953
          第49章[番外]:4689

02:17:18  纸灵诡匠 (葬心未亡人) [完结+番外]  113p  (无章节标记)  943KB  OK
          https://www.52shuku.net/gl/09_b/bkdLp.html
          全文: 314478字

02:18:05  娇宠病美人女主后 (云落青衫) [完结+番外]  126p→111章  1115KB  OK
          https://www.52shuku.net/gl/07_b/bkdJU.html
          第1章:2689  第2章:3774  第3章:3432  第4章:3705  第5章:2310  第6章:2930
          第7章:2425  第8章:2446  第9章:2344  第10章:2148  第11章:2063  第12章:2710
          第13章:2497  第14章:2283  第15章:2106  第16章:3006  第17章:2621  第18章:2550
          第19章:2715  第20章:4095  第21章:3663  第22章:2348  第23章:6072  第24章:3088
          第25章:3083  第26章:3099  第27章:3201  第28章:3604  第29章:3274  第30章:3576
          第31章:3569  第32章:3127  第33章:3280  第34章:4002  第35章:3042  第36章:3594
          第37章:3976  第38章:3036  第39章:3344  第40章:3560  第41章:3218  第42章:3960
          第43章:3026  第44章:3913  第45章:3274  第46章:3123  第47章:3082  第48章:3219
          第49章:3379  第50章:3383  第51章:3523  第52章:3531  第53章:3534  第54章:3590
          第55章:3287  第56章:3654  第57章:3756  第58章:3215  第59章:3652  第60章:3690
          第61章:3211  第62章:3551  第63章:3361  第64章:3608  第65章:3593  第66章:3614
          第67章:3264  第68章:3545  第69章:3696  第70章:3094  第71章:3525  第72章:3540
          第73章:3095  第74章:3339  第75章:3093  第76章:3042  第77章:3011  第78章:3414
          第79章:3037  第80章:3176  第81章:3025  第82章:3152  第83章:3335  第84章:3225
          第85章:1948  第86章:3332  第87章:3370  第88章:5216  第89章:3045  第90章:3269
          第91章:2407  第92章:3359  第93章:2912  第94章:3221  第95章:3027  第96章:2629
          第97章:3561  第98章:3048  第99章:3088  第100章:3775  第101章:3812  第102章:4657
          第103章:5995  第104章:4394  第105章:3118  第106章:2910  第107章:3198  第108章:2971
          第109章:3543  第110章:3188  第111章:6319

02:18:37  驸马自白书 (kokaku) [完结+番外]  84p→76章  771KB  OK
          https://www.52shuku.net/gl/05_b/bkdJe.html
          第1章 复生:2426  第2章 卖身:4020  第3章 偶见:3399  第4章 假话:4194  第5章 再见:3030  第6章 私牢:3116
          第7章 库房:2970  第8章 走水:3610  第9章 木牌:1942  第10章 棋局:3464  第11章 薛觚:3495  第12章 勇气:3308
          第13章 动怒:2562  第14章 孤本:3004  第15章 撞破:3779  第16章 天真:3899  第17章 端午:2692  第18章 比试:2806
          第19章 胭脂:3598  第20章 牵挂:3380  第21章 赏赐:2140  第22章 遇险:3386  第23章 番外·地府篇:2165  第24章 遇难:3425
          第25章 愤怒:3214  第26章 意外:3544  第27章 绝望:3130  第28章 大火:2887  第29章 坦白:3737  第30章 自尽:2531
          第31章 沉溺:3428  第32章 选择:4222  第33章 入V一更:3343  第34章 入V二更:5400  第35章 入V三更:2423  第36章 代价:3069
          第37章:3382  第38章:3375  第39章:4090  第40章:2110  第41章:2542  第42章:4079
          第43章:2944  第44章:3089  第45章:4456  第46章:3198  第47章:3175  第48章:1666
          第49章:3927  第50章:3846  第51章:2178  第52章:3311  第53章:3061  第54章:3590
          第55章:3015  第56章:3089  第57章:3821  第58章:3102  第59章:3417  第60章:3897
          第61章:5947  第62章 番外·公主篇一:3877  第63章 番外·公主篇二:3055  第64章 番外·公主篇三:2371  第65章 番外·公主篇四:4984  第66章 番外·公主篇五:4028
          第67章 番外·公主篇六:2576  第68章 番外·公主篇七:3589  第69章 番外·公主篇八:3598  第70章 番外·公主篇九:3136  第71章 番外·公主篇十:3255  第72章 番外·公主篇十一:5301
          第73章 番外·公主篇十二:3796  第74章 番外·公主篇十三:3701  第75章 番外·公主篇十四:2750  第76章 番外·现代篇:4899

02:19:03  艾医生爱吃芒果 (公子瑾少) [完结]  64p→60章  556KB  OK
          https://www.52shuku.net/gl/03_b/bkdHX.html
          第1章    第 1 章:4020  第2章    第 2 章:3006  第3章    第 3 章:4188  第4章    第 4 章:3366  第5章    第 5 章:3164  第6章    第 6 章:2583
          第7章    第 7 章:3179  第8章    第 8 章:1831  第9章    第 9 章:3101  第10章    第 10 章:3122  第11章    第 11 章:2000  第12章    第 12 章:3066
          第13章    第 13 章:3067  第14章    第 14 章:3017  第15章    第 15 章:2887  第16章    第 16 章:2734  第17章    第 17 章:3059  第18章    第 18 章:3235
          第19章    第 19 章:3047  第20章    第 20 章:3025  第21章    第 21 章:3134  第22章    第 22 章:3064  第23章    第 23 章:2181  第24章    第 24 章:3404
          第25章    第 25 章:3197  第26章    第 26 章:3155  第27章    第 27 章:3214  第28章    第 28 章:3072  第29章    第 29 章:3035  第30章    第 30 章:3120
          第31章    第 31 章:3284  第32章    第 32 章:3191  第33章    第 33 章:3030  第34章    第 34 章:2937  第35章    第 35 章:2969  第36章    第 36 章:2475
          第37章    第 37 章:4058  第38章    第 38 章:4305  第39章    第 39 章:5622  第40章    第 40 章:3380  第41章    第 41 章:3685  第42章    第 42 章:3045
          第43章    第 43 章:3023  第44章    第 44 章:1890  第45章    第 45 章:2162  第46章    第 46 章:2299  第47章    第 47 章:2104  第48章    第 48 章:3183
          第49章    第 49 章:3280  第50章    第 50 章:2384  第51章    第 51 章:3050  第52章    第 52 章:3562  第53章    第 53 章:3753  第54章    第 54 章:3589
          第55章    第 55 章:3034  第56章    第 56 章:3315  第57章    第 57 章:3192  第58章    第 58 章:1596  第59章    番外（一）:3573  第60章    番外（二）:1183

02:19:09  药修是修真界万人迷 (水士口) [完结]  11p→6章  90KB  OK
          https://www.52shuku.net/gl/03_b/bkdHW.html
          第1章    第 1 章:6523  第2章    第 2 章:5624  第3章    第 3 章:3182  第4章    第 4 章:4362  第5章    第 5 章:3549  第6章    第 6 章:6418

02:19:23  绮梦吟[短篇集] (孟奥7) [完结]  29p→23章  246KB  OK
          https://www.52shuku.net/gl/03_b/bkdHV.html
          第1章    〖序言〗:325  第2章    〖花待〗:3242  第3章    〖花开〗:3189  第4章    〖花败〗:3104  第5章    〖花再〗:3160  第6章    〖周宸〗:3497
          第7章    〖子祥〗:4290  第8章    〖小唯〗:3766  第9章    〖王生〗:3197  第10章    〖轮回〗:2440  第11章    〖嫁接〗:2180  第12章    〖昆仑〗:5447
          第13章    〖前世〗:4092  第14章    〖今生〗:4293  第15章    〖絮果〗:4624  第16章    〖无缘〗:4448  第17章    〖不得〗:4347  第18章    〖遇淑〗:2135
          第19章    〖容毁〗:2078  第20章    〖失表〗:2112  第21章    〖人蛊〗:5150  第22章    〖红莲〗:4136  第23章    〖白梅〗:4592

02:19:37  渡己 (愿望成真) [完结]  35p→33章  298KB  OK
          https://www.52shuku.net/gl/03_b/bkdHU.html
          第1章    入魔:3096  第2章    重生:3013  第3章    共情:3018  第4章    消息:3043  第5章    信任:3020  第6章    姐妹:3048
          第7章    心乱:3005  第8章    天道:3006  第9章    心疼:3066  第10章    撒娇:3002  第11章    师尊:3018  第12章    误会:2989
          第13章    解释:3069  第14章    表白:3155  第15章    被拒:3033  第16章    禁地:2993  第17章    坠崖:3071  第18章    掉马:3029
          第19章    痴缠:3031  第20章    相救:3086  第21章    来历:3109  第22章    敌至:3027  第23章    傀儡:3021  第24章    计划:3082
          第25章    灭敌:3017  第26章    偏执:3069  第27章    功德:2981  第28章    恩怨:3009  第29章    仇消:3029  第30章    隐遁:3134
          第31章    痴缠:3032  第32章    道侣:2525  第33章    长生:338

02:20:31  魔法少女再就业，但加入反派 (泠川青睐) [完结+番外]  140p→93章  1181KB  OK
          https://www.52shuku.net/gl/03_b/bkdHQ.html
          第1章 魔法少女被迫退休:2568  第2章 魔法少女再就业:2642  第3章 魔法少女组织人手:5146  第4章 魔法少女处理事故现场:2670  第5章 魔法少女危险模式:3534  第6章 魔法少女继续组织人手:4480
          第7章 魔法少女管理小队集结中:3649  第8章 雨果就位，小队集结完毕:2518  第9章 魔法少女经营开始:4126  第10章 魔法少女预约见boss:5383  第11章 魔法少女开始调查:4818  第12章 魔法少女收网中:5525
          第13章 魔法少女召集同伴:4074  第14章 魔法少女遇见小疯子:5571  第15章 月圆之夜的故事（集结篇番外）:6922  第16章 度假村长出了树:3785  第17章 魔法少女没能敲门:3813  第18章 度假村出现鬼魂:5293
          第19章 管理小队诱捕鬼魂:3730  第20章 人类，巫师，鬼魂，亡灵:4615  第21章 度假村试营业:3319  第22章 魔法少女提出活动:4760  第23章 万圣奇妙夜（上）:4204  第24章 万圣奇妙夜（中）:3130
          第25章 万圣奇妙夜（下）:5124  第26章 亡灵少女，梦游醒来:3393  第27章 魔法少女，原谅过去:5480  第28章 时空坐标:5242  第29章 度假村增加温泉:3285  第30章 魔法少女和小疯子:4534
          第31章 度假村巡回剧场:5549  第32章 血族少女不断哭泣:3535  第33章 深夜恶魔传言真相:3194  第34章 魔法少女与时空坐标:4196  第35章 度假村巡演落幕:3157  第36章 魔法少女采访编剧:3858
          第37章 魔法少女询问安蓓:5744  第38章 时空之门，开启（上）:3600  第39章 时空之门，开启（下）:4125  第40章 过去的安蓓（一）:3707  第41章 过去的安蓓（二）:3832  第42章 过去的安蓓（三）:3782
          第43章 过去的安蓓（四）:3923  第44章 雨果和林异:3380  第45章 小疯子和米瑞达:5147  第46章 魔法少女，理解现在:5625  第47章 魔法少女才是上司:3285  第48章 林异和雨果的未来:5763
          第49章 小豆丁林异，指导精灵，桃乐茜（探索篇番外）:6988  第50章 人类少女重返家园:4576  第51章 矮人开始净化海洋:4511  第52章 狼人少女的返乡:5465  第53章 墨菲斯家族:5119  第54章 新月墨菲斯之墓:3425
          第55章 两人商讨夺回雨果:3726  第56章 新月的真相:3066  第57章 我是幽明，是个医人:3231  第58章 故事上演:3857  第59章 粉发魔法少女，出现:3207  第60章 幽明的真相:3511
          第61章 夺回雨果（上）:3740  第62章 夺回雨果（下）:3743  第63章 魔法少女沟通友人:3842  第64章 旅游目的地确定:3576  第65章 十六人旅游团出发:5470  第66章 魔法少女抵达世界:3373
          第67章 黑鸟小姐出现:3315  第68章 另一组降落:3631  第69章 客人们手舞足蹈:3844  第70章 黑鸟小姐和她的蛋:4126  第71章 另一组解决问题:3344  第72章 黑鸟小姐举办篝火晚会:3797
          第73章 两位鸟小姐出发:3662  第74章 救援之夜:3577  第75章 魔法少女能量研究结果:5543  第76章 魔法少女，溯源起点:4764  第77章 矮人探访老师（战前篇番外）:3322  第78章 游戏主题活动指示下发:4182
          第79章 童话狂想曲2（一）:4446  第80章 漫游幻梦境4（一）:4105  第81章 童话狂想曲2（二）:4366  第82章 漫游幻梦境4（二）:3306  第83章 童话狂想曲2（三）:4216  第84章 漫游幻梦境4（三）:3475
          第85章 童话狂想曲2（四）:3670  第86章 漫游幻梦境4→3（四）:4748  第87章 童话狂想曲2→1（五）:4963  第88章 女巫，魔王，龙，巫师:4563  第89章 魔法少女，告别终点:4960  第90章 决战未来（上）:5299
          第91章 决战未来（中）:4080  第92章 决战未来（下）（大结局）:3089  第93章 魔法少女，继续生活（大结局番外）:4924

02:20:59  主观喜欢你 (周已) [完结]  72p→125章  643KB  OK
          https://www.52shuku.net/gl/03_b/bkdHP.html
          第1章 重逢:0  第1章:3113  第2章 我不喜欢你了:0  第2章:5093  第3章 又被训了:0  第3章:2557
          第4章 高中:0  第4章:3843  第5章 高中:0  第5章:3184  第6章 心动无解:0  第6章:3780
          第7章 晚宴表白:0  第7章:3526  第8章 再次沦陷:0  第8章:3643  第9章 公开课:0  第9章:3245
          第10章 坦白:0  第10章:3391  第11章 火锅聚餐:0  第11章:3180  第12章 沙发吻:0  第12章:3373
          第13章 文明和谐:0  第13章:3243  第14章 教资不保？:0  第14章:3200  第15章 崽崽:0  第15章:3211
          第16章 邪恶叉劈:0  第16章:3217  第17章 又亲？:0  第17章:3189  第18章 是看家还是？:0  第18章:3221
          第19章 等我回来:0  第19章:3209  第20章 窒息:0  第20章:2032  第21章 小哭包:0  第21章:3266
          第22章 我真的累了:0  第22章:3162  第23章 不满足？:3168  第24章 我告老师！:0  第24章:3197  第25章 无语:0
          第25章:3218  第26章 同居邀请:0  第26章:3271  第27章 新年快乐！:0  第27章:3219  第28章 Love Handles:0
          第28章:3594  第29章 公共场合:0  第29章:3327  第30章 监考:0  第30章:3372  第31章 撑腰:0
          第31章:3740  第32章 shower:0  第32章:3370  第33章 跨年夜:0  第33章:3237  第34章 打爽了么？:0
          第34章:3470  第35章 自由至上:0  第35章:3333  第36章 爆发:0  第36章:3269  第37章 戒指呢？:0
          第37章:3534  第38章 爬上你的床:0  第38章:3474  第39章 破案:0  第39章:3200  第40章 爱和恨:0
          第40章:3286  第41章 对峙:0  第41章:3525  第42章 新同事:0  第42章:3403  第43章 酸涩:0
          第43章:3607  第44章 循环:0  第44章:3275  第45章 三人行必有我妻:0  第45章:3298  第46章 师徒结队:0
          第46章:3235  第47章 叫师父:0  第47章:3208  第48章 拨开云雾见月明:0  第48章:3513  第49章 “女朋友”:0
          第49章:3370  第50章 两个印子:0  第50章:3174  第51章 陆女士的妥协:0  第51章:3320  第52章 山根:0
          第52章:3369  第53章 公然挑衅:0  第53章:3222  第54章 回家吃饭:0  第54章:3376  第55章 狐狸露出尾巴:0
          第55章:2803  第56章 出发！:0  第56章:3188  第57章 震惊！:0  第57章:3285  第58章 侵略来袭:0
          第58章:3224  第59章 变幻莫测:0  第59章:3221  第60章 警告，PH值过低:0  第60章:3745  第61章 久别重逢:0
          第61章:3295  第62章 缠绵到破晓:0  第62章:3148  第63章 终章:0  第63章:4000

02:21:24  命兮运兮 (安然子N) [完结]  67p→60章  581KB  OK
          https://www.52shuku.net/gl/03_b/bkdHO.html
          第1章 01:3404  第2章 02:3034  第3章 03:3136  第4章 04:3256  第5章 05:3011  第6章 06:3649
          第7章 07:3378  第8章 08故事1坠落:3076  第9章 09:3078  第10章 10:3270  第11章 11:3024  第12章 12:3402
          第13章 13:3757  第14章 14:2813  第15章 15:3004  第16章 16:3060  第17章 17:3198  第18章 18:3072
          第19章 19故事2纱巾（上）:3597  第20章 20故事2纱巾（下）:3864  第21章 21:3120  第22章 22:3035  第23章 23:3040  第24章 24:3062
          第25章 25:3051  第26章 26:3019  第27章 27:3006  第28章 28:3154  第29章 29:3570  第30章 30:3019
          第31章 31:3085  第32章 32:2557  第33章 33故事3如燕（上）:3056  第34章 34故事3如燕（下）:3088  第35章 35:2966  第36章 36:3007
          第37章 37:3071  第38章 38:3279  第39章 39:3098  第40章 40:2872  第41章 41梦境:3289  第42章 42:3016
          第43章 43:3105  第44章 44故事4关亡（1）:3012  第45章 45故事4关亡（2）:3067  第46章 46故事4关亡（3）:3066  第47章 47:3040  第48章 48:3026
          第49章 49:3164  第50章 50:4120  第51章 51:3062  第52章 52:3336  第53章 53故事5余生（上）:3077  第54章 54故事5余生（下）:3518
          第55章 55:3026  第56章 56:3260  第57章 57:3135  第58章 58:3210  第59章 59:3645  第60章 60:5157

02:22:07  帝姬的火葬场追妻路 (无钙) [完结]  107p  (无章节标记)  981KB  OK
          https://www.52shuku.net/gl/03_b/bkdHN.html
          全文: 332416字

02:22:13  [剑网3同人] 我姑有一位道上的朋友 (一天八杯水) [完结]  12p  (无章节标记)  99KB  OK
          https://www.52shuku.net/gl/03_b/bkdHM.html
          全文: 33086字

02:22:24  将军赋 (行止将至) [完结]  24p→23章  209KB  OK
          https://www.52shuku.net/gl/02_b/bkdHC.html
          第1章 边疆来信:1435  第2章 过往:1250  第3章 糟糠妻:1529  第4章 重逢:1606  第5章 心灰意冷:1748  第6章 埋葬:2492
          第7章 告白:1936  第8章 动荡:3509  第9章 改嫁:1733  第10章 关她:3312  第11章 逃跑失败:2549  第12章 回京:4075
          第13章 剖心:3621  第14章 撞见:3897  第15章 逆臣:2772  第16章 山雨欲来风满楼:3539  第17章 一波未平一波又起:4500  第18章 转机:3344
          第19章 逃之夭夭:3731  第20章 狱中相见:4728  第21章 吻:3622  第22章 尾声:3287  第23章 终章:3916

02:22:28  小幸运 (明九曲) [完结]  7p→5章  55KB  OK
          https://www.52shuku.net/gl/02_b/bkdHB.html
          第1章:4050  第2章:4013  第3章:2838  第4章:3898  第5章:2898

02:22:32  师姐凉烟 (椒盐橘) [完结]  4p→4章  33KB  OK
          https://www.52shuku.net/gl/02_b/bkdHA.html
          第1章:2908  第2章:2541  第3章:3509  第4章:1710

02:22:43  求将军姐姐怜我 (云荒北城) [完结]  19p→23章  163KB  OK
          https://www.52shuku.net/gl/02_b/bkdH9.html
          第1章 和亲:994  第2章 同乘:2117  第3章 婚后:1991  第4章 道歉:1661  第5章 嫁人:2135  第6章 宴会:1764
          第7章 赏花:2125  第8章 秋狩:3128  第9章 生辰:3244  第10章 抗旨:2325  第11章 神医:2120  第12章 旧事:2028
          第13章 留宿:3371  第14章 祈求:2261  第15章 画舫:3717  第16章 红帐:3470  第17章 假死:2007  第18章 镜子:2073
          第19章 逃离:2119  第20章 故土:1852  第21章 宠妾:1980  第22章 信笺:1496  第23章 白头:2697

02:23:15  [HP]致我最喜欢的你 (曲奇碎可可) [完结+番外]  85p→72章  772KB  OK
          https://www.52shuku.net/gl/02_b/bkdH8.html
          第1章 CH01:3479  第2章 CH02:3583  第3章 CH03:3441  第4章 CH04:3433  第5章 CH05:3684  第6章 CH06:3070
          第7章 CH07:2981  第8章 CH08:3358  第9章 CH09:3895  第10章 CH10:3129  第11章 CH11:3159  第12章 CH12:3201
          第13章 CH13:3238  第14章 CH14:3185  第15章 CH15:3439  第16章 CH16:3190  第17章 CH17:3380  第18章 CH18:3135
          第19章 CH19:3171  第20章 CH20:3501  第21章 CH21:3371  第22章 CH22:4082  第23章 CH23:3109  第24章 CH24:5187
          第25章 CH25:3764  第26章 CH26:3281  第27章 CH27:4172  第28章 CH28:4694  第29章 CH29:3535  第30章 CH30:3046
          第31章 CH31:5522  第32章 CH32:3015  第33章 CH33:3224  第34章 CH34:3424  第35章 CH35:3666  第36章 CH36:3927
          第37章 CH37:3245  第38章 CH38:3295  第39章 CH39:3849  第40章 CH40:4436  第41章 CH41:3595  第42章 CH42:3386
          第43章 CH43:3548  第44章 CH44:4423  第45章 CH45:4666  第46章 CH46:3796  第47章 CH47:3232  第48章 CH48:3024
          第49章 CH49:3098  第50章 CH50:3513  第51章 CH51:3182  第52章 CH52:3432  第53章 CH53:3327  第54章 CH54:3153
          第55章 CH55:2870  第56章 CH56:4786  第57章 CH57:3488  第58章 CH58:3314  第59章 CH59:3192  第60章 CH60:3626
          第61章 CH61:4830  第62章 CH62:3448  第63章 CH63:3094  第64章 CH64:3181  第65章 CH65:3779  第66章 CH66:3086
          第67章 CH67:5369  第68章 CH68:6397  第69章 CH69:3545  第70章 番外一:4230  第71章 番外二:3149  第72章 番外三:3624

02:23:42  仙门日常 (在风中吹落的云) [完结+番外]  74p→54章  670KB  OK
          https://www.52shuku.net/gl/02_b/bkdH7.html
          第1章 误迷离解怨女恨:4772  第2章 误迷离解怨女恨:3426  第3章 误迷离解怨女恨:3655  第4章 误迷离解怨女恨:2746  第5章 恍光阴再见桃花始盛开:3696  第6章 恍光阴再见桃花始盛开:6067
          第7章 初相逢赠桃枝贻情:3229  第8章 初相逢赠桃枝贻情:3604  第9章 初相逢赠桃枝贻情:3598  第10章 初相逢赠桃枝贻情:3075  第11章 初相逢赠桃枝贻情:3498  第12章 破邪幡诛魔:3988
          第13章 破邪幡诛魔:3866  第14章 破邪幡诛魔:4115  第15章 破邪幡诛魔:4733  第16章 破邪幡诛魔:4200  第17章 斗恶鬼巧遇故人:3895  第18章 斗恶鬼巧遇故人:3581
          第19章 斗恶鬼巧遇故人:4407  第20章 斗恶鬼巧遇故人:4088  第21章 痴雁回啼断情肠:3191  第22章 痴雁回啼断情肠:3458  第23章 痴雁回啼断情肠:3190  第24章 痴雁回啼断情肠:3352
          第25章 痴雁回啼断情肠:3362  第26章 渡临海越界救魔:4273  第27章 渡临海越界救魔:3687  第28章 渡临海越界救魔:5045  第29章 渡临海越界救魔:4933  第30章 渡临海越界救魔:4808
          第31章 渡临海越界救魔:5110  第32章 渡临海越界救魔:4189  第33章 渡临海越界救魔:4177  第34章 渡临海越界救魔:4958  第35章 鉴宝宴鉴人鉴心:4822  第36章 鉴宝宴鉴人鉴心:6193
          第37章 鉴宝宴鉴人鉴心:4642  第38章 鉴宝宴鉴人鉴心:5498  第39章 鉴宝宴鉴人鉴心:5110  第40章 鉴宝宴鉴人鉴心:3195  第41章 鉴宝宴鉴人鉴心:5428  第42章 鉴宝宴鉴人鉴心:4838
          第43章 鉴宝宴鉴人鉴心:3598  第44章 鉴宝宴鉴人鉴心:3518  第45章 造极峰破心正道:3880  第46章 造极峰破心正道:3203  第47章 造极峰破心正道:3382  第48章 寻仙府求道诛邪:3793
          第49章 寻仙府求道诛邪:5031  第50章 寻仙府求道诛邪:4299  第51章 困生死凝剑破绝境:4455  第52章 渡幽冥引魂唤魂:3533  第53章 花前月下度良辰:3438  第54章 番外 入梦:4278

02:24:13  锦鲤是我 (简咿) [完结+番外]  76p→70章  669KB  OK
          https://www.52shuku.net/gl/01_b/bkdHd.html
          第1章 是锦鲤，不是金鲤:3619  第2章 跃龙门:3284  第3章 乙方的宿命:3260  第4章 发疯送走了自己:3348  第5章 跑路进行时:3116  第6章 半路被截:3331
          第7章 养鱼进行时:3127  第8章 冤大头:3046  第9章 真正的目的:3178  第10章 欲言又止:3103  第11章 霸气师姐:3138  第12章 高手师姐:3016
          第13章 有限拉扯:3066  第14章 第一个朋友:3120  第15章 相信直觉:3142  第16章 有长进的人:3056  第17章 有运气的人:3030  第18章 旧日重现:3228
          第19章 合理的怀疑:3100  第20章 有人欢喜有人忧:3125  第21章 追猫会狐:3098  第22章 她的破绽:3057  第23章 被鱼吼了:3068  第24章 狼群入山:3256
          第25章 时光不能倒流:3074  第26章 多年未见的交情:3102  第27章 快刀斩乱麻:3073  第28章 直面它，战胜它:3067  第29章 变妖前夕:3109  第30章 口不对心:3048
          第31章 三年快乐体验卡:3199  第32章 我是谁:3295  第33章 想飞的鱼:3065  第34章 不该动心的:3052  第35章 什么才是真的:3146  第36章 我在这里:3028
          第37章 调皮鬼:3112  第38章 好姐姐:3051  第39章 心之所向:3101  第40章 醒来以后:3145  第41章 虚幻与现实:3189  第42章 面对现实:3049
          第43章 千谎百计:3230  第44章 心无旁骛:3033  第45章 是个好人:3076  第46章 第一顿饭:3189  第47章 谁是新人:3111  第48章 言语交锋:3057
          第49章 任务进度:3237  第50章 已读不回:3096  第51章 什么是爱女:3103  第52章 摊牌局:3066  第53章 暴露了:3102  第54章 难分高下:3049
          第55章 肌肤之亲:2775  第56章 不做对手:3059  第57章 可能性:3167  第58章 梦境照进现实:3105  第59章 突如其来的一切:3098  第60章 像一团火:3113
          第61章 怪甜的:3371  第62章 破天荒:3056  第63章 少数人的路:2855  第64章 是正常的:3513  第65章 幸运之神:3160  第66章 有意思的锦鲤:3195
          第67章 骗她的嘴:2380  第68章 就这么躺平了:2996  第69章 我是谁以及我爱她:4200  第70章 甲方乙方？不，我们在一方:3868

02:24:18  [娱乐圈同人] 镜花水月 (倒立吹头大师) [完结]  9p→9章  74KB  OK
          https://www.52shuku.net/gl/01_b/bkdHc.html
          第1章 序章:338  第2章 浮光:2421  第3章 泡影:3377  第4章 旧事:3207  第5章 转生:3469  第6章 噩耗:3282
          第7章 梦魇:3580  第8章 轮化:3049  第9章 回盻:1741

02:24:34  伏诛 (辛七六) [完结]  37p→26章  323KB  OK
          https://www.52shuku.net/gl/01_b/bkdGZ.html
          第1章 001:4953  第2章 002:2662  第3章 003:3360  第4章 004:4180  第5章 005:3196  第6章 006:3332
          第7章 007:3770  第8章 008:5621  第9章 009:3366  第10章 010:3710  第11章 011:3203  第12章 012:5636
          第13章 013:3278  第14章 014:3873  第15章 015:3543  第16章 016:4221  第17章 017:3590  第18章 018:3590
          第19章 019:3880  第20章 020:3251  第21章 021:3537  第22章 022:3884  第23章 023:4845  第24章 024:3552
          第25章 025:10221  第26章 026:4656

02:24:46  雨落不下 (水轻墨) [完结+番外]  28p→25章  242KB  OK
          https://www.52shuku.net/gl/01_b/bkdGY.html
          第1章 雨:2765  第2章 雨:2374  第3章 雨:2661  第4章 雨:3063  第5章 雨:2970  第6章 雨:2374
          第7章 积雨·（一）:6615  第8章 雨:2899  第9章 雨:3566  第10章 雨:2899  第11章 雨:3359  第12章 雨:2928
          第13章 雨:3707  第14章 雨:3564  第15章 雨:3590  第16章 雨:3385  第17章 雨:2912  第18章 雨:1331
          第19章 积雨·（二）:5846  第20章 雨:2598  第21章 雨:4056  第22章 云盐的信:3131  第23章 大学回忆:2226  第24章 北京生活:3327
          第25章 香水:1586

02:25:22  争渡争渡 (是但求其) [完结]  91p→83章  840KB  OK
          https://www.52shuku.net/gl/01_b/bkdGX.html
          第1章 吻照曝光:5337  第2章 成全:0  第二章:5826  第3章 幻境与深渊:0  第三章第三章：幻境与深渊:4148  第4章 大雾弥漫:4588
          第5章 无声的回响:11293  第6章 无声的崩塌:0  第六章无声的崩塌:9409  第7章 崩溃的人生:7396  第8章 夜色中的微光与秘密基地:0  第八章：:13202
          第9章 月光、民谣与微醺的真心:0  第九章：月光、民谣与微醺的真心:3073  第10章 醉后的真心与醒来的重压:0  第十章：醉后的真心与醒来的重压:2769  第11章 推诿、胁迫与无解的争吵:0  第十一章：推诿、胁迫与无解的争吵:2897
          第12章 血色琴房与无声的呐喊:0  第十二章：血色琴房与无声的呐喊:2992  第13章 守候、求助与微弱的转机:0  第十三章：守候、求助与微弱的转机:3233  第14章 画纸上的心伤与指尖的悸动:0  第十四章：画纸上的心伤与指尖的悸动:3936
          第15章 催眠深处的伤痕与抚平眉心的温柔:0  第十五章：催眠深处的伤痕与抚平眉心的温柔:2366  第16章 讲座台上的目光与失控的心跳:0  第十六章：讲座台上的目光与失控的心跳:2447  第17章 隔墙的叹息与未送出的拥抱:0  第十七章：隔墙的叹息与未送出的拥抱:3677
          第18章 洗手间的试探与突如其来的“礼物”:0  第十八章：洗手间的试探与突如其来的“礼物”:2806  第19章 山顶的呐喊与拂晓的光:0  第十九章：山顶的呐喊与拂晓的光:2078  第20章 日出、刻痕与无声的战场:0  第二十章：日出、刻痕与无声的战场:2384
          第21章 风暴中心的道歉与未解的谜题:0  第二十一章：风暴中心的道歉与未解的谜题:2482  第22章 失控的舆论与无力的守护:0  第二十二章：失控的舆论与无力的守护:2267  第23章 铁笼与暗流:0  第二十三章：铁笼与暗流:1918
          第24章 理想国的裂痕与必要的“背叛”:0  第二十四章：理想国的裂痕与必要的“背叛”:2415  第25章 真相的重量与怀抱的港湾:0  第二十五章：真相的重量与怀抱的港湾:2150  第26章 告别与开端:0  第二十六章：告别与开端:3259
          第27章 星空、醉语与偷偷的吻:3374  第28章 归途:1691  第29章 想要给你完整的我:2427  第30章 你好好地就行:2582  第31章 最喜欢的朋友:0  第三十一章：最喜欢的朋友:2624
          第32章 旅行的青蛙:0  第三十二章：:6422  第33章 难堪的会面:0  第三十三章：:6067  第34章 快要克制不住的吻:4065  第35章 我们会有一个家:3888
          第36章 毕业了:0  第三十六章：毕业了:6304  第37章 被撞破的感情:5251  第38章 你为什么要躲:3981  第39章 思念断不掉:5641  第40章 梦中的吻:7067
          第41章 我爱的就是一个女人:11478  第42章 我愿意放弃所有:5394  第43章 伤风败俗:5785  第44章 原来，你爱的是她:7187  第45章 世外桃源:5599  第46章 晚舟，你在哪:7306
          第47章 暗藏的心机:6751  第48章 阴谋被揭穿:6331  第49章 我救不了他:7135  第50章 背叛者:6597  第51章 多可笑，你永远不会知道的存在:4794  第52章 你终于来了:7185
          第53章 当下就很幸福:4451  第54章 作为老师，你觉得合适吗？:5612  第55章 我在看着你们:4093  第56章 因为爱你，愿意放你自由:5527  第57章 第 57 章:5390

02:25:41  暗恋的老师成了我室友 (鸭腿又晚睡) [完结+番外]  45p  (无章节标记)  384KB  OK
          https://www.52shuku.net/gl/01_b/bkdGW.html
          全文: 128232字

02:26:09  冬又冬 (鸭腿又晚睡) [完结+番外]  70p→21章  603KB  OK
          https://www.52shuku.net/gl/30_b/bkdGF.html
          第一章:2147  第二章:2107  第三章:2361  第四章:2037  第五章:2200  第六章:2084
          第七章:2195  第八章:2231  第九章:2429  第十章:2045  第十一章:2029  第十二章:2213
          第十三章:2357  第十四章:3314  第十五章:2598  第十六章:2554  第十七章:2470  第十八章:2873
          第十九章:2649  第二十章:3149  第二十一章:152215

02:27:20  带着糊涂系统追权臣 (大咸猫) [完结]  192p→101章  1729KB  OK
          https://www.52shuku.net/gl/30_b/bkdGC.html
          第1章:3415  第2章:3970  第3章:3724  第4章:3478  第5章:3541  第6章:3341
          第7章:3280  第8章:3306  第9章:3228  第10章:3449  第11章:3233  第12章:3193
          第13章:3257  第14章:3191  第15章:3572  第16章:3167  第17章:3456  第18章:3127
          第19章:3716  第20章:10699  第21章:6961  第22章:7422  第23章:4972  第24章:4931
          第25章:4730  第26章:5884  第27章:5543  第28章:4340  第29章:4337  第30章:6215
          第31章:5478  第32章:5286  第33章:5474  第34章:4964  第35章:4942  第36章:4560
          第37章:5059  第38章:4873  第39章:4820  第40章:5993  第41章:4965  第42章:11649
          第43章:10257  第44章:10882  第45章:9645  第46章:10861  第47章:5379  第48章:5064
          第49章:6027  第50章:5559  第51章:4918  第52章:5076  第53章:5217  第54章:5650
          第55章:5336  第56章:5096  第57章:10129  第58章:5375  第59章:5641  第60章:8321
          第61章:10934  第62章:10005  第63章:8201  第64章:5866  第65章:5614  第66章:5475
          第67章:5538  第68章:5675  第69章:5605  第70章:5696  第71章:5547  第72章:5814
          第73章:5834  第74章:5646  第75章:5418  第76章:5374  第77章:5598  第78章:5367
          第79章:5471  第80章:5898  第81章:5552  第82章:5520  第83章:5628  第84章:6081
          第85章:5571  第86章:5292  第87章:5476  第88章:5518  第89章:7798  第90章:5659
          第91章:5496  第92章:5287  第93章:6082  第94章:5355  第95章:5578  第96章:5627
          第97章:5707  第98章:11360  第99章:11129  第100章:5523  第101章:4902

02:28:10  嗣妃 (常文钟) [完结+番外]  141p→110章  1260KB  OK
          https://www.52shuku.net/gl/29_b/bkdGd.html
          第1章 小肚鸡肠:3689  第2章 祸从天降:3889  第3章 可恶至极:4025  第4章 游骑略关:3348  第5章 暗潮汹涌:3968  第6章 初嗅端倪:3315
          第7章 阳奉阴违:3872  第8章 破局之钥:3357  第9章 威名之下:4030  第10章 狼子野心:3811  第11章 不明不白:3769  第12章 初露端倪:4452
          第13章 贫土枯花:4228  第14章 此心阴鸷:3940  第15章 我有婚约:3888  第16章 遵从皇命:3940  第17章 不谈之密:3534  第18章 礼重情轻:3797
          第19章 旧账未结:4369  第20章 幽微难明:4132  第21章 何故生怖:3377  第22章 一退再退:3227  第23章 进退两难:4586  第24章 不治之疾:4556
          第25章 缓兵之计:3448  第26章 草原公主:4104  第27章 深不可测:4270  第28章 不再隐瞒:3792  第29章 牢不可破:3292  第30章 两肋插刀:3652
          第31章 步步为营:4002  第32章 呼之欲出:3626  第33章 原来如此:3521  第34章 晴空万里:3604  第35章 咄咄逼人:3808  第36章 药到病除:5102
          第37章 以毒攻毒:3657  第38章 以毒攻毒（2）:3716  第39章 反手制敌:3923  第40章 晚霞如烟:3401  第41章 旧事前因:5421  第42章 坦白从宽:3473
          第43章 不堪一击:3487  第44章 惊天秘密:4209  第45章 釜底抽薪:4285  第46章 上兵伐谋:4244  第47章 兵不血刃:3173  第48章 不过如此:3102
          第49章 兴家旺财:4179  第50章 同心协力:3357  第51章 岂见心魔:3881  第52章 上交俸禄:3514  第53章 明言确意:3665  第54章 按部就班:3964
          第55章 甚为思念:4268  第56章 关北来信:3617  第57章 张家寿臣:4793  第58章 不见硝烟:3725  第59章 用心至深:3665  第60章 发自肺腑:3366
          第61章 舍得之择:4575  第62章 谋中之谋:3408  第63章 突如其来:3671  第64章 三言两语:3216  第65章 铁石心肠:3312  第66章 阻碍重重:4752
          第67章 不为人知:3626  第68章 葫芦丑娃:3343  第69章 意外之喜:3824  第70章 幡然醒悟:3571  第71章 风波乍起:3708  第72章 里应外合:3812
          第73章 棋高一筹:3896  第74章 第七十四章:3832  第75章 第七十五章:3559  第76章 第七十六章:3798  第77章 第七十七章:3338  第78章 第七十八章:3814
          第79章 第七十九章:3028  第80章 第八十章:3471  第81章 第八十一章:3922  第82章 第八十二章:4324  第83章 第八十三章:4864  第84章 第八十四章:4662
          第85章 第八十五章:3991  第86章 第八十六章:4175  第87章 第八十七章:3984  第88章 第八十八章:3729  第89章 第八十九章:3617  第90章 第九十章:3671
          第91章 第九十一章:4479  第92章 第九十二章:3390  第93章 第九十三章:4080  第94章 第九十四章:3139  第95章 第九十五章:3125  第96章 第九十六章:3524
          第97章 第九十七章:3845  第98章 番外•生趣1:3388  第99章 番外•生趣2:3971  第100章 番外•生趣3:3080  第101章 番外•生趣4:3102  第102章 番外•生趣5:3236
          第103章 番外•生趣6:3591  第104章 番外•生趣7:3309  第105章 番外•别来春半1:3119  第106章 番外•别来春半2:3211  第107章 番外•别来春半3:3365  第108章 番外•别来春半4:3089
          第109章 番外•别来春半5:4628  第110章 番外•别来春半6:4604

02:28:24  天气几分甜 (宋叙彦) [完结]  29p→31章  245KB  OK
          https://www.52shuku.net/gl/29_b/bkdGc.html
          第1章 一份甜1:3007  第2章 一份甜2:3012  第3章 一份甜3:3076  第4章 一份甜4:3152  第5章 一份甜5:3068  第6章 一份甜6:3039
          第7章 一份甜7:3007  第8章 一份甜8:3066  第9章 一份甜9:3127  第10章 一份甜10:3059  第11章 一份甜11:3008  第12章 一份甜12:3161
          第13章 一份甜13:3069  第14章 一份甜14:3164  第15章 一份甜15:3039  第16章 一份甜16:4032  第17章 一份甜17:1503  第18章 一份甜18:1519
          第19章 一份甜19:1539  第20章 一份甜20:1838  第21章 一份甜21:2836  第22章 一份甜22:1170  第23章 一份甜23:1500  第24章 一份甜24:2191
          第25章 一份甜25:1545  第26章 一份甜26:1187  第27章 二份甜1:2174  第28章 二份甜2:3189  第29章 二份甜3:1835  第30章 三份甜1:2903
          第31章 三份甜2:2998

02:28:59  请将我私有 (耳艺) [完结+番外]  93p→73章  812KB  OK
          https://www.52shuku.net/gl/28_b/bkdFX.html
          第1章 许愿:3876  第2章 俞临:2974  第3章 福利院:3252  第4章 再见面:3806  第5章 我们的名字:2255  第6章 和我走:3164
          第7章 “池记”蛋糕店:3452  第8章 日常:3413  第9章 停电:3199  第10章 去上学:3062  第11章 去学校:3107  第12章 匹配:2665
          第13章 抽烟？:4305  第14章 选择:3634  第15章 工资？她居然还有工资？:3319  第16章 要自己喜欢的，不要勉强。:3165  第17章 雪地里的名字:2882  第18章 池御原来是这么爱庆祝的人吗？:2726
          第19章 俞临将再次回到福利院，和池御一起。:2635  第20章 俞临的银行卡密码是池御的生日:3835  第21章 吃什么不重要，和池御吃才重要。:3134  第22章 “新年快乐，俞临。”:2703  第23章 这是池御亲手做的，是独一份的味道。:3086  第24章 他凭什么骂姐姐？:3656
          第25章 谢谢你教我，也为我今天可能添的麻烦说声对不起。:3327  第26章 春天，好像真的来了。:2503  第27章 俞临的世界里全是池御:2683  第28章 池御回来了吗？:4466  第29章 “那你们刚刚是在？”:3888  第30章 俞临想戴的不是“各种好看的耳环耳钉”，她只想戴那一对。:3420
          第31章 可那是池御的手指。:3673  第32章 姐姐的愿望就是我的愿望。:4393  第33章 俞临不知道池御会怎么选。:3326  第34章 她一定会让他付出代价。:3016  第35章 “干什么呢！都住手！警察！”:3543  第36章 “见义勇为？”:3226
          第37章 世界好像变大了，也变复杂了。:3871  第38章 她能说什么？以什么立场说？:3996  第39章 选择你，池御。:4112  第40章 生病:2433  第41章 “姐姐，别怕，我在这，我在这。”:3588  第42章 “我是店里的学徒，应该做的。”:3388
          第43章 姐姐的电话？:3560  第44章 俞临真的喜欢女生吗？有那么明显吗？:2942  第45章 因为俞临所有的一切，都是池御给予的。:3207  第46章 无心之言:3429  第47章 兼职实习，这只是第一步。:3295  第48章 去兼职:3314
          第49章 你姐男朋友？:4362  第50章 “我很喜欢姐姐，所以如果……”:2822  第51章 承认吧，池御。:3516  第52章 姐姐，姐姐，我不能离开你。:4790  第53章 姐姐，我走了。:3377  第54章 舍不得:3588
          第55章 姐姐，平安夜快乐。:3468  第56章 困在看不到你的每一天里:4916  第57章 姐姐，今天是春节，你吃饺子了吗？:3163  第58章 姐姐，好久不见。:3560  第59章 俞临，恭喜你，长大了。:4406  第60章 “是一个人的伞。”:3825
          第61章 重逢:5589  第62章 “我很想你，俞临。”:3913  第63章 两个人在一起的第一天。:4753  第64章 “……嗯，姐姐喜欢就好。”:3647  第65章 “那我多练练。”:4696  第66章 “我可以不爽，姐姐舒服就好。”:6205
          第67章 “我是姐姐的小狗。”:5235  第68章 “姐姐，你太美好了……”:2231  第69章 正文完:4276  第70章 番外一 一盏池御和俞临卧室里的台灯:2228  第71章 番外二 池御的过去:5666  第72章 番外三 陈菲的自述:5963
          第73章 番外四喝醉的俞临:6983

02:29:46  误成亲妈情敌后 (戒糖早睡) [完结]  128p  (无章节标记)  1142KB  OK
          https://www.52shuku.net/gl/28_b/bkdFW.html
          全文: 383725字

02:30:21  我在废土复制一切 (安累懒懒) [完结]  94p  (无章节标记)  831KB  OK
          https://www.52shuku.net/gl/28_b/bkdFM.html
          全文: 278978字

02:30:44  师姐她超喜欢我的千纸鹤 (申时雨微) [完结]  55p→67章  478KB  OK
          https://www.52shuku.net/gl/27_b/bkdF2.html
          第1章 玉岚门:3204  第2章 师姐我来！:3864  第3章 朏朏:3842  第4章 师姐帮帮我:3110  第5章 补习:3012  第6章 机关匣:3532
          第7章 宗门大比:3362  第8章 筑基:3124  第9章 醉酒:3001  第10章 下山:3048  第11章 红袖楼:3140  第12章 师姐我错了:3109
          第13章 礼尚往来:2659  第14章 追月祭:2682  第15章 “叶檀香”:2403  第16章 照明术:2485  第17章 朏朏？:2220  第18章 回宗门:2292
          第19章 火药味:2194  第20章 最喜欢师姐了:2228  第21章 喜欢谁:2115  第22章 叶檀香的过往:2115  第23章 师姐开窍啦:2317  第24章 戊岐秘境:2009
          第25章 迷雾:2138  第26章 幻境:2156  第27章 石棺:2137  第28章 血脉:1709  第29章 剑簪碎了:1885  第30章 碎金丹:2076
          第31章 青平剑仙:1898  第32章 贡品:1838  第33章 昔日好友:2044  第34章 寻剑:2036  第35章 遗迹:1930  第36章 妖族来犯:1960
          第37章 重伤:1864  第38章 不速之客:2483  第39章 阴谋:2216  第40章 可以抱抱吗:1818  第41章 要事召集:2175  第42章 遭遇伏击:2122
          第43章 流言:2108  第44章 分道:2002  第45章 殿下:2243  第46章 缘由:2089  第47章 我很担心:2005  第48章 阵眼:2039
          第49章 御敌:2011  第50章 幼兽:2079  第51章 灵泉:2004  第52章 醒来:2009  第53章 伴生灵草:2123  第54章 故地:3057
          第55章 师姐帮帮我:2212  第56章 我亦心悦你:2001  第57章 百兽谷:2225  第58章 应龙:2054  第59章 打一架:2020  第60章 投机取巧:2089
          第61章 撤退:2037  第62章 封印:2100  第63章 苦战:2010  第64章 结束:2013  第65章 愿不愿:1883  第66章 同意:2025
          第67章 结契:2028

02:33:18  我的异能是召唤 (L泗X汐Y) [完结+番外]  429p→398章  4035KB  OK
          https://www.52shuku.net/gl/27_b/bkdFy.html
          第1章 /星/云/与/魇/谛/:3083  第2章 /突/然/觉/醒/了/:3039  第3章 /白/色/的/尾/气/:3265  第4章 /每/日/的/日/常/:3197  第5章 /未/来/的/规/划/:3091  第6章 /彩/蛋/类/卡/牌/:2974
          第7章 /异/能/管/理/局/:3006  第8章 /蜘/蛛/可/爱/捏/:3031  第9章 /同/伴/契/约/金/:3178  第10章 /抽/卡/出/沉/默/:3294  第11章 /入/学/院/考/核/:3225  第12章 /考/核/通/过/啦/:3081
          第13章 /自/由/的/学/习/:3088  第14章 /自/觉/与/自/律/:3166  第15章 /魇/谛/与/星/云/:3046  第16章 /这/就/是/同/伴/:3077  第17章 /十/连/又/十/连/:3336  第18章 /正/式/开/学/了/:3100
          第19章 /学/院/内/论/坛/:3154  第20章 /学/姐/的/战/绩/:3270  第21章 /实/战/两/连/胜/:10195  第22章 /上/课/与/上/课/:3183  第23章 /学/姐/的/邀/请/:3186  第24章 /小/队/的/聚/餐/:3181
          第25章 /烧/烤/后/散/步/:3215  第26章 /散/步/与/闲/聊/:3204  第27章 /突/破/灵/士/初/:3192  第28章 /绝/望/一/百/抽/:3187  第29章 /期/末/的/考/核/:3235  第30章 /考/试/第/一/战/:3168
          第31章 /首/胜/已/达/成/:3185  第32章 /赛/中/休/息/时/:3217  第33章 /对/阵/万/盈/秀/:3180  第34章 /强/化/类/异/能/:3265  第35章 /实/战/二/连/胜/:3614  第36章 /黛/薇/卡/无/语/:3223
          第37章 /十/连/胜/达/成/:3243  第38章 /同/伴/的/隐/私/:3238  第39章 /落/雷/召/唤/卡/:3179  第40章 /对/战/姜/冬/瑜/:3181  第41章 /年/级/双/第/一/:3247  第42章 /继/续/召/唤/吧/:3202
          第43章 /同/伴/契/约/金/:3176  第44章 /牌/库/充/盈/呀/:3290  第45章 /新/同/伴/购/物/:3230  第46章 /团/队/战/前/夕/:3220  第47章 /团/队/战/阵/型/:3218  第48章 /速/战/与/速/决/:3190
          第49章 /论/坛/的/讨/论/:3568  第50章 /六/次/的/单/抽/:3181  第51章 /前/往/低/危/区/:3219  第52章 /抵/达/低/危/区/:3235  第53章 /第/一/夜/聚/餐/:3651  第54章 /净/化/之/勋/章/:3268
          第55章 /解/决/污/染/怪/:3230  第56章 /一/起/进/步/呀/:3188  第57章 /合/作/的/清/理/:3256  第58章 /午/饭/休/息/时/:3245  第59章 /碎/片/化/修/炼/:3238  第60章 /召/唤/的/从/容/:3227
          第61章 /临/近/新/年/了/:3249  第62章 /新/年/的/礼/物/:3197  第63章 /礼/物/五/连/开/:3186  第64章 /妈/妈/的/语/音/:3221  第65章 /新/年/的/饺/子/:3324  第66章 /最/好/的/安/排/:3253
          第67章 /三/十/次/召/唤/:3244  第68章 /低/危/区/遇/袭/:3221  第69章 /是/次/元/裂/缝/:3227  第70章 /阻/止/了/裂/缝/:3213  第71章 /战/后/的/感/悟/:3294  第72章 /重/建/房/屋/吧/:3214
          第73章 /聊/天/报/平/安/:3243  第74章 /情/感/的/专/家/:3214  第75章 /低/危/区/来/客/:3255  第76章 /折/爸/的/手/艺/:3239  第77章 /技/能/的/运/用/:3202  第78章 /终/于/开/学/啦/:3195
          第79章 /奖/励/已/到/账/:3287  第80章 /擂/台/战/擂/主/:3226  第81章 /玛/蒂/娜/发/力/:3196  第82章 /十/连/抽/开/始/:3207  第83章 /五/十/抽/结/束/:3141  第84章 /同/伴/的/拥/抱/:3171
          第85章 /转/眼/就/期/末/:3241  第86章 /再/见/学/姐/们/:3266  第87章 /实/战/考/开/始/:3244  第88章 /最/最/最/重/要/:3222  第89章 /伙/伴/的/增/幅/:3186  第90章 /十/连/胜/达/成/:3278
          第91章 /前/五/的/角/逐/:3236  第92章 /体/验/精/神/系/:3292  第93章 /试/试/新/卡/牌/:3175  第94章 /再/夺/双/第/一/:3234  第95章 /第/二/次/历/练/:4219  第96章 /我/想/拿/第/一/:3283
          第97章 /同/伴/契/约/金/:3207  第98章 /猫/猫/神/怀/白/:3240  第99章 /同/伴/契/约/金/:3204  第100章 /祝/生/日/快/乐/:3522  第101章 /生/日/快/乐/喵/:3236  第102章 /她/的/同/伴/们/:3261
          第103章 /后/续/的/计/划/:3528  第104章 /返/回/学/院/啦/:3240  第105章 /终/于/开/学/咯/:3231  第106章 /折/凝/云/获/胜/:4595  第107章 /第/二/队/挑/战/:3173  第108章 /团/战/二/连/胜/:3562
          第109章 /实/战/课/结/束/:3250  第110章 /实/战/特/训/咯/:3237  第111章 /团/队/特/训/赛/:3199  第112章 /特/训/再/特/训/:3237  第113章 /学/姐/的/突/破/:3374  第114章 /升/级/的/特/训/:3251
          第115章 /副/院/与/院/长/:3342  第116章 /抽/卡/再/梭/哈/:3296  第117章 /十/二/月/一/日/:4219  第118章 /礼/物/与/期/末/:3198  第119章 /出/发/中/危/区/:3207  第120章 /抵/达/中/危/区/:3256
          第121章 /中/危/区/任/务/:3243  第122章 /神/圣/骑/士/啊/:3251  第123章 /净/化/进/行/时/:3221  第124章 /第/一/个/夜/晚/:3926  第125章 /篝/火/之/夜/谈/:3272  第126章 /十/连/与/抽/卡/:3207
          第127章 /返/回/学/院/啦/:3237  第128章 /招/揽/不/成/反/:3662  第129章 /第/一/战/获/胜/:4194  第130章 /薛/桑/乾/队/胜/:3223  第131章 /赛/后/的/复/盘/:3339  第132章 /学/院/的/生/活/:3901
          第133章 /四/年/生/第/一/:3307  第134章 /灵/师/初/阶/成/:3218  第135章 /同/伴/契/约/金/:3264  第136章 /冰/雪/之/法/神/:3184  第137章 /卡/牌/库/一/览/:3160  第138章 /初/选/赛/大/比/:3562
          第139章 /薛/桑/乾/队/胜/:3245  第140章 /赛/后/的/复/盘/:3204  第141章 /第/三/轮/比/赛/:3502  第142章 /大/赛/名/额/定/:3558  第143章 /队/友/的/人/选/:3889  第144章 /关/于/谢/宁/安/:3900
          第145章 /我/们/需/要/你/:3307  第146章 /首/轮/规/则/出/:3358  第147章 /猫/猫/队/获/胜/:4516  第148章 /合/作/与/交/流/:3553  第149章 /逆/天/幻/想/系/:3207  第150章 /去/往/比/赛/地/:3908
          第151章 /各/学/院/资/料/:3186  第152章 /围/猎/赛/开/始/:3513  第153章 /猫/猫/队/首/胜/:4236  第154章 /突/然/的/想/法/:3571  第155章 /是/指/引/之/蝶/:4191  第156章 /围/猎/淘/汰/赛/:3557
          第157章 /闪/击/污/染/兽/:3523  第158章 /是/猎/杀/时/刻/:3602  第159章 /战/场/另/一/端/:3656  第160章 /星/光/独/角/兽/:3521  第161章 /召/唤/的/盛/宴/:3554  第162章 /围/猎/淘/汰/赛/:3263
          第163章 /召/唤/的/实/力/:4531  第164章 /最/后/的/混/战/:3376  第165章 /热/身/赛/结/束/:3501  第166章 /拥/抱/和/拥/抱/:5210  第167章 /正/赛/准/备/时/:4352  第168章 /情/感/之/大/师/:3569
          第169章 /正/赛/开/幕/式/:3257  第170章 /两/次/十/连/抽/:3255  第171章 /龟/壳/流/战/术/:4360  第172章 /太/安/学/院/啊/:3285  第173章 /猫/猫/队/获/胜/:3183  第174章 /我/们/是/第/一/:5885
          第175章 /冠/军/之/勋/章/:3581  第176章 /角/落/的/两/人/:5846  第177章 /到/底/醉/没/醉/:3885  第178章 /两/人/的/想/法/:3145  第179章 /意/识/到/了/吗/:3893  第180章 /修/炼/与/修/炼/:3311
          第181章 /三/次/十/连/抽/:3191  第182章 /团/建/的/规/划/:3572  第183章 /一/起/走/一/走/:5233  第184章 /通/行/不/许/可/:3643  第185章 /突/破/灵/师/中/:3202  第186章 /新/年/的/采/购/:3929
          第187章 /温/馨/的/日/常/:3665  第188章 /小/小/的/沙/发/:3895  第189章 /一/百/抽/结/果/:3200  第190章 /妈/妈/的/祝/福/:3207  第191章 /三/年/期/末/考/:3908  第192章 /重/启/的/历/练/:3284
          第193章 /低/危/区/历/练/:3185  第194章 /俞/旭/阳/快/递/:3294  第195章 /新/的/时/间/表/:3309  第196章 /历/练/的/选/择/:3863  第197章 /大/家/的/想/法/:3199  第198章 /热/火/锅/之/夜/:3213
          第199章 /该/来/的/终/来/:3216  第200章 /魇/谛/的/杀/招/:3551  第201章 /圣/母/光/环/开/:3806  第202章 /灵/尊/高/阶/爆/:3878  第203章 /回/家/的/计/划/:3256  第204章 /炸/次/元/矿/脉/:4834
          第205章 /返/回/玄/武/关/:4236  第206章 /醒/来/第/一/天/:3841  第207章 /折/元/帅/谈/话/:3497  第208章 /星/云/的/宣/传/:3515  第209章 /邀/约/学/姐/啦/:3845  第210章 /酸/甜/的/滋/味/:3624
          第211章 /简/单/的/事/情/:3887  第212章 /开/窍/不/开/窍/:3579  第213章 /沈/秋/夕/直/言/:3173  第214章 /突/破/灵/师/高/:3346  第215章 /毕/业/考/核/了/:3161  第216章 /饯/别/散/伙/饭/:3565
          第217章 /薛/桑/乾/妈/妈/:3285  第218章 /修/行/的/一/种/:3231  第219章 /又/是/一/年/末/:3226  第220章 /才/不/会/食/言/:3602  第221章 /新/年/的/规/划/:3198  第222章 /各/自/的/心/动/:3625
          第223章 /年/后/的/她/们/:3222  第224章 /灵/将/初/阶/成/:3154  第225章 /突/破/后/表/现/:3244  第226章 /同/伴/契/约/金/:3196  第227章 /新/卡/的/盛/宴/:3516  第228章 /军/火/库/展/示/:3833
          第229章 /与/学/姐/视/频/:3239  第230章 /黛/薇/卡/的/糖/:3560  第231章 /毕/业/考/核/啦/:3249  第232章 /超/提/前/完/成/:3187  第233章 /谁/是/同/人/神/:3260  第234章 /黛/薇/卡/不/语/:3257
          第235章 /启/程/危/险/区/:3210  第236章 /怎/么/这/么/乖/:3187  第237章 /新/宿/舍/定/下/:3038  第238章 /快/乐/的/一/天/:3002  第239章 /第/一/天/上/班/:3209  第240章 /别/扭/的/两/人/:3190
          第241章 /我/很/喜/欢/你/:3220  第242章 /新/手/小/情/侣/:3248  第243章 /念/念/不/舍/呀/:3201  第244章 /公/布/恋/情/啦/:3187  第245章 /黛/薇/卡/失/策/:3220  第246章 /新/秘/密/任/务/:3275
          第247章 /潜/行/与/暗/杀/:3194  第248章 /清/理/完/毕/后/:3182  第249章 /沈/于/突/破/啦/:3527  第250章 /新/年/将/至/呀/:3229  第251章 /新/年/团/年/饭/:3270  第252章 /席/卷/的/警/报/:3199
          第253章 /你/的/心/不/诚/:3498  第254章 /血/月/的/君/王/:3555  第255章 /战/中/场/休/息/:3198  第256章 /她/的/梦/境/啊/:4214  第257章 /守/备/之/鏖/战/:3252  第258章 /突/破/与/敌/人/:3335
          第259章 /一/周/后/形/势/:3183  第260章 /污/染/净/化/章/:3278  第261章 /我/好/爱/你/呀/:3221  第262章 /休/假/的/聚/餐/:3166  第263章 /域/外/之/地/现/:3210  第264章 /开/始/前/筹/备/:3561
          第265章 /域/外/之/地/开/:3207  第266章 /她/想/成/为/的/:4511  第267章 /少/为/她/流/泪/:4500  第268章 /死/亡/与/死/亡/:3202  第269章 /光/幕/的/直/播/:3652  第270章 /苏/醒/与/启/程/:3251
          第271章 /战/斗/与/战/斗/:4004  第272章 /围/杀/魇/谛/人/:3167  第273章 /域/外/的/发/展/:3197  第274章 /灵/将/高/阶/成/:3230  第275章 /与/大/家/汇/合/:3324  第276章 /入/混/沌/之/雾/:3204
          第277章 /灵/魂/之/试/炼/:3188  第278章 /力/量/的/极/限/:3227  第279章 /钻/空/子/失/败/:3189  第280章 /这/不/对/劲/吧/:3335  第281章 /绝/对/的/优/势/:3329  第282章 /同/伴/们/闲/聊/:3254
          第283章 /突/破/灵/尊/初/:3220  第284章 /同/伴/的/觉/醒/:3241  第285章 /玛/蒂/娜/觉/醒/:3188  第286章 /骑/士/的/觉/醒/:3150  第287章 /骑/士/的/觉/醒/:3190  第288章 /怀/白/的/觉/醒/:3209
          第289章 /北/静/之/觉/醒/:3212  第290章 /北/静/之/觉/醒/:3199  第291章 /利/雅/的/觉/醒/:3163  第292章 /扶/轻/燕/觉/醒/:3196  第293章 /收/获/与/消/化/:3238  第294章 /一/切/都/值/得/:3329
          第295章 /完/美/的/新/年/:3033  第296章 /战/前/之/准/备/:3199  第297章 /域/外/之/地/开/:3208  第298章 /光/速/的/汇/合/:3208  第299章 /团/队/集/合/了/:3206  第300章 /狩/猎/已/开/始/:3219
          第301章 /反/应/与/等/待/:3303  第302章 /试/炼/已/速/通/:3255  第303章 /原/定/的/计/划/:3170  第304章 /大/战/开/始/了/:3205  第305章 /战/斗/与/感/悟/:3288  第306章 /魇/谛/与/星/云/:3255
          第307章 /战/利/品/收/获/:3564  第308章 /星/云/救/世/主/:3203  第309章 /汇/合/与/修/炼/:3201  第310章 /灵/尊/高/阶/成/:3248  第311章 /域/外/战/结/束/:3249  第312章 /两/人/的/交/流/:3207
          第313章 /想/法/与/感/悟/:3260  第314章 /神/明/的/定/义/:3200  第315章 /久/违/的/聚/餐/:3216  第316章 /饭/后/的/谈/话/:3186  第317章 /定/制/的/礼/物/:3215  第318章 /新/年/惊/喜/呀/:3312
          第319章 /新/年/的/插/曲/:3184  第320章 /域/外/的/准/备/:3187  第321章 /魇/谛/的/世/界/:3403  第322章 /域/外/之/地/内/:3240  第323章 /灵/帝/初/阶/成/:3246  第324章 /域/外/战/结/束/:3310
          第325章 /域/外/战/后/续/:3185  第326章 /魇/谛/的/谋/划/:3209  第327章 /来/了/就/秒/了/:3242  第328章 /战/后/的/收/尾/:3216  第329章 /会/有/机/会/吗/:3224  第330章 /魇/谛/的/蒲/舟/:3570
          第331章 /魇/谛/的/秘/密/:3216  第332章 /星/云/晋/升/了/:3190  第333章 /双/同/伴/契/约/:3190  第334章 /通/道/保/护/期/:3195  第335章 /卡/牌/的/清/点/:3139  第336章 /骷/髅/与/艺/术/:3207
          第337章 /魇/谛/的/盘/算/:3213  第338章 /神/圣/之/裁/决/:3222  第339章 /武/神/体/验/卡/:3212  第340章 /魇/谛/的/世/界/:3260  第341章 /兵/分/七/路/后/:3397  第342章 /双/方/的/会/面/:3185
          第343章 /合/作/的/达/成/:3189  第344章 /捣/毁/实/验/室/:3292  第345章 /魇/谛/三/个/月/:3517  第346章 /王/族/的/府/邸/:3257  第347章 /在/魇/谛/半/年/:3258  第348章 /薛/桑/乾/特/训/:3684
          第349章 /向/死/而/生/呀/:3268  第350章 /各/自/的/计/划/:3265  第351章 /回/归/星/云/界/:3317  第352章 /再/战/域/外/地/:3271  第353章 /折/神/啊/折/神/:3182  第354章 /小/情/侣/重/逢/:3379
          第355章 /魇/谛/的/经/历/:3179  第356章 /黛/薇/卡/落/网/:3201  第357章 /俩/同/伴/觉/醒/:3269  第358章 /净/化/之/大/师/:3198  第359章 /魇/谛/的/变/化/:3207  第360章 /魇/谛/历/险/记/:3395
          第361章 /踏/入/灵/圣/初/:3264  第362章 /测/试/新/能/力/:3222  第363章 /薛/桑/乾/苦/修/:3230  第364章 /法/则/助/突/破/:3176  第365章 /大/战/的/预/感/:3197  第366章 /战/前/的/准/备/:3255
          第367章 /全/面/战/争/起/:3192  第368章 /欲/深/入/敌/后/:3174  第369章 /王/者/的/怒/火/:3223  第370章 /同/伴/的/发/威/:3382  第371章 /一/伪/神/降/临/:3175  第372章 /同/至/巅/峰/境/:3150
          第373章 /共/抵/五/伪/神/:3169  第374章 /伪/神/维/恩/陨/:3201  第375章 /伪/神/萨/奥/陨/:3177  第376章 /彻/底/的/消/散/:4165  第377章 /星/云/获/胜/了/:3377  第378章 /永/远/在/一/起/:4503
          第379章 番外-魇谛后续:-正文后-魇谛后续-:3561  第380章 番外-星云世界:-正文后-星云发展-:1946  第381章 番外-现实甜饼（一）:-成神后-蜜月旅行-:3370  第382章 番外-现实甜饼（二）:-失忆后-病弱小折-:3248  第383章 番外-现实甜饼（三）:-车祸后-脆弱小折-:3185  第384章 番外-现实甜饼（四）:-崛起中-犯规薛宝-:3317
          第385章 番外-现实甜饼（五）:-入夜后-两人想法-:3160  第386章 番外-现实甜饼（六）:-入睡后-旖旎梦境-:3202  第387章 番外-现实甜饼（七）:-直球后-接吻上瘾-:3167  第388章 番外-现实甜饼（八）:-很害怕-但不想停-:3572  第389章 番外-现实甜饼（完）:-遇到你-是我幸运-:2634  第390章 番外-沈于恋爱:-你真的-是笨蛋吧-:4612
          第391章 番外-风华绝代:-幼相识-青梅竹马-:5006  第392章 番外-文璟书璇:-是同类-相亲相爱-:5719  第393章 同伴番外-黛薇卡:-这样就很好-:2973  第394章 同伴番外-玛蒂娜:-战神与同伴-:2151  第395章 同伴番外-塞莱丝特:-我爱我自己-:2398  第396章 同伴番外-怀白:-午后的美梦-:2169
          第397章 同伴番外-利雅/北静之:-太短二合一-:2089  第398章 同伴番外-扶/涅雅/希:-番外三合一-:3732

02:33:32  捡了个女帝当媳妇 (琉璃仙草) [完结]  30p→20章  242KB  OK
          https://www.52shuku.net/gl/27_b/bkdFv.html
          第1章 开始捡老婆了:3351  第2章 捡到老婆的第一天:3441  第3章 捡到老婆的第二天:4017  第4章 捡到老婆的第三天:3442  第5章 捡到老婆的第四天:3482  第6章 捡到老婆的第五天:3317
          第7章 捡到老婆的第六天:4563  第8章 捡到老婆的第七天:3217  第9章 捡到老婆的第八天:3037  第10章 捡到老婆的第九天:3250  第11章 见到老婆的第十天:2574  第12章 捡到老婆的第十一天:3138
          第13章 捡到老婆的第十二天:6502  第14章 捡到老婆的第十三天:3011  第15章 捡到老婆的第十四天:4599  第16章 捡到老婆的第十五天:4884  第17章 捡到老婆的第十六天:4173  第18章 捡到老婆的第十七天:4483
          第19章 捡到老婆的第十八天:9666  第20章 新文：军师小嘴抹了砒霜:298

02:34:03  重逢旧友总对她明撩暗钓 (五重溃孽) [完结]  83p→75章  749KB  OK
          https://www.52shuku.net/gl/27_b/bkdFu.html
          第1章 归国:2498  第2章 重逢:2311  第3章 回忆:2628  第4章 出柜:3166  第5章 情史:2861  第6章 震惊:2867
          第7章 不平:2909  第8章 心悦:3270  第9章 错过:3384  第10章 许愿:3336  第11章 开房:3089  第12章 共寝:2405
          第13章 翌日:3578  第14章 再会:2414  第15章 心肝:3427  第16章 蒙尘:3530  第17章 青春:3344  第18章 沿途:3240
          第19章 请求:3674  第20章 争吵:3160  第21章 同款:3425  第22章 珍视:3267  第23章 噩耗:3386  第24章 惊现:3573
          第25章 工作:4161  第26章 外网:4066  第27章 家长:3956  第28章 过渡:3473  第29章 邀约:3319  第30章 陪伴:3136
          第31章 痴妄:3371  第32章 等待:3314  第33章 相聚:3314  第34章 真诚:3383  第35章 套娃:3395  第36章 相册:3356
          第37章 交友:3477  第38章 明牌:3395  第39章 攻守:3361  第40章 表白:3212  第41章 云开:3148  第42章 月明:3717
          第43章 坦诚:3293  第44章 来客:3246  第45章 错误:3792  第46章 难缠:3849  第47章 问心:3687  第48章 平行:3245
          第49章 怨天:3316  第50章 扼杀:3300  第51章 隔岸:3213  第52章 伤疤:3123  第53章 羁绊:3160  第54章 虚伪:3206
          第55章 夕阳:3422  第56章 我们:3336  第57章 初吻:3099  第58章 意外:3438  第59章 奔丧:3908  第60章 回乡:3349
          第61章 闹剧:3342  第62章 深夜:3430  第63章 阿姨:3189  第64章 清晨:3384  第65章 日出:3198  第66章 娘家:4025
          第67章 常乐:3274  第68章 帮扶:3369  第69章 前辈:3179  第70章 巧合:3766  第71章 真相:3152  第72章 坦诚:3012
          第73章 剖析:3043  第74章 延伸:3008  第75章 释然:3208

02:34:19  前妻姐好像对我图谋不轨 (堆叠小方块) [完结]  38p  (无章节标记)  327KB  OK
          https://www.52shuku.net/gl/26_b/bkdFt.html
          全文: 109510字

02:35:34  你老婆？我的 (江一水) [完结+番外]  207p→100章  1780KB  OK
          https://www.52shuku.net/gl/26_b/bkdFs.html
          第1章:3617  第2章:3639  第3章:3452  第4章:3060  第5章:3203  第6章:3430
          第7章:3505  第8章:3880  第9章:3281  第10章:1885  第11章:2699  第12章:2796
          第13章:2713  第14章:1994  第15章:2941  第16章:2488  第17章:4319  第18章:3783
          第19章:2221  第20章:3604  第21章:4849  第22章:2726  第23章:4909  第24章:4974
          第25章:6454  第26章:4909  第27章:6334  第28章:6430  第29章:9069  第30章:8689
          第31章:8996  第32章:7887  第33章:12084  第34章:9122  第35章:13830  第36章:8116
          第37章:8852  第38章:8128  第39章:7675  第40章:12897  第41章:7203  第42章:7769
          第43章:6206  第44章:8090  第45章:13550  第46章:11890  第47章:12170  第48章:7724
          第49章:11364  第50章:8061  第51章:8059  第52章:6177  第53章:7032  第54章:6847
          第55章:7912  第56章:8202  第57章:7704  第58章:6975  第59章:7154  第60章:6969
          第61章:8353  第62章:8218  第63章:6720  第64章:6402  第65章:6141  第66章:8099
          第67章:7066  第68章:7074  第69章:6721  第70章:6108  第71章:6469  第72章:6675
          第73章:3871  第74章:4212  第75章:4553  第76章:4611  第77章:4589  第78章:5926
          第79章:5943  第80章:4565  第81章:5585  第82章:6253  第83章:4502  第84章:5658
          第85章:3933  第86章:3372  第87章:4093  第88章:4601  第89章:4026  第90章:3371
          第91章:3177  第92章:3240  第93章:3515  第94章:3725  第95章:3726  第96章:4018
          第97章:4049  第98章:4015  第99章:5156  第100章:4146

02:35:49  囚她作茧 (铁大锤锤锤) [完结+番外]  29p→53章  245KB  OK
          https://www.52shuku.net/gl/26_b/bkdFr.html
          第1章:947  第2章:1048  第3章:1110  第4章:1334  第5章:1524  第6章:1193
          第7章:1290  第8章:2291  第9章:3382  第10章:1692  第11章:2949  第12章:1965
          第13章:1983  第14章:1031  第15章:1988  第16章:1201  第17章:1421  第18章:1609
          第19章:1324  第20章:1174  第21章:1597  第22章:1101  第23章:1097  第24章:2058
          第25章:1215  第26章:4784  第27章:1444  第28章:1452  第29章:1241  第30章:1271
          第31章:1016  第32章:1032  第33章:1175  第34章:1477  第35章:1450  第36章:1022
          第37章:1028  第38章:1198  第39章:1312  第40章:966  第41章:1291  第42章:1202
          第43章:1101  第44章:1188  第45章:1462  第46章:2521  第47章:1237  第48章:1032
          第49章:1031  第50章:880  第51章:1133  第52章 番外:1884  第53章 番外:2054

02:35:57  大小姐的替身情人 (田园白菜) [完结]  18p→20章  153KB  OK
          https://www.52shuku.net/gl/26_b/bkdFl.html
          第一章:2691  第二章:2000  第三章:2228  第四章:1908  第五章:2881  第六章:1639
          第七章:2202  第八章:2207  第九章:1817  第十章:2796  第十一章:2330  第十二章:2018
          第十三章:2020  第十四章:1907  第十五章:2001  第十六章:3617  第十七章:3617  第十八章:3367
          第十九章:2883  第二十章:3624

02:36:34  降落 (晓幺九) [完结]  97p→88章  868KB  OK
          https://www.52shuku.net/gl/25_b/bkdEV.html
          第1章 是她:2475  第2章 我喜欢女的:3270  第3章 登门:3182  第4章 好友申请:2436  第5章 雨什么时候停:2827  第6章 不还:2918
          第7章 你管我:1886  第8章 爱不是等来的:1607  第9章 介绍对象:1772  第10章 秀恩爱:2472  第11章 走了:2140  第12章 这么好的朋友:2070
          第13章 有点小误会:2152  第14章 陷阱:2382  第15章 八卦:1590  第16章 不是随便的人:2264  第17章 这一刻:2327  第18章 痕迹:2181
          第19章 我的爱情:2332  第20章 想吃夜宵吗:3025  第21章 以后我来爱你:2698  第22章 男朋友:3266  第23章 伤人:2727  第24章 喜不喜欢:2238
          第25章 我都懂:2357  第26章 可爱:2812  第27章 不熟:3614  第28章 没必要:3334  第29章 合照:4062  第30章 猜错了:2511
          第31章 距离:3568  第32章 反差:2802  第33章 沉重:3264  第34章 一种恩赐:2457  第35章 决定了:2832  第36章 不要原谅我:3332
          第37章 折磨:4090  第38章 我知道:3096  第39章 任由她摆布:2638  第40章 吻:3647  第41章 化作雨:2288  第42章 有我在:2366
          第43章 珍惜:2418  第44章 我一直知道你喜欢我:2827  第45章 骨气:2933  第46章 像毒药:2665  第47章 女朋友也不行:2713  第48章 第一次爱人:2286
          第49章 我们会相爱:3816  第50章 是傻瓜:2667  第51章 她说很喜欢:2889  第52章 她不会孤单一个人:3681  第53章 宿命:4083  第54章 今天就要寄出的情书:5809
          第55章 好幸福:3179  第56章 拐弯抹角:2870  第57章 因为我:2572  第58章 等你回来:4070  第59章 要去的方向:3267  第60章 回来:2710
          第61章 会跟我分手吗:4949  第62章 冷战:2292  第63章 我不想一个人了:3736  第64章 移情别恋:4179  第65章 是假的:5220  第66章 和好:3819
          第67章 害羞:2646  第68章 没想过分开:4650  第69章 不是你亲我的吗:2902  第70章 你也救了我:4555  第71章 你开心我才会开心:4083  第72章 邀请:4270
          第73章 她有多心疼我:4292  第74章 答案:3820  第75章 第一次心跳:4879  第76章 笑话:4268  第77章 生病了:6250  第78章 我们很爱对方:2341
          第79章 巴掌:4556  第80章 下地狱:4399  第81章 跪下:4395  第82章 这么遗憾:3777  第83章 各奔天涯:3467  第84章 弥补:4403
          第85章 断线的风筝:5977  第86章 选择了遗忘:4006  第87章 对不起:3461  第88章 降落（完结章）:6067

02:36:53  当恐怖小说作者遇上鬼 (寺时栖) [完结]  50p→44章  421KB  OK
          https://www.52shuku.net/gl/25_b/bkdEU.html
          第1章 凶宅:3211  第2章 初遇:2157  第3章 回忆:2063  第4章 小芽:2583  第5章 春去:4594  第6章 夏来:2363
          第7章 日晒:3447  第8章 街灯:2564  第9章 计划:2299  第10章 雏菊:2002  第11章 妈妈:3129  第12章 停业:3360
          第13章 失望（清雨视角）:3713  第14章 雨落（春芽视角）:2406  第15章 医院:2544  第16章 猫咪:2855  第17章 在乎:2224  第18章 鬼屋:3188
          第19章 巡游:2105  第20章 察觉:2823  第21章 开业:3678  第22章 误会:3942  第23章 高跟鞋:2786  第24章 剖白:5283
          第25章 家人:3387  第26章 女朋友:4153  第27章 爱乐园:3907  第28章 褪色:2665  第29章 起舞:3744  第30章 假话:3461
          第31章 生日:3099  第32章 兴趣:2214  第33章 担心:4277  第34章 亲爱的:3104  第35章 出发:3498  第36章 秀萍:3049
          第37章 暴雨:3149  第38章 一万:2084  第39章 小满:2528  第40章 房子:2058  第41章 万秀萍:2949  第42章 雨落春深时:3095
          第43章 泪水:3795  第44章 梦想成真:6017

02:37:52  虐文女主怎么成我前妻姐了 (请你吃猫山王) [完结]  157p→114章  1390KB  OK
          https://www.52shuku.net/gl/23_b/bkdE6.html
          第1章 穿越（修）:3894  第2章 纠缠（修）:3171  第3章 绝笔信（修）:3865  第4章 寄人篱下（修）:4510  第5章 候门等归（修）:3358  第6章 绣活（修）:3065
          第7章 过往:3145  第8章 玉佩:3982  第9章 岑衔月:3369  第10章 挑唆:3074  第11章 制新衣:3059  第12章 温吞缱绻:3262
          第13章 长公主:3496  第14章 姐姐:4203  第15章 偷偷:2927  第16章 捣乱:3360  第17章 罗浮春宴:3628  第18章 顶罪:3770
          第19章 生气了:3523  第20章 养屁股:3220  第21章 继续养:9349  第22章 咄咄逼人:3202  第23章 后悔:3534  第24章 “捉奸”:3250
          第25章 “捉奸”现场:3385  第26章 又哭了:3780  第27章 春梦无痕:3627  第28章 换衣服:3770  第29章 飘飘然:3508  第30章 小媳妇:3184
          第31章 见家长:3755  第32章 钻小树林:3234  第33章 亲了一下:3456  第34章 春心荡漾:3580  第35章 献身未遂:3237  第36章 姐姐下章告白！:3766
          第37章 告白:3305  第38章 指甲:3262  第39章 边疆:3254  第40章 情致正浓:3206  第41章 恢复记忆了:3781  第42章 云端月:3150
          第43章 拖入角落:3787  第44章 耳鬓厮磨:3206  第45章 小混蛋:3630  第46章 拈酸吃醋:3309  第47章 不讲道理:3027  第48章 负罪感:3365
          第49章 大人之间的欢爱:3139  第50章 张大娘:3193  第51章 琳琅下章又要1了！:3192  第52章 巴掌印:2771  第53章 明珠:3316  第54章 找上门了:3293
          第55章 姐姐伤心了:3309  第56章 姐姐绝望了:3269  第57章 各种欺负:2653  第58章 清白:3621  第59章 羞辱:3372  第60章 睡吻:4300
          第61章 “要好”:3181  第62章 和好咯:3402  第63章 占有欲:3247  第64章 欲求不满:3319  第65章 赔罪:3898  第66章 想方设法:3230
          第67章 装醉:3340  第68章 花开了:3277  第69章 本垒打咯:3173  第70章 花开花谢:5410  第71章 蚊子包:5357  第72章 青云直上:5106
          第73章 峥嵘:5383  第74章 沈昭:5542  第75章 自荐:4190  第76章 第六感:8000  第77章 玉兰花开:7634  第78章 小公主:4112
          第79章 三个孩子:5045  第80章 走马观花:3685  第81章 两年后:4224  第82章 避雨:3898  第83章 随便逛逛:3563  第84章 橘子林:4558
          第85章 断绝来往:3901  第86章 再回沈府:3352  第87章 愉悦:3287  第88章 心漪:4405  第89章 暑气暄:4306  第90章 彻夜荒唐:6111
          第91章 抄家:3253  第92章 四合院:2755  第93章 寡妇:3340  第94章 讨好:3287  第95章 窸窸窣窣:3255  第96章 罚跪:3257
          第97章 冷眼旁观:3796  第98章 心软了:6097  第99章 万人迷姐姐:3147  第100章 小将军:3474  第101章 姐姐终于1了！:4943  第102章 当断则断:3599
          第103章 杯弓蛇影:6193  第104章 画地为牢:6659  第105章 将军返场啦！:3345  第106章 求婚:6295  第107章 强制爱咯:5301  第108章 敲竹杠:3593
          第109章 剖白:4689  第110章 不嫁了:7160  第111章 宫变:10183  第112章 枪:8191  第113章 劫后余生:5416  第114章 正文完:6423

02:38:31  失忆A忘记她的娇O老婆了 (小吧唧) [完结]  103p→77章  906KB  OK
          https://www.52shuku.net/gl/23_b/bkdE5.html
          第01章 渣A出院:3045  第02章 见到老婆:3593  第03章 抱住老婆:3239  第04章 去老婆家:3865  第05章 在老婆家:2579  第06章 吃醋醋醋:4477
          第07章 欺负老婆:3913  第08章 保护老婆:3560  第09章 心疼老婆:3571  第10章 老婆来啦:3146  第11章 被老婆撩:3146  第12章 亲亲老婆:2358
          第13章 老婆诱惑:3015  第14章 老婆调戏:2452  第15章 老婆醉了:2383  第16章 老婆抱抱:2474  第17章 老婆控诉:2628  第18章 老婆来访:2363
          第19章 老婆真撩:2363  第20章 老婆亲吻:2284  第21章:2986  第22章:9996  第23章:4004  第24章:4504
          第25章:3002  第26章:5076  第27章:3304  第28章:6044  第29章:3601  第30章:3304
          第31章:4208  第32章:3236  第33章:4507  第34章:4048  第35章:4614  第36章:3390
          第37章:4097  第38章:3836  第39章:4008  第40章:5286  第41章:3183  第42章:3591
          第43章:3245  第44章:3534  第45章:3713  第46章:3606  第47章:4301  第48章:4326
          第49章:4657  第50章:4189  第51章:5232  第52章:4233  第53章:3509  第54章:4059
          第55章:3569  第56章:3312  第57章:3283  第58章:3058  第59章:3354  第60章:6246
          第61章:4063  第62章:4333  第63章:4112  第64章:4048  第65章:5549  第66章:4647
          第67章:3185  第68章:4388  第69章:3622  第70章:4798  第71章:5551  第72章:5543
          第73章:4051  第74章:5075  第75章:3243  第76章:3581  第77章:5138

02:38:36  笨蛋美人跟她的病娇妹妹 (白羽落笒名) [完结]  9p→4章  38KB  OK
          https://www.52shuku.net/gl/22_b/bkdEq.html
          第1章:3304  第2章:2433  第3章:3179  第4章:2649

02:38:43  霜月未央 (蜂蜜小青柠) [完结]  9p→2章  38KB  OK
          https://www.52shuku.net/gl/22_b/bkdEp.html
          第1章:4354  第2章:7897

02:38:47  鬼妻 (凤崎舞) [完结]  5p→6章  37KB  OK
          https://www.52shuku.net/gl/22_b/bkdEo.html
          第1章:1015  第2章:1218  第3章:1041  第4章:2776  第5章:2916  第6章:2802

02:38:54  驸马她…实在木讷 (徐北溟) [完结+番外]  16p→28章  138KB  OK
          https://www.52shuku.net/gl/22_b/bkdEn.html
          第1章:1847  第2章:1711  第3章:1326  第4章:1499  第5章:1598  第6章:1410
          第7章:1611  第8章:1583  第9章:1631  第10章:1614  第11章:1537  第12章:1765
          第13章:1840  第14章:1486  第15章:1502  第16章:1650  第17章:1651  第18章:1503
          第19章:1978  第20章:1709  第21章:1885  第22章:2160  第23章:1764  第24章:1926
          第25章:1874  第26章:838  第27章:758  第28章:780

02:39:07  驸马他竟是女娇娥 (阿嗙) [完结]  29p→35章  257KB  OK
          https://www.52shuku.net/gl/22_b/bkdEm.html
          第1章 是福是祸？:2012  第2章 洞房花烛夜:1660  第3章 驸马相当放肆:1735  第4章 驸马是装的？:2019  第5章 第5章 蛛丝马迹？:1620  第6章 驸马的悲哀:2380
          第7章 偷偷送药:1925  第8章 故意的吗？:2183  第9章 风云已至:2732  第10章 长公主emo了:3094  第11章 驸马想办法去了:2000  第12章 驸马找证据中……:2137
          第13章 驸马准备火拼:2068  第14章 驸马帅帅帅:1803  第15章 得到证据啦:2051  第16章 这一细想……:2154  第17章 试探:2585  第18章 有希望:2787
          第19章 第一次共进晚餐:3317  第20章 闲谈:2533  第21章 疑惑，又被勾起:2297  第22章 彻底暴露啦:3226  第23章 啊，暴露了暴露了:2479  第24章 皆是我一人之罪:2250
          第25章 长公主接受无能:2563  第26章 长公主烦恼啊:2817  第27章 驸马大人哭唧唧:2903  第28章 驸马大才！:2750  第29章 萧璃动摇了:2346  第30章 原谅:2536
          第31章 驸马又受伤了:2256  第32章 亲了亲了:2720  第33章 不若本宫来吧:2666  第34章 驸马伤好了:2905  第35章 凤，非梧不栖。:2052

02:39:11  高数挂科，我被女友绑床上了 (蜂蜜小青柠) [完结]  7p→2章  32KB  OK
          https://www.52shuku.net/gl/22_b/bkdEl.html
          第1章 上篇:3962  第2章 下篇:6107

02:39:25  驸马怎会是红妆 (徐北溟) [完结+番外]  29p→27章  257KB  OK
          https://www.52shuku.net/gl/22_b/bkdEk.html
          第1章 Chapter 1 凤台选婿（上）:2289  第2章 Chapter 2 驸马作死:3172  第3章 Chapter 3 废柴的日常（上）：？:2381  第4章 Chapter 4 废柴的日常（下）:3262  第5章 Chapter 5 相敬如“冰”:1364  第6章 Chapter 6 宫宴风云（上）:3817
          第7章 Chapter 7 宫宴风云（下）:3259  第8章 Chapter 8 风雨欲来:3019  第9章 Chapter 9 暗流涌动？:3069  第10章 Chapter 10 逆转？:4265  第11章 Chapter11试探:3261  第12章 Chapter 12 悄然观察？:3614
          第13章 Chapter 13 下棋也没下赢:3459  第14章 Chapter 14 更进一步:2942  第15章 Chapter 15 无声的靠近？:2904  第16章 Chapter 16 殿下，你没事吧:3562  第17章 Chapter 17 驸马…她在沐浴:3582  第18章 Chapter 18 欺瞒:4412
          第19章 Chapter 19 冰冷…:3474  第20章 Chapter 20 无声的变化:3100  第21章 Chatper 21驸马手残了:3417  第22章 Chapter 22 长公主告白啦:1835  第23章 Chapter 23 我们的秘密:1371  第24章 Chapter 24 我愿意:2227
          第25章 番外：驸马撒娇:2829  第26章 番外二 画眉深浅入时无？:3647  第27章 番外：年年是你:4332

02:39:52  浪荡 (不系舟眠) [完结]  69p→21章  588KB  OK
          https://www.52shuku.net/gl/22_b/bkdEf.html
          第1章 凌晨两点零三分:15878  第2章 爷爷的寿宴:11593  第3章 从七岁开始:5840  第4章 回家:11328  第5章 宋辞:10003  第6章 吻:4398
          第7章 订婚:12600  第8章 倾身覆吻:8203  第9章 暗涌:12505  第10章 实习结束:7827  第11章 裂缝:10664  第12章 三年……:3342
          第13章 裂口:12750  第14章 裂口扩大:3836  第15章 裂痕:10742  第16章 为什么会裂痕扩大呢？:11386  第17章 断裂:11822  第18章 走:9310
          第19章 灰烬:11135  第20章 对谈——还是妹妹输:5280  第21章 妹妹还是那个妹妹:4016

02:41:51  因为贫穷所以苦练低阶魔法 (顾若梦灵) [完结]  327p→340章  3103KB  OK
          https://www.52shuku.net/gl/21_b/bkdEd.html
          第1章:3029  第2章:3038  第3章:4063  第4章:3104  第5章:3064  第6章:3035
          第7章:3058  第8章:3036  第9章:3033  第10章:3070  第11章:3059  第12章:3038
          第13章:3033  第14章:3035  第15章:3131  第16章:3056  第17章:3136  第18章:3229
          第19章:3061  第20章:3034  第21章:3010  第22章:3091  第23章:3017  第24章:3065
          第25章:3051  第26章:3036  第27章:3055  第28章:3054  第29章:3047  第30章:3056
          第31章:3041  第32章:3065  第33章:3453  第34章:3043  第35章:3026  第36章:3041
          第37章:3035  第38章:3079  第39章:3247  第40章:3039  第41章:3022  第42章:3054
          第43章:3133  第44章:3105  第45章:3043  第46章:3031  第47章:3074  第48章:3066
          第49章:3060  第50章:3070  第51章:3055  第52章:3059  第53章:3121  第54章:3063
          第55章:3075  第56章:3032  第57章:3056  第58章:3074  第59章:3086  第60章:3072
          第61章:3013  第62章:3047  第63章:3105  第64章:3102  第65章:3060  第66章:3066
          第67章:3094  第68章:3050  第69章:3000  第70章:3011  第71章:3026  第72章:3125
          第73章:3006  第74章:3035  第75章:3042  第76章:3064  第77章:3043  第78章:3032
          第79章:3052  第80章:3044  第81章:3050  第82章:3038  第83章:3077  第84章:3024
          第85章:3155  第86章:3042  第87章:3025  第88章:3027  第89章:3013  第90章:3028
          第91章:3043  第92章:3037  第93章:3034  第94章:3025  第95章:3050  第96章:3070
          第97章:3011  第98章:3075  第99章:3045  第100章:3028  第101章:3081  第102章:3019
          第103章:3067  第104章:3027  第105章:3059  第106章:3032  第107章:3073  第108章:3048
          第109章:3040  第110章:3058  第111章:3086  第112章:3056  第113章:3075  第114章:3053
          第115章:3068  第116章:3040  第117章:3048  第118章:3020  第119章:3057  第120章:3047
          第121章:3097  第122章:3073  第123章:3042  第124章:3054  第125章:3023  第126章:3020
          第127章:3030  第128章:3061  第129章:3044  第130章:3072  第131章:3077  第132章:3086
          第133章:3039  第134章:3029  第135章:3006  第136章:3024  第137章:3058  第138章:3041
          第139章:3013  第140章:3044  第141章:3003  第142章:3069  第143章:3039  第144章:3021
          第145章:3009  第146章:3045  第147章:3013  第148章:3037  第149章:3061  第150章:3013
          第151章:3015  第152章:3132  第153章:3024  第154章:3024  第155章:3065  第156章:3033
          第157章:3021  第158章:3011  第159章:3075  第160章:3023  第161章:3079  第162章:3101
          第163章:3078  第164章:3020  第165章:3021  第166章:3030  第167章:3034  第168章:3012
          第169章:3015  第170章:3051  第171章:3043  第172章:3003  第173章:3014  第174章:3014
          第175章:3023  第176章:3019  第177章:3038  第178章:3003  第179章:3026  第180章:3053
          第181章:3030  第182章:3001  第183章:3009  第184章:3021  第185章:3045  第186章:3053
          第187章:3000  第188章:3042  第189章:3033  第190章:3022  第191章:3003  第192章:3021
          第193章:3011  第194章:3011  第195章:3011  第196章:3095  第197章:3004  第198章:3043
          第199章:3007  第200章:3033  第201章:3041  第202章:3029  第203章:3009  第204章:3089
          第205章:3024  第206章:3019  第207章:3019  第208章:3012  第209章:3015  第210章:3082
          第211章:3036  第212章:3035  第213章:3090  第214章:3105  第215章:3017  第216章:3028
          第217章:3018  第218章:3084  第219章:3056  第220章:3016  第221章:3010  第222章:3027
          第223章:3038  第224章:3049  第225章:3031  第226章:3015  第227章:3039  第228章:3043
          第229章:3028  第230章:3004  第231章:3015  第232章:3038  第233章:3025  第234章:3003
          第235章:3019  第236章:3024  第237章:3018  第238章:3014  第239章:3027  第240章:3074
          第241章:3017  第242章:3023  第243章:3043  第244章:3028  第245章:3034  第246章:3027
          第247章:3041  第248章:3009  第249章:3072  第250章:3023  第251章:3019  第252章:3054
          第253章:3014  第254章:3031  第255章:3004  第256章:3033  第257章:3026  第258章:3007
          第259章:3015  第260章:3014  第261章:3014  第262章:3025  第263章:3019  第264章:3042
          第265章:3012  第266章:3010  第267章:3013  第268章:3031  第269章:3048  第270章:3022
          第271章:3012  第272章:3010  第273章:3009  第274章:3037  第275章:3001  第276章:3003
          第277章:3051  第278章:3000  第279章:3005  第280章:3051  第281章:3044  第282章:3011
          第283章:3057  第284章:3044  第285章:3006  第286章:3001  第287章:3053  第288章:3048
          第289章:3003  第290章:3008  第291章:3060  第292章:3030  第293章:3005  第294章:3018
          第295章:3000  第296章:3011  第297章:3043  第298章:3013  第299章:3041  第300章:3006
          第301章:3005  第302章:3000  第303章:3034  第304章:3022  第305章:3028  第306章:3090
          第307章:3009  第308章:3081  第309章:3013  第310章:3029  第311章:3035  第312章:3032
          第313章:3011  第314章:3108  第315章:3005  第316章:3005  第317章:3002  第318章:3012
          第319章:3009  第320章:3007  第321章:3057  第322章:3060  第323章:3013  第324章:3040
          第325章:3001  第326章:3058  第327章:3064  第328章:3003  第329章:3137  第330章:3010
          第331章:3011  第332章:3023  第333章:3005  第334章:3011  第335章:3976  第336章:3511
          第337章:4234  第338章:3024  第339章:3245  第340章:3045

02:42:41  有虎不言 (本海樱田) [完结+番外]  131p→110章  1169KB  OK
          https://www.52shuku.net/gl/21_b/bkdEa.html
          第1章 做人不能太嘚瑟:3514  第2章 好大一把柴刀:4131  第3章 少女，我看你根骨奇佳:3405  第4章 中二气质爆棚:3177  第5章 躺着也有人帮忙做任务:3387  第6章 人生如戏，全靠演技:2977
          第7章 妹妹能有什么坏心思呢:3663  第8章 守株待兔？不，是待女主:3327  第9章 给你一包西瓜籽:3387  第10章 第十六次重生:3480  第11章 好漂亮:3325  第12章 数字十三:3461
          第13章 高危职业，了解一下？:3255  第14章 乖，叫姐姐~:3901  第15章 抱抱我:3246  第16章 晚安，好梦:5133  第17章 哥哥回来了:3388  第18章 涌动的暗流:3231
          第19章 物归原主的方式:3410  第20章 千呼万唤的男主:3079  第21章 英雄救美:3370  第22章 宴会之外:4483  第23章 宴会之后:4513  第24章 真正的起点:3921
          第25章 这熟悉的欠揍:3781  第26章 只因不舍:3765  第27章 片刻本心:3828  第28章 渡劫:3577  第29章 十二标初亮相:3640  第30章 鼠标江黎染:3563
          第31章 返回本家:3335  第32章 新任务公布:3298  第33章 快刀斩乱麻:3587  第34章 身世真相:3989  第35章 舞双剑:3859  第36章 怀疑的种子:3734
          第37章 你总算笑了:4021  第38章 还不够吗:3735  第39章 注定的未婚妻:4342  第40章 热烈的回应:3371  第41章 月色之下:1442  第42章 怀了女主的崽:4008
          第43章 长子云玄成:4383  第44章 究竟有多少人知道:3611  第45章 云煌秘境（一）:3229  第46章 云煌秘境（二）:3503  第47章 云煌秘境（三）:3434  第48章 第一次任务:3856
          第49章 那年葬礼之外:3385  第50章 真正的礼物:3299  第51章 白虎现世:3454  第52章 预言之人:3637  第53章 地宫:3470  第54章 未完成的契约:3735
          第55章 第三件事:3526  第56章 疑点丛生:3040  第57章 苏醒:3341  第58章 秦景亦的请求:3169  第59章 姐姐不乖:3450  第60章 他们的一部分:3213
          第61章 乱局:3300  第62章 前奏（一）:3232  第63章 前奏（二）:3250  第64章 云虎篇 完:2923  第65章 天启书院篇 启:3974  第66章 再相遇:3206
          第67章 第一场试炼:3690  第68章 接连破局:3485  第69章 地魄眼:3005  第70章 冤家聚头:3365  第71章 水面之下:3072  第72章 这么高兴么:3399
          第73章 解围:3306  第74章 腾蛇钟月:3126  第75章 月色，心动:2014  第76章 生产:4117  第77章 爱憎:3615  第78章 云玄华，结束吧:2840
          第79章 两年（天启书院篇终）:2890  第80章 软糖（魔教篇启）:3064  第81章 十年风云:4205  第82章 空里流霜不觉飞:3787  第83章 曦国:4402  第84章 国主:3516
          第85章 国令:4346  第86章 音标:3357  第87章 不夜城（一）:3746  第88章 不夜城（二）:3837  第89章 不夜城（三）:3231  第90章 视下如伤:3592
          第91章 钦浣的担忧:5202  第92章 双重月色:3584  第93章 彼此怀疑:3336  第94章 夏瓜:2864  第95章 玩笑:3334  第96章 有迹可循:2952
          第97章 小落:2835  第98章 关于爱:3184  第99章 云玄樱:3397  第100章 魔教所在:3508  第101章 告白与消失:3172  第102章 开战前夕:5492
          第103章 结局（上）:6498  第104章 结局 （下）:5724  第105章 一点番外（一）:2201  第106章 一点番外（二）后来的江黎染1:3803  第107章 一点番外（二）后来的江黎染2:3234  第108章 一点番外 二 后来的江黎染 完:3999
          第109章 一点番外（三） 九诛:2241  第110章 一点番外（终）:801

02:43:30  竟成为两百斤的Alpha (望美人兮锄禾日当午) [完结]  137p→105章  1188KB  OK
          https://www.52shuku.net/gl/21_b/bkdDG.html
          第1章:3864  第2章:3037  第3章:3045  第4章:3263  第5章:3348  第6章:3278
          第7章:3286  第8章:3338  第9章:3615  第10章:3072  第11章:3175  第12章:3213
          第13章:3220  第14章:2173  第15章:2213  第16章:3457  第17章:3001  第18章:3056
          第19章:3578  第20章:3497  第21章:3628  第22章:4189  第23章:3640  第24章:4020
          第25章:6533  第26章:3010  第27章:4128  第28章:4094  第29章:3228  第30章:3971
          第31章:3964  第32章:5289  第33章:3497  第34章:3183  第35章:4255  第36章:5121
          第37章:3120  第38章:4627  第39章:6047  第40章:5069  第41章:3737  第42章:3398
          第43章:3658  第44章:4025  第45章:3277  第46章:6589  第47章:3407  第48章:6336
          第49章:4424  第50章:5557  第51章:5018  第52章:3170  第53章:3650  第54章:5123
          第55章:3428  第56章:3248  第57章:3213  第58章:3052  第59章:3069  第60章:4274
          第61章:3114  第62章:3527  第63章:5120  第64章:4115  第65章:3524  第66章:3616
          第67章:3925  第68章:3953  第69章:3518  第70章:4025  第71章:3970  第72章:3065
          第73章:3034  第74章:5049  第75章:3926  第76章:3127  第77章:3062  第78章:3669
          第79章:4124  第80章:3606  第81章:3130  第82章:3089  第83章:3612  第84章:6012
          第85章:4254  第86章:3051  第87章:3394  第88章:3540  第89章:3231  第90章:3235
          第91章:3073  第92章:3010  第93章:3035  第94章:3272  第95章:5354  第96章:3252
          第97章:3648  第98章:4620  第99章:3205  第100章:3793  第101章:3021  第102章:3514
          第103章:3594  第104章:4945  第105章:4010

02:44:00  老师离世我成了她替身 (与短亭) [完结+番外]  75p→60章  638KB  OK
          https://www.52shuku.net/gl/21_b/bkdDB.html
          第1章:3243  第2章:3368  第3章:2640  第4章:4013  第5章:3581  第6章:3513
          第7章:3077  第8章:4288  第9章:3005  第10章:3077  第11章:2809  第12章:3451
          第13章:2958  第14章:3241  第15章:2639  第16章:2657  第17章:3250  第18章:2579
          第19章:2513  第20章:3243  第21章:7961  第22章:4052  第23章:3514  第24章:2681
          第25章:3471  第26章:3514  第27章:3979  第28章:3241  第29章:3472  第30章:3251
          第31章:4274  第32章:3198  第33章:3087  第34章:5258  第35章:3137  第36章:3477
          第37章:2963  第38章:4384  第39章:4384  第40章:3293  第41章:3907  第42章:3215
          第43章:3142  第44章:3141  第45章:3686  第46章:4735  第47章:3596  第48章:3286
          第49章:3239  第50章:3239  第51章:2662  第52章:3734  第53章:3708  第54章:4491
          第55章:2869  第56章:2821  第57章:5189  第58章:5562  第59章:2667  第60章:2148

02:44:54  燃烧 (砚锦) [完结+番外]  146p→124章  1290KB  OK
          https://www.52shuku.net/gl/21_b/bkdDA.html
          第1章 1%:3180  第2章 2%:3071  第3章 3%:3498  第4章 4%:3256  第5章 5%:3123  第6章 6%:3080
          第7章 回忆篇:4014  第8章 8%:2506  第9章 9%:4014  第10章 10%:3041  第11章 11%:3207  第12章 12%:3182
          第13章 13%:3111  第14章 14%:3091  第15章 15%:3265  第16章 16%:3182  第17章 17%:3236  第18章 18%:1801
          第19章 19%:3146  第20章 20%:2432  第21章 21%:3146  第22章 22%:2225  第23章 23%:3122  第24章 24%:2211
          第25章 25%:3952  第26章 26%:2984  第27章 27%:3129  第28章 28%:3119  第29章 29%:3344  第30章 30%:3344
          第31章 31%:4264  第32章 32%:3189  第33章 33%:3107  第34章 34%:3160  第35章 35%:3166  第36章 36%:3189
          第37章 37%:3315  第38章 38%:3145  第39章 39%:2095  第40章 40%:2129  第41章 41%:2318  第42章 42%:2203
          第43章 43%(入v三合一):10183  第44章 44%:3117  第45章 45%:5027  第46章 46%:2074  第47章 47%:2074  第48章 48%:3138
          第49章 49%:3183  第50章 50%:3138  第51章 51%:2074  第52章 52%:3784  第53章 53%(互):3142  第54章 54%:3138
          第55章 55%:3126  第56章 56%:3142  第57章 57%:3347  第58章 58%:3236  第59章 59%:3360  第60章 60%:3307
          第61章 61%:3347  第62章 62%:3236  第63章 63%:3303  第64章 64%:3239  第65章 65%:3399  第66章 66%:6281
          第67章 67%:3303  第68章 68%:3290  第69章 69%:3338  第70章 70%:3320  第71章 71%:3320  第72章 72%:3276
          第73章 73%:3937  第74章 74%:3326  第75章 75%:3273  第76章 76%:3597  第77章 77%:3282  第78章 78%:3319
          第79章 79%:3373  第80章 80%:3651  第81章 81%:3478  第82章 82%:3178  第83章 83%:6475  第84章 84%:3393
          第85章 (1）85%:3233  第86章 （2)85%:4297  第87章 (3)85%:3902  第88章 (4)85%:3580  第89章 （5）85%:3370  第90章 （6）85%:3421
          第91章 （7）85%:3580  第92章 (1)86%:3368  第93章 (2）86%:3255  第94章 (3)86%:3221  第95章 (4)86%:3308  第96章 87%:3303
          第97章 88%:3251  第98章 (2）88%:3504  第99章 89％:3331  第100章 90%:3322  第101章 91%:3524  第102章 92%:3251
          第103章 93%:3392  第104章 (1）94%:3387  第105章 (2）94%:2251  第106章 (3)94%:3390  第107章 (1）95%:3390  第108章 (2)95%:3436
          第109章 (3)95%:3610  第110章 (1）96%:3369  第111章 (2）96%:3436  第112章 (3)96%:3412  第113章 97%:3419  第114章 98%:3330
          第115章 99%:3746  第116章 100%:3330  第117章 番外1:4152  第118章 番外2(含副CP):4604  第119章 番外3(含副CP):7341  第120章 番外4:6502
          第121章 老年番:3341  第122章 if线:7341  第123章 if世界冠军(1):3168  第124章 if世界冠军(2):3875

02:45:26  难养 (Vanky) [完结+番外]  83p→66章  741KB  OK
          https://www.52shuku.net/gl/21_b/bkdD9.html
          第1章 江教授:3432  第2章 喜欢的人:3151  第3章 初遇:3772  第4章 没穿:3362  第5章 小朋友:3382  第6章 生长痛:4941
          第7章 轻吻:3276  第8章 秘密【修文】:4115  第9章 不悦【修文】:3217  第10章 洗澡:3186  第11章 爱？:2298  第12章 “规则”:3545
          第13章 倔强（补了点字数）:3569  第14章 相亲:3564  第15章 情侣表:3412  第16章 开学:3737  第17章 秘密:3688  第18章 吃醋:3622
          第19章 暴露【修文】:3410  第20章 巴掌:3224  第21章 温度:3641  第22章 老师:3599  第23章 18岁:3452  第24章 告白:3160
          第25章 礼物:3119  第26章 占有欲:4306  第27章 惯性:3467  第28章 赛车手:3200  第29章 漂移:3813  第30章 不该惹:3583
          第31章 理想型（二合一）:6759  第32章 “捆”:3426  第33章 只要你:4357  第34章 答案:3536  第35章 不认识:4357  第36章 吻:3238
          第37章 痕迹:3720  第38章 三人修罗场:930  第39章 angry se*y:3162  第40章 我爱你:3103  第41章 地下恋:7145  第42章 名分:930
          第43章 分手:11073  第44章 不是爱，也不是恨:3618  第45章 失去:3538  第46章 新生活:3694  第47章 手账本:3364  第48章 擦肩而过:2406
          第49章 书房:2406  第50章 监控（补齐啦）:4650  第51章 越野:3539  第52章 “重逢”:3130  第53章 “病”:3511  第54章 巴伦西亚:3285
          第55章 川崎:3533  第56章 不灭（补全咯~）:5542  第57章 倔强:3298  第58章 再相见（修好噜~）:4492  第59章 梦想:3246  第60章 腹黑:3246
          第61章 反攻（高亮）:2404  第62章 执念:4492  第63章 新叶:3433  第64章 无价:3618  第65章 救赎[正文完]:3433  第66章 if 假如是一群喵:7303

02:46:04  和清冷情敌同居后 (低绿枝) [完结+番外]  97p→56章  814KB  OK
          https://www.52shuku.net/gl/17_b/bkdCC.html
          第1章:3483  第2章:3944  第3章:3295  第4章:3228  第5章:3942  第6章:3034
          第7章:3518  第8章:3036  第9章:2982  第10章:2406  第11章:3074  第12章:3552
          第13章:3051  第14章:3436  第15章:3030  第16章:2723  第17章:4021  第18章:10032
          第19章:4859  第20章:3216  第21章:3095  第22章:3445  第23章:6333  第24章:5238
          第25章:3248  第26章:8637  第27章:8047  第28章:3717  第29章:3096  第30章:6018
          第31章:7352  第32章:6000  第33章:4319  第34章:7280  第35章:5659  第36章:5659
          第37章:4386  第38章:6429  第39章:3683  第40章:3767  第41章:3740  第42章:3620
          第43章:3403  第44章:5819  第45章:4284  第46章:5194  第47章:3666  第48章:6940
          第49章:5717  第50章:4699  第51章:5624  第52章:5050  第53章:6459  第54章:3709
          第55章:6400  第56章:15791

02:46:44  我替大哥娶嫂子，开局流放 (栖风月) [完结]  106p→98章  938KB  OK
          https://www.52shuku.net/gl/17_b/bkdCB.html
          第1章:3078  第2章:3059  第3章:3073  第4章:3017  第5章:3067  第6章:2528
          第7章:2586  第8章:3094  第9章:4424  第10章:2472  第11章:2604  第12章:2568
          第13章:2574  第14章:2603  第15章:2549  第16章:2519  第17章:2488  第18章:2310
          第19章:2232  第20章:2218  第21章:2161  第22章:10234  第23章:3526  第24章:3229
          第25章:3580  第26章:4189  第27章:3220  第28章:3206  第29章:3225  第30章:2221
          第31章:3520  第32章:3190  第33章:3213  第34章:2530  第35章:3533  第36章:3194
          第37章:3882  第38章:2546  第39章:3573  第40章:3199  第41章:3224  第42章:3194
          第43章:3240  第44章:3194  第45章:3178  第46章:6250  第47章:3199  第48章:3194
          第49章:2896  第50章:3238  第51章:3187  第52章:3257  第53章:3183  第54章:2220
          第55章:3213  第56章:3201  第57章:2191  第58章:3338  第59章:3228  第60章:3179
          第61章:3252  第62章:2527  第63章:3250  第64章:2548  第65章:3204  第66章:2269
          第67章:3200  第68章:2605  第69章:3184  第70章:3306  第71章:2518  第72章:2221
          第73章:3310  第74章:3197  第75章:3255  第76章:2864  第77章:3288  第78章:3306
          第79章:3259  第80章:3195  第81章:3207  第82章:3194  第83章:3198  第84章:3228
          第85章:3208  第86章:3221  第87章:3193  第88章:4037  第89章:3215  第90章:3187
          第91章:2585  第92章:2661  第93章:3212  第94章:3271  第95章:3248  第96章:4194
          第97章:3245  第98章:3217

02:47:08  雌蛇老婆太黏人怎么办 (午夜牧猫) [完结]  64p→55章  580KB  OK
          https://www.52shuku.net/gl/17_b/bkdCA.html
          第1章 失踪了:3534  第2章 被掳了:3890  第3章 被摸了:3142  第4章 被投喂:3242  第5章 被觊觎:3388  第6章 被偷听:3352
          第7章 被误会:3292  第8章 要冲喜:3543  第9章 去替嫁:3170  第10章 蕴银阵:2072  第11章 一真一假:2512  第12章 我帮你:2391
          第13章 帮了:2156  第14章 七天七夜:2277  第15章 出来了:2335  第16章 以下犯上:2131  第17章 母树:2261  第18章 替身鸟:2418
          第19章 乱套了:2262  第20章 蛇精变戏精:2122  第21章 除夕夜:2099  第22章 作孽呀:10120  第23章 骗蛇了:3106  第24章 无能的蛇妻:3287
          第25章 占有欲:4032  第26章 那很孝了:3529  第27章 记忆叶子:3120  第28章 母辈情缘:3244  第29章 蛇的习性:3374  第30章 心魄下落:4039
          第31章 识海深交:5199  第32章 来自远方的感召:3432  第33章 戏耍:5087  第34章 孵蛋:3945  第35章 肆意行“凶”:3192  第36章 交心:2249
          第37章 母辈爱情:5923  第38章 阴差阳错:3451  第39章 开始养娃！:5064  第40章 师徒见面:3237  第41章 混进山庄:4599  第42章 假装不认识:4101
          第43章 幼崽吸蛇:3681  第44章 大妖带娃:3296  第45章 正文完:5829  第46章 番外1 梦炼X林就袅:3132  第47章 番外1 梦炼X林就袅:2262  第48章 番外1 梦炼X林就袅:2142
          第49章 凡妖版先婚后爱if:3328  第50章 二:3427  第51章 三:4018  第52章 四:2101  第53章 五:4080  第54章 六:5296
          第55章 七:4395

02:48:10  这只Omega好甜好可爱 (龙川美美) [完结]  167p→129章  1508KB  OK
          https://www.52shuku.net/gl/17_b/bkdC9.html
          第1章:2952  第2章:3220  第3章:3008  第4章:2943  第5章:3097  第6章:3016
          第7章:2778  第8章:3066  第9章:3298  第10章:2659  第11章:2238  第12章:2102
          第13章:2143  第14章:2160  第15章:2169  第16章:3108  第17章:2110  第18章:2116
          第19章:3144  第20章:2059  第21章:2135  第22章:2589  第23章:2198  第24章:2196
          第25章:2865  第26章:3668  第27章:2677  第28章:2009  第29章:2082  第30章:2444
          第31章:2123  第32章:2434  第33章:2140  第34章:2294  第35章:3156  第36章:3560
          第37章:10135  第38章:10219  第39章:10084  第40章:10082  第41章:10124  第42章:10070
          第43章:10058  第44章:10073  第45章:10102  第46章:3060  第47章:3511  第48章:4482
          第49章:3112  第50章:8754  第51章:6454  第52章:4305  第53章:4100  第54章:3343
          第55章:6283  第56章:3392  第57章:6548  第58章:3074  第59章:6104  第60章:3071
          第61章:3048  第62章:3666  第63章:4772  第64章:5209  第65章:3372  第66章:4425
          第67章:3111  第68章:5185  第69章:4288  第70章:1650  第71章:3838  第72章:5613
          第73章:2684  第74章:4126  第75章:3114  第76章:3081  第77章:3246  第78章:3771
          第79章:3223  第80章:3254  第81章:3193  第82章:3259  第83章:4219  第84章:4419
          第85章:4527  第86章:5811  第87章:3107  第88章:3132  第89章:2002  第90章:3262
          第91章:2643  第92章:3231  第93章:2713  第94章:3285  第95章:3067  第96章:3014
          第97章:3216  第98章:3054  第99章:3035  第100章:3018  第101章:3054  第102章:3054
          第103章:3291  第104章:3210  第105章:6040  第106章:6043  第107章:3279  第108章:4088
          第109章:3060  第110章:6030  第111章:3039  第112章:3053  第113章:3082  第114章:3027
          第115章:3817  第116章:3048  第117章:3377  第118章:3034  第119章:4041  第120章:3196
          第121章:3010  第122章:4092  第123章:3202  第124章:3042  第125章:3034  第126章:3197
          第127章:3017  第128章:6224  第129章:5243

02:48:44  九点半上课 (浅尤) [完结]  89p→57章  794KB  OK
          https://www.52shuku.net/gl/15_b/bkdBS.html
          第1章 小孩:3109  第2章 吃醋:4563  第3章 皇帝:4321  第4章 眼瞎:1783  第5章 明媚:3762  第6章 闷热:4523
          第7章 发财:3556  第8章 冤枉:3666  第9章 未必:4445  第10章 林姐:1924  第11章 早安:3355  第12章 闭嘴:3152
          第13章 显老:3133  第14章 闹鬼:6810  第15章 疯子:4651  第16章 噩梦:5539  第17章 误会:3425  第18章 同事:3170
          第19章 听课:3693  第20章 刺激:4114  第21章 挂钟:5284  第22章 回见:4481  第23章 大鱼:4458  第24章 厌恶:4316
          第25章 小痣:4428  第26章 薄荷:3276  第27章 什么:5199  第28章 可以:3905  第29章 点菜:5280  第30章 泥泞:3282
          第31章 学妹:3704  第32章 温柔:5167  第33章 青提:6067  第34章 同类:6346  第35章 闺女:3653  第36章 先知:3178
          第37章 十二:3929  第38章 误会:5066  第39章 雨天:4101  第40章 立体:3328  第41章 本能:7637  第42章 瘫了:7360
          第43章 花语:4193  第44章 存在:3186  第45章 熟悉:5199  第46章 幸福:5172  第47章 惜命:4277  第48章 这啥:4704
          第49章 崭新:11602  第50章 刚醒:3708  第51章 意愿:6424  第52章 饭后:5875  第53章 知觉:5967  第54章 回家:6481
          第55章 作对:5377  第56章 乐意:5092  第57章 姐姐:8248

02:49:43  姐妻丧偶一年后 (浅厘) [完结]  157p→131章  1362KB  OK
          https://www.52shuku.net/gl/15_b/bkdBK.html
          第1章:3435  第2章:3646  第3章:3322  第4章:3219  第5章:3158  第6章:3247
          第7章:3602  第8章:3208  第9章:3658  第10章:2611  第11章:2790  第12章:2885
          第13章:2694  第14章:2917  第15章:1657  第16章:2692  第17章:2981  第18章:3016
          第19章:2239  第20章:2236  第21章:2731  第22章:9564  第23章:3880  第24章:5563
          第25章:3869  第26章:4598  第27章:4213  第28章:3942  第29章:4251  第30章:6535
          第31章:3199  第32章:3219  第33章:4216  第34章:4531  第35章:5192  第36章:3309
          第37章:3246  第38章:3272  第39章:3231  第40章:3558  第41章:3263  第42章:3735
          第43章:3271  第44章:3358  第45章:3334  第46章:3248  第47章:3232  第48章:3265
          第49章:3586  第50章:3911  第51章:3279  第52章:3239  第53章:3258  第54章:3262
          第55章:3227  第56章:3306  第57章:3201  第58章:3262  第59章:3264  第60章:3279
          第61章:3231  第62章:3261  第63章:3242  第64章:3257  第65章:3238  第66章:3209
          第67章:3230  第68章:3217  第69章:3216  第70章:3272  第71章:3225  第72章:3241
          第73章:3583  第74章:3315  第75章:3272  第76章:3200  第77章:3246  第78章:3233
          第79章:3976  第80章:3301  第81章:3630  第82章:3306  第83章:3266  第84章:3245
          第85章:3270  第86章:3222  第87章:3223  第88章:3264  第89章:3282  第90章:3274
          第91章:3224  第92章:3276  第93章:3275  第94章:3285  第95章:3264  第96章:3191
          第97章:3203  第98章:3224  第99章:3200  第100章:3199  第101章:3265  第102章:3237
          第103章:3258  第104章:3287  第105章:3296  第106章:3307  第107章:3589  第108章:3235
          第109章:3273  第110章:3226  第111章:3235  第112章:3269  第113章:3223  第114章:3567
          第115章:3247  第116章:3207  第117章:3242  第118章:3221  第119章:3270  第120章:3289
          第121章:3248  第122章:3279  第123章:3235  第124章:4008  第125章:6371  第126章:3200
          第127章:3241  第128章:3198  第129章:3344  第130章:3317  第131章:3632

02:50:29  被钓系学姐盯上的日日夜夜 (今夜雪迟) [完结+番外]  124p→98章  1019KB  OK
          https://www.52shuku.net/gl/15_b/bkdBC.html
          第1章 吃醋:4702  第2章 朋友:2789  第3章 我是温予笙:3583  第4章 初遇:3350  第5章 误会:3488  第6章 挡箭牌:3532
          第7章 投喂:3434  第8章 雨天（已修）:3407  第9章 小狗开窍（已修）:2934  第10章 图书馆:3131  第11章 图书馆2??:3209  第12章 生病:3477
          第13章 医院:3317  第14章 训练邀约:3382  第15章 赛前:3238  第16章 人鱼线:3393  第17章 嫉妒:3689  第18章 腹肌:3244
          第19章 姬圈天菜:3734  第20章 打脸:2700  第21章 她的奖励:3046  第22章 算计:3221  第23章 庆功宴（文案回收，投雷满五加更）:3294  第24章 更衣室（营养液满百加更）:3506
          第25章 晚安吻:2474  第26章 伟大的暧昧期（二更）:3854  第27章 落荒而逃（一更）:3225  第28章 躲避（二更）:3016  第29章 奖励（三更！）:3391  第30章 欲擒故纵（四更！！！）:3020
          第31章 醋意:3611  第32章 报复:3391  第33章 质问:3116  第34章 奖励:3085  第35章 崴脚:3083  第36章 背我:5306
          第37章 餐厅:3272  第38章 占有欲:3979  第39章 惩罚:3062  第40章 心乱:3708  第41章 试探:2639  第42章 害羞:2991
          第43章 电影院:3258  第44章 开窍:3012  第45章 决心:2881  第46章 表白:2396  第47章 逃避:3766  第48章 确认:2822
          第49章 喜欢你:2974  第50章 初吻:3812  第51章 官宣:4449  第52章 牵手:4489  第53章 称呼:3286  第54章 热恋期:3397
          第55章 热恋:4266  第56章 备忘录:3751  第57章 真相:2815  第58章 吵架:3347  第59章 行尸走肉:2228  第60章 恐慌:3070
          第61章 第一次尝试:2815  第62章 无处不在:2678  第63章 决绝:2805  第64章 礼物:2956  第65章 维护:3234  第66章 酸涩:2961
          第67章 生病:2625  第68章 不由自主:2197  第69章 匿名快递:3073  第70章 改变:2981  第71章 手写信:3357  第72章 阅读:3957
          第73章 火葬场:4093  第74章 赛场:3288  第75章 解决:3270  第76章 香水:3288  第77章 助攻:3130  第78章 抉择:4198
          第79章 复合:3065  第80章 雨夜:4044  第81章 危机:4400  第82章 回复:3726  第83章 转折:14  第84章 体力:2513
          第85章 正文完:2795  第86章 翻旧账:3539  第87章 惩罚:3543  第88章 关于体力:3905  第89章 世纪婚礼:4699  第90章 角色扮演play:3387
          第91章 关于体力2??:3567  第92章 温存日常:7517  第93章 论坛体:4156  第94章 占有欲等级测试:4489  第95章 猫主子驾到:4424  第96章 醉酒:3435
          第97章 雨夜:2414  第98章 顶峰相见【修】:4422

02:51:02  定制语音被直女继姐误听后 (其叶卿卿) [完结+番外]  86p→66章  747KB  OK
          https://www.52shuku.net/gl/15_b/bkdBA.html
          第1章 语音:3639  第2章 小翡:3773  第3章 梦想:2904  第4章 相册:3087  第5章 蜂蜜:3241  第6章 合照:3560
          第7章 她坏:3146  第8章 吹吹:3023  第9章 照顾:3147  第10章 听话:3023  第11章 舔手:2114  第12章 回忆章（一）:2694
          第13章 围巾:2843  第14章 乌龙:2285  第15章 阴暗面:2142  第16章 勇敢:2694  第17章 纠缠:3480  第18章 幼稚:2124
          第19章 惊喜:2043  第20章 假扮:2445  第21章 灯泡:2609  第22章 坠落:3805  第23章 追寻:12068  第24章 朋友圈:4128
          第25章 奖励:4448  第26章 让步:4416  第27章 哑巴(54727522深水加更):3418  第28章 反悔:3772  第29章 拍立得:4797  第30章 我的:3802
          第31章 偷亲:3802  第32章 老婆:3570  第33章 岭城:3388  第34章 做梦:3388  第35章 被哄:3803  第36章 回忆章（二）:4474
          第37章 舔舔:2216  第38章 糖葫芦:4561  第39章 放弃:6227  第40章 期盼:3344  第41章 深陷:3344  第42章 说谎:6599
          第43章 保护:3777  第44章 耳机:3777  第45章 认罪:3360  第46章 大雨:4218  第47章 回忆章（三）:3730  第48章 回忆章（四）（二合一）:7285
          第49章 告别:3081  第50章 日出:3392  第51章 告白之夜:5140  第52章 越轨:3181  第53章 台风:3548  第54章 珍珠:3548
          第55章 秘密:3343  第56章 日记:3492  第57章 妹妹:3848  第58章 姐姐:3774  第59章 决定:4620  第60章 毕业（正文完）:5088
          第61章 搬家:3848  第62章 栗子:3646  第63章 日常（一）:3514  第64章 日常（二）:4859  第65章 腻歪:6007  第66章 过去:5170

02:51:48  替身反攻略指南 (三七四六) [完结]  120p→105章  1073KB  OK
          https://www.52shuku.net/gl/15_b/bkdB9.html
          第1章 灵堂:3236  第2章 交易:3468  第3章 合同:3452  第4章 结婚:3106  第5章 星星:3363  第6章 新妾:3671
          第7章 小九:3420  第8章 过去:3337  第9章 跑车:3346  第10章 试镜:3129  第11章 衣服:2791  第12章 手表:2504
          第13章 药膏:3169  第14章 聚餐:3409  第15章 意外:2886  第16章 流星:3285  第17章 左手:3087  第18章 报告:3093
          第19章 不甘:3217  第20章 小酒:6094  第21章 姜汤:4109  第22章 害怕:3371  第23章 处理:3042  第24章 审判:3253
          第25章 出道:3151  第26章 礼物:2308  第27章 自由:3088  第28章 离婚:3195  第29章 监听:3302  第30章 接机:3518
          第31章 手表:3092  第32章 游戏:3793  第33章 机场:3281  第34章 曲奇:2676  第35章 报复:2565  第36章 脖颈:2562
          第37章 凝胶:2645  第38章 戏份:2568  第39章 戚姐:2354  第40章 颈间:3242  第41章 戏份:3455  第42章 手术:3774
          第43章 陪伴:8948  第44章 表白:6071  第45章 回放:6291  第46章 纱布:3085  第47章 狠话:2086  第48章 对戏:10050
          第49章 急救:3175  第50章 混乱:4066  第51章 委屈:3203  第52章 浴室:3086  第53章 拒绝:3110  第54章 相对:2900
          第55章 崩溃:3230  第56章 照片:3264  第57章 道歉:3425  第58章 狗仔:3093  第59章 眼镜:2977  第60章 时间:3151
          第61章 监控:6031  第62章 变化:3056  第63章 落井:3275  第64章 下石:3815  第65章 直播:3136  第66章 手臂:3048
          第67章 改变:2931  第68章 阴阳:3324  第69章 怪气:3098  第70章 色系:3191  第71章 副驾:3444  第72章 后颈:3222
          第73章 夜宵:2612  第74章 杀青:3286  第75章 朋友:2535  第76章 保镖:3223  第77章 风筒:3333  第78章 记忆:3218
          第79章 耳边:3231  第80章 测试:3121  第81章 投影:3344  第82章 小七:3025  第83章 防晒:3072  第84章 梦魇:3225
          第85章 晚安:3103  第86章 回忆:3402  第87章 无忧:3091  第88章 影子:2608  第89章 笑闹:2690  第90章 圣诞:2857
          第91章 滑雪:3316  第92章 手心:3051  第93章 虔诚:3547  第94章 采访:3281  第95章 默契:3033  第96章 耳垂:2600
          第97章 短信:3225  第98章 选择:3228  第99章 定格:3278  第100章 电影:3078  第101章 喜欢:3042  第102章 小猫:3235
          第103章 朝朝:3083  第104章 暮暮:3240  第105章 合照:3748

02:52:06  渣过我的A二次分化成娇O了 (三七四六) [完结]  46p→50章  415KB  OK
          https://www.52shuku.net/gl/15_b/bkdB8.html
          第1章 你的名字:3129  第2章 被需求感:2080  第3章 走不掉了:2301  第4章 带她回家:2134  第5章 有做过吗:2025  第6章 那一盏灯:2086
          第7章 手心发热:2233  第8章 气氛缓和:2133  第9章 绝对匹配:3270  第10章 什么取向:2052  第11章 没有立场:3508  第12章 被误会了:3455
          第13章 复合了吗:2265  第14章 为什么疼:2765  第15章 标记与否:3379  第16章 临时标记:3046  第17章 有后遗症:3614  第18章 筑巢情节:3130
          第19章 又不见了:2031  第20章 一波又起:3308  第21章 以前现在:3470  第22章 她昏迷了:3154  第23章 失去理智:7267  第24章 有点心软:2073
          第25章 生日蛋糕:2014  第26章 黑暗之中:4011  第27章 洗澡过后:3024  第28章 两次敲门:2010  第29章 失落庆幸:2569  第30章 没有胃口:3770
          第31章 不是心动:3711  第32章 喜欢的人:3124  第33章 装不下去:2535  第34章 要离开吗:3072  第35章 终究还是:2282  第36章 委屈的猫:3089
          第37章 为何解释:2019  第38章 想起来了:2916  第39章 难堪过去:3044  第40章 诸多疑问:2057  第41章 给个机会:2237  第42章 到底是谁:2038
          第43章 真相大白:2613  第44章 公事公办:2016  第45章 电话对峙:2062  第46章 紧锁的门:2545  第47章 同生共死:2053  第48章 如果能够:2097
          第49章 平安得救:2060  第50章 家庭和睦（完结章）:2623

02:53:22  影后的饭好香，饿饿 (郁宁清) [完结+番外]  137p→104章  1198KB  OK
          https://www.52shuku.net/gl/15_b/bkdB7.html
          第1章:4031  第2章:3162  第3章:3168  第4章:3033  第5章:3050  第6章:3042
          第7章:3156  第8章:3072  第9章:3016  第10章:3010  第11章:3001  第12章:3024
          第13章:3017  第14章:3049  第15章:3018  第16章:3014  第17章:3090  第18章:3491
          第19章:3617  第20章:9188  第21章:4863  第22章:5535  第23章:6180  第24章:5189
          第25章:4514  第26章:3543  第27章:4514  第28章:5546  第29章:5559  第30章:3880
          第31章:3508  第32章:3860  第33章:3852  第34章:4174  第35章:3847  第36章:3850
          第37章:4533  第38章:5224  第39章:4192  第40章:4891  第41章:3511  第42章:3511
          第43章:3860  第44章:3559  第45章:4541  第46章:4174  第47章:3184  第48章:3207
          第49章:3558  第50章:3900  第51章:3883  第52章:5520  第53章:3545  第54章:4186
          第55章:4202  第56章:3196  第57章:3907  第58章:4185  第59章:4874  第60章:3175
          第61章:4520  第62章:3888  第63章:3512  第64章:3517  第65章:4877  第66章:3842
          第67章:3180  第68章:3871  第69章:3510  第70章:3511  第71章:3525  第72章:3177
          第73章:3173  第74章:3184  第75章:3178  第76章:4200  第77章:3177  第78章:3503
          第79章:3514  第80章:3516  第81章:3180  第82章:3180  第83章:3876  第84章:3206
          第85章:3187  第86章:3509  第87章:3194  第88章:3521  第89章:3187  第90章:3183
          第91章:3173  第92章:3190  第93章:3531  第94章:3850  第95章:3553  第96章:3189
          第97章:3185  第98章:3541  第99章:3553  第100章:3196  第101章:3503  第102章 正文完结:3653
          第103章 番外:陪你疯狂一次:4564  第104章 番外:在爱里沦陷:5800

02:54:00  穿成教皇心尖宠[斗罗] (香菜焖饭) [完结]  101p→86章  870KB  OK
          https://www.52shuku.net/gl/14_b/bkdBk.html
          第1章:3104  第2章:2988  第3章:2963  第4章:3079  第5章:2922  第6章:3032
          第7章:3810  第8章:3708  第9章:2732  第10章:3416  第11章:3257  第12章:2153
          第13章:3013  第14章:2918  第15章:3100  第16章:3142  第17章:3072  第18章:3428
          第19章:4075  第20章:2802  第21章:2858  第22章:3094  第23章:2666  第24章:2703
          第25章:3006  第26章:4840  第27章:3234  第28章:2935  第29章:2659  第30章:3544
          第31章:3781  第32章:4381  第33章:3484  第34章:3942  第35章:3138  第36章:3390
          第37章:2460  第38章:1969  第39章:3133  第40章:7043  第41章:2662  第42章:2576
          第43章:3114  第44章:2911  第45章:1449  第46章:4357  第47章:2749  第48章:5302
          第49章:4887  第50章:3677  第51章:2599  第52章:5003  第53章:3352  第54章:5683
          第55章:5750  第56章:2590  第57章:5395  第58章:2372  第59章:3027  第60章:2735
          第61章:2525  第62章:2720  第63章:5371  第64章:5013  第65章:5360  第66章:3434
          第67章:2192  第68章:2547  第69章:2350  第70章:2409  第71章:3029  第72章:2871
          第73章:2763  第74章:3207  第75章:3389  第76章:2950  第77章:2767  第78章:2870
          第79章:2420  第80章:2994  第81章:3036  第82章:2881  第83章:3241  第84章:2886
          第85章:3548  第86章:3650

02:54:47  误将病娇女帝当外室养了 (公子欢) [完结]  121p→78章  1001KB  OK
          https://www.52shuku.net/gl/14_b/bkdBj.html
          第1章 鱼儿咬钩了:4376  第2章 女郎，可否帮我上药？:3406  第3章 她浑身发软:3393  第4章 不信拿不下一个小小的单原！:4483  第5章 听闻今日拍卖的花魁娘子叫阿漪。:4433  第6章 女郎今日为何要花重金拍下阿漪呢？:3809
          第7章 被下药:3126  第8章 我会对你负责的！:2970  第9章 单女郎你要怎么负责？:2871  第10章 单女郎，我好热好难受！:2871  第11章 单原我倒要看看，你能为我做到何种地步？:3152  第12章 阿漪我在，不要怕:3398
          第13章 单原，你看到这些又会作何反应呢？:3094  第14章 阿漪，你在哪？:3703  第15章 难道怀孕了？:2927  第16章 阿漪，是你！:3283  第17章 单原，求你放过我和孩子。:4748  第18章 这个孩子不能留:2089
          第19章 端着堕胎药往她嘴里灌下去。:6176  第20章 孩子真的没了吗？:4049  第21章 单原，你当真如此心狠:6176  第22章 竟敢打她……臀部！:4378  第23章 醋了:7027  第24章 引诱！:6614
          第25章 被下药:4256  第26章 一夜荒唐:6614  第27章 阴谋再起:4942  第28章 好一出戏:4329  第29章 步步为营:5535  第30章 又骗过了她:3426
          第31章 我要娶阿漪:6033  第32章 拿到证据:5535  第33章 我要娶你:5030  第34章 同意婚事:5027  第35章 此生只娶她一人:4033  第36章 阿漪的抉择:4107
          第37章 大婚:4710  第38章 阿漪身份暴露:4650  第39章 全家入狱:4927  第40章 全家流放:4800  第41章 时日无多:4044  第42章 母亲重病:4384
          第43章 自我折磨:4214  第44章 暗流涌动:4074  第45章 陷阱:4384  第46章 受伤:4057  第47章 有她的消息吗？:4048  第48章 谁来了？:4132
          第49章 孩子丢了:4039  第50章 谋划:4142  第51章 仆人行恶:4101  第52章 两情相悦:3252  第53章 有喜了:4401  第54章 喜脉:3643
          第55章 单原，求你娶我:4438  第56章 阿漪去找单原:3627  第57章 终于见面:4773  第58章 单原大婚:3906  第59章 新帝登基，大赦天下:4179  第60章 入京:4036
          第61章 一别经年:3976  第62章 高中探花:4562  第63章 生辰宴:4028  第64章 故人再见:4077  第65章 我自愿的:4077  第66章 疑似有孕:4028
          第67章 分别:4654  第68章 阿漪被绑:4063  第69章 暴动:4089  第70章 危机:4058  第71章 趁我还撑得住:4056  第72章 尘埃落定:4040
          第73章 分别:4102  第74章 五年后:4043  第75章 当年也并非一帆风顺:4043  第76章 安抚:4045  第77章 你心里有我们:4104  第78章 大结局:5061

02:56:56  守寡赘A误标记太后 (公子欢) [完结]  357p→149章  3109KB  OK
          https://www.52shuku.net/gl/14_b/bkdBh.html
          第1章:3402  第2章:3671  第3章:3977  第4章:4952  第5章:5930  第6章:3905
          第7章:2997  第8章:3250  第9章:2910  第10章:2076  第11章:2997  第12章:2617
          第13章:3804  第14章:2717  第15章:2409  第16章:2249  第17章:2352  第18章:2013
          第19章:2977  第20章:6731  第21章:6035  第22章:5079  第23章:4096  第24章:5111
          第25章:5482  第26章:7159  第27章:3511  第28章:5503  第29章:8380  第30章:6484
          第31章:5984  第32章:6127  第33章:8789  第34章:3993  第35章:5664  第36章:7597
          第37章:7173  第38章:6026  第39章:6038  第40章:7173  第41章:5810  第42章:7501
          第43章:7501  第44章:9562  第45章:6502  第46章:9562  第47章:7632  第48章:7308
          第49章:5028  第50章:7423  第51章:11340  第52章:12526  第53章:9954  第54章:6798
          第55章:7149  第56章:4530  第57章:12995  第58章:9648  第59章:9648  第60章:7694
          第61章:9967  第62章:6897  第63章:14362  第64章:6536  第65章:7479  第66章:9615
          第67章:8800  第68章:11181  第69章:8967  第70章:8153  第71章:6430  第72章:5653
          第73章:8462  第74章:9516  第75章:10184  第76章:10184  第77章:13679  第78章:7899
          第79章:7173  第80章:7287  第81章:8443  第82章:7263  第83章:6216  第84章:4458
          第85章:3541  第86章:6583  第87章:8195  第88章:3679  第89章:8310  第90章:8310
          第91章:9886  第92章:9629  第93章:12799  第94章:7606  第95章:4929  第96章:8046
          第97章:7557  第98章:8713  第99章:7127  第100章:9467  第101章:6035  第102章:6017
          第103章:6836  第104章:8579  第105章:8248  第106章:8248  第107章:9127  第108章:7293
          第109章:6003  第110章:8030  第111章:9127  第112章:8683  第113章:8101  第114章:8115
          第115章:8055  第116章:8683  第117章:7056  第118章:6156  第119章:7056  第120章:6180
          第121章:9749  第122章:6070  第123章:8808  第124章:6053  第125章:6041  第126章:6041
          第127章:6892  第128章:6009  第129章:8265  第130章:9512  第131章:5771  第132章:8600
          第133章:8735  第134章:6782  第135章:7231  第136章:7231  第137章:7291  第138章:4781
          第139章:6907  第140章:6681  第141章:5903  第142章:5121  第143章:4295  第144章:5929
          第145章:5276  第146章:5651  第147章:6924  第148章:7325  第149章:6000

02:58:31  被高冷公主反向攻略 (怿炜静姝) [完结]  265p→238章  2274KB  OK
          https://www.52shuku.net/gl/14_b/bkdBg.html
          第1章:3760  第2章:2762  第3章:3190  第4章:3190  第5章:2314  第6章:2653
          第7章:2579  第8章:2384  第9章:2299  第10章:3036  第11章:2542  第12章:2035
          第13章:2109  第14章:2565  第15章:2151  第16章:2047  第17章:2330  第18章:2153
          第19章:2062  第20章:2263  第21章:2183  第22章:2410  第23章:2178  第24章:2158
          第25章:3320  第26章:3644  第27章:3274  第28章:3185  第29章:3234  第30章:3332
          第31章:3362  第32章:3195  第33章:3188  第34章:3590  第35章:3172  第36章:3423
          第37章:3239  第38章:3349  第39章:3418  第40章:3085  第41章:3246  第42章:3246
          第43章:3113  第44章:3383  第45章:3113  第46章:3127  第47章:3163  第48章:3215
          第49章:3331  第50章:3134  第51章:3209  第52章:3144  第53章:3321  第54章:3178
          第55章:3328  第56章:3398  第57章:3321  第58章:3135  第59章:3350  第60章:3114
          第61章:3317  第62章:3061  第63章:3147  第64章:3045  第65章:3180  第66章:3123
          第67章:3123  第68章:3050  第69章:3247  第70章:3207  第71章:3120  第72章:3260
          第73章:3159  第74章:3280  第75章:3253  第76章:3243  第77章:3254  第78章:3178
          第79章:3286  第80章:3204  第81章:3289  第82章:3135  第83章:3284  第84章:3422
          第85章:3123  第86章:3181  第87章:3291  第88章:3297  第89章:3297  第90章:3099
          第91章:3118  第92章:3629  第93章:3160  第94章:3473  第95章:3256  第96章:3537
          第97章:3292  第98章:3080  第99章:3137  第100章:3154  第101章:3121  第102章:3154
          第103章:3156  第104章:3145  第105章:3276  第106章:3544  第107章:3201  第108章:3033
          第109章:3109  第110章:3144  第111章:3124  第112章:3240  第113章:3090  第114章:3171
          第115章:3171  第116章:3073  第117章:3380  第118章:3081  第119章:3066  第120章:3149
          第121章:3090  第122章:3249  第123章:3124  第124章:3112  第125章:3099  第126章:3166
          第127章:3076  第128章:3268  第129章:3268  第130章:3340  第131章:3343  第132章:3340
          第133章:3103  第134章:3126  第135章:3184  第136章:3205  第137章:3113  第138章:3089
          第139章:3208  第140章:3179  第141章:3365  第142章:3375  第143章:3130  第144章:3661
          第145章:3297  第146章:3206  第147章:3133  第148章:3132  第149章:3067  第150章:3102
          第151章:3132  第152章:3734  第153章:3158  第154章:3510  第155章:3086  第156章:3122
          第157章:3205  第158章:3159  第159章:3264  第160章:3381  第161章:3206  第162章:3070
          第163章:3084  第164章:3238  第165章:3209  第166章:3110  第167章:3140  第168章:3186
          第169章:3101  第170章:3128  第171章:3114  第172章:3065  第173章:3399  第174章:3191
          第175章:3189  第176章:3181  第177章:3406  第178章:3108  第179章:3270  第180章:3085
          第181章:3341  第182章:3108  第183章:3135  第184章:3213  第185章:3048  第186章:3074
          第187章:3081  第188章:3219  第189章:3129  第190章:3083  第191章:3100  第192章:3129
          第193章:3128  第194章:3168  第195章:3274  第196章:3103  第197章:3308  第198章:3158
          第199章:3028  第200章:3171  第201章:3134  第202章:3452  第203章:3037  第204章:3246
          第205章:3018  第206章:3113  第207章:3054  第208章:3223  第209章:3114  第210章:3019
          第211章:3114  第212章:3175  第213章:3126  第214章:3135  第215章:3183  第216章:3190
          第217章:3071  第218章:3171  第219章:3224  第220章:3244  第221章:3142  第222章:3108
          第223章:3068  第224章:3059  第225章:3116  第226章:3032  第227章:3421  第228章:3130
          第229章:3356  第230章:3229  第231章:3482  第232章:3563  第233章:3265  第234章:3032
          第235章:3068  第236章:3068  第237章:3053  第238章:5192

02:58:58  港城无雪 (水轻墨) [完结+番外]  69p→49章  600KB  OK
          https://www.52shuku.net/gl/13_b/bkdA2.html
          第1章 港城无雪:3653  第2章 港城无雪:3702  第3章 港城无雪:4603  第4章 港城无雪:3366  第5章 港城无雪:3949  第6章 港城无雪:3763
          第7章 港城无雪:3940  第8章 港城无雪:3337  第9章 港城无雪:4203  第10章 港城无雪:3482  第11章 港城无雪:3364  第12章 港城无雪:4361
          第13章 港城无雪:4254  第14章 港城无雪:4760  第15章 港城无雪:3532  第16章 港城无雪:3724  第17章 港城无雪:3844  第18章 港城无雪:4019
          第19章 港城无雪:6076  第20章 港城无雪:5281  第21章 港城无雪:3897  第22章 港城无雪:4405  第23章 港城无雪:3696  第24章 港城无雪:3066
          第25章 港城无雪:2005  第26章 港城无雪:2806  第27章 港城无雪:2282  第28章 港城无雪:7160  第29章 港城无雪:4654  第30章 港城无雪:4120
          第31章 港城无雪:4770  第32章 港城无雪:3150  第33章 港城无雪:3391  第34章 港城无雪:5146  第35章 港城无雪:3615  第36章 港城无雪:3595
          第37章 港城无雪:4646  第38章 港城无雪:3841  第39章 港城无雪:4473  第40章 港城无雪:3833  第41章 港城无雪:3330  第42章 接她下课[番外]:4454
          第43章 腰链[番外]:1673  第44章 法喜寺[番外]:4309  第45章 浴室[番外]:4297  第46章 温泉行[番外]:5918  第47章 支线·兰瑗桂[番外]:3984  第48章 支线·蓝双霜[番外]:5506
          第49章 支线·陆扬嘉[番外]:4794

03:00:10  亡国公主谋心记 (疯了的琥珀) [完结]  195p→151章  1750KB  OK
          https://www.52shuku.net/gl/13_b/bkdAy.html
          第1章 亡国公主:3012  第2章 争抢:2273  第3章 皇帝的心思:2600  第4章 甜甜的清香:2373  第5章 我能拉着你嘛:3298  第6章 你还是我的:2746
          第7章 自尽:2834  第8章 带娘子回家～:4156  第9章 多多亲近好:3196  第10章 强吻:2781  第11章 离我近些:3032  第12章 我保护你啊:4078
          第13章 银丝缠身:3337  第14章 培养感情:2853  第15章 如何让人动心？:3424  第16章 春风一度我的梦:3471  第17章 近些便能亲到:2232  第18章 香甜的花蜜:2925
          第19章 愿者上钩:3338  第20章 替你按摩:3729  第21章 安眠相拥:3997  第22章 酒后的吻:3863  第23章 要你的心:3103  第24章 让她死，还是活！:4295
          第25章 沈浊:3590  第26章 用血淹死！:3513  第27章 你要补偿我:3856  第28章 一切都能给你:4836  第29章 羞涩的火苗:5301  第30章 长宁的吻:2828
          第31章 鱼会被溺死吗:3908  第32章 主动啊长宁:4878  第33章 你应是我的:4027  第34章 至死不放:3403  第35章 说你爱我:3584  第36章 长宁的维护:3102
          第37章 景，辞，云:3625  第38章 梅花图:3543  第39章 既见君子:3677  第40章 隔阂:3001  第41章 只爱我好嘛？:4592  第42章 出声？？:4001
          第43章 迷药:3503  第44章 梅花印记:3280  第45章 你是我求来的:3293  第46章 亡国之宴:4882  第47章 非她不要:3959  第48章 越溪:3587
          第49章 迷香:3847  第50章 人首锦盒:3176  第51章 坚定的维护:3993  第52章 威胁皇帝:3866  第53章 我们的婚宴:3185  第54章 摧毁她！:4593
          第55章 问问你的心:3392  第56章 躲我就绑你！:3849  第57章 扣押:4200  第58章 久匿的匕首:4320  第59章 你要放手？:3676  第60章 那是我娘子:4528
          第61章 江月:3960  第62章:3603  第63章 找她回来:2680  第64章 只需取悦我:3139  第65章 醉酒留宿:4294  第66章:2877
          第67章 宁妙衣:3874  第68章 自己保重:3400  第69章 好想你:3200  第70章 意乱情迷:3059  第71章 一起沐浴吧！:3710  第72章 奖赏一个吻:3309
          第73章 心只容一人:3911  第74章 长宁，我在:4304  第75章 小兔灯:3265  第76章 舍得我走嘛:3374  第77章 执棋者:4039  第78章 假仁假义:3527
          第79章 自欺欺人:3103  第80章 狐狸:3601  第81章 仙灵霜:3388  第82章 我要保护她:3600  第83章 毒哑她:3864  第84章 掌控:4087
          第85章 问就是不知道:3800  第86章 面具:4229  第87章 脏了也要吃！:3994  第88章 糊涂的真相:3532  第89章 给我仙灵霜！:2938  第90章 囚徒:3503
          第91章 断了你的腿！:3875  第92章 以死相逼:5208  第93章 你就是疯子:4530  第94章 我是你的刀:3843  第95章 狸奴:4197  第96章 山水不相逢:4725
          第97章 私心:4686  第98章 挑拨:3574  第99章 生杀予夺:3584  第100章 被驯化的鹰:4509  第101章 我有一个好友:4034  第102章 守尸:3840
          第103章 饯行:3871  第104章 立储:4352  第105章 爱要坦诚:3391  第106章 讨厌的中秋:3869  第107章 明日可归否:3066  第108章 诉说:4541
          第109章 做梦都想娶你:3264  第110章 裴鱼泱:3853  第111章 流言:4059  第112章 替身:4284  第113章 要娶裴少师！:4555  第114章 下次可不行:4224
          第115章 等你娶我:4218  第116章 杞人忧天:3933  第117章 先杀再说！:4072  第118章 后日便成亲吧！:3845  第119章 歹心:3720  第120章 小疯子:4393
          第121章 无赦:4376  第122章 你瞒我瞒:3217  第123章 成亲之夜:4085  第124章 只洗一处嘛:4630  第125章 缠绵:4343  第126章 斩情丝:4859
          第127章 太子哥哥:4746  第128章 有我便足够:4173  第129章 你要自持啊！:4524  第130章 美人计:3983  第131章 弑君:3651  第132章 狱中:4347
          第133章 求你:5180  第134章 对弈:4067  第135章 真想挖出那颗心:3556  第136章 血洗朝堂:4022  第137章 罪证:4233  第138章 快杀了她！:3730
          第139章 等你回来:4550  第140章 糟糠之妻:3576  第141章 等我回来:3836  第142章 别不要我:4324  第143章 仅为你:3869  第144章 陛下:4619
          第145章 长宁:5081  第146章 狸奴:3543  第147章 归途:3652  第148章 骗子:4302  第149章 一字抵十次:5170  第150章 永世不分:5906
          第151章 铜镜:6647

03:01:24  夫人请自重GL (杠上游金) [完结+番外]  199p→157章  1723KB  OK
          https://www.52shuku.net/gl/13_b/bkdAw.html
          第1章 天子为媒:3833  第2章 突逢变故:3174  第3章 避之不及:3530  第4章 温补鸡汤:3184  第5章 各怀鬼胎:3532  第6章 协议妻妻:4098
          第7章 溺水男尸:3723  第8章 招摇被掳:3979  第9章 逃出匪窝:3690  第10章 危机四伏（上）:3690  第11章 危机四伏（下）:4726  第12章 羊入虎口:3569
          第13章 深陷青楼:4255  第14章 反客为主:4143  第15章 擦肩而过:3365  第16章 成为头牌:3632  第17章 小猫发威:3223  第18章 强闯青楼:3459
          第19章 寻滋生事:3456  第20章 鱼需要水:3915  第21章 赎回玉坠【倒V开始】:3768  第22章 白衣‘男’子:3902  第23章 捎我一程:3756  第24章 高手同行:3444
          第25章 小惩恶霸:3344  第26章 平安抵京:3496  第27章 新妇回门:3842  第28章 巧遇故人:3344  第29章 默契十足:3332  第30章 突然升官:3439
          第31章 倦倦姩姩:3500  第32章 投桃报李:3487  第33章 新装秋游（上）:3219  第34章 新装秋游（下）:3232  第35章 不速之客:3665  第36章 危险升温:3312
          第37章 与人为谋:3385  第38章 未有先例:3973  第39章 暗藏心意:3595  第40章 艺伎之死（上）:3578  第41章 艺伎之死（下）:3452  第42章 掉马危机:3532
          第43章 直球选手:3397  第44章 薛岚失踪:3290  第45章 真相渐明:3419  第46章 扑了个空【倒V结束】:3887  第47章 跌宕起伏:10723  第48章 收网前夕:3442
          第49章 前尘往事:3417  第50章 恶报在即:3359  第51章 秉公办案:3521  第52章 蒙受家法:3806  第53章 徒手拦鞭:3665  第54章 关于以后:3433
          第55章 试探未果:3389  第56章 暗中较劲:3396  第57章 卷宗被盗:3119  第58章 万物静止:3353  第59章 不解风情:3447  第60章 心如死灰:3514
          第61章 不是做梦:3514  第62章 爱意难藏:3414  第63章 浅尝辄止:3560  第64章 蓄意纵火（上）:2946  第65章 蓄意纵火（下）:3731  第66章 将计就计:3510
          第67章 坐等好戏:3527  第68章 共浴汤泉:3421  第69章 青梅乍现:3470  第70章 瓮中捉鳖:3439  第71章 引火上身:3364  第72章 夹带私货:3497
          第73章 意犹未尽:3425  第74章 纯爱战士:3605  第75章 助人风波:3118  第76章 纳妾危机:3655  第77章 京郊恶疾:3388  第78章 被迫入局:3299
          第79章 我为鱼肉:3547  第80章 暗中作祟:3411  第81章 深入疫村:3417  第82章 感染疫病:3492  第83章 为爱涉险:3286  第84章 引蛇出洞:3511
          第85章 虚惊一场:3394  第86章 班师回京:3331  第87章 风平浪静:3838  第88章 波涛暗涌:3372  第89章 怒不可遏:3433  第90章 坐以待毙:3525
          第91章 箭已上弦:3360  第92章 常觉亏欠:3600  第93章 同床异梦:3374  第94章 在劫难逃:3497  第95章 一别两宽:3302  第96章 僵局渐破:3310
          第97章 尹父出手:3342  第98章 狱中相见:3435  第99章 一石二鸟:3531  第100章 移花接木:3267  第101章 顺势而为:3804  第102章 只欠东风:3369
          第103章 宣光巨变:3799  第104章 邪不压正:3905  第105章 赐婚风波:3382  第106章 爱屋及乌:3430  第107章 愿者上钩:3841  第108章 习武赴试:3446
          第109章 劲敌出现:3503  第110章 尹府招婿（上）:3362  第111章 尹府招婿（中）:3723  第112章 尹府招婿（下）:3674  第113章 守得云开:3458  第114章 终见月明:3524
          第115章 女子为官:3675  第116章 急不可耐:3666  第117章 翻墙入院:3397  第118章 聘礼嫁妆:3515  第119章 今生来世:3313  第120章 婚期既定:3343
          第121章 百年好合:3388  第122章 永结同心:3632  第123章 只做你妻:3484  第124章 洞房花烛（上）:3315  第125章 洞房花烛（下）:3661  第126章 新婚燕尔:3604
          第127章 绝不相负:4168  第128章 小醋坛子:3591  第129章 争相产醋:3311  第130章 你情我愿:3477  第131章 猫狗双全:3724  第132章 愿赌服输:3349
          第133章 婚后日常:3733  第134章 忐忑期许:3448  第135章 恰逢休沐:3323  第136章 共襄盛举:3265  第137章 前因后果:3697  第138章 姻缘天定:3362
          第139章 天降祥瑞:3970  第140章 蜜月旅行（上）:4002  第141章 蜜月旅行（中）:4375  第142章 蜜月旅行（下）:3316  第143章 欲盖弥彰:3397  第144章 如愿以偿:4338
          第145章 蓄意谋划:4457  第146章 铲除奸佞:3804  第147章 大同盛世:4199  第148章 番外一:3319  第149章 番外二:4762  第150章 番外三:4858
          第151章 番外四:3962  第152章 番外五:4278  第153章 番外六:3707  第154章 番外七:3994  第155章 番外八:4059  第156章 番外九:5599
          第157章 番外十:5599

03:02:16  娱乐圈著名欺诈情侣 (骑着猪的仙女) [完结]  137p→107章  1096KB  OK
          https://www.52shuku.net/gl/13_b/bkdAv.html
          第1章:3109  第2章:3180  第3章:3097  第4章:3072  第5章:3060  第6章:3011
          第7章:3070  第8章:3046  第9章:3052  第10章:2943  第11章:3113  第12章:3054
          第13章:3137  第14章:3087  第15章:3222  第16章:3086  第17章:3028  第18章:3083
          第19章:3010  第20章:3019  第21章:3033  第22章:3233  第23章:3023  第24章:3312
          第25章:3128  第26章:3176  第27章:3150  第28章:3193  第29章:3386  第30章:3115
          第31章:3456  第32章:3224  第33章:3120  第34章:5315  第35章:3139  第36章:3834
          第37章:3162  第38章:3088  第39章:3571  第40章:3179  第41章:3213  第42章:3254
          第43章:3238  第44章:3161  第45章:3144  第46章:3202  第47章:3122  第48章:3227
          第49章:3230  第50章:3640  第51章:3594  第52章:3544  第53章:3219  第54章:3272
          第55章:3197  第56章:3378  第57章:3292  第58章:3157  第59章:3242  第60章:3215
          第61章:3160  第62章:3142  第63章:3194  第64章:3176  第65章:3126  第66章:3175
          第67章:3241  第68章:3152  第69章:3157  第70章:3066  第71章:3229  第72章:9602
          第73章:3303  第74章:3298  第75章:3291  第76章:3148  第77章:5507  第78章:5206
          第79章:5278  第80章:5303  第81章:5293  第82章:3146  第83章:2672  第84章:3173
          第85章:3086  第86章:3142  第87章:1910  第88章:3344  第89章:3141  第90章:3317
          第91章:3203  第92章:3112  第93章:3289  第94章:3056  第95章:3132  第96章:3282
          第97章:3149  第98章:3198  第99章:3223  第100章:3265  第101章:3224  第102章:3184
          第103章:3321  第104章:3214  第105章:3290  第106章:3193  第107章:6598

03:02:31  姐姐她逾界心动 (津苏) [完结]  40p→32章  332KB  OK
          https://www.52shuku.net/gl/13_b/bkdAu.html
          第1章:3373  第2章:3476  第3章:3608  第4章:3391  第5章:2161  第6章:2445
          第7章:2463  第8章:2150  第9章:2141  第10章:2588  第11章:3182  第12章:3129
          第13章:3209  第14章:3000  第15章:3776  第16章:3183  第17章:4273  第18章:3386
          第19章:2669  第20章:3452  第21章:3134  第22章:3364  第23章:9230  第24章:3382
          第25章:3676  第26章:3605  第27章:3157  第28章:3751  第29章:3325  第30章:3616
          第31章:3405  第32章 正文完:4791

03:02:48  主播快上线，我是你女朋友 (天地皆入梦) [完结+番外]  37p→30章  304KB  OK
          https://www.52shuku.net/gl/13_b/bkdAt.html
          第1章:5095  第2章:3633  第3章:4030  第4章:5380  第5章:3471  第6章:4386
          第7章:2049  第8章:2506  第9章:3379  第10章:2799  第11章:2236  第12章:4392
          第13章:3071  第14章:2474  第15章:3074  第16章:2399  第17章:2984  第18章:3613
          第19章:2159  第20章:2745  第21章:3652  第22章:2597  第23章:3983  第24章:3790
          第25章:3302  第26章:3049  第27章:3609  第28章:2440  第29章 正文完:6430  第30章 番外:3526

03:03:15  被正主盯上怎么办[娱乐圈] (千山行) [完结]  65p→46章  568KB  OK
          https://www.52shuku.net/gl/12_b/bkdAn.html
          第1章 相遇:3848  第2章 俞姿个站:3179  第3章 出差:3213  第4章 送礼物:3248  第5章 同淋雨:3222  第6章 请客:3054
          第7章 调查:3231  第8章 躲一下:3195  第9章 掉马:4631  第10章 签名:3082  第11章 网综①:3028  第12章 深夜行动:3082
          第13章 网综②:3057  第14章 洗脚:3155  第15章 拼桌:3081  第16章 西瓜:3093  第17章 独家:3050  第18章 陪我:3150
          第19章 完美配合:4236  第20章 护犊子:3369  第21章 隐情:3477  第22章 触摸:3183  第23章 看秀:3262  第24章 她的味道:3188
          第25章 爱人:3269  第26章 宝宝:3229  第27章 拥抱:3140  第28章 误会:4345  第29章 第一步:3628  第30章 差点犯错:7020
          第31章 建议:3238  第32章 心想事成:7566  第33章 借力打力:3338  第34章 冒犯:3208  第35章 姐姐:3229  第36章 巧遇:3291
          第37章 万更:10542  第38章 落跑小娇妻:3273  第39章 眼泪:3225  第40章 带她回来:3244  第41章 失而复得:9467  第42章 回国:10931
          第43章 表白:10680  第44章 甜蜜日常:3273  第45章 旧报纸:3142  第46章 正文完:3377

03:03:29  你如此迷人 (来杯红茶) [完结]  37p→43章  316KB  OK
          https://www.52shuku.net/gl/12_b/bkdAm.html
          第1章:2653  第2章:2481  第3章:2517  第4章:2375  第5章:2463  第6章:3051
          第7章:2981  第8章:2202  第9章:2859  第10章:2734  第11章:4136  第12章:2212
          第13章:2747  第14章:2077  第15章:2102  第16章:3935  第17章:3094  第18章:3045
          第19章:2457  第20章:2531  第21章:2357  第22章:2296  第23章:2283  第24章:2418
          第25章:2275  第26章:2278  第27章:1346  第28章:1599  第29章:1702  第30章:1940
          第31章:2289  第32章:2323  第33章:2301  第34章:1657  第35章:1618  第36章:2032
          第37章:1938  第38章:2209  第39章:2314  第40章:2413  第41章:2717  第42章:2070
          第43章:2143

03:04:00  春色关不住 (洛阳bibi) [完结+番外]  79p→69章  678KB  OK
          https://www.52shuku.net/gl/12_b/bkdAk.html
          第1章 我也追过她:2472  第2章 故人:4086  第3章 偶遇:4039  第4章 百分之八十五:2093  第5章 对不起:3296  第6章 我们是朋友:2695
          第7章 你还要吗:3049  第8章 变量:2871  第9章 第三人:3651  第10章 是:2888  第11章 聊五毛:2673  第12章 帮忙:2454
          第13章 我也喜欢你:2787  第14章 风暴海啸:2042  第15章 画什么:2022  第16章 没考虑:2137  第17章 小三花:2048  第18章 我都可以:3041
          第19章 出发:2580  第20章 正在尝:3293  第21章 欲望:2780  第22章 湿湿黏黏:2520  第23章 放进去:8222  第24章 视角:3155
          第25章 保持联系:3276  第26章 凭什么【恒馨深水加更】:6850  第27章 幻觉:3190  第28章 寸步难移:3138  第29章 没法画:3172  第30章 尖锐【春日青深水加更】:4283
          第31章 庄小姐:3002  第32章 针锋相对:2936  第33章 要什么:3180  第34章 不是顺便？:3866  第35章 吃猫条吗:3351  第36章 好消息:3060
          第37章 探班:3155  第38章 低头:3159  第39章 那就试试:2986  第40章 很方便:3295  第41章 我帮你:3000  第42章 界限清晰:3376
          第43章 道歉:3681  第44章 房东学姐:3299  第45章 很奇怪:3264  第46章 国泰民安:3519  第47章 没有闪躲:3060  第48章 不在意:3517
          第49章 打开:3195  第50章 那个一下:3130  第51章 刻舟求剑:3517  第52章 那我真好:3748  第53章 一起变好:3562  第54章 风波:2817
          第55章 回马枪:3551  第56章 要分手吗:3915  第57章 进贼:3166  第58章 闭眼:3457  第59章 all:4337  第60章 她在说:2820
          第61章 又满了:3236  第62章 家庭成员:2955  第63章 日常:2337  第64章 唇友谊:3056  第65章 新年快乐:2955  第66章 难能可贵:3255
          第67章 阿姨:3588  第68章 时光倒流（上）:2192  第69章 时光倒流（下）:2666

03:04:46  我老婆，七重人格，超可爱 (穹灰) [完结]  125p→101章  1010KB  OK
          https://www.52shuku.net/gl/12_b/bkdAj.html
          第1章:3397  第2章:3451  第3章:3160  第4章:3462  第5章:3384  第6章:2361
          第7章:2582  第8章:2528  第9章:3449  第10章:2688  第11章:4521  第12章:1981
          第13章:1233  第14章:1621  第15章:2721  第16章:2480  第17章:2456  第18章:2024
          第19章:2951  第20章:1689  第21章:3561  第22章:3361  第23章:2992  第24章:3277
          第25章:3018  第26章:3451  第27章:3023  第28章:2081  第29章:3281  第30章:2199
          第31章:2547  第32章:6048  第33章:3121  第34章:2192  第35章:4196  第36章:2027
          第37章:2056  第38章:3413  第39章:5677  第40章:2102  第41章:3967  第42章:2379
          第43章:3489  第44章:3203  第45章:2634  第46章:3060  第47章:3375  第48章:4040
          第49章:2066  第50章:2831  第51章:4836  第52章:3761  第53章:3406  第54章:3400
          第55章:2043  第56章:3460  第57章:3955  第58章:2287  第59章:3161  第60章:3221
          第61章:2989  第62章:3925  第63章:4011  第64章:3615  第65章:3934  第66章:3098
          第67章:3840  第68章:3017  第69章:2474  第70章:3131  第71章:3206  第72章:3250
          第73章:3693  第74章:4173  第75章:3629  第76章:3693  第77章:3320  第78章:3518
          第79章:3289  第80章:3295  第81章:3102  第82章:4324  第83章:3121  第84章:3627
          第85章:3344  第86章:3453  第87章:3491  第88章:3804  第89章:3367  第90章:6894
          第91章:3258  第92章:3003  第93章:6072  第94章:2216  第95章:6152  第96章:6082
          第97章:3130  第98章:2753  第99章:3130  第100章:3029  第101章:3323

03:05:31  逃离偏执老婆的掌控之后 (穹灰) [完结]  118p→108章  994KB  OK
          https://www.52shuku.net/gl/12_b/bkdAi.html
          第1章:1488  第2章:3422  第3章:2955  第4章:1407  第5章:3151  第6章:3178
          第7章:3667  第8章:1584  第9章:2439  第10章:1619  第11章:2163  第12章:1348
          第13章:2998  第14章:580  第15章:2810  第16章:2114  第17章:2030  第18章:2774
          第19章:2525  第20章:2301  第21章:2474  第22章:4030  第23章:2771  第24章:2777
          第25章:2657  第26章:3997  第27章:2185  第28章:2170  第29章:2521  第30章:2425
          第31章:2291  第32章:2334  第33章:2320  第34章:2425  第35章:5207  第36章:3132
          第37章:5591  第38章:4152  第39章:3309  第40章:3518  第41章:3793  第42章:3109
          第43章:3793  第44章:3060  第45章:3366  第46章:4037  第47章:3955  第48章:3656
          第49章:2482  第50章:2680  第51章:2938  第52章:2358  第53章:2517  第54章:3230
          第55章:2281  第56章:2655  第57章:3172  第58章:3172  第59章:5007  第60章:3741
          第61章:3454  第62章:1920  第63章:3803  第64章:2269  第65章:2746  第66章:2674
          第67章:3154  第68章:2342  第69章:3279  第70章:2289  第71章:3857  第72章:3217
          第73章:3213  第74章:2259  第75章:1914  第76章:2066  第77章:4297  第78章:5535
          第79章:2323  第80章:3276  第81章:3857  第82章:3333  第83章:3640  第84章:2408
          第85章:7431  第86章:3439  第87章:3328  第88章:3540  第89章:3116  第90章:3624
          第91章:3743  第92章:3065  第93章:3135  第94章:3254  第95章:6121  第96章:3402
          第97章:3057  第98章:2756  第99章:2187  第100章:2107  第101章:4640  第102章:2107
          第103章:2210  第104章:2462  第105章:3736  第106章:5172  第107章:2356  第108章:2460

03:06:14  分手后被直女青梅攻略了 (栖暖夏) [完结]  112p→84章  977KB  OK
          https://www.52shuku.net/gl/12_b/bkdAh.html
          第1章 重逢:3050  第2章 算账:3241  第3章 宠物:2684  第4章 恨死你了:2752  第5章 表白信（回忆）:3807  第6章 表白信是陶然给的:2089
          第7章 陶然暗恋你有段时间了:2254  第8章 你和她关系很好？:1954  第9章 生日礼物:2161  第10章 为了她留在国内:2263  第11章 你太依赖她了:2414  第12章 偷亲:2299
          第13章 左闲生病:2306  第14章 你好可爱:2220  第15章 她的感情:2310  第16章 圣诞派对:2023  第17章 她很面熟:2146  第18章 会表白吗:2190
          第19章 陶然出国:2616  第20章 情窦初开:2616  第21章 电影资源:2136  第22章 直女撩人:2285  第23章 江于海:1922  第24章 陶家私生:2211
          第25章 虚伪的父亲:2433  第26章 学做“手工活”:2471  第27章 有喜欢的人了？:4355  第28章 不该对陶然发脾气:3972  第29章 陶然回国:3840  第30章 吻:3412
          第31章 网恋:2739  第32章 不睡，等你:3131  第33章 小女朋友:2934  第34章 早恋被抓:6118  第35章 同人文:6118  第36章 教室里的吻:6997
          第37章 像是在调情:6053  第38章 帮换衣服:6329  第39章 她来不及了:6075  第40章 决裂（结束）:6352  第41章 年纪大会疼人:6550  第42章 我很恨你:6118
          第43章 请小陶总吃饭:6275  第44章 前女友:6273  第45章 是妹妹？:6229  第46章 替她出头:6026  第47章 腕表下的疤:6054  第48章 亲了:6210
          第49章 成年人的邀请:6023  第50章 你能逃到哪里去？:6211  第51章 搭讪:6095  第52章 吻就吻了，你要怎样:6495  第53章 不愿意继续吗:6182  第54章 不要她，要谁？:6049
          第55章 上楼坐坐:3919  第56章 不速之客:4010  第57章 改天吧:3912  第58章 补偿:3649  第59章 又是你:3559  第60章 挑衅:3398
          第61章 嘘:3815  第62章 陶总的心肝宝贝:4159  第63章 一起去选礼物:3167  第64章 她会心疼:4493  第65章 可以在我的怀里哭:3199  第66章 设计师程皎:3072
          第67章 介绍女朋友:3414  第68章 终于说出来了:3404  第69章 馋了:3153  第70章 小陶总学得好快:3118  第71章 舆论风暴:3414  第72章 解决:3148
          第73章 见家长:3320  第74章 我们在恋爱:3148  第75章 可爱的小妹妹谁不喜欢:3357  第76章 解释吧:3242  第77章 难姐难妹:3297  第78章 打起来了:3654
          第79章 到家了喊你:3409  第80章 女朋友:3469  第81章 你真的以为那是意外？:3654  第82章 手牵那么紧:3483  第83章 挺好:3141  第84章 完结:3140

03:07:00  被钓系女鬼强取豪夺了 (栖暖夏) [完结]  126p→111章  1093KB  OK
          https://www.52shuku.net/gl/12_b/bkdAg.html
          第1章 不小心把女鬼带回家了:3420  第2章 跑也跑不掉:3449  第3章 喝中药没用:3500  第4章 都是幻觉:3118  第5章 找人抓我呢？:3325  第6章 我非得死吗:3116
          第7章 求我放过你啊:3031  第8章 鬼就是折磨人的:3422  第9章 再探状元府:4382  第10章 滚到我怀里:3148  第11章 狐假虎威:3067  第12章 强制爱:3077
          第13章 莫名其妙生气:3104  第14章 非要拥抱吗:3320  第15章 当孩子哄:3163  第16章 不重要的人死了:3197  第17章 回老家:2181  第18章 你舍得？:2092
          第19章 生性恶劣:2092  第20章 买新衣:2220  第21章 最喜欢你了:2348  第22章 孝顺:2041  第23章 想我了？:2167  第24章 鬼压床:2006
          第25章 咬耳朵:2217  第26章 不理人:1883  第27章 占有欲:2282  第28章 放狠话:2592  第29章 我想和你谈谈:2176  第30章 忍着:1594
          第31章 抱得那么紧:2260  第32章 放心:2235  第33章 你送的衣裳，你来穿:2623  第34章 是你干的吗:2500  第35章 你应该叫徐霜降啊:2416  第36章 拌嘴:1956
          第37章 你躲着我:1983  第38章 不许接受:2228  第39章 你认得前世的我对不对:2566  第40章 牙印:2066  第41章 好软:1759  第42章 傻笑:2243
          第43章 臭拉拉:2335  第44章 不怕鬼:2295  第45章 去床上也行:3469  第46章 差一点的吻:3231  第47章 不可以哦:3646  第48章 再咬一口:3403
          第49章 夜谈:3231  第50章 我害怕:3300  第51章 发烧:5364  第52章 送你去轮回:3192  第53章 受伤:4017  第54章 告状:3975
          第55章 暗恋:4017  第56章 好女鬼，好喜欢:3532  第57章 胳膊肘往外拐:3496  第58章 眼泪:3802  第59章 跟鬼似的:3674  第60章 安全感:3277
          第61章 围读剧本:3849  第62章 她喝醉了:3456  第63章 做梦都亲不到:3347  第64章 拐走人质:3665  第65章 求你别出事:3736  第66章 藏起来:3203
          第67章 是喜欢你:3468  第68章 满脑子废料:3306  第69章 心乱了吗:3600  第70章 我们试试:3404  第71章 我有女朋友:3657  第72章 恋人:3350
          第73章 吻痕:2899  第74章 你跟女鬼谈恋爱:2357  第75章 别说我不爱听的话:3469  第76章 喜欢腹肌，还是我？:4622  第77章 陪你练:3480  第78章 你们什么关系？:3957
          第79章 朋友会这么对你吗？:3594  第80章 你想占有我:4750  第81章 让她消失:3620  第82章 想照顾你:3346  第83章 是不想，还是不敢:4805  第84章 醋味好浓:4709
          第85章 鸠占鹊巢:4359  第86章 宝贝:4359  第87章 你眼里还有我吗:4042  第88章 想要你的温度:2453  第89章 完美计划:3663  第90章 好乖:4055
          第91章 赵年槐回国:3607  第92章 真恨不得杀了你:3607  第93章 快爱上我吧！（副cp）:3524  第94章 不想看到你:4104  第95章 住院:3256  第96章 独自生活:3662
          第97章 偷偷照顾:3385  第98章 我以为我再也见不到你:3223  第99章 对你负责:4989  第100章 不会放过我自己:3643  第101章 你也骗我:4964  第102章 我本来就离不开你:3357
          第103章 不要再对我说气话:3574  第104章 被封印:3928  第105章 再回菱州:3147  第106章 徐阅微已死:3292  第107章 探前世:2428  第108章 前世（1）:5281
          第109章 前世（2）:3462  第110章 肯定是心疼我:2989  第111章 除夕（完结）:3795

03:07:47  山青花欲燃 (洛阳bibi) [完结]  122p→93章  1042KB  OK
          https://www.52shuku.net/gl/12_b/bkdAf.html
          第1章 我装的:3245  第2章 郁燃:3261  第3章 不好相处:3335  第4章 世界太小:3509  第5章 秘密:3109  第6章 不太方便:2534
          第7章 Y:3334  第8章 社交浓度:2313  第9章 我也是:3199  第10章 关系:2740  第11章 是你先:2203  第12章 重要讲话:2453
          第13章 头像:2518  第14章 是我:2518  第15章 见一面:2282  第16章 换换:4035  第17章 玩笑:3401  第18章 突然冷淡:3213
          第19章 难过:3048  第20章 区别对待:2285  第21章 冬芒酸奶昔:3305  第22章 是我:8896  第23章 一些苗头:3323  第24章 坏女人（营养液4k加更）:3113
          第25章 你是直女:4025  第26章 “恒馨”深水加更:6259  第27章 小星星:2978  第28章 路过（营养液5k加更）:3334  第29章 不舒服:3356  第30章 26个字母（评论2k加更）:6604
          第31章 五二零:3611  第32章 “恒馨”深水加更:6247  第33章 惯犯:3563  第34章 朋友而已:3547  第35章 “阿熠”深水加更:3546  第36章 我有洁癖:3625
          第37章 是谁啊:3290  第38章 “好想放假”深水加更:6352  第39章 应该会:3285  第40章 你好性感（营养液6k加更）:3595  第41章 万一:3298  第42章 “恒馨”深水加更:6295
          第43章 忍不了:3241  第44章 用一个:3337  第45章 同一片猎场:3354  第46章 有机会:3243  第47章 食言了:3210  第48章 爱:3302
          第49章 让你咬:3214  第50章 要人:3271  第51章 分开一点:3366  第52章 “春日青”深水加更:6569  第53章 “一”深水加更:6659  第54章 先亲一会儿:3627
          第55章 就来:3311  第56章 点歌:3254  第57章 被告:3644  第58章 “阿熠”深水加更:6356  第59章 故地重游:3213  第60章 似曾相识:3413
          第61章 “阿熠”深水加更:6243  第62章 巧合:3343  第63章 两杯:3632  第64章 不过分:3242  第65章 我和你:4239  第66章 “好想放假”深水加更:3691
          第67章 分手吧:3324  第68章 讨好我:4577  第69章 咬人:3610  第70章 践行:3533  第71章 京城见:3374  第72章 欢迎仪式:4593
          第73章 前女友:3223  第74章 不方便吗:3628  第75章 反骨:3310  第76章 只是见过:3267  第77章 尖锐的刺:3556  第78章 boom:4023
          第79章 到了吗:3276  第80章 互不干扰:3876  第81章 雪糕2.0:3275  第82章 不是我:3356  第83章 人间百态:3761  第84章 来者是客:4001
          第85章 信号:3577  第86章 是什么:3582  第87章 更爱:3595  第88章 我们回京城:2550  第89章 哭哭啼啼:4043  第90章 重新在一起:3079
          第91章 她说我装:2230  第92章 我也是:3605  第93章 好慢·正文完:3545

03:08:05  退伍种田后标记了大小姐 (闻柑) [完结]  47p→41章  413KB  OK
          https://www.52shuku.net/gl/12_b/bkdAe.html
          第1章 作话:80  第2章:3188  第3章:3206  第4章:4189  第5章:3097  第6章:3285
          第7章:3197  第8章:3113  第9章:3138  第10章:4068  第11章:3065  第12章:2061
          第13章:2739  第14章:1658  第15章:3073  第16章:3131  第17章:2019  第18章:2548
          第19章:2583  第20章:2089  第21章:2860  第22章:2089  第23章:11761  第24章:4146
          第25章:4257  第26章:4254  第27章:4212  第28章:4139  第29章:3576  第30章:3104
          第31章:4376  第32章:3237  第33章:3148  第34章:3301  第35章:3594  第36章:3301
          第37章:3071  第38章:3352  第39章:3151  第40章:3352  第41章 完结:4236

03:08:46  她的好妹妹 (洛阳bibi) [完结]  110p→99章  965KB  OK
          https://www.52shuku.net/gl/12_b/bkdAd.html
          第1章 资助:5082  第2章 济大:2464  第3章 履诺:2188  第4章 嘉水:4659  第5章 庆祝:2338  第6章 晚餐:3322
          第7章 七夕:2745  第8章 枯萎:2126  第9章 开学:2841  第10章 闻姝:2700  第11章 端倪:2117  第12章 人类:2390
          第13章 回家:2708  第14章 雨夜:2138  第15章 萌芽:2035  第16章 回避:2316  第17章 怀春:2037  第18章 心思:3718
          第19章 礼物:2292  第20章 靠近:2788  第21章 拉拉:2604  第22章 撞破:4012  第23章 妄念:7523  第24章 嫉妒:3625
          第25章 平等:3189  第26章 送行:3628  第27章 煎熬:3388  第28章 惊喜:3555  第29章 饺子:3670  第30章 除夕:3263
          第31章 隐忍:3242  第32章 别扭:3181  第33章 套话:3170  第34章 诱供:3189  第35章 没好:3212  第36章 出游:3270
          第37章 影子:3179  第38章 钓鱼:3185  第39章 疏远:3201  第40章 虚幻:3173  第41章 实习:3250  第42章 异常:3186
          第43章 顺从:3219  第44章 醉鬼:3184  第45章 古董:3255  第46章 微妙:3255  第47章 萌芽:3505  第48章 试试:3185
          第49章 拉吧:3297  第50章 抓人:3178  第51章 做梦:3178  第52章 想起:3545  第53章 出差:3005  第54章 羁绊:3548
          第55章 困住:2204  第56章 默许:3226  第57章 表白:3171  第58章 知道:3183  第59章 所图:3198  第60章 深入:2269
          第61章 刚刚:3183  第62章 引子:3526  第63章 惊醒:2289  第64章 乌龟:3715  第65章 愿望:3227  第66章 决定:3100
          第67章 爱哭:4194  第68章 清醒:3266  第69章 看错:2903  第70章 不想:3208  第71章 变动:3018  第72章 不熟:3539
          第73章 聚餐:3845  第74章 后悔:3036  第75章 别扭:3518  第76章 亲戚:3320  第77章 新车:3237  第78章 故意:3199
          第79章 触角:3261  第80章 破碎:4620  第81章 交代:3219  第82章 隐秘:3039  第83章 我怕:3559  第84章 军师:3195
          第85章 换人:2634  第86章 装病:3376  第87章 不够:3007  第88章 加码:3007  第89章 落空:3170  第90章 对等:3361
          第91章 吃醋:3362  第92章 逮人:3569  第93章 碎片:3982  第94章 私心:3172  第95章 不要:2231  第96章 记得:3261
          第97章 要你:3701  第98章 生气:3197  第99章 正文完结:3841

03:09:11  标记的姐姐是生日礼物 (闻柑) [完结]  63p→53章  552KB  OK
          https://www.52shuku.net/gl/12_b/bkdAc.html
          第1章 把姐姐拆吃入腹:4385  第2章 谁让你洗的？:3203  第3章 熟能生巧，再接再厉。:3324  第4章 能吃巧克力的狗:3347  第5章 奖励你？:3049  第6章 你都是这样度过每一天的？:3156
          第7章 形容的不像姐妹，像谈恋爱……:3079  第8章 我晚上去家里找你？:3183  第9章 哪个妹妹不疼姐姐:2117  第10章 姐，好凉:1899  第11章 爬到她背上:3159  第12章 剜腺体:2598
          第13章 觊觎这一个:2598  第14章 姐妹情深:1917  第15章 想和姐姐住一起:2102  第16章 报答的方式:2925  第17章 吻姐姐:3086  第18章 喜欢你的信息素:2256
          第19章 有姐姐真好:2024  第20章 给嘴长点记性:2112  第21章 种草莓:1714  第22章 不想离开你:10283  第23章 姐，你酸了:4120  第24章 诺诺是我姐的孩子吗:4224
          第25章 她已经跪下:4008  第26章 真迷恋:4250  第27章 这里弄脏了:4585  第28章 求你帮我:4261  第29章 姐妹关系:3530  第30章 归宿:4418
          第31章 相亲相爱一家人:6500  第32章 对不起:4492  第33章 抹药:4182  第34章 摄像头藏得很好:4226  第35章 失策了:3153  第36章 忘记呼吸:3455
          第37章 喜欢:3075  第38章 喝:4379  第39章 记仇中:3473  第40章 不想要女朋友:3304  第41章 憋尿:3348  第42章 亲爱的马桶:3693
          第43章 好闺女:3174  第44章 河豚:3115  第45章 坦白:3045  第46章 负责:3060  第47章 磕磕碰碰:3241  第48章 睡错了:3185
          第49章 一物降一物:3245  第50章 止疼:3422  第51章 恋物癖:3116  第52章 闭嘴:3166  第53章 一直都爱着她:3265

03:09:51  误撩豪门隐藏大佬后 (卿倚梁幔) [完结+番外]  106p→80章  905KB  OK
          https://www.52shuku.net/gl/12_b/bkdAb.html
          第1章:3347  第2章:3638  第3章:3459  第4章:3228  第5章:3068  第6章:3095
          第7章:3243  第8章:3145  第9章:3154  第10章:3174  第11章:3214  第12章:3205
          第13章:3202  第14章:3198  第15章:3177  第16章:3176  第17章:3133  第18章:3186
          第19章:3154  第20章:3219  第21章:3254  第22章:3221  第23章:3976  第24章:4108
          第25章:4190  第26章:3690  第27章:3905  第28章:3598  第29章:3951  第30章:4204
          第31章:3744  第32章:3903  第33章:3363  第34章:3594  第35章:3607  第36章:3922
          第37章:3893  第38章:4234  第39章:4194  第40章:3760  第41章:4556  第42章:3728
          第43章:3750  第44章:3656  第45章:3610  第46章:4720  第47章:4239  第48章:3660
          第49章:4030  第50章:4576  第51章:4213  第52章:3667  第53章:3558  第54章:3877
          第55章:3628  第56章:3208  第57章:3639  第58章:4206  第59章:3940  第60章:4319
          第61章:4241  第62章:3293  第63章:4394  第64章:4289  第65章:4287  第66章:4544
          第67章:3943  第68章:3987  第69章:3630  第70章:4225  第71章:3568  第72章:3906
          第73章:3603  第74章:3891  第75章:3575  第76章:3633  第77章:4915  第78章:4254
          第79章:5726  第80章:1814

03:11:26  选秀diss清冷O后 (呜咚面) [完结]  255p→167章  2214KB  OK
          https://www.52shuku.net/gl/11_b/bkd8R.html
          第1章 被绑定了:3124  第2章 先来后到:3190  第3章 她的舞台:3085  第4章 交换姓名:3086  第5章 任务完成:3059  第6章 再次见她:3085
          第7章 气氛升温:3114  第8章 特殊规定:3041  第9章 扪心自问:3066  第10章 再次复发:3028  第11章 难得温良:2323  第12章 太难澄清:2254
          第13章 逐渐脱敏:2213  第14章 初次考核:2242  第15章 同甘共苦:2346  第16章 太命苦了:2204  第17章 评级上升:2228  第18章 全新环境:2104
          第19章 温香软玉:2230  第20章 沉沦旖旎:2160  第21章 赏心悦目:2148  第22章 任情恣意:2217  第23章 人间芭乐:2255  第24章 舞台录制:2350
          第25章 物归原主:2263  第26章 纵有私心:2285  第27章 某只小猫:2364  第28章 心猿意马:2322  第29章 一见钟情:2401  第30章 占有作祟:2487
          第31章 一公选曲（入V三合一）:12386  第32章 明贬实褒:6638  第33章 关心则乱:6595  第34章 好难骗啊:6645  第35章 非分之想:6527  第36章 鲜浓欲滴:6501
          第37章 细细流连:6616  第38章 一公演出:6617  第39章 不问缘由:6699  第40章 一公结束:6568  第41章 出门约会:6503  第42章 二公选曲:6621
          第43章 一语成谶:6845  第44章 被害妄想:6425  第45章 恨屋及乌:6585  第46章 十指相扣:6551  第47章 梦境残余:6522  第48章 心有灵犀:6684
          第49章 临时标记:6764  第50章 情意绵绵:6733  第51章 持续疼痛:6414  第52章 专属称呼:6910  第53章 银瓶乍破:6796  第54章 缠绵缱绻:7484
          第55章 秘密缘何:6440  第56章 虎狼之词:6706  第57章 心软撒娇:6552  第58章 心存妄念:6645  第59章 情愿陪同:6479  第60章 双人组队:6889
          第61章 小猫说话:6778  第62章 潜滋暗长:6447  第63章 送你礼物:6581  第64章 非我不可:6740  第65章 肆意张扬:6478  第66章 摸摸耳朵:6537
          第67章 绵长转圜:6431  第68章 就是不乖:6175  第69章 潜移默化:5931  第70章 随机抽查:3265  第71章 我们走吧:6287  第72章 音清如泉:3425
          第73章 妻妻对拜:3484  第74章 我故意的:4352  第75章 暗通款曲:4414  第76章 心乱羞赧:4422  第77章 再次标记:6513  第78章 正合她意:4998
          第79章 空白褶皱:4395  第80章 十指紧扣:4414  第81章 凭空消失:4395  第82章 证据到手:4814  第83章 同仇敌忾:4379  第84章 名次晋升:5580
          第85章 独处空间:4599  第86章 最终答案:3470  第87章 唯一原则:4515  第88章 狐耳泠泠:3736  第89章 她妻管严:4408  第90章 互相诓骗:4369
          第91章 见怪不怪:4364  第92章 心急如焚:3336  第93章 直播事故:6601  第94章 直播于世:4703  第95章 演技爆发:5272  第96章 呼之欲出:6600
          第97章 首次接吻:4403  第98章 华丽隆重:5206  第99章 决赛演出:5556  第100章 成功出道:4496  第101章 赛后聚餐:4369  第102章 下次还亲:4535
          第103章 全新旅程:4462  第104章 搬入新家:4377  第105章 坏心渐起:4627  第106章 先见之明:3406  第107章 二人世界:3383  第108章 礼尚往来:4401
          第109章 抓心挠肝:4351  第110章 谈情说爱:3514  第111章 双喜临门:3362  第112章 言下之意:3421  第113章 双双愣住:3382  第114章 干脆坦然:3345
          第115章 摸摸大腿:3534  第116章 彼此爱人:3656  第117章 缎面睡裙:4045  第118章 照单全收:3528  第119章 打情骂俏:3417  第120章 任务进行:3422
          第121章 私人礼物:3361  第122章 落荒而逃:4801  第123章 在试衣间:4851  第124章 自欺欺人:4546  第125章 温泉山庄:4659  第126章 先抱一下:4400
          第127章 风卷残云:3539  第128章 一点甜头:3537  第129章 同住一屋:5113  第130章 全新认知:4476  第131章 共沐温泉:4337  第132章 权限查询:3335
          第133章 推回原点:3345  第134章 旁观者清:3318  第135章 语音助手:3751  第136章 主动任务:3386  第137章 不可分割:3534  第138章 池泠回忆:3308
          第139章 福至心灵:3857  第140章 显而易见:3379  第141章 不务正业:3435  第142章 转程下站:3426  第143章 讨价还价:3357  第144章 满心满眼:4035
          第145章 美丽冻人:4031  第146章 正式告白:3628  第147章 告白之后:3297  第148章 结发妻妻:3338  第149章 如愿以偿:3305  第150章 孤注一掷:3775
          第151章 关键达成:3636  第152章 解绑之前:3326  第153章 启动解绑:3395  第154章 喜极而泣:3394  第155章 冬去春来:3735  第156章 签订协议:3344
          第157章 为时尚早:3506  第158章 部分结果:3372  第159章 再来一遍:3344  第160章 一唱一和:3333  第161章 绵绵缱绻:3275  第162章 打下标记:3413
          第163章 一如往昔:3674  第164章 无奖竞猜:3277  第165章 成功解约:3795  第166章 和我约会:4070  第167章 冰消雪融:3914

03:12:30  短命炮灰又被阴湿怪物缠上了[快穿] (懒眠) [完结]  174p→111章  1557KB  OK
          https://www.52shuku.net/gl/11_b/bkd8P.html
          第1章:3647  第2章:3799  第3章:2910  第4章:2104  第5章:2873  第6章:3301
          第7章:6478  第8章:3955  第9章:2761  第10章:3709  第11章:3161  第12章:3141
          第13章:3174  第14章:3083  第15章:3643  第16章:2746  第17章:3666  第18章:3363
          第19章:3038  第20章:4327  第21章:9017  第22章:7918  第23章:7036  第24章:6497
          第25章:5491  第26章:7071  第27章:6890  第28章:3917  第29章:3464  第30章:7410
          第31章:6520  第32章:5579  第33章:4897  第34章:4164  第35章:3542  第36章:3475
          第37章:7643  第38章:6694  第39章:4225  第40章:3515  第41章:3208  第42章:3621
          第43章:5652  第44章:4330  第45章:5297  第46章:5442  第47章:3488  第48章:4400
          第49章:2699  第50章:4457  第51章:5547  第52章:6251  第53章:4198  第54章:3626
          第55章:3254  第56章:3717  第57章:4031  第58章:3687  第59章:3995  第60章:3087
          第61章:3257  第62章:4217  第63章:3733  第64章:3542  第65章:5487  第66章:3248
          第67章:3359  第68章:2613  第69章:4197  第70章:3694  第71章:3793  第72章:2954
          第73章:4771  第74章:4204  第75章:6372  第76章:6686  第77章:3312  第78章:2398
          第79章:4225  第80章:3645  第81章:4019  第82章:10421  第83章:3379  第84章:4756
          第85章:6514  第86章:5787  第87章:4121  第88章:7400  第89章:9843  第90章:3921
          第91章:3303  第92章:7536  第93章:4902  第94章:4514  第95章:4183  第96章:3052
          第97章:4030  第98章:8716  第99章:3460  第100章:9433  第101章:2862  第102章:2525
          第103章:2862  第104章:6243  第105章:5148  第106章:6157  第107章:2781  第108章:3262
          第109章:10967  第110章:5292  第111章:10738

03:13:14  傲娇大小姐的痴女赘A (懒尸) [完结]  119p→76章  1059KB  OK
          https://www.52shuku.net/gl/10_b/bkd8w.html
          第1章 出手相救:4781  第2章 结婚:4055  第3章 未婚妻:3836  第4章 犟种:2077  第5章 小白脸:1354  第6章 辞职:3362
          第7章 师娘？:3503  第8章 同居:2888  第9章 研究所:3503  第10章 真正的目的（上）:1438  第11章 真正的目的（下）:2437  第12章 哄员工:3400
          第13章 冲突外派:3285  第14章 信息素（上）:1462  第15章 信息素（下）:1417  第16章 商议（上）:1894  第17章 商议（下）:1740  第18章 软饭A(上）:1890
          第19章 软饭A（下）:1473  第20章 监狱行:3029  第21章 进监狱:3029  第22章 重刑犯（上）:1829  第23章 重刑犯（下）:1285  第24章 计划推后:3681
          第25章 AO要战斗！（入v章三合一）:3681  第26章 必须死:3327  第27章 死了:3870  第28章 搜救:3423  第29章 求婚:3341  第30章 回家喽:3899
          第31章 决定:3530  第32章 拍卖会:4123  第33章 假性发情:3293  第34章 化身为猫:3985  第35章 化身警犬:3660  第36章 地下拳赛:3985
          第37章 引导发情:3064  第38章 临时标记:3238  第39章 洁癖大爆发:3539  第40章 同床共枕:3663  第41章 依赖期:3226  第42章 匹配度+冷战吗？:6866
          第43章 狡猾的笨蛋:7272  第44章 谁的病因:6914  第45章 差点什么:6064  第46章 钱、权:6895  第47章 故人在晚宴:6617  第48章 新婚夜讲往事:10063
          第49章 能追吗？:6908  第50章 出事了:6716  第51章 继承人:6323  第52章 有人惨喽:6582  第53章 见面喽:6048  第54章 谁在喂饭:6261
          第55章 照片的延续:6261  第56章 什么味道:6268  第57章 考察和计划:6185  第58章 苗头:6721  第59章 是诅咒吗:6866  第60章 易感期:6042
          第61章 事后日常:6527  第62章 盟友入场:6534  第63章 节日前的准备:6128  第64章 过圣诞呢:6380  第65章 是妈妈呀:6534  第66章 跨年夜:6224
          第67章 新消息:6122  第68章 死而复生:6317  第69章 终生标记:6116  第70章 谁不见了:6246  第71章 “自投罗网”:6084  第72章 死而复生的秘密:6875
          第73章 不顾一切的疯子:6197  第74章 落马:6527  第75章 亲人来喽:6527  第76章 大合照（正文完）:6470

03:13:45  过界关系 (林欺) [完结+番外]  77p→78章  687KB  OK
          https://www.52shuku.net/gl/09_b/bkd7e.html
          第1章 干预她的人生。:4629  第2章 我习惯于叫她顾老师。:3342  第3章 飞走的小鸟。:3264  第4章 去见她。:3005  第5章 你从未抱过我。:3001  第6章 铜钟。:2995
          第7章 “先和我住吧。”:3004  第8章 趋光的小飞虫。:3004  第9章 二十分钟后见。:3086  第10章 汽水会冒泡。:3022  第11章 “你和我一起睡。”:3018  第12章 熙熙的心事。:3014
          第13章 心疼她。:3070  第14章 “你别不要我。”:3005  第15章 你会跟她走吗？:2328  第16章 被颠倒的生活。:2450  第17章 喝一点酒应该没逝吧。:2305  第18章 怎么有三个沈言川？:2471
          第19章 沈言川是小猫。:2443  第20章 喝醉以后亲了自己的学生怎么办？:2013  第21章 如果那个吻是真的…:2483  第22章 你们居然……?:2067  第23章 麦当当之出锅薯条。:2085  第24章 爆米花被她拿走了QAQ:2738
          第25章 一场默许。:2107  第26章 纷沓而来的吻。:2319  第27章 爱我，别走。:9353  第28章 酸酸的妹宝。:3365  第29章 顾老师的精神胜利法。:3113  第30章 小猫蹭蹭。:3211
          第31章 真把她当作小孩子了吗？:3046  第32章 无法融进的幸福。:3171  第33章 再给她多一些目光。:3292  第34章 又一个失去理智的夜晚。:3019  第35章 “把衣服穿好。”:3323  第36章 那封离别的信。:3233
          第37章 “生日快乐。”:3001  第38章 我会感到罪恶。:3093  第39章 恍如隔世。:3004  第40章 丢弃她的神志。:3114  第41章 今晚留下来吧。:3321  第42章 帮她洗澡。:3221
          第43章 主动吻她。:3285  第44章 她跑不走的。:3004  第45章 橙子味的她。:3196  第46章 想尝一尝奶油——:3069  第47章 被炙烤过的真心。:3109  第48章 今晚会发生点什么？:3034
          第49章 给予她极致的快乐。:3013  第50章 青涩的爱恋。:2998  第51章 母爱泛滥。:3042  第52章 弥补她缺失的母爱。:3013  第53章 偷晴被发现。:2962  第54章 黑洞。:3087
          第55章 浓烈的爱意。:2998  第56章 安抚作用。:2978  第57章 “我愿意陪你探索任何事情。”:2757  第58章 残酷的快乐刑罚。:4225  第59章 漂泊不定的未来。:3035  第60章 顾老师是在训她吗？:2991
          第61章 泥石流般的爱。:2245  第62章 脆弱。:1989  第63章 不许用牙齿咬。:2427  第64章 小猫舔舔。:3365  第65章 她们是真心相爱的伴侣。:3138  第66章 忙着谈恋爱。:3200
          第67章 来不及了:1225  第68章 她抱住了全世界。:2981  第69章 轻吻。:2179  第70章 浴室。:2198  第71章 乱成一锅粥了。:1979  第72章 明天会是很好的一天。:2003
          第73章 香酥鸡翅。:1669  第74章 大胆的假设。:1861  第75章 祝福。:1908  第76章 接纳。:1865  第77章 正文完结。:2397  第78章 福利番外·1 除夕前奏。:2227

03:14:16  陌生人给的仙丹不能随便吃哦 (木鱼光光) [完结]  80p→76章  713KB  OK
          https://www.52shuku.net/gl/09_b/bkd6U.html
          第1章:3503  第2章:3013  第3章:3106  第4章:3121  第5章:3016  第6章:2828
          第7章:3822  第8章:3358  第9章:2671  第10章:3270  第11章:2565  第12章:3688
          第13章:3647  第14章:2017  第15章:2514  第16章:1958  第17章:2190  第18章:2118
          第19章:2037  第20章:2174  第21章:3319  第22章:3137  第23章:3295  第24章:3224
          第25章:3071  第26章:3217  第27章:3258  第28章:3147  第29章:3104  第30章:3083
          第31章:3147  第32章:3195  第33章:3194  第34章:3169  第35章:3195  第36章:3073
          第37章:3266  第38章:3043  第39章:3220  第40章:3109  第41章:3254  第42章:3157
          第43章:3135  第44章:3285  第45章:3078  第46章:3240  第47章:3012  第48章:3177
          第49章:3242  第50章:3207  第51章:3081  第52章:3187  第53章:3370  第54章:3614
          第55章:3030  第56章:3061  第57章:3352  第58章:3046  第59章:3214  第60章:3282
          第61章:3044  第62章:3184  第63章:3162  第64章:3149  第65章:3018  第66章:3132
          第67章:3121  第68章:3087  第69章:3035  第70章:3392  第71章:3137  第72章:3255
          第73章:3436  第74章:3050  第75章:3100  第76章:3761

03:14:54  直女影后总爱撩我 (墨鱼沅汐) [完结]  98p→75章  910KB  OK
          https://www.52shuku.net/gl/09_b/bkd6T.html
          第1章 姐姐，我爱你~:3720  第2章 好可爱的女孩~:3215  第3章 可爱的小粉丝:3718  第4章 像脸蛋一样甜:3569  第5章 送早餐的小天使:3664  第6章 借戏亲亲:3735
          第7章 姐姐的鼓励:4462  第8章 我要姐姐的吻~:3298  第9章 争执:3495  第10章 介不介意跟我一起睡:3756  第11章 无意撩拨:3167  第12章 为什么亲我:3351
          第13章 舆论风波:3241  第14章 姐姐~我香不香~:3671  第15章 姐姐主动亲她~:4176  第16章 破碎的结婚纪念日:5826  第17章 可爱的勾引:4052  第18章 叫妈妈~:3058
          第19章 被破坏的约会:3082  第20章 我的肩膀借给你:3335  第21章 事关终身幸福:3205  第22章 这么在意我~:3390  第23章 姐姐的吻有魔力:3676  第24章 我有魔法~:3090
          第25章 你比猫猫更可爱:3154  第26章 你是不是喜欢女人:3043  第27章 泪吻:3611  第28章 试探:3228  第29章 个人演唱会:3475  第30章 她可爱、优秀、率真…:3357
          第31章 酒会相逢:3085  第32章 你对我来说很重要:3405  第33章 感受心跳:3306  第34章 酒局:3101  第35章 我跟姐姐和好啦~:3426  第36章 姐姐亲到开心为止~:3412
          第37章 好舒服，还想亲:3888  第38章 不会让其他人欺负姐姐:5078  第39章 比情侣更亲密~:3061  第40章 我才没有哭鼻子:3322  第41章 声名狼藉:3924  第42章 你看不出来她爱你吗:3524
          第43章 占有欲:3855  第44章 隔阂:3607  第45章 很会吻:3056  第46章 你不想追苏钰了？:3645  第47章 想一直跟你在一起:4633  第48章 姐姐怎么伸舌头啊~:10330
          第49章 告白:2987  第50章 是不是答应跟我交往了呀？:3866  第51章 是她做错了吗:7510  第52章 我以后不会缠着你:4371  第53章 睡了我就要跑啊~:4158  第54章 种呀种呀种草莓:5742
          第55章 我可是猛1~:6812  第56章 姐姐根本就不在乎我:3628  第57章 无理取闹:4410  第58章 为爱让步:4652  第59章 原来你一直在骗我:4513  第60章 不完美也是我的小丫头~:3138
          第61章 爱意沟通:3339  第62章 沉浸在甜蜜中~:3248  第63章 酒吧游戏:4673  第64章 好软好可爱:4448  第65章 搬弄是非:4158  第66章 就要跟苏钰在一起:4170
          第67章 爱意测试:4000  第68章 亲昵:有没有很想我~:4635  第69章 两个女孩子在一起很好:5507  第70章 家庭的温馨:5736  第71章 我真的爱你:4763  第72章 我跟她不合适:5694
          第73章 电梯私语:3028  第74章 我喂你~:5055  第75章 我亲爱的老婆~:7941

03:15:51  她的欲望 (观然) [完结]  106p→90章  857KB  OK
          https://www.52shuku.net/gl/09_b/bkd6S.html
          第1章 金主和金丝雀:3185  第2章 第一次和第二次:3205  第3章 她的身份:3811  第4章 你介意吗:3068  第5章 彻夜未眠的事:3241  第6章 我知道了:3053
          第7章 国王的情人:3172  第8章 时间的长度:3016  第9章 忽上忽下:3056  第10章 你也是个俗人:3083  第11章 挺漂亮的:3089  第12章 宝贝:3094
          第13章 通过了:3151  第14章 回家吗:3057  第15章 里程碑式进展:3073  第16章 只谈欲望:3073  第17章 不会回来:3065  第18章 0527:3082
          第19章 惊喜:3084  第20章 第七顺位:3198  第21章 随时造访的特权:3038  第22章 我会想念你:3406  第23章 生日:3026  第24章 好多星星:3231
          第25章 也是约会:3258  第26章 玻璃栈道:3302  第27章 短裙黑丝:3305  第28章 烟雾弹:3255  第29章 姐姐正在洗澡:3212  第30章 魔女和奶糖:3071
          第31章 珍意:3020  第32章 真假陈宁疏:3137  第33章 小小的报复:3182  第34章 很吵很闹但很可爱:3242  第35章 别让她难过:3081  第36章 她，也很了解我:3032
          第37章 我酒量很好:3018  第38章 她还是那样:3093  第39章 霖霖:3108  第40章 烟花:3127  第41章 被打断的旅行:3099  第42章 熟悉的戒指:3135
          第43章 替身:3128  第44章 我们到此为止吧:3115  第45章 坦诚的聊一聊:3136  第46章 理想型:3093  第47章 巧合:3058  第48章 一个月:3034
          第49章 存在就够了:3072  第50章 炒CP:3035  第51章 前女友:2256  第52章 恼人的事:3170  第53章 不算打扰:3091  第54章 入戏:3184
          第55章 认识许久:3060  第56章 你是不是有点喜欢她:3080  第57章 感同身受:3073  第58章 心虚吗:3084  第59章 承诺:3088  第60章 道歉的礼物:3030
          第61章 她的小脾气:3022  第62章 从校服到婚纱:3381  第63章 不想上班:3038  第64章 表姐:3202  第65章 恋爱综艺:3297  第66章 怎么可能是她呢:2852
          第67章 公开:3217  第68章 老婆:2423  第69章 国王游戏:3615  第70章 一样的密码:3088  第71章 三人约会:3226  第72章 爱的告白:3051
          第73章 粘人的小猫:3194  第74章 要不要一起遛猫:3217  第75章 不详的预感:3276  第76章 爱戴:2807  第77章 第四对情侣:3017  第78章 不可以吗？:3338
          第79章 不方便:3257  第80章 女朋友:3102  第81章 完完全全的爱:3294  第82章 抱我:3250  第83章 爱的栖息地:3530  第84章 “伟大而无私”:3219
          第85章 人生中仅此一次的:3381  第86章 息影:3186  第87章 纯金身份卡:3221  第88章 如此幸福着:3187  第89章 绚烂的烟火:3189  第90章 正文完:3240

03:16:39  金丝雀逃跑后说她不想回头 (三冘) [完结]  130p→95章  1129KB  OK
          https://www.52shuku.net/gl/09_b/bkd6R.html
          第1章 和渣初恋重逢（改）:4004  第2章 洺宝儿被欺负了:3993  第3章 岑导做*梦（改）:3400  第4章 岑导被强吻:3242  第5章 岑导，爽吗？:4268  第6章 岑导包y洺宝儿（改）:3326
          第7章 洺宝儿主动找岑导:3434  第8章 洺宝儿重当女主角:3620  第9章 岑导属性大爆发:3938  第10章 岑导生气了:4473  第11章 洺宝儿主动勾.引:3342  第12章 岑导喂酒洺宝儿喝醉讨抱:3200
          第13章 岑导和可爱小猫咪:3180  第14章 在车后座……:3527  第15章 洺宝儿委屈了:3130  第16章 岑导查岗:3326  第17章 岑导不爽:3430  第18章 岑导忍不住:3148
          第19章 岑导摔杯:4165  第20章 岑导过分了:3995  第21章 会被玩坏的:3984  第22章 岑导送猫:3107  第23章 身体变得好奇怪:3103  第24章 洺宝儿求别走:2917
          第25章 一起洗:3747  第26章 初遇回忆篇（上）:4974  第27章 初遇回忆篇（下）:6136  第28章 那天，被看见了:2398  第29章 “我来。”:5345  第30章 岑导教学:5283
          第31章 大型暖宝宝:5823  第32章 元旦小剧场:757  第33章 岑导要分手:4433  第34章 洺宝儿反抗（min）:3798  第35章 岑导写字:4116  第36章 岑导警告:3742
          第37章 我不想当人:3819  第38章 电话被挂断了:4251  第39章 我是不是非常可笑:3643  第40章 “你会想我吗？”:4265  第41章 理理我，好吗？:4130  第42章 angry:3463
          第43章 你又不是我女朋友:3159  第44章 给你的:3849  第45章 “小璇，太疼了吗？”:4472  第46章 。:4265  第47章 “你……你告诉她我被你包养了吗？:11246  第48章 “为……为什么不能说在交往？”:5061
          第49章 “就这么定喽。”:3455  第50章 杀青大吉:3932  第51章 “你是不是也舍不得我？”:4506  第52章 一切就像是梦一样:4504  第53章 再让别人沾你的身子我就弄死你。:3499  第54章 “我根本不喜欢你，我只想折磨你。”:3598
          第55章 “岑璇，你真恶心。”:7036  第56章 “不对，我才不是小狗。”:4524  第57章 我希望你天天开心。:7677  第58章 我好想你（修）:3439  第59章 “岑导。”（修）:3807  第60章 好久不见（修）:3920
          第61章 方诺洺，你是我的。:3711  第62章 “我会让你原谅我的。”:3342  第63章 我们可以加个好友:3532  第64章 “岑璇，松手。”:3535  第65章 仿佛岑璇真的只是个陌生人:4025  第66章 我不需要补偿:3745
          第67章 就是很正常的没感情了而已:3807  第68章 你在我心里一直都很特别:3406  第69章 你来玩我:3543  第70章 不如先把方诺洺哄上床:3408  第71章 逐渐被快意侵占:3460  第72章 就是我的:3429
          第73章 你是坏女人。:4056  第74章 啃噬方诺洺的薄唇:3446  第75章 血液随着快意奔腾:3712  第76章 你带我走！（小改）:11117  第77章 （一定要看作话）:5064  第78章 （作话一定要看）:5733
          第79章 卖个好价钱:2949  第80章 （看作话哦）:4595  第81章 如电流般蔓延全身:2311  第82章 我真的好想和你一起去:3712  第83章 （正文在作话）:1668  第84章 痛痛快快地zuo一次:3459
          第85章 疯狂到不顾一切:1564  第86章 她是不是一直在逼方诺洺？:3763  第87章 当年的事情:3729  第88章 （一定要看作话）:3707  第89章 我是岑璇的:4258  第90章 我们去国外结婚吧:1932
          第91章 回爱慈:1832  第92章 旧物:2302  第93章 我想要你的时间:2586  第94章 呼吸缠在一起:1430  第95章 正文完:7015

03:17:27  上将饲主的宠妻守则 (云迈) [完结]  131p→136章  1133KB  OK
          https://www.52shuku.net/gl/09_b/bkd6Q.html
          第1章:3373  第2章:3389  第3章:3347  第4章:3120  第5章:3491  第6章:3138
          第7章:3179  第8章:3502  第9章:4015  第10章:3127  第11章:3278  第12章:3296
          第13章:3544  第14章:3133  第15章:3758  第16章:3617  第17章:3824  第18章:3419
          第19章:3756  第20章:3528  第21章:3039  第22章:3158  第23章:4082  第24章:5131
          第25章:3068  第26章:3105  第27章:3170  第28章:3329  第29章:3137  第30章:3504
          第31章:3514  第32章:3176  第33章:3723  第34章:3261  第35章:3118  第36章:3091
          第37章:3160  第38章:3016  第39章:3002  第40章:3569  第41章:3544  第42章:3393
          第43章:3401  第44章:3346  第45章:3041  第46章:3982  第47章:3622  第48章:4207
          第49章:3057  第50章:3284  第51章:3174  第52章:3162  第53章:3117  第54章:3054
          第55章:3062  第56章:3199  第57章:3046  第58章:3032  第59章:3057  第60章:2007
          第61章:3060  第62章:3003  第63章:3094  第64章:3052  第65章:3191  第66章:3023
          第67章:3012  第68章:3036  第69章:3142  第70章:2477  第71章:2002  第72章:3075
          第73章:2401  第74章:2016  第75章:3013  第76章:3051  第77章:3087  第78章:1031
          第79章:3059  第80章:2180  第81章:2021  第82章:2058  第83章:2007  第84章:2100
          第85章:2104  第86章:2005  第87章:2213  第88章:2049  第89章:2208  第90章:2104
          第91章:2100  第92章:2521  第93章:2200  第94章:2014  第95章:2042  第96章:2063
          第97章:2230  第98章:2300  第99章:2412  第100章:2050  第101章:2022  第102章:2040
          第103章:2006  第104章:2167  第105章:2013  第106章:2341  第107章:2031  第108章:2075
          第109章:2043  第110章:2017  第111章:2001  第112章:2110  第113章:2014  第114章:2077
          第115章:2142  第116章:2039  第117章:2209  第118章:2044  第119章:2111  第120章:2038
          第121章:2161  第122章:2127  第123章:2045  第124章:2054  第125章:2241  第126章:2424
          第127章:2101  第128章:2409  第129章:2064  第130章:2083  第131章:2154  第132章:2103
          第133章:2335  第134章:2138  第135章:2010  第136章 终章:3022

03:17:57  总裁，我可以喜欢你吗 (一枝花繁) [完结+番外]  75p→74章  652KB  OK
          https://www.52shuku.net/gl/09_b/bkd6P.html
          第1章 第一次邂逅:3332  第2章 收付款就行:3484  第3章 送我回家吧:4657  第4章 特殊待遇:3893  第5章 撒娇:3468  第6章 腿软:3105
          第7章 在线双标:3021  第8章 相亲:3256  第9章 确认关系:2327  第10章 出气:2021  第11章 约会:2977  第12章 幼稚鬼的爱情:3068
          第13章 调节:3156  第14章 请你辞职:3260  第15章 表姐“夫”:3171  第16章 宋家家宴:3621  第17章 护妻:3399  第18章 宴会(下):2951
          第19章 领回家宠着:3223  第20章 偷.窥请买票:3050  第21章 小哭包:2949  第22章 逛街:3304  第23章 童欣:3258  第24章 拿逻辑怼人:2958
          第25章 记者招待会:3177  第26章 和解:3210  第27章 我有钱:2185  第28章 舞蹈教程:3044  第29章 睡觉:3064  第30章 早上好:3068
          第31章 下克上:3319  第32章 吃瓜现场:3187  第33章 给你打个折:3183  第34章 我们家朵朵:3197  第35章 男配？:3010  第36章 苏漠寒:2942
          第37章 千里送人头:3064  第38章 竞拍:3164  第39章 醉酒梗:2635  第40章 悔不当初:3214  第41章 水族馆:3490  第42章 奖励:1169
          第43章 蛋糕:3779  第44章 便宜女儿:3274  第45章 了解你:2618  第46章 吃醋醋:3330  第47章 掉马？:2098  第48章 真怕疼:3206
          第49章 又回来了:2521  第50章 危机化解:2982  第51章 吻:2334  第52章 送你份遗嘱:3295  第53章 一波未平:2134  第54章 竞标成功:2224
          第55章 换总裁:2090  第56章 拉拢人心:2144  第57章 合作:2105  第58章 熬夜:2156  第59章 主动出击:3299  第60章 大胜利:3467
          第61章 收拾情绪:2017  第62章 接孩子回家:2070  第63章 准备摊牌:2885  第64章 副CP:2844  第65章 收拾行李:1756  第66章 坐飞机:2062
          第67章 真掉马:2586  第68章 炫富:3108  第69章 撸猫:3376  第70章 夜晚:3225  第71章 婚前焦虑症:3025  第72章 正文完:3111
          第73章 番外:2197  第74章 表姐番外:2752

03:19:29  反派打工日常[快穿] (涂图画画) [完结+番外]  254p→154章  2263KB  OK
          https://www.52shuku.net/gl/09_b/bkd6O.html
          第1章:3118  第2章:3215  第3章:3431  第4章:3135  第5章:3593  第6章:3134
          第7章:3673  第8章:3555  第9章:3452  第10章:3041  第11章:3179  第12章:2536
          第13章:2276  第14章:2170  第15章:2328  第16章:2850  第17章:2038  第18章:2663
          第19章:2629  第20章:2486  第21章:2168  第22章:10518  第23章:6897  第24章:3216
          第25章:6226  第26章:6628  第27章:6251  第28章:6234  第29章:6241  第30章:6521
          第31章:6009  第32章:6234  第33章:6235  第34章:6518  第35章:6185  第36章:6218
          第37章:6558  第38章:6536  第39章:6886  第40章:6244  第41章:6227  第42章:6222
          第43章:3171  第44章:6191  第45章:6183  第46章:7541  第47章:6190  第48章:6513
          第49章:6215  第50章:6181  第51章:6192  第52章:6273  第53章:6257  第54章:6201
          第55章:3204  第56章:3204  第57章:6191  第58章:6245  第59章:6207  第60章:6909
          第61章:6205  第62章:6191  第63章:6192  第64章:6213  第65章:6223  第66章:6181
          第67章:6210  第68章:6212  第69章:6215  第70章:6259  第71章:6257  第72章:6269
          第73章:6208  第74章:6195  第75章:6246  第76章:6208  第77章:6579  第78章:6202
          第79章:6235  第80章:6200  第81章:6215  第82章:6210  第83章:6192  第84章:6214
          第85章:6272  第86章:6037  第87章:6213  第88章:6220  第89章:6233  第90章:6198
          第91章:6240  第92章:6236  第93章:6175  第94章:6205  第95章:6232  第96章:6282
          第97章:6217  第98章:6175  第99章:6182  第100章:6224  第101章:6186  第102章:6188
          第103章:6079  第104章:6221  第105章:6172  第106章:6217  第107章:6192  第108章:6183
          第109章:6225  第110章:6034  第111章:3028  第112章:3025  第113章:3034  第114章:3184
          第115章:3199  第116章:3173  第117章:3201  第118章:3178  第119章:3050  第120章:3015
          第121章:3031  第122章:3022  第123章:3024  第124章:3052  第125章:3018  第126章:3025
          第127章:3030  第128章:3045  第129章:3185  第130章:3185  第131章:3017  第132章:3022
          第133章:3033  第134章:3030  第135章:3026  第136章:3015  第137章:3007  第138章:3032
          第139章:8182  第140章:6225  第141章:3049  第142章:3182  第143章:3215  第144章:3185
          第145章:3021  第146章:3018  第147章:3015  第148章:3036  第149章:3178  第150章:3200
          第151章:3022  第152章:3059  第153章:2961  第154章:2560

03:21:16  自我救赎很难吗？[快穿] (涂图画画) [完结+番外]  301p→137章  2725KB  OK
          https://www.52shuku.net/gl/09_b/bkd6N.html
          第1章 世界一【1】:3581  第2章 世界一【2】:3044  第3章 世界一【3】:3248  第4章 世界一【4】:3232  第5章 世界一【5】:3159  第6章 世界一【6】:3002
          第7章 世界一【7】:3705  第8章 世界一【8】:7195  第9章 世界一【9】:2538  第10章 世界一【10】:2381  第11章 世界一【11】:2424  第12章 世界一【12】:2602
          第13章 世界一【13】:2197  第14章 世界一【14】:2476  第15章 世界一【15】:2569  第16章 世界一【16】:2205  第17章 世界一【17】:2445  第18章 世界一【18】:2643
          第19章 世界一【19】:2878  第20章 世界一【20】:2604  第21章 世界一【21】:10233  第22章 世界一【22】:6989  第23章 世界一【23】:3924  第24章 世界一【24】:5514
          第25章 世界一【25】:3271  第26章 世界一【26】:3590  第27章 世界一【27】:4515  第28章 世界一【28】:4962  第29章 世界一【29】:3935  第30章 世界一【30】:5227
          第31章 世界一【31】:3566  第32章 世界一【32】:4186  第33章 世界一【33】:3214  第34章 世界一【34】:4264  第35章 世界一【36】:3212  第36章 世界一【完】:5902
          第37章 世界二【1】:3569  第38章 世界二【2】:5899  第39章 世界二【3】:3668  第40章 世界二【4】:5573  第41章 世界二【5】:3219  第42章 世界二【6】:6970
          第43章 世界二【7】:3516  第44章 世界二【8】:6925  第45章 世界二【9】:5876  第46章 世界二【10】:4955  第47章 世界二【11】:4185  第48章 世界二【12】:5249
          第49章 世界二【13】:4973  第50章 世界二【14】:4603  第51章 世界二【15】:3230  第52章 世界二【16】:6206  第53章 世界二【17】:9563  第54章 世界二【完】:10225
          第55章 世界三【1】:10265  第56章 世界三【2】:7536  第57章 世界三【3】:9569  第58章 世界三【4】:10305  第59章 世界三【5】:9240  第60章 世界三【6】:9257
          第61章 世界三【7】:10237  第62章 世界三【8】:10247  第63章 世界三【9】:9235  第64章 世界三【10】:9222  第65章 世界三【11】:9246  第66章 世界三【12】:9246
          第67章 世界三【完】:9242  第68章 世界四【1】:10242  第69章 世界四【2】:10257  第70章 世界四【3】:9252  第71章 世界四【4】:9234  第72章 世界四【5】:9069
          第73章 世界四【6】:10263  第74章 世界四【7】:9213  第75章 世界四【完】:10224  第76章 世界五【1】:10224  第77章 世界五【2】:9243  第78章 世界五【3】:9212
          第79章 世界五【4】:9204  第80章 世界五【5】:6218  第81章 世界五【6】:9227  第82章 世界五【7】:10273  第83章 世界五【8】:10256  第84章 世界五【9】:9283
          第85章 世界五【10】:9209  第86章 世界五【完】:9296  第87章 世界六【1】:9355  第88章 世界六【2】:9358  第89章 世界六【3】:10274  第90章 世界六【4】:10294
          第91章 世界六【5】:9282  第92章 世界六【6】:9311  第93章 世界六【7】:9306  第94章 世界六【8】:9375  第95章 世界六【9】:9293  第96章 世界六【完】:10338
          第97章 世界七【1】:10242  第98章 世界七【2】:9256  第99章 世界七【3】:9267  第100章 世界七【4】:9249  第101章 世界七【5】:9254  第102章 世界七【6】:9246
          第103章 世界七【7】:10227  第104章 世界七【8】:10198  第105章 世界七【9】:6239  第106章 世界七【10】:6240  第107章 世界七【完】:6225  第108章 世界八【1】:6228
          第109章 世界八【2】:6223  第110章 世界八【3】:6320  第111章 世界八【4】:6245  第112章 世界八【5】:6242  第113章 世界八【6】:6217  第114章 世界八【7】:6231
          第115章 世界八【8】:6514  第116章 世界八【9】:6303  第117章 世界八【10】:6254  第118章 世界八【11】:6240  第119章 世界八【12】:6197  第120章 世界八【13】:6215
          第121章 世界八【完】:6270  第122章 原世界【1】:6223  第123章 原世界【2】:3309  第124章 原世界【3】:6248  第125章 原世界【4】:6262  第126章 原世界【5】:6258
          第127章 原世界【6】:6222  第128章 原世界【7】:6220  第129章 原世界【8】:6264  第130章 原世界【9】:6552  第131章 原世界【完】:6549  第132章 番外·任务1:6187
          第133章 番外·任务2:6338  第134章 番外·任务3:10973  第135章 番外·任务完:3227  第136章 番外·错位世界1:2529  第137章 番外·错位世界完:4384

03:22:45  每天都在拯救女主[快穿] (涂图画画) [完结]  243p→187章  2199KB  OK
          https://www.52shuku.net/gl/09_b/bkd6M.html
          第1章 世界一:4584  第2章 世界一:5690  第3章 世界一:4208  第4章 世界一:3256  第5章 世界一:3375  第6章 世界一:4023
          第7章 世界一:5324  第8章 世界一:2357  第9章 世界一:2276  第10章 世界一:2452  第11章 世界一:2415  第12章 世界一:2278
          第13章 世界一:2455  第14章 世界一:2286  第15章 世界一:2427  第16章 世界一:2497  第17章 世界一:2493  第18章 世界一:3318
          第19章 世界一:3268  第20章 世界一:9612  第21章 世界一:4589  第22章 世界一:5583  第23章 世界一:3591  第24章 世界一:5259
          第25章 世界一:3935  第26章 世界一:5284  第27章 世界一:3285  第28章 世界一:5240  第29章 世界一:4050  第30章 世界一+世界二:5586
          第31章 世界二:3969  第32章 世界二:5593  第33章 世界二:3916  第34章 世界二:5932  第35章 世界二:3299  第36章 世界二:4290
          第37章 世界二:3945  第38章 世界二:4224  第39章 世界二:3222  第40章 世界二:5225  第41章 世界二:3230  第42章 世界二:4252
          第43章 世界二:3325  第44章 世界二:3252  第45章 世界二:3224  第46章 世界二:3247  第47章 世界二:3236  第48章 世界二:3232
          第49章 世界二:3235  第50章 世界二:6242  第51章 世界二+一点点世界三:6256  第52章 世界三:6269  第53章 世界三:6235  第54章 世界三:6081
          第55章 世界三:6237  第56章 世界三:6216  第57章 世界三:6266  第58章 世界三:6245  第59章 世界三:6067  第60章 世界三:6286
          第61章 世界三:6138  第62章 世界三:6257  第63章 世界三:6280  第64章 世界三+一部分世界四:6237  第65章 世界四:6289  第66章 世界四:6227
          第67章 世界四:6140  第68章 世界四:3088  第69章 世界四:3290  第70章 世界四:3610  第71章 世界四:3118  第72章 世界四:3076
          第73章 世界四:3101  第74章 世界四:3078  第75章 世界四:3226  第76章 世界四:3336  第77章 世界四:3238  第78章 世界四:3279
          第79章 世界四:3259  第80章 世界四:3122  第81章 世界四:4270  第82章 世界四:4637  第83章 世界四:3236  第84章 世界四:3241
          第85章 世界四:3289  第86章 世界四:4590  第87章 世界四:3202  第88章 世界四:3244  第89章 世界四:3252  第90章 世界四+一捏捏世界五:3227
          第91章 世界五:3249  第92章 世界五:3233  第93章 世界五:3249  第94章 世界五:3647  第95章 世界五:3257  第96章 世界五:3256
          第97章 世界五:3977  第98章 世界五:3261  第99章 世界五:3223  第100章 世界五:3572  第101章 世界五:3551  第102章 世界五:6243
          第103章 世界五:6247  第104章 世界五:6231  第105章 世界五:6234  第106章 世界五:6572  第107章 世界五:6284  第108章 世界五:6245
          第109章 世界五:5989  第110章 世界五:3258  第111章 世界五:3229  第112章 世界五:3257  第113章 世界五+世界六开头:3612  第114章 世界六:3240
          第115章 世界六:3256  第116章 世界六:3244  第117章 世界六:3096  第118章 世界六:3625  第119章 世界六:3587  第120章 世界六:3276
          第121章 世界六:4237  第122章 世界六:3245  第123章 世界六:3551  第124章 世界六:3229  第125章 世界六:3234  第126章 世界六:3247
          第127章 世界六:3239  第128章 世界六:3242  第129章 世界六:6237  第130章 世界六:4276  第131章 世界六:3275  第132章 世界六:4249
          第133章 世界六:3267  第134章 世界六:3244  第135章 世界六:3251  第136章 世界六+世界七开头:4285  第137章 世界七:3228  第138章 世界七:3234
          第139章 世界七:3289  第140章 世界七:3228  第141章 世界七:3254  第142章 世界七:3244  第143章 世界七:3252  第144章 世界七:3270
          第145章 世界七:3615  第146章 世界七:4563  第147章 世界七:3256  第148章 世界七:3088  第149章 世界七:3280  第150章 世界七:3234
          第151章 世界七:3241  第152章 世界七:3077  第153章 世界七:3236  第154章 世界七:3242  第155章 世界七:3576  第156章 世界七:3341
          第157章 世界七【完】:3593  第158章 世界八:3225  第159章 世界八:3241  第160章 世界八:3231  第161章 世界八:3258  第162章 世界八:3264
          第163章 世界八:3251  第164章 世界八:4248  第165章 世界八:3245  第166章 世界八:3259  第167章 世界八:3273  第168章 世界八:4241
          第169章 世界八:4232  第170章 世界八:3226  第171章 世界八:3937  第172章 世界八:3252  第173章 世界八:3265  第174章 世界八:3281
          第175章 世界八:3076  第176章 世界八:3400  第177章 世界八:3254  第178章 世界八:3303  第179章 世界八:3072  第180章 世界八:3282
          第181章 世界八:3222  第182章 世界八:3308  第183章 世界八:3272  第184章 世界八:3296  第185章 世界八:3224  第186章 世界八【完】:3302
          第187章 原生世界·番外:2791

03:23:25  太后进阶手册 (晓梦致幻生) [完结]  105p→87章  933KB  OK
          https://www.52shuku.net/gl/09_b/bkd6L.html
          第1章:3243  第2章:3465  第3章:4092  第4章:3517  第5章:3157  第6章:3412
          第7章:3293  第8章:3591  第9章:3206  第10章:3518  第11章:3516  第12章:3227
          第13章:3342  第14章:3110  第15章:3259  第16章:3324  第17章:3561  第18章:3666
          第19章:3276  第20章:3062  第21章:10638  第22章:3765  第23章:3359  第24章:3306
          第25章:3599  第26章:3344  第27章:3378  第28章:3291  第29章:3668  第30章:3237
          第31章:3662  第32章:3180  第33章:3599  第34章:3142  第35章:3176  第36章:3451
          第37章:3334  第38章:3139  第39章:3690  第40章:3664  第41章:3706  第42章:3576
          第43章:3280  第44章:3209  第45章:3357  第46章:3183  第47章:4007  第48章:3200
          第49章:3479  第50章:4056  第51章:3801  第52章:3376  第53章:3329  第54章:3516
          第55章:4277  第56章:3436  第57章:3361  第58章:3520  第59章:3139  第60章:3783
          第61章:3530  第62章:3568  第63章:3108  第64章:3351  第65章:3557  第66章:3526
          第67章:3735  第68章:3518  第69章:3535  第70章:3587  第71章:3453  第72章:3427
          第73章:3763  第74章:3561  第75章:3875  第76章:3157  第77章:3421  第78章:3449
          第79章:3066  第80章:3066  第81章:3308  第82章:3502  第83章:3580  第84章:3845
          第85章:3976  第86章:3845  第87章:3509

03:25:54  贵族学院恋爱模拟器 (晓梦致幻生) [完结]  419p→321章  3532KB  OK
          https://www.52shuku.net/gl/09_b/bkd6K.html
          第1章:3581  第2章:3750  第3章:3498  第4章:3835  第5章:3417  第6章:3459
          第7章:3300  第8章:3853  第9章:3327  第10章:3897  第11章:3257  第12章:3553
          第13章:3947  第14章:3722  第15章:3962  第16章:3199  第17章:3177  第18章:3576
          第19章:3169  第20章:3445  第21章:10291  第22章:3421  第23章:3947  第24章:3847
          第25章:3929  第26章:3829  第27章:3982  第28章:3426  第29章:3443  第30章:4063
          第31章:4042  第32章:3825  第33章:3536  第34章:3557  第35章:4099  第36章:3546
          第37章:3449  第38章:3963  第39章:3381  第40章:3865  第41章:3660  第42章:3548
          第43章:3765  第44章:3627  第45章:3592  第46章:3663  第47章:3394  第48章:3276
          第49章:3335  第50章:3651  第51章:3910  第52章:3573  第53章:3521  第54章:4115
          第55章:3984  第56章:3332  第57章:4095  第58章:3338  第59章:4149  第60章:3364
          第61章:3450  第62章:3880  第63章:3414  第64章:3670  第65章:3402  第66章:3525
          第67章:3727  第68章:3541  第69章:3432  第70章:3833  第71章:3273  第72章:4465
          第73章:3490  第74章:3559  第75章:3812  第76章:3310  第77章:3260  第78章:3854
          第79章:3069  第80章:3857  第81章:3622  第82章:3123  第83章:3391  第84章:3532
          第85章:3132  第86章:3496  第87章:3876  第88章:4130  第89章:3352  第90章:3172
          第91章:3752  第92章:3922  第93章:3242  第94章:3318  第95章:3680  第96章:4025
          第97章:3653  第98章:3345  第99章:3263  第100章:3216  第101章:3384  第102章:3225
          第103章:3349  第104章:3218  第105章:3579  第106章:4072  第107章:3469  第108章:3693
          第109章:3523  第110章:4963  第111章:4114  第112章:4027  第113章:3065  第114章:3236
          第115章:3288  第116章:3482  第117章:3602  第118章:3567  第119章:3550  第120章:3198
          第121章:3186  第122章:3304  第123章:4210  第124章:3410  第125章:3284  第126章:3217
          第127章:3569  第128章:3642  第129章:3720  第130章:3512  第131章:4443  第132章:3654
          第133章:3536  第134章:3359  第135章:3805  第136章:3711  第137章:3556  第138章:4353
          第139章:3655  第140章:3766  第141章:3437  第142章:3696  第143章:3518  第144章:3429
          第145章:3580  第146章:3931  第147章:3585  第148章:3801  第149章:3460  第150章:3515
          第151章:3479  第152章:3306  第153章:4552  第154章:3392  第155章:3189  第156章:3489
          第157章:3543  第158章:3769  第159章:3463  第160章:3682  第161章:3162  第162章:3575
          第163章:4026  第164章:4382  第165章:3022  第166章:3345  第167章:3441  第168章:3747
          第169章:3344  第170章:3555  第171章:3979  第172章:4116  第173章:3534  第174章:3558
          第175章:3581  第176章:3787  第177章:4605  第178章:3877  第179章:4097  第180章:3895
          第181章:3132  第182章:3241  第183章:3243  第184章:3443  第185章:3367  第186章:3169
          第187章:3738  第188章:3486  第189章:3284  第190章:3646  第191章:3294  第192章:3693
          第193章:3657  第194章:3731  第195章:3940  第196章:3621  第197章:3356  第198章:3695
          第199章:3165  第200章:3488  第201章:3256  第202章:3755  第203章:3500  第204章:3336
          第205章:3170  第206章:3312  第207章:3613  第208章:3572  第209章:3385  第210章:3313
          第211章:4319  第212章:3213  第213章:3450  第214章:3730  第215章:3417  第216章:3639
          第217章:3558  第218章:3266  第219章:4219  第220章:3499  第221章:3177  第222章:4024
          第223章:3522  第224章:3371  第225章:3487  第226章:3881  第227章:3542  第228章:3596
          第229章:3287  第230章:3270  第231章:3347  第232章:3202  第233章:3284  第234章:3449
          第235章:4168  第236章:3314  第237章:3413  第238章:3691  第239章:3199  第240章:3619
          第241章:3873  第242章:3558  第243章:3589  第244章:4141  第245章:5227  第246章:3293
          第247章:4290  第248章:4909  第249章:3512  第250章:3240  第251章:3248  第252章:3495
          第253章:3352  第254章:3679  第255章:3803  第256章:3983  第257章:3368  第258章:3538
          第259章:3681  第260章:3510  第261章:3703  第262章:3613  第263章:3150  第264章:3918
          第265章:3520  第266章:3133  第267章:3601  第268章:3358  第269章:3212  第270章:4466
          第271章:3220  第272章:3359  第273章:3272  第274章:3970  第275章:3261  第276章:3276
          第277章:3466  第278章:3140  第279章:3555  第280章:3349  第281章:3640  第282章:3079
          第283章:3426  第284章:3160  第285章:3423  第286章:3364  第287章:3381  第288章:3188
          第289章:3628  第290章:3520  第291章:3769  第292章:3153  第293章:3494  第294章:3340
          第295章:3277  第296章:3295  第297章:3528  第298章:3259  第299章:3544  第300章:3388
          第301章:3384  第302章:3289  第303章:3668  第304章:4017  第305章:3918  第306章:3100
          第307章:3212  第308章:4022  第309章:4962  第310章:3620  第311章:3740  第312章:3796
          第313章:3391  第314章:4044  第315章:4235  第316章:3214  第317章:4850  第318章:3575
          第319章:3663  第320章:3397  第321章 【正文完】:4235

03:26:40  一觉醒来和死对头七年之痒 (请你吃猫山王) [完结]  118p→90章  1039KB  OK
          https://www.52shuku.net/gl/09_b/bkd6H.html
          第1章:4132  第2章:4267  第3章:4697  第4章:3684  第5章:3178  第6章:2984
          第7章:2984  第8章:2667  第9章:2331  第10章:3178  第11章:2885  第12章:3165
          第13章:3666  第14章:2827  第15章:3316  第16章:3040  第17章:3695  第18章:4061
          第19章:2774  第20章:2620  第21章:3529  第22章:3370  第23章:3929  第24章:3200
          第25章:4930  第26章:5159  第27章:5044  第28章:4678  第29章:4897  第30章:5838
          第31章:5064  第32章:4828  第33章:4413  第34章:3846  第35章:4255  第36章:4126
          第37章:5179  第38章:3863  第39章:3895  第40章:3834  第41章:4357  第42章:4726
          第43章:5197  第44章:4084  第45章:4388  第46章:3723  第47章:4090  第48章:4947
          第49章:4037  第50章:3475  第51章:3929  第52章:3892  第53章:3413  第54章:3535
          第55章:3367  第56章:3550  第57章:3902  第58章:3700  第59章:3310  第60章:3556
          第61章:3010  第62章:3087  第63章:3355  第64章:3508  第65章:3268  第66章:3318
          第67章:3923  第68章:3348  第69章:3556  第70章:3872  第71章:3016  第72章:3476
          第73章:3763  第74章:3438  第75章:3791  第76章:3565  第77章:7196  第78章:3951
          第79章:3022  第80章:3887  第81章:3068  第82章:3468  第83章:3459  第84章:3377
          第85章:3401  第86章:4018  第87章:4138  第88章:3493  第89章:3251  第90章 正文完:5643

03:27:04  与魔君蛇蛇贴贴后 (桂枝茯苓丸) [完结+番外]  63p→55章  538KB  OK
          https://www.52shuku.net/gl/09_b/bkd6D.html
          第1章 打工第一天 聒噪:5274  第2章 打工第二天 你叫什么名字？:3719  第3章 打工第三天 你是闻芯:3417  第4章 打工第四天 为何是您:3386  第5章 打工第五天 告知:3197  第6章 打工第六天 我们又见面了:3064
          第7章 打工第七天 你醒了:3520  第8章 打工第八天 我本不欲将你牵扯其中:3557  第9章 打工第九天 我带你去报仇:2104  第10章 打工第十天 小白知道错了:2866  第11章 打工第十一天 回水月阁:2144  第12章 打工第十二天 对不起:3170
          第13章 打工第十三天 逗弄:3396  第14章 打工第十四天 摔落:3042  第15章 打工第十五天 水中:3131  第16章 打工第十六天 滚回去:3137  第17章 打工第十七天 贴:3545  第18章 打工第十八天 无烬业火:3978
          第19章 打工第十九天 我可以抱你吗:3574  第20章 打工第二十天 别哭:3285  第21章 打工第二十一天 你可愿与我结契:2175  第22章 打工第二十二天 结契:3245  第23章 打工第二十三天 浮月:3149  第24章 打工第二十四天 疯子:3095
          第25章 打工第二十五天 别怕:3336  第26章 打工第二十六天 委屈:3379  第27章 打工第二十七天 感觉:2425  第28章 打工第二十八天（修改完毕，放心食用）^^……:3239  第29章 打工第二十九天 争吵:3569  第30章 打工第三十天 寻找:2559
          第31章 打工第三十一天 ……:3222  第32章 打工第三十二天 离别:3272  第33章 打工第三十三天 凡间:3160  第34章 打工第三十四天 祸首:3225  第35章 打工第三十五天 公主:3553  第36章 打工第三十六天 下药:3258
          第37章 打工第三十七天 你们不是凡人:3385  第38章 打工第三十八天 试探:2110  第39章 打工第三十九天 楚珏:2259  第40章 打工第四十天 真相:3408  第41章 打工第四十一天 惊险:3747  第42章 打工第四十二天 都死:3976
          第43章 打工第四十三天 回去:3514  第44章 打工第四十四天 重伤:3295  第45章 打工第四十五天 银发:3345  第46章 打工第四十六天 解渴:2385  第47章 打工第四十七天 消失:3280  第48章 打工第四十八天 婚服:4188
          第49章 打工第四十九天 别碰我:3481  第50章 打工第五十天 不要走:3381  第51章 打工第五十一天 真相:2549  第52章 打工第五十二天 真相2:2266  第53章 打工第五十三天 我成年了:3200  第54章 打工第五十四天 结局:2857
          第55章 番外 吻:3192

03:29:43  公路求生：榜一她不近人情只近我 (古戈尔森) [完结]  436p→521章  3813KB  OK
          https://www.52shuku.net/gl/07_b/bkd4F.html
          第1章 姐姐，你不要我了吗:2624  第2章 更炸裂的原因:2515  第3章 是因为知道姐姐讨厌你这种绿茶吗:2115  第4章 这游戏是盗版吗？:2354  第5章 味儿太冲了:2105  第6章 特殊大奖:2226
          第7章 这么严肃危急的时候，你笑什么啊陆安然！:2564  第8章 解锁击杀榜:5090  第9章 被销户的表姐还活着:2262  第10章 是真的强:2700  第11章 滚开滚开滚开！丑东西给我滚开！:2579  第12章 甜蜜的负担:2616
          第13章 这都能把锅甩过来？！:2772  第14章 杀鸡儆猴:2868  第15章 香喷喷的白米饭:2485  第16章 成盒子了:2346  第17章 我们可以先PY一下嘛:3181  第18章 我不系拉拉呀:3562
          第19章 沈姐姐，你教教我~:3325  第20章 暖宝宝:2175  第21章 欢迎来到“大宅怨”1:1737  第22章 欢迎来到“大宅怨”2:3307  第23章 欢迎来到“大宅怨”3:2852  第24章 欢迎来到“大宅怨”4:3231
          第25章 欢迎来到“大宅怨”5:2804  第26章 死不了，根本死不了:2551  第27章 欢迎来到“大宅怨”6:2828  第28章 欢迎来到“大宅怨”7:2015  第29章 欢迎来到“大宅怨”8:3234  第30章 沈无意，你手劲儿挺大啊:2579
          第31章 谁说只有直女下手才没轻没重的？:2399  第32章 欢迎来到“大宅怨”9:2531  第33章 副本“大宅怨”通关倒计时:2240  第34章 欢迎来到“大宅怨”10:3300  第35章 你挑拨引战是有KPI吗？:2205  第36章 要抱沈姐的大腿，就要做好沈姐的小狗:2661
          第37章 对啊，她就是厌男，怎么了？:2424  第38章 现在，立刻，让她去死！:2462  第39章 白芷和白软软:2525  第40章 马上回来:2622  第41章 开始缺水:2919  第42章 我喜欢她:3714
          第43章 统怎么可以捅出这么大的篓子:2080  第44章 我不喜欢男的，也不喜欢女的，咋了？:3368  第45章 不管人鬼神佛，把对方哄成胚胎:3005  第46章 公路服务区杀人事件（上）:3282  第47章 公路服务区杀人事件（下）:2516  第48章 南瓜马车:3673
          第49章 这种能力强、性格好的姐姐谁不喜欢？:2464  第50章 我能不能让你着迷？:2190  第51章 欢迎来到大型多人副本“丧尸围城”1:2601  第52章 沈总还有什么其他指示吗？:2482  第53章 答案之书:3339  第54章 欢迎来到大型多人副本“丧尸围城”2:2747
          第55章 插播：郝家大宅院的故事:3028  第56章 在末世里做人，就是必须既要又要还要:2639  第57章 你是真的不挑食啊:2094  第58章 丫头，你的人头，叔要定了！:2158  第59章 欢迎来到大型多人副本“丧尸围城”3:2857  第60章 找个跑鞋拍拍得了:2634
          第61章 给我留条命就行:3379  第62章 钱美娟、林青、钱康康（人物故事，不感兴趣可跳）:4732  第63章 欢迎来到大型多人副本“丧尸围城”4:2886  第64章 凭什么这样的天生坏种能有三系异能？:3483  第65章 去死吧:2566  第66章 神清气爽:3102
          第67章 笃定我们绝对不会赢:3247  第68章 我想跟你回家:3899  第69章 精神压力，致死恐惧:2151  第70章 国际惯例，故事配酒:3584  第71章 欢迎来到大型多人副本“丧尸围城”5:2391  第72章 欢迎来到大型多人副本“丧尸围城”6:2922
          第73章 欢迎来到大型多人副本“丧尸围城”7:2181  第74章 欢迎来到大型多人副本“丧尸围城”8:2106  第75章 欢迎来到大型多人副本“丧尸围城”9:2411  第76章 欢迎来到大型多人副本“丧尸围城”10:2477  第77章 她怎么能这么好？:2809  第78章 欢迎来到大型多人副本“丧尸围城”11:2407
          第79章 我和80808，会拿回他的人头牌:2129  第80章 英雄的代名词:2107  第81章 欢迎来到大型多人副本“丧尸围城”12:2786  第82章 欢迎来到大型多人副本“丧尸围城”13:2134  第83章 欢迎来到大型多人副本“丧尸围城”14:2110  第84章 欢迎来到大型多人副本“丧尸围城”15:2488
          第85章 我找到你了！:2139  第86章 赌赢了鸡犬升天:2098  第87章 完美通关“丧尸围城”:2302  第88章 往那一站就是实力这个词的具象化:2461  第89章 团队建设令:2232  第90章 要你的宝贝:2083
          第91章 一看就长得很蠢的我可不要:2066  第92章 【换命玩偶】:2272  第93章 她一直是个很要强的人:2735  第94章 榜一发福利:2246  第95章 冒犯了，别怪我:2346  第96章 暧昧，非常不正经的暧昧:2270
          第97章 开箱！（加更1）:2451  第98章 全服第一个3级载具（加更2）:2751  第99章 天降异象（加更3）:2949  第100章 想给每个可爱的女孩儿一个家:2082  第101章 你为富不仁，必遭天谴！:2268  第102章 我不是神:2702
          第103章 此局唯一:2080  第104章 我们直接一步到位:2137  第105章 我们现在是什么关系:2221  第106章 某个大人物:2220  第107章 姐，你会怪我吗？:2310  第108章 你肯定开挂了！:2145
          第109章 你都不管管你女人吗？:2557  第110章 指定副本，去“好孕连连”吗？:2595  第111章 神之警告：友情也是情:2559  第112章 世道变了:2316  第113章 短暂共脑:2069  第114章 她恋爱脑了，她想听一辈子（加更1）:2385
          第115章 颠倒黑白（加更2）:2292  第116章 他们，不配赢！（加更3）:2252  第117章 人生中第二惧怕的回忆:2620  第118章 期待和你们的见面:2598  第119章 这合理吗？:2271  第120章 更因为，她是沈无意:2181
          第121章 大人不记小人过:2330  第122章 嫌弃我贪财好色的样子:2237  第123章 她等陆安然自己发现:2549  第124章 地图：绿雨初夏:2244  第125章 欢迎来到“好孕连连”1:2095  第126章 欢迎来到“好孕连连”2:2323
          第127章 欢迎来到“好孕连连”3（加更）:2050  第128章 欢迎来到“好孕连连”4:2132  第129章 陆安然，你玩不起！:2393  第130章 欢迎来到“好孕连连”5:2146  第131章 欢迎来到“好孕连连”6:2189  第132章 欢迎来到“好孕连连”7:2480
          第133章 欢迎来到“好孕连连”8:2412  第134章 欢迎来到“好孕连连”9:2438  第135章 看起来很玄幻，但其实是科幻:2163  第136章 信息串起来了:2372  第137章 欢迎来到“好孕连连”10:2144  第138章 欢迎来到“好孕连连”11:2627
          第139章 欢迎来到“好孕连连”12:2105  第140章 欢迎来到“好孕连连”13:2132  第141章 完美通关“好孕连连”副本:2032  第142章 和“绿雨初夏”匹配的公路boss:2140  第143章 你也脱呀，快点:2060  第144章 寄生物:2190
          第145章 沈老师，咱就不能翻篇吗？:2116  第146章 不如直接干代购:2210  第147章 实力不如我，你无需自卑:2289  第148章 老大这么强吗，一胎十八宝？:2417  第149章 你们就不能让让我吗？:2346  第150章 李无双、李满月:2388
          第151章 沈总，我又咋了？:2371  第152章 不是已读不回，就是已读乱回:2319  第153章 你是不是背着我偷偷报班了？:2711  第154章 公路协管员的称号任务:2154  第155章 小疯子:2090  第156章 当妈妈的，总要对孩子多些母爱:2537
          第157章 癫痫发作:2146  第158章 她姐到底是想做什么？:2097  第159章 欢迎来到“碧水天池”1:2379  第160章 欢迎来到“碧水天池”2:2137  第161章 欢迎来到“碧水天池”3:2102  第162章 欢迎来到“碧水天池”4:2387
          第163章 欢迎来到“碧水天池”5:2161  第164章 欢迎来到“碧水天池”6:2077  第165章 晏诗阙回忆录:2501  第166章 欢迎来到“碧水天池”7:2594  第167章 欢迎来到“碧水天池”8:2229  第168章 欢迎来到“碧水天池”9:2044
          第169章 欢迎来到“碧水天池”10:2084  第170章 欢迎来到“碧水天池”11:2172  第171章 通关“碧水天池”:2252  第172章 称号到手:2102  第173章 这公路求生的主系统是姓陆的吧！:2218  第174章 我等不到聚餐那天晚上:2571
          第175章 你好，请问这是你的座位吗？:2302  第176章 姓陆的女儿，没有孬种！:2293  第177章 我怎么会不喜欢你？:2340  第178章 嫉妒到快要发疯了:2218  第179章 钟院士差点救不回来:2138  第180章 李满月，钟毓秀:2195
          第181章 真是太不礼貌了！:2142  第182章 现在，她知道原因了:2376  第183章 种植空间，意外之喜:2249  第184章 每每这种时候，都非常想念鲁姐:2102  第185章 怎么比她这个合法妻子还要激动:2188  第186章 天还没黑呢！:2234
          第187章 你到底站哪边的？:2164  第188章 我要发疯我要砍人！:2156  第189章 乱成一锅粥了:2359  第190章 裙角微脏:2191  第191章 你骂谁是个玩意儿呢！:2217  第192章 绿雨的第二种影响:2769
          第193章 重新认主:2268  第194章 有点恶心和鸡肋，但又有点好用:2278  第195章 公路牛马:2241  第196章 是真帮不了了:2098  第197章 吃瓜吃不全，急死个人！:2130  第198章 降维打击:2254
          第199章 打不过就摇人:2147  第200章 十分有十二分的不对劲:2177  第201章 第二次大型多人副本:2183  第202章 欢迎来到“深渊行动”1:2150  第203章 欢迎来到“深渊行动”2:2119  第204章 乖宝:2216
          第205章 异父异母的亲姐妹:2253  第206章 准备，来了！:2199  第207章 欢迎来到“深渊行动”3:2444  第208章 全身检查:2153  第209章 欢迎来到“深渊行动”4:2144  第210章 09区099分区玩家:2127
          第211章 欢迎来到“深渊行动”5:2145  第212章 朝着城市边缘走:2224  第213章 其他星球当外星人:2164  第214章 骗子酒馆:2129  第215章 先尝点甜头:2230  第216章 不和我玩，和谁玩？:1845
          第217章 一等爱情:2196  第218章 我会报复你的:2117  第219章 接吻大挑战:2162  第220章 让我们恭喜这对天造地设的有情人！:2190  第221章 她是真的气人，但也真的可爱:2083  第222章 欢迎来到“深渊行动”6:2196
          第223章 启明星，神明游戏管理局:2172  第224章 欢迎来到“深渊行动”7:2113  第225章 瞌睡遇到枕头了:2135  第226章 你要媳妇儿不要？:2159  第227章 一切的恐惧都源自火力不足:2055  第228章 欢迎来到“深渊行动”8:2062
          第229章 总不能就我们四个人被恶心了:2170  第230章 第二次一定就是正确答案:2198  第231章 欢迎来到“深渊行动”9:2345  第232章 给这老狐狸骂爽了:2217  第233章 6个任务而已:2094  第234章 吃不到，比杀了她还让她难受:2129
          第235章 抓紧时间:2091  第236章 刚送走一个瘟神，又来一个阎王:2107  第237章 欢迎来到“深渊行动”10:2086  第238章 投毒:2171  第239章 但是，话又说回来:2072  第240章 打响反侵略的第一枪:2110
          第241章 伪善给谁看:2086  第242章 玩家正在经历的，就是NPC们的来时路:2139  第243章 妻子的容貌，就是她的荣耀:2131  第244章 兵不厌诈（已改）:3665  第245章 曲沁，秋小燕（已修改）:7427  第246章 做人妻的天赋:2135
          第247章 陆老师，你能不能过来睡会儿？:2330  第248章 对对对，就这么宣传我:2118  第249章 阵营大战拉开序幕:2494  第250章 说来也是很“有缘”:2334  第251章 活着很美好:2052  第252章 欢迎来到“深渊行动”11:2214
          第253章 就看你想不想帮你姐报仇了:2158  第254章 直觉:2197  第255章 相对占有，绝对自由:2617  第256章 整个人狗狗祟祟的:2111  第257章 副本阵营频道:2077  第258章 我们可以帮你把她骗到这里来杀了:2133
          第259章 紧急会议:2286  第260章 欢迎来到“深渊行动”12:2663  第261章 欢迎来到“深渊行动”13:2264  第262章 和你在一起，我就没有正经的时候:2197  第263章 那就先赔给姐姐一双小腿吧:2392  第264章 在善得纯粹和恶得彻底之间随意切换:2143
          第265章 欢迎来到“深渊行动”14:2270  第266章 好没素质的人啊:2133  第267章 我说的合作不只是在这个副本，还有公路求生:2770  第268章 到底算是“复活”还是“复刻”:2089  第269章 陆安然是靠着沈无意，才能想杀谁就杀谁:2096  第270章 不配浪费我一颗子弹:2344
          第271章 完美通关“深渊行动”大型多人副本:2922  第272章 你来打我噻:2141  第273章 世界战区频道开启:2749  第274章 智力属性上涨:2129  第275章 跨区群聊卡:2477  第276章 你这属于背刺合作方，不该解释吗？:2218
          第277章 就当她是在做梦:2477  第278章 事情交给我，你就闹心吧:2314  第279章 你腻了倦了，对我的爱淡了:2529  第280章 她家安然真厉害:2150  第281章 隐藏任务“世上只有妈妈好”:2546  第282章 育儿专家和介绍信:2164
          第283章 陆织的团队据点建设令:2159  第284章 是你自己找打的:2118  第285章 要么你死，要么一起死！:2839  第286章 用这个，打她脸:2315  第287章 这是哪门子舆情？这是疫情！:2569  第288章 死亡不是终点，遗忘才是:2210
          第289章 人被抢跑了:2251  第290章 你到底磕不磕得明白？！:2220  第291章 她这个人除了对陆安然心软，对谁都狠:2324  第292章 只是一场交易:2236  第293章 怎么就是沈无意给彩礼，她姐给她添嫁妆了呢？:2470  第294章 这是你当奴的态度吗？:2422
          第295章 不是，你等会儿:2316  第296章 先生大义:2079  第297章 先叫声妈，看看诚意:2627  第298章 还得是我姐，物尽其用:2236  第299章 你就说你怎么比较舒服:2205  第300章 非主线剧情-副cp感情线（李满月x钟毓秀1）:2358
          第301章 非主线剧情-副cp感情线（李满月x钟毓秀3）:3021  第302章 非主线剧情-副cp感情线（李满月x钟毓秀3:2121  第303章 他们团队没有成立的必要:2140  第304章 再去一次“好孕连连”:2059  第305章 不能保证原主浓度:2190  第306章 离婚！陆宝独美！:2193
          第307章 整个游戏都承认她们的事实婚姻:2315  第308章 是谁这么好命，娶到了超绝旺妻美人:2650  第309章 再忍几天，我们就能彻底清净了:2462  第310章 不准讨厌你自己:2119  第311章 最后一步有什么坑在等着我们:2714  第312章 让我想想:2158
          第313章 不影响她下副本的热情:2281  第314章 从妹妹脑直接变成恋爱脑？:2118  第315章 一款游戏，不可能运行两套底层逻辑:2183  第316章 蛊:2065  第317章 少了一个人，又多了一个人:2033  第318章 重开:2130
          第319章 不能卡bug的副本:2288  第320章 欢迎来到“月庄小镇”1:2122  第321章 欢迎来到“月庄小镇”2:2257  第322章 欢迎来到“月庄小镇”3:2125  第323章 欢迎来到“月庄小镇”4:2111  第324章 欢迎来到“月庄小镇”5:2405
          第325章 欢迎来到“月庄小镇”6:1873  第326章 欢迎来到“月庄小镇”7:2030  第327章 欢迎来到“月庄小镇”8:2176  第328章 欢迎来到“月庄小镇”9:2145  第329章 欢迎来到“月庄小镇”10:2350  第330章 欢迎来到“月庄小镇”11:2155
          第331章 欢迎来到“月庄小镇”12:2148  第332章 欢迎来到“月庄小镇”13:2243  第333章 欢迎来到“月庄小镇”14:2128  第334章 深渊能量:2597  第335章 天赋-魔术师、医者:2170  第336章 天赋-智者:2359
          第337章 欢迎来到“月庄小镇”15（通关）:2608  第338章 会腻吗？:2088  第339章 妈妈，你们是来接我的吗:2155  第340章 会有什么流言蜚语能伤害到她:2135  第341章 这个臭流氓，她两头骗啊！:2357  第342章 爱信不信:2161
          第343章 一生的潮湿:2327  第344章 太炸裂了:2294  第345章 真的太炸裂了:2359  第346章 捡宝箱什么的，她真的超爱:2081  第347章 主神大人流落在外的私生女:2101  第348章 拥有了全世界:2063
          第349章 已读不回:2099  第350章 我老婆很好的:2202  第351章 骂得好脏啊:2160  第352章 强者无需多言，只需挥出重拳:2203  第353章 哪里来的回忆片段:2167  第354章 那时候，沈无意就已经救过她一次了:2061
          第355章 没你想的那么好:2297  第356章 进入火车:2175  第357章 飞头降，是用来逃命用的吗？:2242  第358章 肯定是老师教得不好:2103  第359章 自我觉醒:2244  第360章 天赋—记录者:2322
          第361章 在陌生公路过夜:2131  第362章 给他嘴打歪:2268  第363章 公路解体:2149  第364章 还说我不爱听的话吗？:2088  第365章 你这么对安然，你会后悔的！:2223  第366章 这一天终于还是来了:2090
          第367章 满眼只有对当队友长辈的渴望:2117  第368章 死去吧，癫婆！:2206  第369章 你听话得太晚了:2185  第370章 我要的不是她:2261  第371章 不再当那个废物女人的奴隶:2155  第372章 我最恨背叛我的M:2259
          第373章 一直在冷暴力我:2298  第374章 你们俩是人吗？是人吗？！:2150  第375章 五条诉求:2160  第376章 别再因为一个渺小的人类来烦我:2268  第377章 你偷看孩子写日记啊？:2162  第378章 “绿雨初夏”地图结算:2285
          第379章 赏心悦目的实力榜排名:2429  第380章 去砍几个人给聪明的游戏官方助助兴:2175  第381章 比过年的猪还难按:2229  第382章 陆安然，世上只有妈妈好:2274  第383章 恭喜玩家陆安然成功将载具升至4级！:2256  第384章 我是什么很贱的小狗吗:2270
          第385章 强者没有回答弱者质疑的义务:2153  第386章 她俩这是玩cosplay呢？:2393  第387章 截然不同的回忆画面:2429  第388章 抓到两个人形怪:2150  第389章 让陆织亲自动手:2042  第390章 天道好轮回，不是不报，时候未到:2144
          第391章 血仆契约:2159  第392章 这一块，那一块，整个身子好多块:2129  第393章 不争气的嗓子眼儿，帅气的她:2160  第394章 时光漫步（已修）:2186  第395章 又骂她是废物！:2140  第396章 假的，真的:2088
          第397章 小情侣此起彼伏的呕吐:2263  第398章 坠入冰窟的恶魔之心:2166  第399章 执念:2083  第400章 突然出现的车队:2224  第401章 虚伪的小人:2449  第402章 2个debuff:2369
          第403章 被堵在公路上，全都给她陪葬！:2382  第404章 沈无意痛得看见她师父了:2163  第405章 魔丸（已修）:2098  第406章 插播-月秀番外:2556  第407章 插播-月秀番外2:2008  第408章 完成管教:2220
          第409章 没话说就跪安吧，我忙着呢:2093  第410章 我想亲口夸你:2172  第411章 我从未见过如此诡异之场景:2196  第412章 全宇宙独一份的可爱:2141  第413章 无力:2381  第414章 做点有用的事:2127
          第415章 沈无意也有想复活的人？（已修）:2074  第416章 档次低:2138  第417章 她得被气成什么样？:2016  第418章 有第二件瞒着她的事了:2097  第419章 盛怒的陆安然，天杀的晏诗阙:2190  第420章 欢迎来到副本“橙色·动物杀”1:2145
          第421章 欢迎来到副本“橙色·动物杀”2:2192  第422章 欢迎来到副本“橙色·动物杀”3:2130  第423章 黑蛇与锦鲤:2288  第424章 累了，随便吧:2097  第425章 欢迎来到副本“橙色·动物杀”4:2266  第426章 欢迎来到副本“橙色·动物杀”5:2322
          第427章 她就从来没见过这么可爱的小河马:2194  第428章 个子小小的，态度拽拽的:2071  第429章 欢迎来到副本“橙色·动物杀”6:2177  第430章 我不想要她伟大，我只想要她回来:2131  第431章 有人给她开了挂:2180  第432章 晏诗阙的人脉也很夯:2159
          第433章 猎人和猎物，两清吧:2101  第434章 大小姐训狗教程后续:2171  第435章 欢迎来到副本“橙色·动物杀”7:2200  第436章 逻辑漏洞:2109  第437章 欢迎来到副本“橙色·动物杀”8:2064  第438章 欢迎来到副本“橙色·动物杀”9:2068
          第439章 真女人从不回头看冰雕碎裂:2167  第440章 炙物准备间:2095  第441章 欢迎来到副本“橙色·动物杀”10:2207  第442章 手骨全碎了:2106  第443章 拿下章鱼怪:2190  第444章 是你们求我收下的:2226
          第445章 欢迎来到副本“橙色·动物杀”11:2032  第446章 欢迎来到副本“橙色·动物杀”12（已修）:4133  第447章 欢迎来到副本“橙色·动物杀”13:2110  第448章 欢迎来到副本“橙色·动物杀”14:2178  第449章 猜到了:2149  第450章 欢迎来到副本“橙色·动物杀”15:2080
          第451章 欢迎来到副本“橙色·动物杀”16:2108  第452章 欢迎来到副本“橙色·动物杀”17:2285  第453章 开挂一样的爱情故事:4340  第454章 关于她的父母，宇宙主神:2235  第455章 完美通关“橙色·动物杀”副本:2261  第456章 做点别的事（已修）:4230
          第457章 三个重要宝箱（已修）:4234  第458章 浓浓的魔丸气息:2064  第459章 冰啤酒给人喝醉了:2140  第460章 天亮以后就分手（已修）:4200  第461章 强制安排（已修）:4196  第462章 我已经替你报完仇了:2137
          第463章 到底谁才是神明（已修）:2108  第464章 天赋-失语者:2174  第465章 5级了！:2062  第466章 她们的家（已修）:4244  第467章 如果真是这样，那我真的要闹了！:2146  第468章 池茗羽:2318
          第469章 陆织的发现:2176  第470章 字面意思，她把人给吃了:2267  第471章 她在给你们下诅咒（已修）:4121  第472章 疼爱妹妹的人，一定不会是坏人:2133  第473章 她有什么特殊xp吗？:2177  第474章 池茗羽确实有些小心机:4287
          第475章 （已修）副cp番外-云枫云朵1:4256  第476章 （已修）云枫云朵番外2:4135  第477章 去我们车上，详谈（已修）:4476  第478章 告诉萧与眠真相:2131  第479章 搏一条新的路出来不好吗？:2172  第480章 血包团队:2285
          第481章 公平竞争:2174  第482章 主宠间的深层关联:2082  第483章 原来是有了别的狗了:2090  第484章 末日鼠光1（已修）:4231  第485章 末日鼠光2:2065  第486章 末日鼠光3:2119
          第487章 末日鼠光4:2253  第488章 末日鼠光5:2165  第489章 （已修）副cp番外-云枫云朵3:5037  第490章 末日鼠光6（已修）:4117  第491章 末日鼠光7（已修）:4321  第492章 末日鼠光8:2197
          第493章 末日鼠光9:2177  第494章 末日鼠光10:2114  第495章 末日鼠光11:2108  第496章 末日鼠光12:2081  第497章 末日鼠光13:2440  第498章 末日鼠光14（已修）:4142
          第499章 末日鼠光15（已修）:4122  第500章 末日鼠光16（已修）:4168  第501章 末日鼠光17（已修）:4088  第502章 通关末日鼠光:4114  第503章 别对我失望:2094  第504章 随机调配合区:2166
          第505章 第一轮游戏里的陆安然:2056  第506章 什么甜的虐的，到你嘴里都能成黄的？:2382  第507章 研究道具:2071  第508章 不是宠物，是坐骑（已修）:2084  第509章 灵魂血脉:2243  第510章 一举两得:2155
          第511章 还是回去看看吧:1874  第512章 万战战场-深海回响1（已修）:2301  第513章 万战战场-深海回响2:2087  第514章 万战战场-深海回响3:2051  第515章 万战战场-深海回响4（2合1章）:4240  第516章 万战战场-深海回响5（2合1章）:4297
          第517章 万战战场-深海回响6（2合1章）:4364  第518章 万战战场-深海回响7（2合1章）:4344  第519章 万战战场-深海回响8（2合1章）:4337  第520章 万战战场-深海回响9（2合1章）:4478  第521章 大结局:10197

03:30:56  反套路人外百合单元剧 (幸运紫) [完结+番外]  202p→164章  1841KB  OK
          https://www.52shuku.net/gl/06_b/bkd3J.html
          第1章 是你教我的:5475  第2章 公主的异化:6406  第3章 水晶棺之吻:6589  第4章 另一个王座:4713  第5章 魔镜的回归:3510  第6章 狗血淘汰赛:3992
          第7章 错误的答案:3111  第8章 奇异的求婚:4891  第9章 花园的私语:5438  第10章 伊娃的反对:3041  第11章 论以退为进:3239  第12章 欢聚与对峙:3719
          第13章 和魔镜贴贴:5875  第14章 无效的说服:3154  第15章 好用的变数:4937  第16章 神秘的约会:3197  第17章 神圣的律令:4011  第18章 叛神的伊娃:3267
          第19章 她的伊甸园:4622  第20章 爱人的错乱:4635  第21章 沉默的陪伴:3646  第22章 镜子与神明:3840  第23章 她的来时路:4223  第24章 她的新羁绊:6060
          第25章 翼蛇的世界:3627  第26章 奇怪的交易（一）:3912  第27章 奇怪的交易（二）:3289  第28章 这就不行了？:3285  第29章 世界的善魂:3801  第30章 要一起永生:3427
          第31章 苹果与玫瑰:3376  第32章 苹果与玫瑰(二):3451  第33章 新婚宴尔时:3434  第34章 装备加载中:5040  第35章 月亮的孩子（一）:3434  第36章 月亮的孩子（二）:3445
          第37章 月亮的孩子（三）:3425  第38章 月亮的孩子（四）:3509  第39章 月亮的孩子（五）:4363  第40章 理想的奖励:4368  第41章 这个异世界更诡异，无语:3565  第42章 尽力了，但实在拒绝不了:3359
          第43章 她是这样变成了姐姐的狗（一）:3331  第44章 她是这样变成了姐姐的狗（二）:3373  第45章 她是这样变成了姐姐的狗（三）:3209  第46章 她是这样变成了姐姐的人（一）:5150  第47章 她是这样变成了姐姐的人（二）:3361  第48章 她是这样变成了姐姐的人（三）:4022
          第49章 病娇狼她贼喊捉贼（一）:3492  第50章 病娇狼她贼喊捉贼（二）:3180  第51章 满月闹闹闹闹闹剧（一）:3408  第52章 满月闹闹闹闹闹剧（二）:3515  第53章 满月闹闹闹闹闹剧（三）:3633  第54章 并不想要这样的吊桥效应！:3244
          第55章 情人结，与蓝色城堡守则:3325  第56章 在主角沉睡之地寻找线索:3594  第57章 蛋糕美酒夜光杯，和酒吻:4037  第58章 主角的颜色梦，与疯梦女:4361  第59章 用发癫打败梦女以后捞捞:3716  第60章 打捞到些不可描述的回忆:3981
          第61章 阴湿爱，潜藏花，覆盖她:3932  第62章 靴猫的情报&六选二道具:3457  第63章 耶！终于成功唤醒了主角！:3535  第64章 和系统决裂后她召唤魔镜:4046  第65章 旅店的变故与仓促的离开:3921  第66章 一帘之隔/标记/反向震撼:4756
          第67章 恭喜诈骗系统被魔镜诈骗:3970  第68章 变脸花，哀面花，怒面花（一）:3514  第69章 变脸花，哀面花，怒面花（二）:5923  第70章 花田修罗场与暧昧的谈心:4909  第71章 湿黏记忆/诬告/隔锁叫门:3196  第72章 感谢苹果/劫走/戴上项链:3212
          第73章 伪表白/药/狼之森林初探:3428  第74章 寻宝塔/救黛西/百合花田:3513  第75章 布局/戴上戒指/请君入局:3875  第76章 掉马时刻/钥匙/时间回溯:6398  第77章 晴雨石/解锁/穿靴子的猫:4508  第78章 慈悲苹果/反派弱点/蛛丝:3270
          第79章 魂石/罪恶真相/终结反派:4279  第80章 砸神像爆金币并喜提城堡:3360  第81章 狗血误会可耻但香辣美味:3797  第82章 捕梦蛛网床与火热的深夜（一）:4645  第83章 捕梦蛛网床与火热的深夜（二）:3975  第84章 捕梦蛛网床与火热的深夜（三）:4355
          第85章 邪恶百合与委屈蒲公英狼:3388  第86章 幼稚捉迷藏与魔镜的劝和:4349  第87章 这是属于人类的标记方式:3174  第88章 生活合约/全场欢送/诱吻:4828  第89章 拜访故人/接受挑战/请教:3745  第90章 本能和理性……她都很爱:3204
          第91章 恋爱日记/惊喜礼物/月愿:7205  第92章 用正确方法消除妻子不满（一）:3638  第93章 用正确方法消除妻子不满（二）:3651  第94章 新的委托来自社恐猫猫:4022  第95章 对抗噩梦，并相爱（一）:3215  第96章 对抗噩梦，并相爱（二）:3194
          第97章 开窍，从可爱的误会开始（一）:3399  第98章 开窍，从可爱的误会开始（二）:3517  第99章 化被动为主动:3367  第100章 诅咒的隐情（一）:3562  第101章 诅咒的隐情（二）:3632  第102章 诅咒的隐情（三）:3348
          第103章 高塔的陷阱（一）:3804  第104章 高塔的陷阱（二）:3537  第105章 命运回旋镖:3190  第106章 宝镜的诡计（一）:3409  第107章 宝镜的诡计（二）:3505  第108章 宝镜的诡计（三）:3328
          第109章 宝镜的诡计（四）:3679  第110章 宝镜的诡计（五）:3647  第111章 躲猫猫（一）:3231  第112章 躲猫猫（二）:3636  第113章 躲猫猫（三）:3679  第114章 可疑的残影:3395
          第115章 空之女巫的愿望:6145  第116章 魔镜玫瑰印记的起源:3934  第117章 这神经病系统谁设计的？:3825  第118章 狗血插曲，但很重要:4384  第119章 预判与押题:4089  第120章 “纯情圣男火辣辣”:3512
          第121章 “我预判了你的预判”:4695  第122章 金苹果通缉“恶神”:4483  第123章 魔镜治愈猫猫:5262  第124章 她与晚香玉:3582  第125章 最后的晚餐:3369  第126章 碗中刺客/规则漏洞:5041
          第127章 善意的回报/金苹果的“表白”:5603  第128章 女王与女巫的联盟:4318  第129章 帕洛玛的采访和塞莉的梦:5349  第130章 难言之隐:3516  第131章 神主的秘密:7730  第132章 金苹果的惊喜:3572
          第133章 魔镜和金苹果变人的过渡期:7167  第134章 琴瑟和鸣:3528  第135章 甜到发晕:3597  第136章 金苹果的秘密:4078  第137章 金苹果的爱意:3953  第138章 魔镜问魔镜:3885
          第139章 她鬼鬼祟祟的干什么？:3363  第140章 金色的誓言（修）:6580  第141章 圣徒的私心与波动的时间:4040  第142章 小剧场：魔力葡萄园入场券:1254  第143章 小剧场：葡萄园的情诗:1282  第144章 小剧场:棺配:1113
          第145章 小剧场：能坚持一分钟已经很厉害啦:1098  第146章 小剧场：老婆好像讨厌我了怎么办（一）:1156  第147章 老婆好像讨厌我了怎么办（二）:1458  第148章 共浴（一）:1256  第149章 共浴（二）:3343  第150章 薅狼毛啦！（西尔维&伊妮德番外）:3444
          第151章 万圣快乐（一）:1579  第152章 万圣快乐（二）:3469  第153章 万圣快乐（三）:3332  第154章 鬼屋员工吵起来了（伊妮德&西尔维）:1976  第155章 特殊的催更方法（伊妮德&西尔维）:2076  第156章 心弦共鸣器:2226
          第157章 无相沙:1729  第158章 试用共感道具（一）:1467  第159章 开花难题:1946  第160章 试用共感道具（二）:1688  第161章 别叫我妈妈（一）:1535  第162章 别叫我妈妈（二）:2076
          第163章 别叫我妈妈（三）:1640  第164章 别叫我妈妈（四）:2125

03:31:30  和失忆对家恋爱了 (周时落) [完结]  86p→61章  712KB  OK
          https://www.52shuku.net/gl/06_b/bkd3y.html
          第1章 噩梦:3612  第2章 擦肩:4248  第3章 热搜:4007  第4章 角逐:2891  第5章 破碎:3496  第6章 车祸:3473
          第7章 失忆:3193  第8章 欺骗:2880  第9章 心疼:3195  第10章 探视:3265  第11章 摸摸头:3472  第12章 睡在一张床上:3167
          第13章 近在咫尺也会想念:3045  第14章 江月白？！:3347  第15章 想看她们扯头纱:3152  第16章 她们不是不和吗？:3244  第17章 害羞:3039  第18章 牵个手就害羞了？:3263
          第19章 她们不会是真的吧:3155  第20章 吃醋:3307  第21章 人设崩塌:3362  第22章 心动短信:3590  第23章 夜聊:3544  第24章 沈明煦在索吻？:3269
          第25章 想干坏事:3246  第26章 为什么不给亲？:3482  第27章 调教:3005  第28章 昨晚的调教很有用:3726  第29章 陆浔秋空降:3737  第30章 摸腿:2427
          第31章 金主和金丝雀:9880  第32章 卖姬？怎么卖？ #沈明煦江月白:3935  第33章 江月白受伤:3850  第34章 冰敷:3677  第35章 按摩:4011  第36章 爱而不得:3819
          第37章 含住手指:3758  第38章 起哄:3814  第39章 情侣款:3751  第40章 送别:2377  第41章 想她了:3403  第42章 离开:2991
          第43章 新嘉宾入驻:2695  第44章 意料之外的双人约会:3726  第45章 她希望江月白恨她:3021  第46章 坦白恋情:4397  第47章 陆浔秋起疑:4417  第48章 沈明煦不是好人:4416
          第49章 宝宝我好想你:4422  第50章 偷吻:5076  第51章 观众拷问:5454  第52章 她有家了:6086  第53章 不想分手:4380  第54章 偏航:4453
          第55章 直播事故:4824  第56章 欲:5063  第57章 真相大白:5388  第58章 别扭:4208  第59章 吻戏:4831  第60章 站得住吗？:4579
          第61章 全文完:5540

03:32:12  酷A怀了树妖的崽 (想十七) [完结+番外]  112p→89章  961KB  OK
          https://www.52shuku.net/gl/06_b/bkd3x.html
          第1章:3331  第2章:3254  第3章:3257  第4章:3681  第5章:3696  第6章:3791
          第7章:3590  第8章:4307  第9章:4880  第10章:3448  第11章:3672  第12章:3652
          第13章:3629  第14章:3592  第15章:4388  第16章:3646  第17章:3740  第18章:3362
          第19章:4088  第20章:3938  第21章:3827  第22章:3488  第23章:3579  第24章:3280
          第25章:3330  第26章:3708  第27章:2613  第28章:3639  第29章:3935  第30章:3547
          第31章:2958  第32章:4245  第33章:3934  第34章:2921  第35章:3843  第36章:4290
          第37章:4189  第38章:3813  第39章:3250  第40章:3191  第41章:4109  第42章:3221
          第43章:3487  第44章:3735  第45章:2794  第46章:3666  第47章:3645  第48章:3950
          第49章:3493  第50章:4098  第51章:3609  第52章:2761  第53章:3550  第54章:2913
          第55章:3967  第56章:2985  第57章:3498  第58章:3636  第59章:3976  第60章:3112
          第61章:3333  第62章:4135  第63章:3651  第64章:4094  第65章:3697  第66章:3356
          第67章:2979  第68章:4194  第69章:4176  第70章:3081  第71章:3125  第72章:3660
          第73章:3296  第74章:3299  第75章:3936  第76章:3701  第77章:3364  第78章:3332
          第79章:2822  第80章:3335  第81章:3418  第82章:3305  第83章:2910  第84章:3257
          第85章:3999  第86章:2492  第87章:2380  第88章:3884  第89章 番外:4134

03:32:28  不准磕我和死对头的同人文 (成禹锦) [完结+番外]  35p→35章  295KB  OK
          https://www.52shuku.net/gl/06_b/bkd3t.html
          第1章 第一朵小花花:3875  第2章 第二朵小花花:3186  第3章 第三朵小花花:3140  第4章 第四朵小花花:3188  第5章 第五朵小花花:3418  第6章 第六朵小花花:3176
          第7章 第七朵小花花:3085  第8章 第八朵小花花:3080  第9章 第九朵小花花:4003  第10章 第十朵小花花:3107  第11章 第十一朵小花花:3267  第12章 第十二朵小花花:2389
          第13章 第十三朵小花花:1747  第14章 第十四朵小花花:3022  第15章 第十五朵小花花:1759  第16章 第十六朵小花花:2390  第17章 第十七朵小花花:2209  第18章 第十八朵小花花:3292
          第19章 第十九朵小花花:3219  第20章 第二十朵小花花:3091  第21章 第二十一朵小花花:3304  第22章 第二十二朵小花花:3078  第23章 第二十三朵小花花:1235  第24章 第二十四朵小花花:3212
          第25章 第二十五朵小花花:3284  第26章 第二十六朵小花花:2370  第27章 第二十七朵小花花:3262  第28章 第二十八朵小花花:3254  第29章 第二十九朵小花花:3035  第30章 第三十朵小花花:1612
          第31章 第三十一朵小花花:1426  第32章 第三十二朵小花花:1371  第33章 第三十三朵小花花:1124  第34章 花团锦簇:3910  第35章 番外小花:1340

03:33:57  病弱omega对我强取豪夺 (洱丫) [完结+番外]  246p→178章  2154KB  OK
          https://www.52shuku.net/gl/06_b/bkd3l.html
          第1章 重逢:3500  第2章 慈善晚宴:3500  第3章 怎么让她开心:3500  第4章 讨你欢心:3500  第5章 车祸:3500  第6章 不要凶我了:3500
          第7章 情敌碰面降维打击:3518  第8章 你坏死了:3536  第9章 你不是瞎了吗:3555  第10章 还是唇友谊吗:3560  第11章 姐姐，我腿酸:3521  第12章 骗回来结婚:3500
          第13章 我要怎么向你开口:3500  第14章 你又被甩了？:3500  第15章 妈妈，跟我走吧:3553  第16章 蠢货团建:3531  第17章 亲我一下好不好:3500  第18章 药的副作用这么大吗:3573
          第19章 你怕什么呢:3534  第20章 今夜无眠:3529  第21章 我想抱着你睡:3566  第22章 不习惯还是不喜欢:3587  第23章 意外流产:3592  第24章 孩子是谁的:3541
          第25章 流产日期:3626  第26章 我会杀了你:3614  第27章 纪溪今天又勇敢了:3596  第28章 她真的很好很好:3535  第29章 看着淡定实则早疯了:3542  第30章 四季城:3536
          第31章 不会让你受委屈:3545  第32章 软玉入怀:3547  第33章 不想等晚上:3574  第34章 任君采撷:3679  第35章 恶毒的咒骂:3561  第36章 热身小游戏:3570
          第37章 喝西北风:3535  第38章 浴室:3542  第39章 舆论风波:3547  第40章 直播间提问:3583  第41章 你到底有几个追求者:3533  第42章 小狗造反:3589
          第43章 带小孩:3593  第44章 我嫂子很好看吗:3538  第45章 翻旧账:3616  第46章 小孩打架:3584  第47章 零花钱:3568  第48章 月色迷人:3575
          第49章 我恨过她:3585  第50章 发烧:3571  第51章 易感期失控:3587  第52章 初印象:3575  第53章 夜色朦胧:3679  第54章 坏心思:3617
          第55章 别玩了:3645  第56章 倒打一耙:3539  第57章 背景板:3574  第58章 害怕:3532  第59章 她也想要:3572  第60章 有孕:3562
          第61章 前任也是我:3576  第62章 重伤:3556  第63章 情意:3607  第64章 生日蛋糕:3584  第65章 幼稚:3547  第66章 乖小孩:3578
          第67章 订婚:3664  第68章 满足:3573  第69章 三天:3587  第70章 吵架:3577  第71章 爆炸:3641  第72章 报复:3581
          第73章 失忆:3526  第74章 她好爱哭:3570  第75章 吃醋:3548  第76章 调戏:3596  第77章 想要:3547  第78章 睡觉:3598
          第79章 社死:3597  第80章 手术:3583  第81章 请求:3525  第82章 教育:3598  第83章 开屏:3563  第84章 调情:3534
          第85章 装扮:3568  第86章 努力:3528  第87章 逮捕:3528  第88章 过往:3517  第89章 出狱:3610  第90章 哭诉:3579
          第91章 发病:3553  第92章 确诊:3599  第93章 噩梦:3580  第94章 痛苦:3546  第95章 臆想:3540  第96章 软化:3560
          第97章 看海:3518  第98章 上药:3533  第99章 宠坏:3850  第100章 抛弃:3579  第101章 结婚:4474  第102章 八年前—谎言:4143
          第103章 八年前—初遇:3966  第104章 八年前—追求:4427  第105章 八年前—玩弄:4083  第106章 八年前—表白:3718  第107章 八年前—谈心:4157  第108章 八年前—初次:6243
          第109章 八年前—初次下:3063  第110章 八年前—惹哭:4475  第111章 八年前—宝贝:4457  第112章 八年前—调情:4399  第113章 八年前—害怕:4858  第114章 八年前—分手:4935
          第115章 八年前—粗暴:3892  第116章 八年前—流产:3536  第117章 八年前—重逢:4129  第118章 正文—咬腺体:4238  第119章 正文—大婚上:4825  第120章 正文—大婚下:4543
          第121章 生子—有孕:3954  第122章 生子—伤害:3890  第123章 生子—妥协:4167  第124章 生子—谈心:5155  第125章 生子—戒指:4140  第126章 生子—惩罚:4716
          第127章 生子—合同:4721  第128章 生子—磨人:4282  第129章 生子—需求:4645  第130章 生子—撒娇:3748  第131章 生子—痛苦:5270  第132章 生子—报复:3620
          第133章 生子—生产:4745  第134章 生子—涨奶:4618  第135章 生子—按摩:4340  第136章 生子—喂奶:4878  第137章 生子—野心:4698  第138章 生子—吵架:4929
          第139章 生子—幸福上:4229  第140章 生子—幸福下:7467  第141章 正文—闹别扭:3562  第142章 重生—找老婆:5025  第143章 重生—疏导:4521  第144章 重生—养娃:4908
          第145章 重生—委屈:4441  第146章 重生—分化:3643  第147章 重生—哭闹:4544  第148章 重生—醉酒:4486  第149章 重生—吃醋:4179  第150章 重生—强迫:4895
          第151章 重生—受伤:4031  第152章 重生—不安:4202  第153章 重生—爬床:3945  第154章 重生—挣扎:4068  第155章 重生—表白:4167  第156章 重生—坦白:4242
          第157章 重生—挨打:4563  第158章 重生—心疼:3734  第159章 重生—真相:3969  第160章 重生—亲亲:4134  第161章 重生—事后:3639  第162章 重生—怀孕:3970
          第163章 重生—圆满:6356  第164章 流产—手术:3575  第165章 流产—分手:4136  第166章 流产—谈心:4847  第167章 流产—哄骗:4389  第168章 流产—哄我:4518
          第169章 流产—困扰:4838  第170章 流产—幸福:6811  第171章 纪溪—岁岁皆安:5710  第172章 程诺—明月入我怀:3488  第173章 盛青山—二十七年春:6002  第174章 盛云舒—兰草倚青山:6368
          第175章 应清和—笼中鸟:7863  第176章 苏晟—无根萍:6988  第177章 许知秋＆艾琳娜:6771  第178章 后记:3508

03:34:58  正道天骄，但反派是我白月光 (时旋) [完结+番外]  162p→147章  1454KB  OK
          https://www.52shuku.net/gl/06_b/bkd3j.html
          第1章 说书人:2578  第2章 灵玉:2726  第3章 茶言茶语:3033  第4章 黄粱一梦:3402  第5章 观云宗主:3096  第6章 笼络人心:3107
          第7章 跨服聊天:3015  第8章 预言成真:3555  第9章 初遇:3172  第10章 客栈偶遇:3290  第11章 元宵灯会:3328  第12章 闲谈:3129
          第13章 试探:3046  第14章 原形毕露？！:3445  第15章 异兽:3011  第16章 陷阱:3191  第17章 险些掉马:3187  第18章 千机阁预言:2411
          第19章 有人在做局:3995  第20章 拔不出来的剑（修）:3197  第21章 受伤（修）:3361  第22章 酒肆:2729  第23章 妖道:2291  第24章 村落:2491
          第25章 背叛:2495  第26章 背叛者的犹豫:3840  第27章 将计就计:2691  第28章 火系法宝:2149  第29章 真正的险境:2668  第30章 转危为安:2837
          第31章 封印解除:2295  第32章 魍魉出世？:2396  第33章 老婆来信了:3086  第34章 秘密:2138  第35章 大水冲了龙王庙:2787  第36章 千机阁主:2205
          第37章 她克你:2656  第38章 平静的疯感:3467  第39章 愧疚:2631  第40章 氪命一族:3003  第41章 晷乱:2435  第42章 后知后觉:3992
          第43章 毒蛇:3094  第44章 蜃:3069  第45章 怀璧其罪:3381  第46章 心疼:3691  第47章 不速之客:3290  第48章 危机初显:3251
          第49章 外面的世界:3372  第50章 我快死了？:2658  第51章 雷区蹦迪:3065  第52章 掉马进行时:3551  第53章 报复:3119  第54章 鹿惜前辈:3300
          第55章 大厦将倾:3122  第56章 “你骗我”:3011  第57章 命悬一线:3219  第58章 概念神，懂？:3113  第59章 怨恨:3358  第60章 被迫同住:3057
          第61章 谁睡床？:2713  第62章 微醋:3091  第63章 杯弓蛇影:2811  第64章 逛街:3321  第65章 仙门大比:3218  第66章 邪修第一人:3142
          第67章 混合双打:3101  第68章 害怕:3667  第69章 这花可真花呀:3250  第70章 暗爽:3271  第71章 丝络蛊:3342  第72章 东海:2986
          第73章 死灵:3122  第74章 醉吻:3801  第75章 母（师）慈子孝:3408  第76章 争执:3423  第77章 殉道者:3539  第78章 幕后真凶:3246
          第79章 醒悟:3844  第80章 卖惨:3308  第81章 来拒去留:3314  第82章 美梦噩梦:3983  第83章 恃宠而什么来着:2713  第84章 上官若英失踪:3164
          第85章 朋友:3281  第86章 楚英死了:3191  第87章 十日之期:2773  第88章 历史错了？:3117  第89章 恨明月:2641  第90章 初识不解卦中意:3251
          第91章 时间法则:3067  第92章 好消息，醒了:3126  第93章 我只是失忆了 ，不是变傻了:2896  第94章 这么迟钝，长点心吧:3105  第95章 患得患失:2735  第96章 失控:3190
          第97章 同病相怜:3238  第98章 抉择:3913  第99章 变化:3843  第100章 殊途同归:3275  第101章 入魔:3254  第102章 变故:3290
          第103章 瓶颈:3225  第104章 愿望:3469  第105章 真相:3777  第106章 双修:3385  第107章 合作伙伴爱上老板（命苦）:3318  第108章 不通人性:2953
          第109章 emo狐狐:3095  第110章 疑虑:3593  第111章 七年后:3558  第112章 等我回来了:3341  第113章 人生模拟器:3107  第114章 遗憾:3689
          第115章 落子无悔:3429  第116章 双向奔赴:4248  第117章 师姐:3516  第118章 完啦！:3954  第119章 猫猫祟祟:3770  第120章 和好:3446
          第121章 龙:3655  第122章 身世:3412  第123章 希夷神君:3650  第124章 仙协路听雪:3488  第125章 魍魉:3706  第126章 祸乱原因:3221
          第127章 吐出来！:3407  第128章 阴阳:3736  第129章 命运尽头:3590  第130章 问什么？:3419  第131章 诉衷肠:4178  第132章 变故:3308
          第133章 割袍:3972  第134章 墙倒众人推:3114  第135章 昆仑山:3167  第136章 生死相随:3138  第137章 背叛:3911  第138章 仙途保送生:3963
          第139章 历史尾声:3492  第140章 我不成仙啦！:3352  第141章 重逢:3816  第142章 二合一加更:6363  第143章 狐狸精AU[番外]:2903  第144章 狐狸精AU[番外]:4134
          第145章 狐狸精AU[番外]:3395  第146章 狐狸精AU[番外]:3678  第147章 狐狸精AU（完）[番外]:4438

03:35:31  她有一条宝贝鱼 (upon) [完结]  85p→78章  714KB  OK
          https://www.52shuku.net/gl/05_b/bkd3b.html
          第1章:3122  第2章:3034  第3章:3160  第4章:1158  第5章:1571  第6章:2054
          第7章:1182  第8章:1895  第9章:798  第10章:1414  第11章:2113  第12章:2221
          第13章:2447  第14章:2075  第15章:2156  第16章:2190  第17章:2149  第18章:2300
          第19章:2189  第20章:2229  第21章:2253  第22章:2240  第23章:2263  第24章:2072
          第25章:2130  第26章:2121  第27章:2402  第28章:2216  第29章:2079  第30章:10949
          第31章:2502  第32章:2284  第33章:3400  第34章:4015  第35章:3416  第36章:4482
          第37章:5955  第38章:3644  第39章:3697  第40章:2664  第41章:3783  第42章:2684
          第43章:2738  第44章:2864  第45章:2584  第46章:3760  第47章:3525  第48章:2868
          第49章:2771  第50章:3440  第51章:3044  第52章:2249  第53章:2362  第54章:3368
          第55章:2337  第56章:3503  第57章:2278  第58章:3378  第59章:2338  第60章:2669
          第61章:6417  第62章:3473  第63章:4013  第64章:3367  第65章:3702  第66章:3372
          第67章:3679  第68章:3694  第69章:3711  第70章:3698  第71章:3988  第72章:2269
          第73章:3716  第74章:3653  第75章:3366  第76章:3292  第77章:2008  第78章:8223

03:36:56  黑莲花的情债黑化了[快穿] (姜折) [完结]  231p→113章  2011KB  OK
          https://www.52shuku.net/gl/05_b/bkd3a.html
          第1章:3130  第2章:4463  第3章:4143  第4章:4493  第5章:4604  第6章:4912
          第7章:4578  第8章:3711  第9章:3617  第10章:4165  第11章:3828  第12章:3781
          第13章:3606  第14章:4480  第15章:3218  第16章:11022  第17章:11226  第18章:11163
          第19章:8648  第20章:8746  第21章:8671  第22章:8968  第23章:8679  第24章:8799
          第25章:8653  第26章:8698  第27章:8715  第28章:8780  第29章:8066  第30章:9299
          第31章:8622  第32章:8605  第33章:8736  第34章:8830  第35章:8681  第36章:8720
          第37章:9238  第38章:3671  第39章:9031  第40章:8817  第41章:8895  第42章:8559
          第43章:8937  第44章:8623  第45章:8437  第46章:8724  第47章:3834  第48章:3846
          第49章:9006  第50章:3445  第51章:3489  第52章:3548  第53章:3480  第54章:3476
          第55章:3492  第56章:8594  第57章:8583  第58章:8694  第59章:3471  第60章:8539
          第61章:8717  第62章:8755  第63章:8896  第64章:8600  第65章:8693  第66章:3636
          第67章:3657  第68章:3590  第69章:6655  第70章:6828  第71章:6800  第72章:7724
          第73章:7537  第74章:7887  第75章:7730  第76章:7997  第77章:7657  第78章:7786
          第79章:3998  第80章:3717  第81章:3508  第82章:7979  第83章:7664  第84章:3825
          第85章:3518  第86章:3517  第87章:3378  第88章:3406  第89章:3517  第90章:3457
          第91章:3394  第92章:3406  第93章:3395  第94章:3396  第95章:3373  第96章:3369
          第97章:3538  第98章:3377  第99章:3454  第100章:3460  第101章:3603  第102章:3471
          第103章:3345  第104章:3418  第105章:3404  第106章:3405  第107章:3539  第108章:3457
          第109章:3421  第110章:1758  第111章:2295  第112章:2578  第113章:6115

03:37:49  被学生她妈强取豪夺了 (公子欢) [完结]  146p→71章  1146KB  OK
          https://www.52shuku.net/gl/05_b/bkd2Z.html
          第1章:3947  第2章:3742  第3章:3970  第4章:3193  第5章:3429  第6章:4495
          第7章:3824  第8章:3627  第9章:2147  第10章:2670  第11章:2967  第12章:4371
          第13章:3031  第14章:2674  第15章:4650  第16章:4131  第17章:3806  第18章:7487
          第19章:5009  第20章:5445  第21章:5411  第22章:3397  第23章:8092  第24章:7655
          第25章:8491  第26章:6170  第27章:6808  第28章:5879  第29章:5797  第30章:5506
          第31章:7760  第32章:7656  第33章:6590  第34章:4342  第35章:7371  第36章:7081
          第37章:8756  第38章:7212  第39章:6193  第40章:7525  第41章:7118  第42章:7583
          第43章:5606  第44章:6821  第45章:5038  第46章:3881  第47章:3814  第48章:5001
          第49章:5218  第50章:4760  第51章:6925  第52章:5162  第53章:3991  第54章:3254
          第55章:9095  第56章:3699  第57章:5966  第58章:4456  第59章:5095  第60章:6889
          第61章:6735  第62章:6027  第63章:6265  第64章:5680  第65章:4830  第66章:5267
          第67章:3730  第68章:4700  第69章:3683  第70章:3600  第71章:5521

03:38:20  旧月光 (系里扶桑) [完结+番外]  81p→46章  712KB  OK
          https://www.52shuku.net/gl/04_b/bkd2f.html
          第1章:4648  第2章:4796  第3章:5287  第4章:5663  第5章:5468  第6章:4310
          第7章:4062  第8章:5647  第9章:5529  第10章:4621  第11章:4397  第12章:5832
          第13章:4278  第14章:6061  第15章:4772  第16章:3117  第17章:6093  第18章:6021
          第19章:4138  第20章:5224  第21章:6248  第22章:7007  第23章:3772  第24章:4792
          第25章:4106  第26章:4149  第27章:4509  第28章:2842  第29章:3695  第30章:6550
          第31章:7174  第32章:5527  第33章:5664  第34章:5463  第35章:6007  第36章:4731
          第37章:5007  第38章:4423  第39章:5702  第40章:4753  第41章:6090  第42章:5268
          第43章:6375  第44章:5951  第45章:5909  第46章:3971

03:38:52  惊春 (北叶子) [完结]  84p→46章  712KB  OK
          https://www.52shuku.net/gl/04_b/bkd2e.html
          第1章:4648  第2章:4796  第3章:5287  第4章:5663  第5章:5468  第6章:4310
          第7章:4062  第8章:5647  第9章:5529  第10章:4621  第11章:4397  第12章:5832
          第13章:4278  第14章:6061  第15章:4772  第16章:3117  第17章:6093  第18章:6021
          第19章:4138  第20章:5224  第21章:6248  第22章:7007  第23章:3772  第24章:4792
          第25章:4106  第26章:4149  第27章:4509  第28章:2842  第29章:3695  第30章:6550
          第31章:7174  第32章:5527  第33章:5664  第34章:5463  第35章:6007  第36章:4731
          第37章:5007  第38章:4423  第39章:5702  第40章:4753  第41章:6090  第42章:5268
          第43章:6375  第44章:5951  第45章:5909  第46章:3971

03:40:09  是姐躲不过 (这条小猫在乎) [完结+番外]  210p→151章  1829KB  OK
          https://www.52shuku.net/gl/03_b/bkd0S.html
          第1章:3021  第2章:3171  第3章:2692  第4章:3392  第5章:2725  第6章:2873
          第7章:3269  第8章:2408  第9章:6287  第10章:3067  第11章:3154  第12章:3041
          第13章:3495  第14章:1993  第15章:2381  第16章:2155  第17章:2674  第18章:2084
          第19章:2186  第20章:4895  第21章:9675  第22章:5943  第23章:6847  第24章:6522
          第25章:5579  第26章:5966  第27章:4668  第28章:3530  第29章:6490  第30章:4197
          第31章:3538  第32章:6104  第33章:5155  第34章:6432  第35章:5769  第36章:5898
          第37章:5563  第38章:5388  第39章:3988  第40章:2678  第41章:6133  第42章:4240
          第43章:5287  第44章:5850  第45章:3258  第46章:5900  第47章:3635  第48章:6429
          第49章:3379  第50章:5640  第51章:3403  第52章:3256  第53章:3200  第54章:4056
          第55章:3872  第56章:3871  第57章:6348  第58章:6701  第59章:6822  第60章:6509
          第61章:4321  第62章:3664  第63章:9603  第64章:4329  第65章:3023  第66章:3742
          第67章:3179  第68章:3109  第69章:3091  第70章:3272  第71章:3473  第72章:3912
          第73章:3082  第74章:4226  第75章:3394  第76章:3714  第77章:3659  第78章:3415
          第79章:4677  第80章:3734  第81章:3404  第82章:4038  第83章:2981  第84章:4390
          第85章:3144  第86章:4161  第87章:3038  第88章:4827  第89章:4183  第90章:4051
          第91章:3620  第92章:3686  第93章:4137  第94章:3668  第95章:3704  第96章:3054
          第97章:3421  第98章:3014  第99章:3272  第100章:3464  第101章:2980  第102章:3351
          第103章:3391  第104章:4436  第105章:3817  第106章:5244  第107章:5961  第108章:3710
          第109章:3330  第110章:3266  第111章:3473  第112章:4022  第113章:3655  第114章:3651
          第115章:2987  第116章:3023  第117章:3591  第118章:3548  第119章:3968  第120章:4042
          第121章:3249  第122章:3443  第123章:3351  第124章:3345  第125章:3270  第126章:3003
          第127章:3196  第128章:2953  第129章:3266  第130章:3281  第131章:3157  第132章:3650
          第133章:3207  第134章:3442  第135章:3212  第136章:3248  第137章:3638  第138章:2930
          第139章:3021  第140章:3169  第141章:3382  第142章:3439  第143章:3358  第144章:4225
          第145章 番外一:3305  第146章 番外二:3281  第147章 番外三:4103  第148章 番外四:3648  第149章 高绘言IF线:5657  第150章 杨晚兮IF线:5721
          第151章 裴月IF线:5657

03:40:51  地下妖妖局 (逢山遇水) [完结+番外]  112p→101章  988KB  OK
          https://www.52shuku.net/gl/03_b/bkd0R.html
          第1章 楔子:1108  第2章 相逢:4687  第3章 桐卿:3152  第4章 寂语:3885  第5章 顾筱:3451  第6章 南河一墓:3287
          第7章 迷雾:3718  第8章 出雾:3729  第9章 失踪:4096  第10章 凝视:3331  第11章 庆功会:3421  第12章 桐卿离开:3239
          第13章 猎物:3193  第14章 先行准予:3259  第15章 照片:3251  第16章 启程:3546  第17章 入局:4007  第18章 石门:3402
          第19章 死路:3565  第20章 诡异信徒:3263  第21章 四面佛（一）:3203  第22章 四面佛（二）:3283  第23章 阴阳墓:3423  第24章 地龙:3541
          第25章 石头人:3692  第26章 真假顾筱:3356  第27章 幻梦灵:3442  第28章 戚梦风:3051  第29章 抱头蝠:3374  第30章 嫤:3780
          第31章 嬷嬷:3585  第32章 上花轿:3510  第33章 八角棺阵:3203  第34章 将军:3380  第35章 珈:3561  第36章 遇险:3169
          第37章 感激:3327  第38章 有鬼:3302  第39章 观小鬼:3871  第40章 单相思:3535  第41章 听话:3202  第42章 恶趣味:3219
          第43章 汇合:3094  第44章 黑白:3246  第45章 回来:3166  第46章 大嘴:3277  第47章 干尸:3328  第48章 番外一 顾家:3741
          第49章 埋伏:3082  第50章 地火:3551  第51章 焚身:3221  第52章 番外二观讳:2678  第53章 番外三桐树:2308  第54章 回京:3230
          第55章 坦白局:3261  第56章 爱与不爱:3768  第57章 梦吗:3040  第58章 次饭:3393  第59章 密室:3177  第60章 隐忍:2888
          第61章 骨仙引:3002  第62章 临冬:2953  第63章 聚餐:2914  第64章 再次下墓:3065  第65章 复活:2891  第66章 脾气:3005
          第67章 白眼狼:3075  第68章 暴露:3021  第69章 小婧:3004  第70章 帝王魂:3004  第71章 对决:3213  第72章 难咽:3003
          第73章 秘密:3007  第74章 阴谋:3025  第75章 初识情意:3209  第76章 信件:3219  第77章 做饭:3015  第78章 我不是枪神:3054
          第79章 妖性:3002  第80章 四季:3001  第81章 人间:3040  第82章 小狗狗:3042  第83章 戒色:3010  第84章 兽性:3212
          第85章 牢狱:3015  第86章 没死:3144  第87章 探龙楼:3211  第88章 虎女:3020  第89章 变脸:3209  第90章 离开:3201
          第91章 态度:3035  第92章 活火山:3218  第93章 赌:3033  第94章 上山准备:3206  第95章 四月初四:3035  第96章 对峙:3010
          第97章 火山:3016  第98章 鬼来着:3029  第99章 破阵:3069  第100章 成神:3076  第101章 新的开始[番外]:1711

03:42:15  猫猫师姐身陷修罗场 (云深见鹿) [完结+番外]  226p→155章  1985KB  OK
          https://www.52shuku.net/gl/03_b/bkd0Q.html
          第1章 捆绑师妹喂药:3328  第2章 怎么有人趁乱摸她的肉垫？！:2866  第3章 庸医！猫不会放过你的！:2858  第4章 师尊你听猫猫狡辩:3233  第5章 和师妹一起中了蛊虫:5032  第6章 护短的猫猫师姐:2394
          第7章 允许你贿赂小鱼干:2448  第8章 和魔女师妹的初次交锋:2758  第9章 被师妹哄着喝药:3385  第10章 搂着猫猫睡觉:3527  第11章 不生我的气了吗？:2888  第12章 给你摸猫猫的小肚皮:2635
          第13章 苏师姐总是嘴硬心软:2838  第14章 猫猫给你擦脸:3566  第15章 她怎么又生气了？:3510  第16章 人，不可以随便摸猫猫:3943  第17章 真是一条小醋龙:3666  第18章 嘤，猫的胸膛被贴贴了:3176
          第19章 猫猫会戳穿你的:3342  第20章 是冰龙，不是小狗:3895  第21章 缠尾:10354  第22章 小龙心，海底针:8353  第23章 舔一下就脸红:6765  第24章 猫猫也可以养人类:6929
          第25章 黏人的小尾巴:6221  第26章 师姐来我房间吧:6358  第27章 猫猫泡药浴被围观了:6383  第28章 还我宝贝:6357  第29章 私下给你抱抱:6771  第30章 她们不会说出去的:6515
          第31章 猫猫跟我回家吧:6256  第32章 天上掉下小鱼雨了:6472  第33章 猫猫被打了:6486  第34章 是嗷呜不是喵呜:6222  第35章 师姐，别说了:3296  第36章 你的龙角疼不疼:3586
          第37章 师娘:6381  第38章 海参猫也是猫:6920  第39章 猫猫雨露均沾:6538  第40章 软软的，很好亲:3469  第41章 和风郁师妹比剑:3050  第42章 一直和师姐在一起:5143
          第43章 曲绛绡回来闹事了:3770  第44章 喜欢什么颜色的麻袋:6266  第45章 讨我喜欢:6158  第46章 抱着风师妹哄:3235  第47章 背着我偷偷私会:6293  第48章 喜欢小猫咪有什么错呢:6524
          第49章 同时招惹两个师妹:6327  第50章 师姐，我好喜欢你:6087  第51章 风郁师妹的母亲来了:6201  第52章 她在诱惑猫猫:6323  第53章 奇怪的关系:6206  第54章 惹怒龙族的下场~:6870
          第55章 我没有尾巴:4981  第56章 猫猫今天会给所有人好脸色:3925  第57章 三人一起泡温泉:4898  第58章 你们不要再为我打架了:4690  第59章 埋进猫猫的肚皮里吧:3833  第60章 不可以又吸又摸！:5079
          第61章 她们四个，你选谁:4372  第62章 认贼做母？:3485  第63章 留下来做我的女儿吧:4986  第64章 小橘团:4794  第65章 驱除心疾:4691  第66章 怎么都要摸猫猫的尾巴:5194
          第67章 师姐，你睡了吗？:4732  第68章 一起看色色话本:3721  第69章 抱得美人归:6114  第70章 躲猫猫:3635  第71章 贴在猫猫的胸脯上吧:6656  第72章 小猫踩踩蛇:3383
          第73章 虎族传承:3934  第74章 爱的礼物:3872  第75章 拍拍魔女:4784  第76章 压在本尊身上:3769  第77章 小龙的心结:4440  第78章 风郁师妹的小心思:3415
          第79章 不矜持的小猫咪:3837  第80章 师姐是要一直躲着我吗？:4160  第81章 接吻:4763  第82章 伤害师妹的事我全做:3719  第83章 猫猫的发热期:3875  第84章 别在这里:3388
          第85章 这就是你修的无情道？:3384  第86章 坏小龙干扰她的道心:3935  第87章 夺回金丹:3750  第88章 能干的猫猫:3198  第89章 我不会走的:5256  第90章 此生非师姐不娶:4129
          第91章 迷雾:3312  第92章 请原谅她的私心:3347  第93章 风师妹何至于此:3441  第94章 猫猫磨爪:3358  第95章 一夜无眠:3331  第96章 曲师妹实在难缠:3565
          第97章 姻缘签:3578  第98章 突然亲亲:3488  第99章 贴身照顾:3415  第100章 小橘伤心:5031  第101章 师姐为我吃醋:5075  第102章 求不得:2197
          第103章 登顶逍遥阁:3561  第104章 天机预言:3844  第105章 至少她还愿意回家:3342  第106章 猫猫心事:3223  第107章 大师姐好心狠:2214  第108章 旧友相逢:3689
          第109章 八卦:3929  第110章 小冰龙总是钓她:3113  第111章 中毒:4181  第112章 拍拍龙尾:2594  第113章 美味蚌肉:3564  第114章 我很在意:2956
          第115章 小猫咪在想什么呢:3605  第116章 倒霉的猫猫:2779  第117章 本座的魔族圣喵:3925  第118章 前世今生:2913  第119章 师姐偏心:6475  第120章 她们也很享受:6155
          第121章 破镜:3067  第122章 她们又打起来了:2412  第123章 只有我与她最般配:3376  第124章 摸摸龙角:4532  第125章 相拥:2998  第126章 真让猫猫头痛:3946
          第127章 威逼利诱:8129  第128章 自责:3324  第129章 师尊:6712  第130章 过往:3020  第131章 援兵:3185  第132章 束手就擒:3496
          第133章 最后为你做的事情:3156  第134章 师姐，我来寻你:3689  第135章 醒来:2055  第136章 你来晚了:2331  第137章 结局:2617  第138章 if线苏辞冰x祝茯橘:3524
          第139章 if线苏辞冰x祝茯橘:2859  第140章 if线苏辞冰x祝茯橘:3588  第141章 if线苏辞冰x祝茯橘:3913  第142章 if线苏辞冰x祝茯橘:2570  第143章 if线苏辞冰x祝茯橘:3159  第144章 if线苏辞冰x祝茯橘:3853
          第145章 if线风郁x祝茯橘:2461  第146章 if线风郁x祝茯橘:3302  第147章 if线风郁x祝茯橘:4105  第148章 if线风郁x祝茯橘:2994  第149章 if线风郁x祝茯橘:4116  第150章 if线风郁x祝茯橘:3882
          第151章 if线风郁X祝茯橘:3220  第152章 if线风郁x祝茯橘:3536  第153章 if线曲绛绡x祝茯橘:3935  第154章 if线曲绛绡X祝茯橘:4333  第155章 if线曲绛绡X祝茯橘:2719

03:43:17  再骗骗我吧 (何为风月) [完结+番外]  167p→89章  1444KB  OK
          https://www.52shuku.net/gl/03_b/bkd0P.html
          第1章:2366  第2章:3449  第3章:2460  第4章:2718  第5章:2821  第6章:3582
          第7章:2825  第8章:3203  第9章:3602  第10章:3760  第11章:2104  第12章:1804
          第13章:2521  第14章:2209  第15章:4081  第16章:2700  第17章:2668  第18章:2237
          第19章:2128  第20章:2531  第21章:2258  第22章:2456  第23章:1966  第24章:6056
          第25章:6045  第26章:6479  第27章:6462  第28章:6173  第29章:6543  第30章:6329
          第31章:6132  第32章:6063  第33章:6267  第34章:6173  第35章:5992  第36章:6275
          第37章:6257  第38章:3417  第39章:3040  第40章:6282  第41章:6142  第42章:6110
          第43章:6211  第44章:6284  第45章:7085  第46章:7526  第47章:6544  第48章:6836
          第49章:7787  第50章:7333  第51章:6538  第52章:7152  第53章:8050  第54章:6211
          第55章:7149  第56章:7131  第57章:6334  第58章:7795  第59章:7135  第60章:7242
          第61章:6121  第62章:7209  第63章:5953  第64章:5840  第65章:6411  第66章:6035
          第67章:6042  第68章:6206  第69章:6080  第70章:6463  第71章:6174  第72章:6195
          第73章:6039  第74章:6188  第75章:6242  第76章:6026  第77章:6310  第78章:6117
          第79章:6256  第80章:6273  第81章:6254  第82章:6127  第83章:6082  第84章:6123
          第85章:6167  第86章:6153  第87章:6303  第88章:6073  第89章:3169

03:44:28  冷宫养出个病娇女皇 (叶听白) [完结]  192p→149章  1723KB  OK
          https://www.52shuku.net/gl/03_b/bkd0O.html
          第1章:2474  第2章:3547  第3章:2832  第4章:3269  第5章:3520  第6章:2675
          第7章:4890  第8章:4050  第9章:3291  第10章:3527  第11章:3754  第12章:4531
          第13章:3946  第14章:3102  第15章:4407  第16章:3914  第17章:3630  第18章:3194
          第19章:4877  第20章:5166  第21章:3470  第22章:3538  第23章:3565  第24章:3362
          第25章:4275  第26章:3076  第27章:4657  第28章:3620  第29章:3052  第30章:3216
          第31章:3322  第32章:3435  第33章:4018  第34章:3056  第35章:3759  第36章:3083
          第37章:4780  第38章:3276  第39章:3641  第40章:4173  第41章:3689  第42章:3273
          第43章:3028  第44章:3596  第45章:3737  第46章:3615  第47章:4715  第48章:3543
          第49章:3194  第50章:4008  第51章:3270  第52章:3314  第53章:4142  第54章:3777
          第55章:3946  第56章:3086  第57章:4000  第58章:3330  第59章:3694  第60章:3152
          第61章:3122  第62章:4807  第63章:3748  第64章:3475  第65章:3560  第66章:3468
          第67章:3459  第68章:3820  第69章:3497  第70章:3970  第71章:3310  第72章:3420
          第73章:3176  第74章:3155  第75章:2523  第76章:3672  第77章:3475  第78章:3116
          第79章:4198  第80章:3035  第81章:4350  第82章:4558  第83章:3347  第84章:3094
          第85章:3347  第86章:3213  第87章:3223  第88章:6282  第89章:4389  第90章:3543
          第91章:3494  第92章:4107  第93章:4176  第94章:4721  第95章 苏婉自述:4533  第96章:4541
          第97章:3495  第98章:5007  第99章:4644  第100章:3934  第101章:5013  第102章:3179
          第103章:3905  第104章:5186  第105章:2447  第106章:4255  第107章:3622  第108章:4004
          第109章:5099  第110章:3924  第111章:4632  第112章:4476  第113章:4200  第114章:3714
          第115章:3802  第116章:3796  第117章:3759  第118章:4322  第119章:3555  第120章:3966
          第121章:3812  第122章:4208  第123章:4931  第124章:4782  第125章:3228  第126章:3427
          第127章:3796  第128章:3894  第129章:3470  第130章:4144  第131章:6325  第132章:4263
          第133章:4596  第134章:3468  第135章:4212  第136章:4146  第137章:3219  第138章:5143
          第139章:6117  第140章:3977  第141章:3516  第142章:4440  第143章:3263  第144章:3103
          第145章:3867  第146章:4455  第147章:3841  第148章:4256  第149章 大结局:4828

03:45:00  前妻，请自重 (上划线A) [完结+番外]  83p→79章  731KB  OK
          https://www.52shuku.net/gl/03_b/bkd0N.html
          第1章:3296  第2章:3159  第3章:3534  第4章:2099  第5章:3012  第6章:3298
          第7章:3138  第8章:3039  第9章:3035  第10章:3293  第11章:3119  第12章:3137
          第13章:3152  第14章:3066  第15章:3091  第16章:3027  第17章:3023  第18章:3022
          第19章:3023  第20章:3022  第21章:3051  第22章:3006  第23章:3085  第24章:3120
          第25章:3021  第26章:3125  第27章:3065  第28章:3020  第29章:3027  第30章:2069
          第31章:3089  第32章:3552  第33章:3301  第34章:3113  第35章:3247  第36章:3165
          第37章:5538  第38章:3012  第39章:3013  第40章:3014  第41章:3025  第42章:3072
          第43章:3085  第44章:3004  第45章:3045  第46章:3030  第47章:3017  第48章:3037
          第49章:3044  第50章:3040  第51章:3022  第52章:3024  第53章:3038  第54章:3065
          第55章:3002  第56章:3053  第57章:6072  第58章:3020  第59章:3017  第60章:3044
          第61章:3023  第62章:3197  第63章:2094  第64章:891  第65章:3042  第66章:3166
          第67章:3076  第68章:3015  第69章:3028  第70章:3021  第71章:4207  第72章:3121
          第73章:3098  第74章:3089  第75章:1410  第76章:1764  第77章:3041  第78章:3159
          第79章 [番外]:2288

03:45:21  穿成柔弱美人的小醋猫 (温水煮茶) [完结]  57p→63章  481KB  OK
          https://www.52shuku.net/gl/03_b/bkd0K.html
          第1章 绝育:2399  第2章 蔑视:2634  第3章 初遇:2449  第4章 舔毛:2573  第5章 沐浴:2402  第6章 领地:2765
          第7章 醋意:2233  第8章 亲吻:2267  第9章 招摇:2519  第10章 忽悠:2150  第11章 干架:2230  第12章 魔镜:2178
          第13章 应激:2145  第14章 敌意:2220  第15章 洗澡:2163  第16章 讨好:2509  第17章 猫饭:2134  第18章 踩奶:2217
          第19章 报恩:2308  第20章 哄睡:2665  第21章 服软:2355  第22章 相亲:2032  第23章 藏匿:2400  第24章 秘密:2360
          第25章 争辩:2200  第26章 委屈:2053  第27章 心事:2151  第28章 比赛:2414  第29章 哭闹(倒V开始):3073  第30章 报复:2230
          第31章 炸毛:2165  第32章 标记:2096  第33章 套路:2191  第34章 不乖:2389  第35章 占有:3157  第36章 营业:2722
          第37章 礼物:2871  第38章 查岗:2067  第39章 游戏:2465  第40章 专一:2332  第41章 护食:2224  第42章 猫粮:2137
          第43章 人情:2184  第44章 暖心:2023  第45章 黏人:2207  第46章 苦力:2156  第47章 执着:2149  第48章 出柜:2166
          第49章 浅吻:2607  第50章 好奇:2576  第51章 哄乖:3602  第52章 疗伤:2054  第53章 吸猫:2359  第54章 警告:2112
          第55章 在乎:2364  第56章 撒娇:2169  第57章 破裂:2347  第58章 生机:2115  第59章 营救:2478  第60章 三合一:10268
          第61章 值得:3069  第62章 好攻:3129  第63章 终章:3340

03:45:54  背着忠犬找坏女人被发现后 (过审) [完结]  85p→71章  698KB  OK
          https://www.52shuku.net/gl/03_b/bkd0J.html
          第1章 饲主:3185  第2章 唤狗:3052  第3章 越界:3144  第4章 金丝雀:3231  第5章 任性:3066  第6章 过敏:3133
          第7章 巧取:3041  第8章 锁:3062  第9章 崇拜信徒的神:3015  第10章 市长和敲钟人:3304  第11章 背叛:3058  第12章 生恨:3054
          第13章 对峙:3070  第14章 逃与杀:3029  第15章 沉江:3026  第16章 绑架:3094  第17章 鬼:3113  第18章 变态与慈善家:3038
          第19章 大天使:3043  第20章 白房子:3094  第21章 丑八怪:3064  第22章 标本:3048  第23章 亵渎:3023  第24章 回家:3033
          第25章 代价:3026  第26章 饥饿:3070  第27章 异变:3127  第28章 实验室:3166  第29章 笼养:3059  第30章 实验:3098
          第31章 不可告人:3032  第32章 交易:3114  第33章 软:3177  第34章 一石二鸟的安排:3042  第35章 同谋:3212  第36章 不乖不痛:3070
          第37章 极限体能测试:3093  第38章 递刀:3017  第39章 我没有，你造谣:3027  第40章 暂时原谅你了:3042  第41章 生计困难:3130  第42章 笨蛋通缉犯的破产旅行:3075
          第43章 你不许喜欢:3072  第44章 爱情事故:3037  第45章 错位认知:3029  第46章 你错哪里了:3032  第47章 天堂鸟:3103  第48章 怕她也有份教育:3165
          第49章 Move:3065  第50章 知道我讨厌你什么吗:3085  第51章 【万字】罚罚罚:10059  第52章 贼心不死:3035  第53章 在哪里绑架，就在哪里躺平:3048  第54章 专业型悍匪:3028
          第55章 买单者:3063  第56章 狐朋狗友是？:3140  第57章 大型犬类依赖症候群:3034  第58章 真是病毒软件！:3035  第59章 博士级政治敏感度:3082  第60章 在军官休息室睡着了:3332
          第61章 精神病:3048  第62章 值外勤:3090  第63章 史莱姆:3242  第64章 婚礼:3212  第65章 难能可贵的:3019  第66章 半路打劫:3093
          第67章 她的政治资本，谁的一眼万年:3063  第68章 一切都在计划中，长官:4072  第69章 纠正:3088  第70章 一吻定情:3055  第71章 我不是救世主:3118

03:46:51  请叫我女王陛下 (何仙咕) [完结]  151p→105章  1237KB  OK
          https://www.52shuku.net/gl/03_b/bkd0I.html
          第1章:3709  第2章:3294  第3章:3444  第4章:3305  第5章:3416  第6章:3198
          第7章:3423  第8章:3500  第9章:3462  第10章:1998  第11章:2091  第12章:2297
          第13章:2205  第14章:2285  第15章:2033  第16章:2273  第17章:2182  第18章:2152
          第19章:2120  第20章:2009  第21章:2355  第22章:2388  第23章:2257  第24章:10591
          第25章:6290  第26章:6252  第27章:6573  第28章:6642  第29章:6578  第30章:6248
          第31章:6565  第32章:6574  第33章:6552  第34章:6277  第35章:6262  第36章:6209
          第37章:6245  第38章:6316  第39章:6552  第40章:6609  第41章:1298  第一章 ：女友岗位职责；:94
          第二章 ：恋爱事项清单；:4893  第42章:6569  第43章:6569  第44章:6545  第45章:6218  第46章:6614
          第47章:6245  第48章:6685  第49章:6546  第50章:3686  第51章:3290  第52章:3576
          第53章:3211  第54章:3603  第55章:3197  第56章:3271  第57章:3227  第58章:3281
          第59章:3579  第60章:3253  第61章:3196  第62章:3297  第63章:3570  第64章:3256
          第65章:3233  第66章:3629  第67章:3193  第68章:3239  第69章:3224  第70章:3208
          第71章:3249  第72章:3205  第73章:3209  第74章:3246  第75章:3541  第76章:3512
          第77章:3208  第78章:3299  第79章:3256  第80章:3612  第81章:3722  第82章:3188
          第83章:3204  第84章:3724  第85章:3190  第86章:3647  第87章:3426  第88章:3246
          第89章:3191  第90章:3241  第91章:3233  第92章:3191  第93章:3199  第94章:3190
          第95章:3202  第96章:3310  第97章:2567  第98章:2577  第99章:3200  第100章:2531
          第101章:2629  第102章:2620  第103章:2622

03:47:19  招惹的疯批美人竟是我的顶头上司 (今夜雪迟) [完结]  70p→46章  572KB  OK
          https://www.52shuku.net/gl/03_b/bkd0D.html
          第1章 重逢:4947  第2章 肉偿:3897  第3章 求助:4361  第4章 强吻:2950  第5章 嘴硬:3814  第6章 查岗:4358
          第7章 报复:3870  第8章 痛经:3893  第9章 姜茶:4267  第10章 聚餐:4760  第11章 顺路:3893  第12章 撑伞:3436
          第13章 绯闻:3601  第14章 遮瑕（二合一）:6331  第15章 同居:10898  第16章 睡衣:3829  第17章 晨练:2889  第18章 查岗:2773
          第19章 惩罚:4309  第20章 办公桌play:3418  第21章 佛珠:4431  第22章 腿软:4705  第23章 港岛:4294  第24章 谈判:3784
          第25章 谈判2️⃣:3613  第26章 晚宴:4745  第27章 醉酒:3904  第28章 钱包:3643  第29章 坦白【修】:4047  第30章 惩戒:3921
          第31章 撒娇:3660  第32章 烟花:4502  第33章 礼物:4682  第34章 阴云:3811  第35章 亮爪:4380  第36章 锋芒:4100
          第37章 挣扎:4257  第38章 抉择:3234  第39章 远方:2989  第40章 重逢【加更】:3317  第41章 归途:2752  第42章 新局:4961
          第43章 借力:2771  第44章 认可:2933  第45章 筹备:3857  第46章 新西兰:4499

03:50:13  白转青回 (九元圣心) [完结]  484p→375章  4409KB  OK
          https://www.52shuku.net/gl/02_b/bkdzG.html
          第1章 练气圆满的少女:3511  第2章 冷漠之人:3410  第3章 蛇影谷:3620  第4章 碧落:2251  第5章 妖族镇:3000  第6章 野猪林:4517
          第7章 遇袭:2936  第8章 初显身手:3530  第9章 祭祖大会:6949  第10章 强敌:5222  第11章 梦中一剑:6187  第12章 镜中我:14413
          第13章 祖地之行:6806  第14章 祖地激战:6017  第15章 一剑之缘:3694  第16章 是龙是蛟:6597  第17章 往事传承:5835  第18章 剑灵:3609
          第19章 夺舍:3095  第20章 浮光:5191  第21章 剑鞘:2541  第22章 牙狼族:2502  第23章 牙尘:4228  第24章 两头下注:3344
          第25章 暗流涌动:2471  第26章 缘由:3562  第27章 最后试炼:4954  第28章 出谷之日:3644  第29章 各方争夺:5441  第30章 意外发现:2491
          第31章 化蛟之谜:4824  第32章 三方混战:6481  第33章 梦与决心:2863  第34章 最大底牌:2657  第35章 逃亡:4943  第36章 绝望之旅:3998
          第37章 碎片:3938  第38章 初次相见:2933  第39章 白芯:2355  第40章 医修:3188  第41章 人与魔:3186  第42章 月光之下:2497
          第43章 水云宗:3594  第44章 灵药峰:6002  第45章 竖瞳:2087  第46章 叶天雨:3224  第47章 思绪:3272  第48章 金丹雷劫:3452
          第49章 九转雷劫（上）:3501  第50章 九转雷劫（下）:4355  第51章 宗门生活:5477  第52章 做法还是做饭:5255  第53章 齐昊:4304  第54章 赌约:3942
          第55章 神魂印记:3028  第56章 术法对决:4594  第57章 兽魂附体:3107  第58章 占有欲:5136  第59章 天枢峰:6602  第60章 秘闻:3671
          第61章 镜花水月:4053  第62章 符牌:3916  第63章 前世如此:4705  第64章 牵手:3777  第65章 试炼大会:5738  第66章 天命之子:4406
          第67章 诡异少女（上）:4919  第68章 诡异少女（下）:6216  第69章 故乡与远方:4873  第70章 刹那:4372  第71章 荣归:4886  第72章 幻宴:5141
          第73章 惊变:4483  第74章 什么样的人:4825  第75章 魔修与小蛇:5332  第76章 雨中激斗:4085  第77章 心跳:6780  第78章 定契:4652
          第79章 芳华:5450  第80章 思过崖:4732  第81章 去做英雄:4219  第82章 十五年前:4457  第83章 神魂:4555  第84章 记忆的残响:3768
          第85章 破茧的力量:3476  第86章 不公的命运:4421  第87章 故事的答案:3805  第88章 迟来的告别:4308  第89章 不再独自一人:5451  第90章 镜湖城:3799
          第91章 水云医馆:5461  第92章 夜晚与早晨:3852  第93章 明月楼:5411  第94章 江宴:4767  第95章 白家往事:4295  第96章 人心之恶（上）:5353
          第97章 人心之恶（下）:6293  第98章 在你身旁:7449  第99章 沈家的宴请:4677  第100章 剑仙话本:6206  第101章 善恶的眼睛:4513  第102章 白芯的信:3459
          第103章 化名“白桓”:5005  第104章 初露锋芒:4647  第105章 同门内战:3662  第106章 重剑无锋:4537  第107章 强者之心:5995  第108章 江柔的烦恼:3697
          第109章 故乡来客:3826  第110章 兽与魔:3950  第111章 盛会与暗流:3809  第112章 中州秦家:5741  第113章 风起:3810  第114章 所谓天才:4917
          第115章 深渊的回响:4772  第116章 回忆的牢笼:3236  第117章 同行的记忆:5510  第118章 最后的微光:6005  第119章 曾经的昨日:4410  第120章 希望的余烬:3546
          第121章 思念的终点:4603  第122章 梦中的灯火:4560  第123章 转世相见:4469  第124章 此生之约:6718  第125章 思青的念白:3538  第126章 宗门覆灭:4938
          第127章 若从未见过阳光:4536  第128章 绝世之人:4334  第129章 梦中的倒影:4461  第130章 薪火:4029  第131章 云中花海:3795  第132章 未尽的旅途:3584
          第133章 雨天:5186  第134章 萤火:4441  第135章 诱饵:3500  第136章 少女的心事:2855  第137章 故人与海:4615  第138章 阴影:3426
          第139章 胁迫:4352  第140章 龙吟窟:3520  第141章 绝路:4526  第142章 悲鸣:4208  第143章 底蕴的碾压:4664  第144章 劫数:3860
          第145章 远古蛟龙:4431  第146章 神的宠物:3641  第147章 龙宫的钥匙:3167  第148章 借刀杀人:3947  第149章 飞萤的火:3849  第150章 燃烧殆尽:3785
          第151章 神秘来客:4337  第152章 血脉的源头:3607  第153章 另一个我:3745  第154章 凌霄城:3503  第155章 柳歆:3548  第156章 原本的命运:4530
          第157章 小小风波:4056  第158章 交个朋友:2251  第159章 万相塔:3368  第160章 挑战自己:2893  第161章 曾经的你:3818  第162章 冰雪消融:2866
          第163章 最深的梦魇:3883  第164章 众矢之的:3537  第165章 散修天骄:2916  第166章 天骄的试炼（上）:5663  第167章 天骄的试炼（下）:3540  第168章 麒麟儿:3423
          第169章 浮光 破晓 龙吟:3545  第170章 唯一的执念:3078  第171章 惊世一剑:3782  第172章 星海的囚笼:4117  第173章 霸道的占有:3036  第174章 阿鸾:3202
          第175章 何物为爱:3646  第176章 你修你的，我送我的:3077  第177章 扮演宠物:3032  第178章 蛟龙的厨艺速成班:3582  第179章 交心:3455  第180章 漫天飞霜:3064
          第181章 小心试探:3012  第182章 爱是放手:3063  第183章 最初的“相遇”:3005  第184章 此身为剑:4079  第185章 剑与白:3674  第186章 四大圣物:2750
          第187章 大会前夕:3047  第188章 正道大会（上）:3770  第189章 正道大会（下）:4406  第190章 命运的路口:3138  第191章 离别的试炼:3934  第192章 离别之前:3507
          第193章 老乡:4310  第194章 一起回家:3359  第195章 无言的英雄:3084  第196章 西荒风起:3515  第197章 英雄救“姐”:4549  第198章 是家人:3588
          第199章 蛇影幽歌:3690  第200章 鸦巢之王:3527  第201章 沙海之眼:3317  第202章 魔族:3154  第203章 再见狐蝶:3024  第204章 异域少女:3607
          第205章 狐假虎威:3909  第206章 一路西行:4018  第207章 血色黄昏:4245  第208章 沙海往事:3972  第209章 混乱沙域:3395  第210章 赤沙婆婆:4145
          第211章 逆流的蛟:4236  第212章 拼凑的人生（上）:4149  第213章 拼凑的人生（下）:4874  第214章 母女相认:3068  第215章 永不老去之人:3117  第216章 身影重叠:3985
          第217章 今非昔比:3719  第218章 活着的圣物:3412  第219章 剧本之外:3098  第220章 兵分三路:3695  第221章 借势入局:3066  第222章 沙海皇帝:3313
          第223章 互相利用:2688  第224章 图穷匕见:3865  第225章 仙灵之力:3290  第226章 帝皇的欲望:4850  第227章 人与妖:3590  第228章 宏愿与私心:3681
          第229章 荒原弃子:3509  第230章 暗潮涌动:2792  第231章 宿命重逢:3965  第232章 龙与狼:4247  第233章 美狐计:3792  第234章 虚与委蛇:3614
          第235章 反客为主:3061  第236章 故人相见:3087  第237章 浮光掠影:3344  第238章 劫狱:3198  第239章 以一敌四:3981  第240章 投鼠忌器:3104
          第241章 同舟共济:3498  第242章 小蛟龙长大了:3697  第243章 本性难移:3976  第244章 龙的宝藏:3355  第245章 破局之策:4712  第246章 黎明前夜:3046
          第247章 乱战:3389  第248章 魔心深种:3518  第249章 血色青莲:2977  第250章 破碎之人:3336  第251章 生来柔弱？:4608  第252章 魔窟开启:3533
          第253章 冰封永夜:3385  第254章 赌上一切:3911  第255章 以剑之名:3599  第256章 新的篇章:3459  第257章 前往南州:3109  第258章 妖兽之州:3643
          第259章 护食小龙:3319  第260章 凤汐:4028  第261章 枯荣夜:3034  第262章 假借圣名:3028  第263章 骄傲的代价:3531  第264章 梧桐祭:3648
          第265章 番外 小碧青的日记（一）:3122  第266章 夹缝之间:3961  第267章 裂痕:3933  第268章 贪婪与仇恨:3662  第269章 责任的重量:3409  第270章 涅槃三关:3106
          第271章 恶龙教官:3608  第272章 神火子火:3873  第273章 潜在危机:3000  第274章 刺猬剑修与兔子公主:4164  第275章 神木往事:3106  第276章 戏耍恶人:3245
          第277章 一生的伙伴:3675  第278章 若世界凋谢:3874  第279章 试炼前夕:3005  第280章 九天罡风:3231  第281章 红莲炼心:4043  第282章 故事的囚笼:3157
          第283章 深渊尽头:4451  第284章 魔君现世:4266  第285章 龙的诺言:3538  第286章 番外 小碧青的日记（二）:2041  第287章 万古长梦（一））:3583  第288章 万古长梦（二）:3552
          第289章 万古长梦（三）:3922  第290章 万古长梦（四）:3600  第291章 万古长梦（五）:3908  第292章 万古长梦（六）:3400  第293章 万古长梦（七）:3762  第294章 万古长梦（八）:3668
          第295章 浴火重生（上）:3068  第296章 浴火重生（下）:4117  第297章 只需问剑:4444  第298章 她吃醋了？:3913  第299章 思念与离别:4275  第300章 神的信徒:4196
          第301章 凡人的执念:3433  第302章 压抑的东州:4026  第303章 曾经的故人:3552  第304章 故地重游:3500  第305章 白芯的旧物？:3414  第306章 顾玥:3139
          第307章 "大道无情”:4087  第308章 一切的真相:3978  第309章 接纳一切:3773  第310章 沧海龙宫:4083  第311章 化龙的代价:3630  第312章 番外 小碧青的日记（三）:2544
          第313章 傲慢与偏见:4309  第314章 内忧外患:3477  第315章 海与故人:3698  第316章 命运重叠:3901  第317章 与你同行的路:4819  第318章 妖之道:3567
          第319章 新任龙皇:3260  第320章 在你身旁:3258  第321章 番外 小碧青的日记（四）:3076  第322章 龙出于海:3924  第323章 陷入梦魇:3512  第324章 绝望的轮回:3594
          第325章 命运的归途:3067  第326章 最后的相遇（一）:3613  第327章 最后的相遇（二）:3100  第328章 最后的相遇（三）:3560  第329章 番外 小碧青的日记（五）:1868  第330章 化为真龙:3445
          第331章 黑色的花:3630  第332章 逼宫:3188  第333章 出塔:3337  第334章 送你回家:3200  第335章 剑仙大人你怎么在我床上:3998  第336章 身处现代:3597
          第337章 安慰:3159  第338章 奇怪的称呼:3570  第339章 剑仙大人生病了:4169  第340章 下不为例:3761  第341章 逛街:4184  第342章 试衣:3408
          第343章 特殊的契约:3689  第344章 剑与剑鞘:2800  第345章 试戏:3152  第346章 第一女主:4041  第347章 战斗本能:3739  第348章 戏中戏:3305
          第349章 情到深处:3568  第350章 生日礼物:3229  第351章 孤独:3626  第352章 练剑:2713  第353章 谈心:2900  第354章 没有救世主的世界:2769
          第355章 因何为仙:4306  第356章 回应:3920  第357章 白转:3470  第358章 白与青:2985  第359章 与你的约定:2793  第360章 青回:5219
          第361章 龙吟剑鸣:3240  第362章 回到故土:3457  第363章 褪下神性:3364  第364章 漫长的旅途:3803  第365章 欲望的化身:3374  第366章 希望的残照:3972
          第367章 点滴的星火（上）:3442  第368章 点滴的星火（下）:3594  第369章 仙路的尽头:3355  第370章 此间的未来:3037  第371章 前世的幻影:3201  第372章 沉默的箴言:3980
          第373章 纯粹的爱意:3038  第374章 重开的仙门:2939  第375章 白转青回:4335

03:50:33  她在恨海情天里恋爱脑 (一团云花糖) [完结+番外]  51p→47章  443KB  OK
          https://www.52shuku.net/gl/02_b/bkdzF.html
          第1章 “初次见面”:3033  第2章 恶心么:2192  第3章 花季雨季:3003  第4章 上热搜了:2784  第5章 压热搜:3180  第6章 这是你金主吧:2815
          第7章 晚了:4016  第8章 共享唇膏:4039  第9章 女朋友？！:3417  第10章 又emo了:3151  第11章 行程:3539  第12章 白眼狼:3606
          第13章 生身猛兽:3057  第14章 清山栀子:3537  第15章 跟踪癖:3123  第16章 发现了么:3026  第17章 Jill:3149  第18章 最幸运的雨天:3033
          第19章 流浪猫:3148  第20章 生病了？:3152  第21章 好想睡觉:3137  第22章 看电影:3181  第23章 季苒:3363  第24章 回国:3143
          第25章 野火:3395  第26章 重逢:3069  第27章 雨天:2643  第28章 隙中驹，石中火，梦中生:3090  第29章 资本:3485  第30章 星光传媒*:2300
          第31章 风评反转:3164  第32章 万老板都走了:3302  第33章 小孩＊:2406  第34章 水果硬糖:2786  第35章 细节控:3023  第36章 冻结:3075
          第37章 跑了:3357  第38章 医院:3024  第39章 赌:3271  第40章 黄瓜炒火腿肠:3593  第41章 花季雨季:3330  第42章 分开:3319
          第43章 禾苗:2636  第44章 雨天:2699  第45章 告白:2544  第46章 见家长[番外]:2902  第47章 演员[番外]:2365

03:51:38  和温柔教授成为邻居后 (阔乐不加冰啊) [完结]  173p→127章  1496KB  OK
          https://www.52shuku.net/gl/01_b/bkdyN.html
          第1章:3601  第2章:3476  第3章:3355  第4章:3239  第5章:3741  第6章:3641
          第7章:3387  第8章:3597  第9章:3083  第10章:3361  第11章:3890  第12章:2982
          第13章:3265  第14章:3500  第15章:3074  第16章:3030  第17章:3461  第18章:2145
          第19章:2829  第20章:2293  第21章:4038  第22章:2847  第23章:4192  第24章:3414
          第25章:2399  第26章:2252  第27章:3400  第28章:3764  第29章:4065  第30章:1942
          第31章:2240  第32章:10793  第33章:3819  第34章:3765  第35章:4223  第36章:4219
          第37章:3904  第38章:4034  第39章:4547  第40章:4582  第41章:4241  第42章:3992
          第43章:3679  第44章:4646  第45章:6539  第46章:3579  第47章:4426  第48章:3969
          第49章:3614  第50章:3506  第51章:4007  第52章:3878  第53章:5080  第54章:4524
          第55章:4422  第56章:4327  第57章:4264  第58章:4946  第59章:4604  第60章:3850
          第61章:3251  第62章:3274  第63章:4686  第64章:3540  第65章:4843  第66章:4365
          第67章:4689  第68章:3880  第69章:3647  第70章:4280  第71章:5013  第72章:3539
          第73章:6297  第74章:5900  第75章:4254  第76章:4223  第77章:5266  第78章:4285
          第79章:4570  第80章:4320  第81章:4354  第82章:3920  第83章:4304  第84章:4787
          第85章:4070  第86章:3176  第87章:4295  第88章:3918  第89章:3301  第90章:3919
          第91章:4963  第92章:3863  第93章:3649  第94章:3246  第95章:3367  第96章:3328
          第97章:3221  第98章:4333  第99章:4255  第100章:3318  第101章:3379  第102章:3542
          第103章:3415  第104章:4962  第105章:3039  第106章:3596  第107章:3294  第108章:3305
          第109章:3365  第110章:2549  第111章:3213  第112章:3304  第113章:5322  第114章:3861
          第115章:3911  第116章:3299  第117章:3517  第118章:3886  第119章:3915  第120章:3850
          第121章:3516  第122章:3887  第123章:2680  第124章:4068  第125章:2519  第126章:4706
          第127章:5295

03:53:12  从星元2333年爱你 (兮苍) [完结+番外]  256p→263章  2337KB  OK
          https://www.52shuku.net/gl/01_b/bkdyM.html
          第1章 楔子---我的老妈们都写书，于是……:1729  第2章 有一点深井冰的女帅:2746  第3章 我不喜欢相亲:3089  第4章 大龄单身女元帅:3265  第5章 4 卧槽，元帅要做吃窝边草的兔子！:2810  第6章 5、通向元帅的一条弯路:3188
          第7章 6、华夏奇葩首领:3195  第8章 绝境下的唯一:2985  第9章 元帅！这奏是缘分呐:3130  第10章 外面的世界好神奇（补齐）:2930  第11章 古装美女（补齐）:2905  第12章 姑娘道行可真深:2361
          第13章 我真怀疑你和我不是一个世界的人:2960  第14章 一种叫做玻璃的结界:3158  第15章 叫姐姐什么的简直宫廷剧:2728  第16章 首先，你要学会不去撞玻璃（补齐）:2787  第17章 请注意，现在是星元2331年（补齐）:3027  第18章 哦，那我也崇拜一下她好了:2752
          第19章 追鹤！叫嫂子！:2873  第20章 辟谷？这世界突然玄幻了:2874  第21章 出关啦！:2772  第22章 老板！来一打元帅兔子！:2779  第23章 您的小攻元帅兔子已上线:3084  第24章 番外--话说奈艾党福利带来的福利:1719
          第25章 看来多莉不喜欢兔子:2754  第26章 好管闲事的兔子:3051  第27章 某种程度，元帅变态了:2777  第28章 新cp教授小姐还有她:3781  第29章 元帅很焦虑，非常焦虑:3020  第30章 呃，首领大人萌萌哒:2748
          第31章 首领大人不容易啊:3233  第32章  元帅跟踪狂兔子:3155  第33章 前方采访元帅兔子:3077  第34章 激素水平异常的元帅兔子:2669  第35章 追鹤表示拒绝暴露:2736  第36章 我元帅威武啊:2838
          第37章 我会说未来干女儿已上线吗:2952  第38章 任务：解救小萝莉:2823  第39章 其实，我挺喜欢你的:3035  第40章 看罗密欧（萌蠢的首领）耶:2487  第41章 元帅，你暴露了:2567  第42章 心疼鹤仙女:2653
          第43章 被碧池的元帅兔砸:2648  第44章 坐等鹤仙女上线:2500  第45章 元帅兔砸的撩妹技能ge:2919  第46章 元帅兔砸引导技能满点:2935  第47章 是时候把鹤仙女拉出来溜溜啦:2752  第48章 加油鹤仙女:2889
          第49章 夭寿啦，有人要瓜分鹤仙女啦:3091  第50章 教授，你不能惦记鹤家的元帅啦:2900  第51章 元帅兔砸心机woman:3046  第52章 鹤仙女实力闯关:3172  第53章 元帅，她是古风小说女主啊:2915  第54章 元帅的尴尬症犯了:2875
          第55章 元帅，你高冷了啊喂:2623  第56章 那边的登徒子表动:2751  第57章 首领大人的心酸史中将大人的助攻史:2816  第58章 我在看你啊，看看看:2776  第59章 小婊砸，拿我东西:2852  第60章 元帅有的那几天，我们懂的:2900
          第61章 鹤仙女和元帅的小秘密:3000  第62章 红烧元帅兔砸怎么样:3040  第63章 军训这个小妖精:2963  第64章 哎哟，元帅好担心夫人的啦:2856  第65章 活埋鹤仙女，嘿嘿嘿:3080  第66章 哎哟妈呀，泥猴子:3119
          第67章 鹤仙女暴露了:3148  第68章 元帅，不服也得憋着:3002  第69章 暴躁的兔砸（新年快乐）:2252  第70章 放开那碗汤那块鱼，我来:2830  第71章 营养师兔砸:2985  第72章 元帅可是老实妹子，你信吗:3258
          第73章 元帅，你暴露了哟:2890  第74章 鹤仙女带你飞飞飞:3079  第75章 积极配合的追小鹤:3097  第76章 元帅领略出来的浪漫:2990  第77章 元帅要走了，QAQ:2558  第78章 炫妻狂魔和所谓圣女:2985
          第79章 夭寿啦，元帅要爬墙:3125  第80章 中将，她竟然呃失眠了:3224  第81章 给老婆讲睡前故事的好女人:3221  第82章 那个故事其实有续集:3086  第83章 军训结束元帅不在，一个悲伤故事:2969  第84章 人群中元帅的头发为什么绿了呢:2967
          第85章 捡到好东西的元帅:3118  第86章 来元帅，和这把剑预习一下和古人的相处之道:2749  第87章 元帅大人威武:2882  第88章 元帅大人心好痛:2911  第89章 首领大人专业砸场→_→:2935  第90章 通向姻缘的邀请函:2741
          第91章 whenIdancewithyou:3072  第92章 今晚之后记得我:2763  第93章 对付不了首领的中将:2207  第94章 元帅夫人威武雄壮:2850  第95章 追鹤姑娘上学去:3011  第96章 来，让元帅阿姨教你（手动滑稽）:2869
          第97章 元帅，不要形象了对吗:2578  第98章 绯闻，不过不是你想的那种:2888  第99章 首领，有一个美妇看上你了:2251  第100章 小姐啊，我女儿可是难得一见的极品:2856  第101章 我可舍不得把你往死里揍:2441  第102章 心灵手巧的元帅夫人:2980
          第103章 元帅夫人打脸前:2533  第104章 来吧，追鹤，上啊:3030  第105章 皇后，6666啊:1678  第106章 母后女士，您这样是不是不太道德啊:2658  第107章 领先一局的首领阁下:2902  第108章 爱心便当什么的，啧啧:2816
          第109章 元帅夫人躺枪:2746  第110章 母后女士说得对:2698  第111章 看大虫砸:2650  第112章 夫人，我觉得我这初恋不合算:2273  第113章 嫁鸡随鸡，元帅什么感受:1796  第114章 元帅，你家鹤鹤有劫难，你怎么看:2640
          第115章 吼吼，教授小姐耶:2574  第116章 媳妇说了，搭鹊桥:2912  第117章 可以保护元帅的鹤仙女:2493  第118章 元帅所谓身体检查:2637  第119章 元帅叫姐姐:2951  第120章 人家首领已经被亲了，唉:2719
          第121章 元帅get媳妇小能手:2767  第122章 可怜的水族少女:2756  第123章 八卦不成，好忧桑:2762  第124章 元帅夫人带你飞:2635  第125章 元帅，夫人上天了:2937  第126章 有借有还，才是萌萌哒的好天法（啧啧）:2768
          第127章 打怪啊:3089  第128章 元帅总想让作者去屎一屎:3090  第129章 赶紧谈恋爱结婚生猴子:2977  第130章 元帅，有人要拐你媳妇:3344  第131章 首领心情不好:2976  第132章 烛羽御姐上场:3018
          第133章 没想到大叔那是你徒弟的，不要搂:2992  第134章 咳咳，低调低调哈:2957  第135章 首领的间谍小姐:2732  第136章 阿兰姐霸气威武:2923  第137章 元帅有人觊觎你媳妇:3202  第138章 有人欺负阿兰姐:3131
          第139章 追鹤囧囧有神:3182  第140章 嗯，站一秒邪教:3087  第141章 预言小公举:3020  第142章 看！女司机！:3096  第143章 追鹤=蟑螂？！:3008  第144章 大王，你眼睛里有星辰大海！带我走吧:2909
          第145章 奈芙打架，追鹤吃包子，路人打起来啦（改错字）:3267  第146章 你好，您的元帅掉线中:3245  第147章 您好，您的元帅已上线:3554  第148章 蓬莱少女:3230  第149章 好老师，奈芙！:3363  第150章 初探伶水:2959
          第151章 元辰老狐狸:3201  第152章 元帅准哥夫泥嚎，哥夫，债见:3247  第153章 她嫂子:3200  第154章 错误修改完成:3114  第155章 谈心:4432  第156章 追鹤自己打脸:3212
          第157章 论墨提斯小姑娘的存在感:3755  第158章 好看不过嫂子，倒霉不过红颜:3323  第159章:3265  第160章 我能离你的战场有多远:3741  第161章 傲娇无限好:3036  第162章 你就气死她吧你:2566
          第163章 偶遇脑补帝:3179  第164章 懂？还是不懂？:3186  第165章 人类一脑补，上帝就……:3019  第166章 元帅的苦恼:3476  第167章 广大人民群众——刘茗:3078  第168章 炸飞船:2926
          第169章 好想、特别想开车的元帅:3057  第170章 人设崩坏的蓬莱妹砸:3439  第171章:3138  第172章 我闻到小妖精的味道:3326  第173章 开车！污污污:2970  第174章 所谓吃醋:3036
          第175章 自己人求不杀:2901  第176章 娜医师:3076  第177章 非卿不娶非卿不嫁:3320  第178章 情话满分:2952  第179章 中秋番外——你们要的绮绮尔和爱丽丝:2749  第180章 绮绮尔和爱丽丝2:2096
          第181章 那，爱情呢？:3347  第182章 元帅出征啦:3277  第183章 讲真，你们不会喜欢娜丽塔的:3083  第184章 握草，妹子，你不要搞事啊:2749  第185章 嗯，遇上了（严肃脸）:4214  第186章 物是人非事事休:2838
          第187章 好气哦，不喜欢娜丽塔，可是要忍！:2918  第188章 啊啊，夫人快回来了！:3269  第189章 夫人还在赶来的路上:3063  第190章 亲亲抱抱举高高:3390  第191章 我恋人医术挺好的，她来吧（骄傲脸）:3153  第192章 可怜的娜丽塔（滑稽）:3005
          第193章 巧合哪有那么多:3057  第194章 心疼我家追鹤QAQ:2980  第195章 虽然元帅很感动，但还是觉得深井冰:3064  第196章 咄咄逼人（?(? ???ω??? ?)?）:2988  第197章 啊啊啊嗷嗷嗷:2498  第198章 连盆端走的元帅:2725
          第199章 还你一个中将可好？:2743  第200章 论狗粮一斤一斤地吃:2810  第201章 您好，您的狗血已经到了，请及时签收:3169  第202章 见家长:3299  第203章 元帅不是好人:3001  第204章 带回家啦啦啦:2844
          第205章 您的装备小石子已经上线:3566  第206章 如果元帅夫人炸了:2886  第207章 咻的进程飞跃:3101  第208章 全帝国都在八卦元帅:2647  第209章 套路玩得深，谁比谁认真:3239  第210章 姬情混乱飞:2995
          第211章 我是元帅秘书办秘书长，珍惜我:3149  第212章 追鹤夫人排行榜666名:3274  第213章 搞事情的芒荷:3223  第214章 你很想成为元帅夫人吗:3050  第215章 用爱测量你的尺寸:3383  第216章 追鹤排名333:2454
          第217章 所以元帅委屈了:3071  第218章 丽莉恩和阿尔娜结婚啦:2894  第219章 可能参加了假婚礼:2949  第220章 搞事的柳君烽:2969  第221章 沸腾:3281  第222章 可怕，喂了元帅妻妻一口大刀片:3511
          第223章 大概追鹤算是被怪蜀黍抓走:2937  第224章 真的是不好了:2666  第225章 我去你喵的生殖细胞:3036  第226章 啊，搞大事了:2891  第227章 心……伤到了:2979  第228章 追鹤冷漠.pg:3091
          第229章 元帅心塞塞:2674  第230章 所谓妻妻间的默契:2711  第231章 啧，塞刀片:2929  第232章 哎哟，回不去了吼:2679  第233章 元帅接夫人回家:2704  第234章 Doyouwantto娶个元帅？:3044
          第235章 今天的鹤学姐也是元帅的:3054  第236章 吼吼吼，追鹤好腻害:3538  第237章 我宣布你们结为妻妻:2943  第238章 番外1.1之元帅夫人又被掉出星域界:3077  第239章 番外1.2之山有木兮怎么还不把我媳妇生出来？:3243  第240章 番外1.3实力宠妈母的琅儿小天使:2923
          第241章 番外1.3临虚界需要一个元帅:3224  第242章 番外1.4辣鸡圣女滚滚滚:2838  第243章  番外1.4追鹤：什么！我喜当妈了！:2845  第244章 番外1.5我徒媳妇是我女儿，我徒儿是我儿媳妇:2860  第245章  番外2.1小冷漠与大傲娇:2843  第246章 番外2.2 小冷漠和大傲娇:2551
          第247章  番外2.3小冷漠与大傲娇:2736  第248章 番外2.4历史总是相似的:2466  第249章 番外2.5小傲娇：去我喵的有魅力:2655  第250章 番外2.6你说她是不是有病啊:2758  第251章 番外2.7 徒弟还是儿媳？:3164  第252章 番外3 元帅携夫人 首领携夫人:3091
          第253章 番外4 公孙微琉与娜丽塔:2706  第254章 番外5.1人鱼和大猫:2953  第255章 番外5.2人鱼和大猫:2815  第256章 番外5.3人鱼殿下与大猫少将:2870  第257章 番外5.4人鱼殿下与大猫少将:2911  第258章 番外5.5人鱼殿下与大猫少将:2970
          第259章 番外5.6人鱼殿下与大猫少将:3037  第260章 番外5.7人鱼殿下与大猫少将:2710  第261章 番外5.8人鱼殿下与大猫少将:2676  第262章 番外5.9人鱼殿下与大猫少将:2903  第263章 番外5.10人鱼殿下与大猫少将（完结）:3375

03:54:32  爱人是我cp粉 (兮苍) [完结]  218p→227章  1989KB  OK
          https://www.52shuku.net/gl/01_b/bkdyL.html
          第1章 序——胖友，听说过cp粉吗:790  第2章 一个叫做《夭》的红线:3138  第3章 美姚鱼和卖鱼大队长:3071  第4章 礼饼cp粉：:3058  第5章 心疼唐萝:3056  第6章 她们第一次见面其实很尴尬:2995
          第7章 白总，那个女演员叫杨𬞟瑞:3250  第8章 白总：这个杨𬞟瑞演戏真的很有天赋:3124  第9章 开频致敬太太:2824  第10章 杨·加戏精·𬞟瑞和掉马甲:2734  第11章 太太，这是你掉的马甲吗？:2952  第12章 什么，美姚鱼回复了小苹果！:2923
          第13章 觉得很goodgood的杨𬞟瑞:3167  第14章 白礼姚眼中的杨𬞟瑞:2740  第15章 白·女变态·礼姚:3081  第16章 梨蕊cp同框素材第一发:3226  第17章 姬里姬气的女变态和警官:3204  第18章 礼饼党头顶青天:3096
          第19章 cp必经之路——狐狸精:2723  第20章 来自友军傅娃娃的姬情支持:3182  第21章 怀疑公羊小姐姐是友军（捉虫）:3272  第22章 胡导可是个很开明的大叔:2817  第23章 扒一扒那些相爱相杀的证据:3216  第24章 礼饼太太的女人（滑稽）:3077
          第25章 梅丽清：这小脸长得我都想潜规则了:2899  第26章 社会你梅姐:3217  第27章 社会你鱼总:3222  第28章 丧心病狂的太太:2928  第29章 鱼总的预告片！:3120  第30章 护犊子的杨𬞟瑞:3227
          第31章 心里不平衡的鱼总:2956  第32章 后兵的朋友圈:3140  第33章 鱼总怀疑公司艺人很闲：）:3165  第34章 嗷嗷嗷，礼姚发圈了！:3046  第35章 官方逼死同人:2945  第36章 太太带她女人一块和官方干票大的:3080
          第37章 后兵心里的白月光:3163  第38章 天真爱环保的太太:3452  第39章 得意忘形的小苹果:3222  第40章 你是那个今晚出来的变态:3275  第41章 小天使:2987  第42章 黎苏家艺人:3274
          第43章 被搭讪的小苹果:3265  第44章 小苹果和克洛艾女士:3443  第45章 白总，其实我挺想去f国的:3176  第46章 上辈子修来的好闺蜜:3384  第47章 放开那颗小苹果，我来！:3121  第48章 斯黛拉这个女人啊——:3327
          第49章 围观鱼总以后最想买断的杂志拍摄:2986  第50章 鱼总开始在丧心病狂地宠妻狂魔的路上一去不……:3087  第51章 宠妻狂魔还在刷新自己的上限:3339  第52章 心疼后兵[滑稽]:3189  第53章 太太产的小饼干！:3163  第54章 鱼总秘密会见克洛艾:2968
          第55章 鱼总站在苹果树下:3075  第56章 善妒的鱼总:2903  第57章 凄凉的梨蕊党:3094  第58章 华丽丽的小苹果:3190  第59章 您的神助攻影后马荇初步上线:3302  第60章 太太虾累了[滑稽]:3143
          第61章 抱着小苹果哭.jpg:3396  第62章 斯瑞党控几住你记几哈:3090  第63章 邪教总在有恃无恐:3031  第64章 斯瑞邪教教主管家先生:3239  第65章 承包这只街拍的小苹果:3592  第66章 捧妻狂魔鱼总大大:3493
          第67章 承包这只走秀的小苹果:3854  第68章 还能有这样的操作的！:3228  第69章 来自鱼总亲亲“丈母娘”的问候:3219  第70章 梨蕊教座下第一护法！:3266  第71章 她是妈:2984  第72章 （伪）情敌见面分外眼红:3005
          第73章 曲线救国神助攻傅娃娃:2960  第74章 官方cp已上线，邪教退散！:3108  第75章 神助攻梅丽清:2957  第76章 发糖的礼饼:2898  第77章 “榕树”cp先上线:3206  第78章 此章节中有打酱油的小面瘫:3162
          第79章 心疼我小苹果:3259  第80章 哔了狗的梦:3028  第81章 心疼梨蕊党，太太很猖狂:3106  第82章 心疼鱼总[滑稽]:2630  第83章 斯黛拉刷存在感:3130  第84章 庞容央:1494
          第85章 依旧“榕树”:3322  第86章 我赌一根黄瓜，容舒两个人有一腿:2831  第87章 《文武》官方出来！:2941  第88章 没事打个电话的鱼总:3084  第89章 论世界上最远的距离:3004  第90章 苹果圈内令人称羡的姐妹情谊:3197
          第91章 录音留底什么的[滑稽]:2699  第92章 喂，友军，撸大排档吗？:3350  第93章 鱼总强行有缘分:1896  第94章 黑肚子大白鲨:3030  第95章 可爱，想……:3149  第96章 虚假的姐妹情谊:3216
          第97章 综艺小苹果:2872  第98章 我们怎么还不爱[滑稽]:3184  第99章 “上狗”大大VS礼饼太太:3201  第100章 参见鱼总粑粑:2993  第101章 程老将军:3021  第102章 承包这只送机的太太:3033
          第103章 请记得那条咸鱼:2887  第104章 请联系上次那条咸鱼[滑稽]:2986  第105章 鱼总不能笑.jpg:2925  第106章 前方大王出没:3076  第107章 来，让我给小苹果加戏！:3111  第108章 鱼总敲心疼的(*?ω?):3020
          第109章 睡觉觉的太太:3033  第110章 太太单身狗的清香:3306  第111章 自古红蓝出啥子？:3173  第112章 主持人加鸡腿！:3484  第113章 鱼总只睡过一个女人:3120  第114章 一秒伤感的狍子:2874
          第115章 都怪这猫鼬撩人的疯狂:2959  第116章 我知道你们都想让A2-23上台[滑稽]^……:3107  第117章 姬佬大乱斗进行中:3076  第118章 我走过最长的路就是鱼总的套路:2850  第119章 那些关耳麦的理由:2913  第120章 视频中的鱼总和小苹果都傻:3018
          第121章 总会见到白某某的粉丝来刷存在感：）:3283  第122章 大苹果的发声:3155  第123章 白女士神助攻啊啊啊:3098  第124章 拜见斯黛拉大佬:2755  第125章 世界十大谜题之一斯黛拉的猫:2833  第126章 亲妈配备鱼总专属小苹果雷达:3235
          第127章 路人女主白某鱼[滑稽]:3119  第128章 扎心了，老鱼:2942  第129章 月桂女神:2898  第130章 鱼总的套路:2364  第131章 贝尔纳神助攻，我们都爱他啦啦啦:3075  第132章 100婚100婚:1863
          第133章 就问你吃不吃:3168  第134章 莫名被深柜的鱼总一条:2768  第135章 虎摸斯大佬:2628  第136章 金色猎豹的未婚妻:3827  第137章 鱼总和猫鼬小姐:3019  第138章 吹呀吹呀:2326
          第139章 斯大佬的痛点:1557  第140章 我听说你不习惯和别人睡？:2989  第141章 睡完就走的鱼总:2867  第142章 那个叫做索蕾的女人死了:3236  第143章 大王内定的王妃:1900  第144章 鱼总看中了一座房子:2888
          第145章 唱成cp成名曲好不好:2932  第146章 都怪这苹果撩人得疯狂:1592  第147章 老板，来一条醉鱼:2542  第148章 所谓全世界都在助攻:2015  第149章 山大王式懵逼:2933  第150章 中秋快乐！！！:3037
          第151章 我不是，我没有:3233  第152章 此时他们还不知道被狗粮支配的恐惧:3310  第153章 华国欢迎你，为你开天辟地[滑稽]:3037  第154章 番外1山大王和狍子罗曼史:2810  第155章 番外1山大王和狍子罗曼史2:3069  第156章 番外1山大王和狍子罗曼史3:3091
          第157章 保证:3145  第158章 打扰了，告辞告辞:3041  第159章 文武播出啦！！:2656  第160章 梨蕊名场景:3178  第161章 太太被策反？不存在的:2820  第162章 前方高甜预警:2934
          第163章 我装作听不懂的样子:3074  第164章 发抖的小鸡表情包:2903  第165章 槿:3073  第166章 鱼总：头凉:3161  第167章 杰人：皮这一下非常开心:2524  第168章 苹果狍是什么动物嘞:2540
          第169章 女朋友脑洞太大怎么办，急！在线等:1803  第170章 Born:2621  第171章 太傅女儿要出嫁:2420  第172章 骚话连篇:2482  第173章 马荇：不好意思，家教严:3007  第174章 这个故事教育我们吃夜宵要谨慎:2252
          第175章 章节错误勿卖:1548  第176章 和事佬:3034  第177章 探班！:2987  第178章 朱导在线助攻:2760  第179章 黑兔子！:2853  第180章 小苹果受伤啦！:2939
          第181章 您的未来女友鱼总发出邀请:1946  第182章 这年头可能都流行来杰人追妻:2936  第183章 空投嘉宾——啾啾:2382  第184章 朱导点燃的第一根烟:2533  第185章 沸腾的网友:1787  第186章 甜甜的爱情:3090
          第187章 冤家哦:2031  第188章 捕鸟人与喜剧人:2521  第189章 依然是嗑糖第一线的小苹果:2962  第190章 《杰人》节目组首瓜:2858  第191章 新剧本已发货！:2194  第192章 心动无限+1次:3005
          第193章 杰人搞快点:2952  第194章 尖刀与舞:2595  第195章 死去的cp脑被拉出来鞭尸:1597  第196章 蒸排骨：好吃:2993  第197章 离谱的狗仔队:3046  第198章 期待新电影:1635
          第199章 三人成橘:1540  第200章 以刀为吻，祭心耽梦:1639  第201章 四橘成大事:1029  第202章 进组啦进组啦:1742  第203章 她确实有这么恶趣味的:2811  第204章 斯大佬的梦幻庄园:2735
          第205章 《母女情深？》:1673  第206章 白礼姚进组倒计时:2391  第207章 不对劲，100分里面有90分不对劲:1395  第208章 妈妈咪呀的秘密:2787  第209章 妈，你的报应上门提亲喽:2702  第210章 白女士命中有此一姐:2959
          第211章 《刀吻以梦1》（电视剧视角）:2510  第212章 《刀吻以梦2》（电视剧视角）:2635  第213章 《刀吻以梦3》（电影视角）:2995  第214章 《刀吻以梦4》（电视剧视角）:3402  第215章 《刀吻以梦5:8307  第216章 白老师拒绝Cp大乱炖:3482
          第217章 见面会ing:3688  第218章 为何后兵深夜来电:3792  第219章 斯黛拉她如此内卷:3153  第220章 斯黛拉带着聘礼来了:3044  第221章 一声姐妹大过天！:2959  第222章 兰老师准备干一票大的:3265
          第223章 兰老师：幸福不该被隐瞒:2726  第224章 杨影后：你是我背后的荣光:3187  第225章 番外:3441  第226章 双影后：合法持证上岗:3410  第227章 最终章：婚姻的秘密:3528

03:55:40  穿书渣A皇帝，标记了权臣首辅 (福佑幸川) [完结]  185p→151章  1571KB  OK
          https://www.52shuku.net/gl/01_b/bkdyK.html
          第1章 刚穿书中毒了:3117  第2章 承受不起的“爱好”:3564  第3章 刚当皇帝就要死了:4182  第4章 林嘉月……死有余辜:2921  第5章 她还是得死:2248  第6章 林嘉月：我俩心有灵犀:2413
          第7章 林嘉月：陆师~~~:2902  第8章 重生？仇恨加倍:3146  第9章 冰冷的冬天，冷漠的她，还……:3265  第10章 此人就是个混蛋:3214  第11章 这合理吗？:3148  第12章 我与陆师天作之合:3023
          第13章 女人不能说不行:2472  第14章 陆师是要与朕离心吗:2320  第15章 陆师，我真是太爱你了:2352  第16章 林嘉月这混蛋在图谋什么……:2861  第17章 口蜜腹剑，混蛋就是混蛋:2625  第18章 陆师，该为朕背锅了:2624
          第19章 针锋相对，首辅怎么看？:2271  第20章 陷入首辅大人的魅力:2739  第21章 朱红官袍陆斯灵:3009  第22章 首辅：狗皇帝怎么出现在……:3460  第23章:10619  第24章 深水加更:3593
          第25章 首辅大人的小尾巴:3342  第26章 嗯......爽了:3771  第27章 姐姐姐姐姐姐:4262  第28章 我知道陆师是真心夸我的……:3616  第29章 咱家大人小皇帝不一样了:3287  第30章 首辅睡了吗:3266
          第31章 陆师别怕，我保护你:3301  第32章 加更:3306  第33章 首辅大人快开盲盒:3272  第34章 吃饭睡觉，惹陆师生气:3246  第35章 当与陆师共进退:7249  第36章 陆师，你看我的！:3595
          第37章 找能骗朕感情的人，去告……:3287  第38章 来自首辅大人的逗弄:3243  第39章 死的人绝不会是陆师:3267  第40章 小皇帝的心思:3666  第41章 狗皇帝！:3289  第42章 陆师，陆师，陆师:3321
          第43章 陆斯灵：？小皇帝骂吾？:3639  第44章 陆师，我厉害吗？:4314  第45章 你干活，我享乐:3365  第46章 那就陆师做我的皇后吧:3324  第47章 陆师不必担心:3296  第48章 日常惹陆师生气:3564
          第49章 所以是陆师想我了？:3337  第50章 我们天作之合:3288  第51章 陆师今日之叮嘱:3400  第52章 字里行间的真心:3320  第53章 盼君归:3996  第54章 陆斯灵，可恶！:3914
          第55章 小皇帝会变吗？:3271  第56章 陆斯灵：我相信她:3274  第57章 修罗场？:3573  第58章 不许她再来此地:3354  第59章 你为何不叫陆师:3295  第60章 陆师，再担一个职位吧:4257
          第61章 只上陆师的课:3644  第62章 此修非休，林嘉月：古人……:3293  第63章 这是一次交心:4316  第64章 完了，陆师生气了:4313  第65章 朕只娶你，首辅大人:3369  第66章 首辅大人不开心了:3246
          第67章 和好？和好了！:3333  第68章 小皇帝在银川着什么:3248  第69章 陆师真是不经逗啊:3298  第70章 阴阳怪气陆首辅:3254  第71章 陆师可是我未来的夫人:3298  第72章 不是，陆师，你手？:3286
          第73章 夫人:3284  第74章 可否提亲:3310  第75章 总是想要见面:3299  第76章 提亲:3333  第77章 提亲二:3308  第78章 遭了，控制不住自己了:3257
          第79章 陆师别休了:3292  第80章 圆房算了:3227  第81章 陆师，不喜欢我的靠近吗……:3948  第82章 陛下准备好成亲了吗？:3319  第83章 大人不会真的喜欢小皇帝……:3285  第84章 想咬她:4241
          第85章 这一次，我对你不再有偏……:4259  第86章 被陆师揍了:3298  第87章 陆斯灵：我请问呢？:3897  第88章 众目睽睽之下，跟官宣有……:3300  第89章 我的好姐姐:3332  第90章 陆师心里喜欢我:3309
          第91章 成婚:3270  第92章 成亲二:3605  第93章 她们......哎呀！:3307  第94章 不是，到底谁能拒绝陆斯……:3244  第95章 糟了，陆师有病:3260  第96章 想要更亲密:3237
          第97章 姐姐，我会忠诚于你:4247  第98章 册子的内容是这样的:3270  第99章 陆斯灵不对劲:3273  第100章 陆师要收拾小皇帝:3264  第101章 手抖:3285  第102章 姐姐在上:3625
          第103章 此事，林嘉月说的不算:3265  第104章 姐姐爱我吗？:3305  第105章 小皇帝说你是老虎:3260  第106章 我会护着你:3326  第107章 真受伤了:3280  第108章 我相信你:3323
          第109章 林嘉月，我心悦你:3327  第110章 首辅的温柔:3281  第111章 首辅的宠溺:3318  第112章 互相套路:3337  第113章 我愿意:3389  第114章 十全大补汤:3226
          第115章 首辅大人可否禁欲:3361  第116章 不知道姐姐是否会思念:3290  第117章 她当然爱:3280  第118章 狗皇帝！真是好久未骂……:3279  第119章 她们都比较谨慎:3254  第120章 我会等你归来:3352
          第121章 令人心悦的首辅大人:3588  第122章 狗皇帝:5250  第123章 想跟首辅闹别扭了:3332  第124章 日常想老婆:3328  第125章 收尾回家:3264  第126章 给我一个吻:3311
          第127章 乖乖听训的首辅大人:3263  第128章 笨蛋林嘉月:3330  第129章 首辅，请叫我尊敬的皇……:3383  第130章 你还未走，思念就开始……:3263  第131章 那就杀了她！:3279  第132章 戏中戏:4361
          第133章 哼，狗东西:3292  第134章 皇帝不见了:3332  第135章 篡位？:3574  第136章 这是她们的默契:3316  第137章 行动:3262  第138章 接下来是她们的追逐战:3301
          第139章 别被我抓住，狗皇帝:3705  第140章 混蛋陆斯灵:3353  第141章 妻妻双双把河跳:3359  第142章 我来自别的世界:3577  第143章 重新开始:3183  第144章 林嘉月，我在！:3300
          第145章 还能再见吗？林嘉月:3212  第146章 博弈:3658  第147章 得好好补补（重要的事……:3246  第148章 信香是怎么波动的:3237  第149章 日常:3258  第150章 前半夜与后半夜:3310
          第151章 正文完:3387

03:58:09  炮灰总招惹疯美反派[快穿] (姜折) [完结]  407p→198章  3498KB  OK
          https://www.52shuku.net/gl/01_b/bkdyJ.html
          第1章:3272  第2章:3325  第3章:3196  第4章:3179  第5章:3423  第6章:3245
          第7章:3507  第8章:3917  第9章:3848  第10章:3134  第11章:3161  第12章:3089
          第13章:3133  第14章:3063  第15章:3118  第16章:3209  第17章:3166  第18章:3183
          第19章:3003  第20章:10093  第21章:7360  第22章:7427  第23章:3364  第24章:3303
          第25章:3237  第26章:3231  第27章:3347  第28章:3308  第29章:3347  第30章:3342
          第31章:2988  第32章:4757  第33章:3246  第34章:3797  第35章:3624  第36章:4630
          第37章:7927  第38章:7343  第39章:8256  第40章:7888  第41章:7389  第42章:7306
          第43章:5617  第44章:7325  第45章:7255  第46章:7431  第47章:7604  第48章:7274
          第49章:7231  第50章:7285  第51章:8212  第52章:7392  第53章:7421  第54章:7264
          第55章:7368  第56章:7271  第57章:7362  第58章:7405  第59章:7380  第60章:3248
          第61章:7318  第62章:7288  第63章:7312  第64章:7328  第65章:7520  第66章:7407
          第67章:7268  第68章:7322  第69章:3370  第70章:3412  第71章:3361  第72章:7299
          第73章:7265  第74章:7504  第75章:3259  第76章:3673  第77章:7650  第78章:7340
          第79章:7400  第80章:7648  第81章:7416  第82章:7854  第83章:7766  第84章:7325
          第85章:7366  第86章:7337  第87章:7460  第88章:7380  第89章:7415  第90章:7246
          第91章:7545  第92章:7504  第93章:7311  第94章:7986  第95章:7398  第96章:7347
          第97章:7392  第98章:7549  第99章:7317  第100章:7573  第101章:7334  第102章:7497
          第103章:7433  第104章:3357  第105章:3297  第106章:7322  第107章:7616  第108章:7317
          第109章:7441  第110章:7571  第111章:7664  第112章:7384  第113章:7503  第114章:7979
          第115章:7310  第116章:7389  第117章:7523  第118章:7555  第119章:7611  第120章:7457
          第121章:7554  第122章:7548  第123章:7333  第124章:7521  第125章:7540  第126章:3755
          第127章:3416  第128章:4268  第129章:3259  第130章:3350  第131章:3349  第132章:3581
          第133章:4868  第134章:4777  第135章:6781  第136章:3703  第137章:3551  第138章:3598
          第139章:3248  第140章:3506  第141章:3566  第142章:7390  第143章:3319  第144章:3906
          第145章:3373  第146章:3338  第147章:3397  第148章:3757  第149章:7328  第150章:7275
          第151章:7354  第152章:7790  第153章:7316  第154章:7321  第155章:7447  第156章:7574
          第157章:7291  第158章:7323  第159章:7289  第160章:7311  第161章:7285  第162章:7372
          第163章:7364  第164章:7288  第165章:7213  第166章:7246  第167章:7289  第168章:3293
          第169章:7375  第170章:7294  第171章:7408  第172章:7311  第173章:7301  第174章:7295
          第175章:7416  第176章:7472  第177章:7406  第178章:7521  第179章:7324  第180章:7259
          第181章:7369  第182章:7388  第183章:7269  第184章:3406  第185章:3303  第186章:3404
          第187章:3480  第188章:3497  第189章:3263  第190章:3481  第191章:3326  第192章:3262
          第193章:3221  第194章:3289  第195章:3259  第196章:3323  第197章:3498  第198章:5524

03:58:43  [柯南同人] 人生模拟器！但穿到酒厂 (无妄言辞) [完结]  90p→99章  778KB  OK
          https://www.52shuku.net/gl/01_b/bkdyI.html
          第1章 人生模拟器:3223  第2章 传说中的GIN:2447  第3章 六年后，最终考:2304  第4章 Vermouth:2363  第5章 期待与她的正式见面:2313  第6章 和坏女人的“初见”:2211
          第7章 扮演母女做任务:2196  第8章 GameOver~:2348  第9章 和boss的会面:2898  第10章 初见主角，SR卡立大功:2147  第11章 冰山撞冰山，新的cp出现了:2264  第12章 人体实验:2274
          第13章 任务:2189  第14章 她是敌人:2174  第15章 一起吃饭:2305  第16章 诡计多端的女:2093  第17章 苏格兰之:2230  第18章 美女救美:2411
          第19章 试探的真心:2123  第20章 你家里，记得给我留一个房:2582  第21章 主角光环？:2100  第22章 绝望的柯南:2304  第23章 瞬移术/主线剧情提示2:2233  第24章 暗红色的choker:2310
          第25章 今夜，有人无眠:2044  第26章 她就是端水大师！:2238  第27章 小女子来世一定为你做牛做马！:2259  第28章 浅羽千夏:2094  第29章 《在名柯世界制作出了微信》:2026  第30章 母女相认:2046
          第31章 少女衣衫凌乱:2182  第32章 长生不老/手铐……？:2069  第33章 真.小黑人:2176  第34章 明美之死？:2244  第35章 是夏浅...杀了她的姐姐？:2096  第36章 万恶之源的黄豆脸:2102
          第37章 被吓死的小哀（目移）:2130  第38章 雪莉，是我在组织的代号。:2128  第39章 谁说……她一定死了？:2146  第40章 “耶稣”/和贝姐再次合作:2173  第41章 “宝贝，看着我。”:2352  第42章 仿佛在看什么脏东西:2211
          第43章 “你永远可以信任我。”:2234  第44章 因为她们都一样:2159  第45章 这里是......现实世界？！:2206  第46章 你想玩点更刺激的也可以哦:7675  第47章 我这次一定会满足你的:3753  第48章 只是喜欢怎么够？:3648
          第49章 “再见了，FBI的探员小姐——”:3737  第50章 七夕小剧场:1445  第51章 怎么跟招呼小狗似的。:3275  第52章 第一次感到了棘手:3219  第53章 她的眼睛就是尺！（小修）:3593  第54章 十指相扣:3222
          第55章 这是她最后一次放纵:3336  第56章 是女朋友/女人眼底的炙热与情意。:4200  第57章 明天一定好好伺候你:3259  第58章 美色误我！！:2434  第59章 原来你还想做别的吗？:3072  第60章 双塔摩天大楼:3199
          第61章 网瘾少年:2457  第62章 “你有什么想法吗？君度。”:2192  第63章 宁可错杀一千？:2411  第64章 她是命运之外的存在:3367  第65章 摊牌:3047  第66章 春.梦，惩罚:2712
          第67章 “我是一号。”:3303  第68章 她的养父...乌丸莲耶！！:2409  第69章 她不想她死。:3015  第70章 对上了少女明亮的黑眸。:2461  第71章 “叼着。”:3529  第72章 真好哄。:2307
          第73章 浴室:3360  第74章 原来，这就是幸福啊。:2566  第75章 像是在哄她:2844  第76章 这才是最真实的她。:3054  第77章 暗流涌:2579  第78章 有进步呢:2530
          第79章 简直就是妈妈级别的！！！:2531  第80章 好一个如塌。:2798  第81章 诶嘿，带感！:2696  第82章 银色子弹:3171  第83章 “你不会离开我的，对吧？”:3276  第84章 四张SR/系统进化了？:2351
          第85章 饱了么app:2585  第86章 人生没有选项:2743  第87章 老年入来的，嗯对。:2321  第88章 哇塞！好大一口瓜！！:2742  第89章 “...主.人？”:2703  第90章 [诶，我有个点子！]:2784
          第91章 机会:2210  第92章 随橙想呢？:2265  第93章 这次不脱你衣服......:2288  第94章 川岛会/野心:2691  第95章 前夜:3219  第96章 她不见了。:2271
          第97章 最初:2317  第98章 她想起来了:2557  第99章 “不要再骗我”（正文完结）:2758

03:59:33  人，不要欺负蛇蛇 (和月折梨) [完结]  134p→105章  1170KB  OK
          https://www.52shuku.net/gl/01_b/bkdyH.html
          第1章:3730  第2章:3101  第3章:3148  第4章:3091  第5章:3102  第6章:3076
          第7章:3147  第8章:3106  第9章:3076  第10章:3160  第11章:3066  第12章:3092
          第13章:3061  第14章:3054  第15章:3058  第16章:3075  第17章:3106  第18章:3050
          第19章:3049  第20章:3856  第21章:10552  第22章:3204  第23章:4008  第24章:3891
          第25章:3585  第26章:3251  第27章:3325  第28章:3944  第29章:3860  第30章:4572
          第31章:4601  第32章:4558  第33章:4981  第34章:3201  第35章:4235  第36章:4602
          第37章:3904  第38章:3675  第39章:3456  第40章:3285  第41章:3241  第42章:3599
          第43章:3564  第44章:4997  第45章:3375  第46章:3646  第47章:3592  第48章:3300
          第49章:4580  第50章:3385  第51章:5879  第52章:3699  第53章:4674  第54章:3323
          第55章:3308  第56章:3626  第57章:3286  第58章:3169  第59章:4010  第60章:3362
          第61章:3201  第62章:3230  第63章:3281  第64章:3253  第65章:3384  第66章:3301
          第67章:3582  第68章:3661  第69章:3644  第70章:4366  第71章:3600  第72章:3394
          第73章:3323  第74章:3848  第75章:3673  第76章:3229  第77章:3236  第78章:3252
          第79章:3377  第80章:3386  第81章:3283  第82章:3365  第83章:3359  第84章:3907
          第85章:3848  第86章:3616  第87章:3252  第88章:3942  第89章:6566  第90章:4554
          第91章:3651  第92章:4171  第93章:3385  第94章:3382  第95章:4634  第96章:3204
          第97章:3337  第98章:3035  第99章:3289  第100章:3386  第101章:3315  第102章:3935
          第103章:3369  第104章:2588  第105章:4660

04:00:20  分手应该体面 (柳色又青) [完结]  124p→99章  1049KB  OK
          https://www.52shuku.net/gl/01_b/bkdyG.html
          第1章 分手:3205  第2章 遇见:3334  第3章 阵痛:3474  第4章 转变:3151  第5章 日记:3383  第6章 可乐:3402
          第7章 眉钉:3366  第8章 照片:3245  第9章 痕迹:3601  第10章 布丁:3990  第11章 需要:3356  第12章 冒犯:3309
          第13章 跑路:3340  第14章 分寸:3385  第15章 生日:3254  第16章 宴会:3497  第17章 雪天:3173  第18章 拥抱:3308
          第19章 胶片:3508  第20章 珍珠:3325  第21章 占有:3225  第22章 梦觉:3263  第23章 暖气:3545  第24章 突变:3199
          第25章 剥虾:3293  第26章 招惹:3464  第27章 答案:3748  第28章 吃饭:3619  第29章 显摆:3454  第30章 除夕:3373
          第31章 软语:3499  第32章 难哄:3253  第33章 身份:3224  第34章 合理:3150  第35章 童言:3265  第36章 秘密:3203
          第37章 原主:3561  第38章 所知:3182  第39章 番外一流年[番外]:3134  第40章 见佛:3171  第41章 因果:3666  第42章 特等:3448
          第43章 番外二流年[番外]:3624  第44章 有鬼:3485  第45章 有戏:3467  第46章 番外三流年[番外]:3058  第47章 歌酒:3936  第48章 补妆:3489
          第49章 色号:3234  第50章 番外四流年[番外]:3676  第51章 幼稚:3242  第52章 小狗:3140  第53章 番外五流年[番外]:3412  第54章 疼痛:3189
          第55章 规矩:4089  第56章 意定:3253  第57章 见面:3232  第58章 冷漠:3476  第59章 梦醒:3164  第60章 保:3130
          第61章 爻错:3541  第62章 起点:3437  第63章 避害:3106  第64章 偏袒:3376  第65章 红处:3695  第66章 耳边:3352
          第67章 问答:3154  第68章 围炉:3518  第69章 唇间:3528  第70章 拾回:3517  第71章 利用:3795  第72章 赴约:3193
          第73章 归:3596  第74章 照:3533  第75章 左右:3698  第76章 假象:3243  第77章 白玉:3486  第78章 欲壑:4440
          第79章 输赢:3423  第80章 伤疤:3419  第81章 长命:3463  第82章 旧地:3417  第83章 赢家:3572  第84章 聚:3559
          第85章 参照:3281  第86章:3415  第87章 难言:3646  第88章 涅槃:3215  第89章 迟:4069  第90章 占比:4374
          第91章 长住:3415  第92章 覆辙:3172  第93章 纪念:3881  第94章 三:3966  第95章 准备:4362  第96章 特别:3748
          第97章 雪玉:3866  第98章 体面:4358  第99章 尾声:4000

04:00:52  穿回师尊黑化前 (舞润) [完结]  85p→56章  742KB  OK
          https://www.52shuku.net/gl/31_b/bkdxN.html
          第1章 血姬:3675  第2章 真假:3501  第3章 传道:3219  第4章 授:3243  第5章 解惑:4302  第6章 似曾:3157
          第7章 真:3480  第8章 实力:2945  第9章 剑灵:3507  第10章 预言:4086  第11章 错空:4337  第12章 愧疚:5061
          第13章 苦战:3460  第14章 献祭:3573  第15章 重生:3778  第16章 再见:3537  第17章 宿:3645  第18章 冲突:3513
          第19章 试探:3508  第20章 搭档:3556  第21章 考核:3184  第22章 勇气:3266  第23章 验收:3121  第24章 真相:3721
          第25章 杀:3818  第26章 交易:3190  第27章 希望:3267  第28章 浅吻:3121  第29章 守护:4143  第30章 抽签:3210
          第31章 共枕:4039  第32章 昭然:3447  第33章 替:4929  第34章 伤痕:3564  第35章 神:3593  第36章 大梦:3432
          第37章 暗流:4355  第38章 醉酒:3382  第39章 初弑:5209  第40章 异变:6726  第41章 任务:9182  第42章 承诺:6576
          第43章 蛮荒:6356  第44章 自戕:7310  第45章 神尊:3277  第46章 识破:4451  第47章 吃醋:6280  第48章 藏娇:6903
          第49章 清算:5267  第50章 酒:6186  第51章 急报:3183  第52章 救世:7811  第53章 前:6780  第54章 纠葛:6357
          第55章 殉剑:6176  第56章 相守:3371

04:01:53  野心 (得一阳阳) [完结]  161p→153章  1480KB  OK
          https://www.52shuku.net/gl/31_b/bkdxH.html
          第1章:3786  第2章:3961  第3章:3693  第4章:3977  第5章:3951  第6章:3236
          第7章:3279  第8章:3165  第9章:3330  第10章:3358  第11章:3261  第12章:3293
          第13章:3192  第14章:3091  第15章:3133  第16章:3268  第17章:3212  第18章:3188
          第19章:3245  第20章:3333  第21章:3205  第22章:3484  第23章:3584  第24章:3340
          第25章:3321  第26章:3478  第27章:3326  第28章:3292  第29章:3263  第30章:3082
          第31章:3261  第32章:3140  第33章:3170  第34章:3169  第35章:3154  第36章:3170
          第37章:3240  第38章:3266  第39章:3161  第40章:3144  第41章:3138  第42章:3210
          第43章:3150  第44章:3148  第45章:3167  第46章:3281  第47章:3272  第48章:3244
          第49章:3307  第50章:3323  第51章:3361  第52章:3324  第53章:3085  第54章:3071
          第55章:3154  第56章:3053  第57章:3188  第58章:3162  第59章:3202  第60章:3199
          第61章:3225  第62章:3110  第63章:3192  第64章:3130  第65章:3113  第66章:3110
          第67章:3178  第68章:3198  第69章:3080  第70章:3115  第71章:3165  第72章:3072
          第73章:3142  第74章:3140  第75章:3161  第76章:3106  第77章:3134  第78章:3122
          第79章:3120  第80章:3125  第81章:3108  第82章:3171  第83章:3181  第84章:3173
          第85章:3261  第86章:3171  第87章:3088  第88章:3073  第89章:3264  第90章:3555
          第91章:3370  第92章:3391  第93章:3697  第94章:3242  第95章:3247  第96章:3162
          第97章:3265  第98章:3123  第99章:3152  第100章:3134  第101章:3209  第102章:3153
          第103章:3111  第104章:3159  第105章:3109  第106章:3158  第107章:3179  第108章:3190
          第109章:3330  第110章:3101  第111章:3160  第112章:3194  第113章:3054  第114章:3125
          第115章:3178  第116章:3127  第117章:3097  第118章:3060  第119章:3117  第120章:3098
          第121章:3116  第122章:3129  第123章:3138  第124章:3095  第125章:3086  第126章:3121
          第127章:3184  第128章:3080  第129章:3096  第130章:3125  第131章:3132  第132章:3088
          第133章:3123  第134章:3171  第135章:3173  第136章:3144  第137章:3240  第138章:3113
          第139章:3147  第140章:3100  第141章:3123  第142章:3079  第143章:3132  第144章:3144
          第145章:3107  第146章:3157  第147章:3154  第148章:3222  第149章:3129  第150章:3174
          第151章:3210  第152章:3087  第153章:3241

04:02:21  窃有 (延玥) [完结]  70p→58章  624KB  OK
          https://www.52shuku.net/gl/31_b/bkdxE.html
          第1章 锦兰市:3538  第2章 遗产:3139  第3章 照顾:3128  第4章 拉黑:2864  第5章 姐姐:2110  第6章 醉酒:2965
          第7章 日记:3041  第8章 占有欲:3068  第9章 流言:3789  第10章 进展:3155  第11章 命定:3173  第12章 表白:3153
          第13章 开房:2439  第14章 吻了:2640  第15章 高攀:3303  第16章 拒绝:2562  第17章 下药:3929  第18章 难受:6851
          第19章 出事:2698  第20章 镣铐:3339  第21章 逃离:3329  第22章 包扎:3703  第23章 补偿:3339  第24章 车祸:3393
          第25章 太阳:5790  第26章 过夜:3438  第27章 觊觎:3392  第28章 工厂:3677  第29章 醋劲:3712  第30章 警犬:3762
          第31章 轮渡:4023  第32章 变故:4143  第33章 孽种:3318  第34章 怪物:5252  第35章 取卵:3759  第36章 不要跑:2982
          第37章 心跳:3809  第38章 传言:3268  第39章 嫌弃:3374  第40章 审讯:3406  第41章 蝴蝶结:3453  第42章 哭出声:3491
          第43章 翘班:3405  第44章 真相:3254  第45章 对峙:3661  第46章 隐瞒:3349  第47章 听话:4358  第48章 爸爸:3244
          第49章 抓住:3894  第50章 扯平:3397  第51章 迟了:4660  第52章 等我:3459  第53章 结束:4197  第54章 查岗:3747
          第55章 猫:3691  第56章 职业病:3720  第57章 饭局:3329  第58章 影子:4807

04:03:34  昭昭若揭 (陈西米) [完结+番外]  195p→97章  1691KB  OK
          https://www.52shuku.net/gl/29_b/bkdwb.html
          第1章 头奖:4834  第2章 分化:4170  第3章 初夜:3936  第4章 疯狗:3719  第5章 搭桥:4139  第6章 女神:3518
          第7章 机会:3045  第8章 好奇:3183  第9章 印象:3683  第10章 见面:3886  第11章 对线:4926  第12章 别亲:4391
          第13章 喜欢:3976  第14章 在意:3709  第15章 服软:3306  第16章 止咬:3943  第17章 真乖:6213  第18章 很棒:7231
          第19章 需求:6247  第20章 情热:6320  第21章 尺度:7245  第22章 初吻:6319  第23章 吻技:6289  第24章 驻足:6308
          第25章 好巧:6301  第26章 别走:6539  第27章 索吻:6568  第28章 醉酒:6599  第29章 关心:6236  第30章 道具:6284
          第31章 求我:6195  第32章 疯批:6241  第33章 荒唐:6221  第34章 强制:6576  第35章 热吻:6307  第36章 引流:6271
          第37章 营业:6524  第38章 浪漫:6854  第39章 心思:6553  第40章 物化:6849  第41章 愉悦:7200  第42章 灵感:6845
          第43章 学乖:6210  第44章 梦想:6935  第45章 礼物:6257  第46章 故意:6765  第47章 投喂:6600  第48章 腿环:7192
          第49章 情动:6279  第50章 揉弦:6220  第51章 想亲:7641  第52章 暗潮:6789  第53章 吃醋:6572  第54章 追她:7621
          第55章 日记:7324  第56章 拿捏:7584  第57章 吻你:6247  第58章 好吃:7208  第59章 杀青:6732  第60章 玩花:6554
          第61章 想念:6900  第62章 易感:6940  第63章 失控:9549  第64章 恨侣:6580  第65章 认罚:7236  第66章 训犬:3263
          第67章 姐狗:3529  第68章 爱你:3559  第69章 人设:3981  第70章 湿身:3308  第71章 放水:3853  第72章 共舞:3465
          第73章 坦白:5193  第74章 官宣:5716  第75章 花期:7736  第76章 零一:5034  第77章 零二:6640  第78章 零三:5569
          第79章 零四:6344  第80章 零五:5514  第81章 零六:4971  第82章 零七:5568  第83章 零八:4951  第84章 零九:4585
          第85章 一零:5236  第86章 一一:5603  第87章 一二:5567  第88章 一三:4028  第89章 一四:5607  第90章 一五:4202
          第91章 一六:9334  第92章 一七:6671  第93章 一八:7256  第94章 一九:5390  第95章 回馈1:4752  第96章 回馈2:7316
          第97章 回馈3:7154

04:04:39  诱她乖乖上钩 (温孤酒) [完结+番外]  172p→95章  1475KB  OK
          https://www.52shuku.net/gl/29_b/bkdwa.html
          第1章 故事开始:4648  第2章 谁啊，她亲的人:4036  第3章 故意的:3823  第4章 相亲局:3264  第5章 结婚吧。:3674  第6章 距离:4620
          第7章 防离婚第一步:3300  第8章 第一次触碰:2647  第9章 我和你:3142  第10章 同居邀约:4549  第11章 装什么装:4134  第12章 唇角:3958
          第13章 同居第一晚:4625  第14章 红玫瑰:3635  第15章 上心:3116  第16章 可恶啊:3024  第17章 距离（含入v通知）:3961  第18章 亲吻:11110
          第19章 一次:3702  第20章 内衣:3150  第21章 称呼:3631  第22章 浅绿色衬衣下（二更）:4828  第23章 生病（三更）:4571  第24章 一起睡:5661
          第25章 能怎么办:4684  第26章 小狗云:6324  第27章 浅尝辄止（才怪）:3116  第28章 付苏说:4545  第29章 橙子味:7096  第30章 恋爱脑:5728
          第31章 好奇:7283  第32章 惩罚:3800  第33章 第一次:12293  第34章 味道:10235  第35章 欲念:5589  第36章 停电:6542
          第37章 悲哀:5905  第38章 秋末初冬:7927  第39章 贪心:4661  第40章 害怕:6118  第41章 茫然:3824  第42章 陨落:6462
          第43章 蝴蝶酥:4183  第44章 寒冬:8776  第45章 答案:6746  第46章 坦白与恳求:6039  第47章 欲望:3527  第48章 思眷:6339
          第49章 生日:3768  第50章 眼泪:5660  第51章 过年:4060  第52章 煎饼:5123  第53章 突发:5323  第54章 恐惧:3798
          第55章 无事发生:4193  第56章 菠萝:3784  第57章 红豆&惊喜:3827  第58章 痛苦:2874  第59章 红裙子&高跟鞋:5951  第60章 梦:5654
          第61章 暗恋:9518  第62章 花:5788  第63章 柠檬蛋糕:3650  第64章 网友:3999  第65章 温暖而潮湿:4246  第66章 主动:3731
          第67章 深蓝与浆果红:7012  第68章 play:4035  第69章 戳破:3772  第70章 骗子:4879  第71章 不舍得:6565  第72章 坍塌:5717
          第73章 时间的刻度:6770  第74章 付苏苏:4778  第75章 热搜:8618  第76章 平平淡淡:8945  第77章 正文完:7246  第78章 if.付苏勇敢了呢（一）:4763
          第79章 if.付苏勇敢了呢（二）:4543  第80章 if.付苏勇敢了呢（三）:5093  第81章 if.付苏勇敢了呢（四）:4368  第82章 if.付苏勇敢了呢（五）:3194  第83章 if.付苏勇敢了呢（六）:7421  第84章 if.付苏勇敢了呢（完）:2720
          第85章 if.小瑾当时救下付望望了呢（一）:3454  第86章 if.小瑾当时救下付望望了呢（二）:5268  第87章 if.小瑾当时救下付望望了呢（三）:3115  第88章 if.小瑾当时救下付望望了呢（四）:3040  第89章 if.小瑾当时救下付望望了呢（五）:6047  第90章 if.小瑾当时救下付望望了呢（六）:4865
          第91章 if.小瑾当时救下付望望了呢（七）:6407  第92章 if.小瑾当时救下付望望了呢（八）:5701  第93章 if.小瑾当时救下付望望了呢（九）:2978  第94章 if.小瑾当时救下付望望了呢（十）:4976  第95章 if.小瑾当时救下付望望了呢（完）（全文完）:7661

04:05:25  强扭的瓜也很甜 (水一天) [完结+番外]  128p→72章  1104KB  OK
          https://www.52shuku.net/gl/29_b/bkdvZ.html
          第1章:4206  第2章:3821  第3章:2696  第4章:4174  第5章:2522  第6章:4040
          第7章:3035  第8章:3273  第9章:2598  第10章:3498  第11章:3728  第12章:2955
          第13章:3393  第14章:2301  第15章:3193  第16章:3350  第17章:2537  第18章:2736
          第19章:3082  第20章:9664  第21章:6237  第22章:7227  第23章:6215  第24章:6924
          第25章:6571  第26章:6299  第27章:6636  第28章:6192  第29章:7285  第30章:6227
          第31章:6656  第32章:6234  第33章:6873  第34章:6185  第35章:6507  第36章:3250
          第37章:4172  第38章:3499  第39章:6544  第40章:6620  第41章:3167  第42章:6882
          第43章:6898  第44章:6886  第45章:7219  第46章:6555  第47章:6518  第48章:6915
          第49章:6336  第50章:6284  第51章:9196  第52章:6462  第53章:6218  第54章:5576
          第55章:4167  第56章:5627  第57章:3572  第58章:6862  第59章:3686  第60章:4231
          第61章:4320  第62章:3250  第63章:4751  第64章:6560  第65章:6607  第66章:4281
          第67章:3340  第68章:6339  第69章:5304  第70章:3861  第71章:2932  第72章:5087

04:06:20  我舍友好像喜欢我 (花辞旧枝) [完结+番外]  141p→113章  1221KB  OK
          https://www.52shuku.net/gl/29_b/bkdvY.html
          第1章 楔子:4065  第2章:3982  第3章:3082  第4章:3597  第5章:3069  第6章:3037
          第7章:3643  第8章:4081  第9章:3109  第10章:4634  第11章:3292  第12章:2114
          第13章:4243  第14章:3376  第15章:3088  第16章:4518  第17章:6216  第18章:3375
          第19章:3277  第20章:2782  第21章:2910  第22章:3526  第23章:3071  第24章:3878
          第25章:3167  第26章:3753  第27章:3184  第28章:3160  第29章:3558  第30章:3540
          第31章:3233  第32章:3573  第33章:3368  第34章:4480  第35章:3089  第36章:3595
          第37章:3571  第38章:3053  第39章:4248  第40章:3641  第41章:3297  第42章:3477
          第43章:3331  第44章:3213  第45章:5304  第46章:3660  第47章:3956  第48章:3753
          第49章:4716  第50章:2995  第51章:2998  第52章:3101  第53章:4089  第54章:3000
          第55章:3935  第56章:3082  第57章:3029  第58章:3498  第59章:3199  第60章:2990
          第61章:3426  第62章:3334  第63章:3246  第64章:3249  第65章:3202  第66章:3049
          第67章:2714  第68章:3233  第69章:3402  第70章:2560  第71章:3166  第72章:3096
          第73章:3259  第74章:3003  第75章:3202  第76章:4016  第77章:3115  第78章:3240
          第79章:3272  第80章:3940  第81章:4299  第82章:3320  第83章:3111  第84章:9992
          第85章:6178  第86章:6380  第87章:3892  第88章:3421  第89章:3246  第90章:3529
          第91章:3539  第92章:3449  第93章:4170  第94章:3348  第95章:3966  第96章:3063
          第97章:3123  第98章:3596  第99章:3357  第100章:4770  第101章:3322  第102章:3451
          第103章:3252  第104章:4030  第105章:3067  第106章:3395  第107章:2410  第108章:3986
          第109章:3122  第110章 后记一:3031  第111章 后记二:3715  第112章 后记三:2058  第113章 番外:3771

04:07:11  撩得美人心 (清酒加冰) [完结]  140p→85章  1219KB  OK
          https://www.52shuku.net/gl/29_b/bkdvX.html
          第1章 意外:6787  第2章 被泼（改字）:7196  第3章 传闻（改字）:3688  第4章 体贴:2061  第5章 双标（改字）:3997  第6章 晚餐:4531
          第7章 拒绝:3139  第8章 忙碌:3027  第9章 葬礼:3794  第10章 过往:3821  第11章 失联:3683  第12章 照顾:3860
          第13章 拉扯:3457  第14章 “直女”:2783  第15章 势均力敌（改字）:2569  第16章 留宿？:4163  第17章 故人:2997  第18章 提点（改字）:3536
          第19章 误会:5267  第20章 入V三合一章:9940  第21章 爱是什么:4585  第22章 邀约:7731  第23章 朋友:4332  第24章 量尺寸:3914
          第25章 牵手:3510  第26章 “损友”:3964  第27章 高手过招:7228  第28章 歪打正着（改字）:5027  第29章 吻:4911  第30章 人生岔路口:6080
          第31章 上门【副cp】（改字）:7535  第32章 馄饨【副cp】:3849  第33章 照顾【副cp】:5605  第34章 见面:5109  第35章 “好朋友”:4008  第36章 “情敌”（改作话）:4842
          第37章 恶劣秉性:4472  第38章 认错（改字）:4518  第39章 简直就是勾引:4461  第40章 拥抱:4898  第41章 失控（二次修改）:4636  第42章 宿醉（改字）:4013
          第43章 看望:6473  第44章 探病【副cp】:3732  第45章 再问【副cp】:5414  第46章 热搜【副cp？】:5724  第47章 聚餐（改字）:6806  第48章 电话:4235
          第49章 跟踪【副cp】:4309  第50章 又见（改字）:6381  第51章 沉沦（二次修改）:6165  第52章 克制（改字）:4956  第53章 “朋友”:4739  第54章 云江之行（改字）:6819
          第55章 商量（改字）:4060  第56章 “她很喜欢你。”:5569  第57章 “可以吗？”:4805  第58章 谁问了。:3301  第59章 “我想听实话。”:3303  第60章 伤心？:4999
          第61章 散步:6372  第62章 合作（改字）:4482  第63章 一见钟情（改字）:3963  第64章 又争又抢:3507  第65章 饺子型人格:3852  第66章 害怕（四改）:4354
          第67章 “到底怎么了？”:5068  第68章 “不速之客”（改字）:5339  第69章 纷争开始了。:3873  第70章 友情。爱情。（改字）:5063  第71章 反差（改字）:3886  第72章 不是情敌:3529
          第73章 撒谎（改字）:3722  第74章 吵架（改字）:3605  第75章 展柜:4533  第76章 “你还喜欢我吗？”:4281  第77章 老狐狸！:4115  第78章 黑芝麻汤圆:6132
          第79章 访客:5480  第80章 噩梦:5760  第81章 五千万:4400  第82章 新家:4849  第83章 交易:6940  第84章 变故（改字）:4531
          第85章 正文完结（改字）:8457

04:08:09  渣A扮演系统崩坏后[快穿] (妙金) [完结+番外]  151p→100章  1302KB  OK
          https://www.52shuku.net/gl/29_b/bkdvW.html
          第1章:3597  第2章:3458  第3章:3564  第4章:3424  第5章:3195  第6章:3244
          第7章:3071  第8章:3106  第9章:3120  第10章:3141  第11章:3244  第12章:3175
          第13章:2117  第14章:3088  第15章:4061  第16章:3440  第17章:3507  第18章:3184
          第19章:2314  第20章:2762  第21章:3599  第22章:3365  第23章:3828  第24章:3489
          第25章:4177  第26章:3295  第27章:4439  第28章:4304  第29章:4334  第30章:4442
          第31章:4975  第32章:4065  第33章:5036  第34章:4662  第35章:5080  第36章:4986
          第37章:6160  第38章:5382  第39章:5188  第40章:5544  第41章:5706  第42章:6099
          第43章:4573  第44章:5269  第45章:5903  第46章:5438  第47章:5889  第48章:5577
          第49章:5347  第50章:5821  第51章:5428  第52章:5180  第53章:4295  第54章:6321
          第55章:5246  第56章:3733  第57章:3230  第58章:3394  第59章:4989  第60章:5108
          第61章:5235  第62章:5277  第63章:5264  第64章:5091  第65章:4861  第66章:4552
          第67章:4580  第68章:5331  第69章:4832  第70章:4644  第71章:3540  第72章:4345
          第73章:4461  第74章:4224  第75章:4271  第76章:5375  第77章:3656  第78章:4674
          第79章:5523  第80章:5493  第81章:3695  第82章:3620  第83章:3869  第84章:3186
          第85章:3946  第86章:4473  第87章:4720  第88章:4230  第89章:4758  第90章:3535
          第91章:3867  第92章:3868  第93章:3971  第94章:4558  第95章:3397  第96章:4528
          第97章:6754  第98章:4917  第99章:3251  第100章:3392

04:08:46  热恋冬令时 (赵二月) [完结+番外]  98p→57章  840KB  OK
          https://www.52shuku.net/gl/29_b/bkdvV.html
          第1章:6992  第一章 的信息有点多，大家可以稍稍梳理一下慢慢消化:233  第2章:4067  第3章:3687  第4章:10370  第5章:7015
          第6章:7010  第7章:6354  第8章:5468  第9章:4675  第10章:9301  第11章:7374
          第12章:10437  第13章:5068  第14章:5947  第15章:3993  第16章:5202  第17章:7706
          第18章:5243  第19章:4721  第20章:4346  第21章:4488  第22章:5732  第23章:4414
          第24章:3705  第25章:4979  第26章:4347  第27章:4673  第28章:3581  第29章:3618
          第30章:3380  第31章:3310  第32章:3639  第33章:4277  第34章:3257  第35章:5277
          第36章:4471  第37章:3238  第38章:3329  第39章:3278  第40章:3347  第41章:3722
          第42章:4575  第43章:4228  第44章:7005  第45章:5315  第46章:5285  第47章:3968
          第48章:3467  第49章:7077  第50章:5569  第51章:5605  第52章:4041  第53章:3348
          第54章:2302  第55章:3140  第56章:4598

04:09:25  猫猫也要规避恋综镜头吗 (羁南) [完结+番外]  103p→75章  861KB  OK
          https://www.52shuku.net/gl/29_b/bkdvU.html
          第1章:3036  第2章:3142  第3章:3111  第4章:3111  第5章:4250  第6章:7190
          第7章:6599  第8章:3076  第9章:3093  第10章:3122  第11章:2305  第12章:1984
          第13章:2506  第14章:1802  第15章:2243  第16章:1777  第17章:1553  第18章:2011
          第19章:1525  第20章:3561  第21章:10259  第22章:3294  第23章:4105  第24章:3494
          第25章:4063  第26章:5446  第27章:3277  第28章:3421  第29章:3409  第30章:3284
          第31章:4347  第32章:3227  第33章:3277  第34章:4338  第35章:3245  第36章:3255
          第37章:3377  第38章:3323  第39章:3314  第40章:3326  第41章:3279  第42章:3276
          第43章:3269  第44章:3306  第45章:3254  第46章:3236  第47章:3233  第48章:3190
          第49章:3213  第50章:3213  第51章:3230  第52章:3211  第53章:3185  第54章:3230
          第55章:3647  第56章:4019  第57章:3196  第58章:6030  第59章:4012  第60章:4089
          第61章:5283  第62章:3314  第63章:10015  第64章:6617  第65章:3208  第66章:9599
          第67章:8275  第68章:3468  第69章:4845  第70章:3167  第71章:3168  第72章:3228
          第73章:3238  第74章:3224  第75章:3169

04:10:33  初夏归港 (陈西米) [完结+番外]  186p→100章  1597KB  OK
          https://www.52shuku.net/gl/29_b/bkdvT.html
          第1章 暗潮:3100  第2章 汹涌:3094  第3章 初次:4441  第4章 标记:3594  第5章 秘密:3068  第6章 气运:3487
          第7章 同桌:4049  第8章 过敏:3943  第9章 打赌:3896  第10章 不熟:3618  第11章 名字:3865  第12章 魔咒:5484
          第13章 直球:5304  第14章 笔记:3721  第15章 赌注:3275  第16章 悖论:4452  第17章 易感:6587  第18章 抚慰:6536
          第19章 数羊:6746  第20章 早恋:6894  第21章 陪你:6916  第22章 礼物:6271  第23章 游戏:7204  第24章 共犯:6691
          第25章 嗑糖:7222  第26章 私聊:6258  第27章 护送:6555  第28章 好辣:6671  第29章 私会:6986  第30章 梧桐:6590
          第31章 出柜:6251  第32章 送饭:6966  第33章 溺爱:7925  第34章 姐姐:6266  第35章 聚众:6537  第36章 视频:7668
          第37章 香吗:6922  第38章 相信:6610  第39章 庆祝:6579  第40章 牵手:8240  第41章 过夜:7549  第42章 冲动:7306
          第43章 欲望:6859  第44章 骤雨:6263  第45章 放晴:8555  第46章 努力:7566  第47章 陪伴:6820  第48章 情热:7220
          第49章 喜欢:3232  第50章 好看:6931  第51章 期待:6285  第52章 未来:9230  第53章 情书:4549  第54章 蜜语:4928
          第55章 阿桐:4569  第56章 初夏:3608  第57章 抱抱:5534  第58章 疯子:4964  第59章 教我:6566  第60章 同居:7245
          第61章 名分:5941  第62章 报应:4525  第63章 抛弃:3898  第64章 辞行:3638  第65章 重逢:3234  第66章 床伴:3225
          第67章 咬我:3244  第68章 想她:5249  第69章 吻痕:4270  第70章 吃醋:3545  第71章 有主:5281  第72章 偷吻:3216
          第73章 吃我:4226  第74章 味道:4922  第75章 告白:3263  第76章 对白:3657  第77章 独白:4221  第78章 翻覆:5212
          第79章 醉酒:7253  第80章 真相:3219  第81章 想念:4545  第82章 视角:4244  第83章 真心:3300  第84章 梨涡:3613
          第85章 跨年:3630  第86章 耳钉:4230  第87章 官宣:6864  第88章 放肆:5321  第89章 恋人:4227  第90章 求婚:4575
          第91章 婚礼:3314  第92章 程宋1:4210  第93章 程宋2:4217  第94章 展夏1:4896  第95章 展夏2:4918  第96章 展夏3:4293
          第97章 展夏4:3257  第98章 展夏5:3274  第99章 回馈1:7735  第100章 回馈2:9773

04:11:32  拐走大小姐后 (疯了的琥珀) [完结+番外]  155p→125章  1372KB  OK
          https://www.52shuku.net/gl/28_b/bkdv9.html
          第1章 找到你了:3832  第2章 杀她:3536  第3章 百毒不侵:3959  第4章 幻青:3892  第5章 千刀万剐:3670  第6章 噩梦:2834
          第7章 真教人多心:3366  第8章 一点未变:3029  第9章 浴池调戏:3537  第10章 快喂我:3349  第11章 你睡了吗？:3695  第12章 带我回燕宁:3408
          第13章 一见倾心:2919  第14章 嘿，在担心我？:2840  第15章 合欢散:2898  第16章 算什么:3102  第17章 一斗三:3663  第18章 做局:2715
          第19章 吻什么吻:2540  第20章 抱抱？:2830  第21章 并非真心:3226  第22章 中毒:2485  第23章 吃鱼的醋:2956  第24章 再让你咬一口:3255
          第25章 大火:2165  第26章 元兰:3111  第27章 会喜欢我吗？:3179  第28章 哎呦:3042  第29章 就亲一下！:3241  第30章 只喜欢你:3441
          第31章 大吵:3239  第32章 吵什么吵:3534  第33章 人都死了:3207  第34章 风也不行:3251  第35章 我好热:2977  第36章 膝上一吻:3016
          第37章 一拳打吐:3437  第38章 不要钱，要你:3176  第39章 吃醋而不自知:3603  第40章 我要吻你了:4346  第41章 还想要生辰礼:3499  第42章 挑衅:4085
          第43章 大黄狗:3812  第44章 你是什么狗:3731  第45章 天旋地转:3024  第46章 别走:4409  第47章 囚禁:3257  第48章 女子间，能相爱吗？:3359
          第49章 怎能爱上女子！:4257  第50章 成亲？:4062  第51章 温不弃:3870  第52章 讨好:4345  第53章 疯子:3870  第54章 真当我痴情？:3873
          第55章 你太听话了:3353  第56章 无非骗骗人:3810  第57章 劝酒:3429  第58章 姩儿:3532  第59章 不敢下手:3911  第60章 真心换真心:3049
          第61章 微生韶:3725  第62章 谁让你先放手:3890  第63章 不重要的真相:3275  第64章 求她了吗？:3660  第65章 佯装可怜:3532  第66章 都杀了才好:3863
          第67章 引诱:4065  第68章 追杀！:4185  第69章 绑架:4610  第70章 威胁:4008  第71章 委屈的楼主大人:3515  第72章 争宠:3600
          第73章 都疯了:3275  第74章 好想姐姐:3303  第75章 解释:3059  第76章 入匪窝:3780  第77章 只想你属于我:3196  第78章 缠绵:3505
          第79章 入住匪窝:3726  第80章 谁要忘情？:3731  第81章 为何害我:3123  第82章 权当错付！:3449  第83章 观音庙:3427  第84章 被抓:3781
          第85章 林卿，快跑:3647  第86章 只有你能解的毒:3199  第87章 林司源之死:3425  第88章 你不配:3423  第89章 玉碎:3843  第90章 我恨你:3310
          第91章 想逃去何处！:3567  第92章 真不乖:3332  第93章 什么忘情破蛊:3691  第94章 原是骗我！:3189  第95章 惩治徐家人:4410  第96章 深冬:3409
          第97章 赌你抢亲:3142  第98章 消失的林卿:4589  第99章 姐姐只能是我的:4667  第100章 算计爱人:4596  第101章 杀心:3617  第102章 绝情的人:3524
          第103章 奄奄一息:4054  第104章 冷不过人心:3645  第105章 火烧粮仓:4035  第106章 我是不是疯子？:4509  第107章 为了权:3407  第108章 少年:3797
          第109章 混战:3713  第110章 万籁俱寂:3465  第111章 所谓伊人:5191  第112章 提亲:3786  第113章 残玉:3835  第114章 情断，身死:4140
          第115章 我就是疯子:4561  第116章 和负心人的区别:5566  第117章 倔强的温不弃:3353  第118章 愿吾爱平安无忧:4321  第119章 主动出击:3237  第120章 允娘:4576
          第121章 你有隐疾？:3945  第122章 天命丹:3410  第123章 辣口的翠玉豆糕:4216  第124章 血色莲花:3666  第125章 徐乐容:7575

04:12:02  疯批大小姐驯妻手札 (乌欲栖) [完结]  75p→53章  633KB  OK
          https://www.52shuku.net/gl/28_b/bkdv8.html
          第1章:2654  第2章:3328  第3章:2238  第4章:2571  第5章:3786  第6章:3544
          第7章:4447  第8章:3169  第9章:3766  第10章:3401  第11章:3683  第12章:2463
          第13章:4083  第14章:3167  第15章:3826  第16章:3628  第17章:4162  第18章:5203
          第19章:4302  第20章:4648  第21章:4065  第22章:3240  第23章:3827  第24章:3508
          第25章:4105  第26章:4362  第27章:3628  第28章:4204  第29章:4370  第30章:3743
          第31章:3594  第32章:3959  第33章:3329  第34章:3541  第35章:4505  第36章:3834
          第37章:4603  第38章:4482  第39章:3808  第40章:3595  第41章:3269  第42章:3617
          第43章:3891  第44章:3939  第45章:3615  第46章:3680  第47章:4589  第48章:4074
          第49章:3914  第50章:4591  第51章:3569  第52章:6408  第53章:8280

04:12:52  被穿失败，我又回来了 (冰刈) [完结+番外]  132p→88章  1120KB  OK
          https://www.52shuku.net/gl/28_b/bkdv7.html
          第1章:3565  第2章:3033  第3章:3161  第4章:3299  第5章:3783  第6章:3876
          第7章:3145  第8章:3633  第9章:3100  第10章:2534  第11章:2613  第12章:2414
          第13章:2455  第14章:2207  第15章:2220  第16章:2155  第17章:2579  第18章:2577
          第19章:2565  第20章:2220  第21章:3746  第22章:10558  第23章:6205  第24章:6373
          第25章:6299  第26章:6272  第27章:6238  第28章:5575  第29章:6200  第30章:5205
          第31章:5200  第32章:6418  第33章:5889  第34章:6382  第35章:6974  第36章:6536
          第37章:6986  第38章:4040  第39章:2876  第40章:6253  第41章:6003  第42章:6105
          第43章:6037  第44章:3604  第45章:3636  第46章:3252  第47章:4017  第48章:3579
          第49章:4006  第50章:3559  第51章:4362  第52章:3355  第53章:3913  第54章:3338
          第55章:3514  第56章:3521  第57章:3550  第58章:3315  第59章:3594  第60章:4205
          第61章:4067  第62章:3583  第63章:4323  第64章:4211  第65章:3577  第66章:3956
          第67章:3693  第68章:5028  第69章:4225  第70章:4009  第71章:6951  第72章:3390
          第73章:3854  第74章:3276  第75章:3597  第76章:3236  第77章:3274  第78章:4057
          第79章:5168  第80章:3247  第81章:4308  第82章:3556  第83章:3571  第84章:3735
          第85章:3659  第86章:3551  第87章:3650  第88章:4071

04:13:15  和假千金先婚后爱了abo (素节春余) [完结]  56p→65章  485KB  OK
          https://www.52shuku.net/gl/28_b/bkdvz.html
          第1章:3162  第2章:2937  第3章:3149  第4章:3303  第5章:3008  第6章:2840
          第7章:1404  第8章:1031  第9章:1878  第10章:1608  第11章:1403  第12章:1482
          第13章:1522  第14章:1467  第15章:2273  第16章:2135  第17章:2212  第18章:2235
          第19章:2247  第20章:2165  第21章:1969  第22章:2525  第23章:2513  第24章:2526
          第25章:2612  第26章:2544  第27章:2486  第28章:9468  第29章:3361  第30章:3360
          第31章:3460  第32章:3352  第33章:2094  第34章:2163  第35章:2146  第36章:2431
          第37章:2018  第38章:2159  第39章:2459  第40章:1599  第41章:2301  第42章:2282
          第43章:2407  第44章:2205  第45章:3355  第46章:2288  第47章:1377  第48章:1279
          第49章:1892  第50章:3421  第51章:2053  第52章:2065  第53章:2750  第54章:3301
          第55章:3344  第56章:2204  第57章:2120  第58章:2255  第59章:1677  第60章:3568
          第61章:2116  第62章:2409  第63章:1846  第64章:1248  第65章:2936

04:13:33  我在女尊搞百合 (瀛仙蔷) [完结+番外]  48p→37章  428KB  OK
          https://www.52shuku.net/gl/28_b/bkdvy.html
          第1章:3342  第2章:3548  第3章:3226  第4章:3517  第5章:3144  第6章:3421
          第7章:3057  第8章:3352  第9章:3298  第10章:3073  第11章:3342  第12章:3198
          第13章:3178  第14章:3151  第15章:4441  第16章:3854  第17章:3304  第18章:3571
          第19章:3281  第20章:3990  第21章:3777  第22章:3711  第23章:3354  第24章:3341
          第25章:3520  第26章:10774  第27章:3612  第28章:3408  第29章:3373  第30章:3343
          第31章:3380  第32章:3332  第33章:3242  第34章:3193  第35章:3365  第36章:10646
          第37章:4071

04:14:50  穿越后，系统：宿主，你不是路过吗 (楠忘今萧) [完结+番外]  200p→170章  1859KB  OK
          https://www.52shuku.net/gl/25_b/bkdsi.html
          第1章 合作:3192  第2章 救人:3468  第3章 恶意:3862  第4章 回家:3340  第5章 治疗:3029  第6章 自立:3364
          第7章 算术:3000  第8章 成绩:3387  第9章 河稞镇:3103  第10章 喜好:3486  第11章 书肆:3731  第12章 身份:3827
          第13章 称呼:3180  第14章 磨合:3589  第15章 咏春:3166  第16章 过往:3006  第17章 恼我了？:3501  第18章 坦诚:3441
          第19章 模糊:3160  第20章 内裤:3348  第21章 平安:3119  第22章 掌心:3097  第23章 月事带:3559  第24章 求救:3499
          第25章 刀落:3447  第26章 从商:3319  第27章 阴暗疯批:3067  第28章 结戚:3486  第29章 名字:3414  第30章 生意:3057
          第31章 谈成:3194  第32章 动心:3283  第33章 赶集:3146  第34章 肥皂:3482  第35章 安排:3623  第36章 上山:3001
          第37章 拥抱:2985  第38章 生气:3335  第39章 卖药（一）:3029  第40章 卖药（二）:3289  第41章 波动:2970  第42章 压抑:3851
          第43章 情绪抽离:3155  第44章 反扑:3173  第45章 人情世故:3154  第46章 中秋:3259  第47章 只是师徒吗？:3285  第48章 心境:3221
          第49章 播种:3113  第50章 风波:3559  第51章 挑动:3014  第52章 挖坑:3282  第53章 解决:4668  第54章 视角:3564
          第55章 距离:3293  第56章 动手:3158  第57章 继承:3497  第58章 想家:3813  第59章 比试:3612  第60章 远离:3050
          第61章 待机:3202  第62章 实验:3103  第63章 野心:3011  第64章 业务:3625  第65章 幻梦:3050  第66章 上头有人:3162
          第67章 装神:3092  第68章 秘法:3030  第69章 清酒:3257  第70章 字迹:3116  第71章 手串:3312  第72章 问题:3046
          第73章 失控:3135  第74章 师傅:3327  第75章 成了:3040  第76章 公平:3014  第77章 幻视:3398  第78章 冲突:3192
          第79章 噩梦:3289  第80章 惊讶:3288  第81章 温室:3239  第82章 可叹:3223  第83章 归心:3015  第84章 糖画:3209
          第85章 开户:3112  第86章 返程:3147  第87章 见面:3284  第88章 隔离:3101  第89章 逗弄:3275  第90章 温暖:3026
          第91章 任务:3027  第92章 谎言:3033  第93章 雇佣:3039  第94章 规划:3309  第95章 玫瑰:2701  第96章 从军:3021
          第97章 试探:3734  第98章 嫁你:2635  第99章 动情:3156  第100章 蚯蚓:3245  第101章 热闹:3201  第102章 咬痕:3317
          第103章 战书:3278  第104章 不爽:3243  第105章 挑衅:3508  第106章 身份:3160  第107章 心意:3077  第108章 温存:3198
          第109章 要求:3154  第110章 觉醒:6535  第111章 混账:4825  第112章 害怕:3166  第113章 中举:3312  第114章 喜庆:3091
          第115章 勒索:3223  第116章 讽刺:5033  第117章 抉择:3311  第118章 火箱:3148  第119章 教训:3156  第120章 选人:3230
          第121章 印刷:2675  第122章 番外一：《东方》[番外]:3233  第123章 番外二：程衣[番外]:3011  第124章 番外三：演出[番外]:3301  第125章 番外四：清醒[番外]:3881  第126章 番外五：落幕[番外]:1109
          第127章 制炉:4211  第128章 安排:3217  第129章 分工:4020  第130章 游莹:3487  第131章 成长:3024  第132章 夜市:3760
          第133章 哑女:5004  第134章 表面:4081  第135章 收徒:4994  第136章 消息:6341  第137章 承诺:4763  第138章 娘亲:5081
          第139章 放手:5971  第140章 准备:8833  第141章 入梦:9236  第142章 安心:7020  第143章 烟花:7259  第144章 连接:6893
          第145章 离开:4276  第146章 赌约:6378  第147章 无忧:4092  第148章 校服:3670  第149章 威胁:3467  第150章 公主:4078
          第151章 下跪:5732  第152章 开店:2940  第153章 造神:5083  第154章 秋月:2955  第155章 忽悠:4356  第156章 请求:4837
          第157章 上阵:4574  第158章 相见:3572  第159章 决心:2975  第160章 成婚:4511  第161章 番外一：镖头[番外]:3560  第162章 番外二：撩拨[番外]:4384
          第163章 番外三：过往[番外]:4244  第164章 番外四：月事[番外]:3773  第165章 番外五：姐姐[番外]:5074  第166章 番外六：萤火虫[番外]:7757  第167章 番外七：痛苦[番外]:3916  第168章 番外八：糖[番外]:3347
          第169章 番外九：疯狂[番外]:1817  第170章 番外十：原谅[番外]:2771

04:15:14  酣她之榻 (木易十六) [完结]  65p→55章  582KB  OK
          https://www.52shuku.net/gl/24_b/bkdr0.html
          第1章 初遇:3197  第2章 逃离与偷听:3546  第3章 拉扯:3317  第4章 倏忽之间，坠于阁下之手:3206  第5章 刺杀与引诱:3421  第6章 缠梦:3159
          第7章 东国来信:3547  第8章 敌对:3494  第9章 拍卖会邀请函:3495  第10章 鸿门宴与珠串:3051  第11章 修道院:3597  第12章 奇怪的孩子:3234
          第13章 共骑:3147  第14章 浴池女鬼:3123  第15章 舞会:3232  第16章 变成人的崩溃:3357  第17章 信:3653  第18章 梦中:3534
          第19章 动乱:3281  第20章 鸿门宴:3193  第21章 舍身相救:3219  第22章 女帝:3095  第23章 高热:3173  第24章 孔雀开屏:3539
          第25章 女儿红:3203  第26章 地下室的秘密:3254  第27章 质疑:3175  第28章 暗度陈仓:3647  第29章 王宫会面:3246  第30章 弗朗西斯:3429
          第31章 真相:3385  第32章 文案收回一:3328  第33章 刺青:3404  第34章 囚鸟:3575  第35章 火葬场倒计时:3416  第36章 纠缠:3380
          第37章 觉醒:3230  第38章 痴心妄想:3666  第39章 终于死遁:4079  第40章 悠闲:3531  第41章 再会:3837  第42章 找上门:4531
          第43章 拉扯:3844  第44章 永不相见:3893  第45章 发疯:3581  第46章 招魂:3289  第47章 再遇:3625  第48章 发现真相:4176
          第49章 北城再见:3846  第50章 女仆瑞秋:3743  第51章 喜好:3603  第52章 替身的脸:4239  第53章 相逢对影成三人:3350  第54章 追逐:3339
          第55章 未来:4073

04:16:17  末世女在荒野求生节目 (卫九) [完结]  166p→128章  1463KB  OK
          https://www.52shuku.net/gl/24_b/bkdrz.html
          第1章:4224  第2章:3350  第3章:3279  第4章:4082  第5章:4673  第6章:3550
          第7章:3448  第8章:3743  第9章:3750  第10章:3654  第11章:3371  第12章:4981
          第13章:3580  第14章:3424  第15章:3399  第16章:3233  第17章:3303  第18章:10975
          第19章:3685  第20章:3715  第21章:3285  第22章:3423  第23章:3451  第24章:3285
          第25章:3610  第26章:3482  第27章:3689  第28章:4143  第29章:3313  第30章:3365
          第31章:3696  第32章:3396  第33章:3886  第34章:4232  第35章:4221  第36章:6431
          第37章:3327  第38章:3364  第39章:3745  第40章:3360  第41章:3397  第42章:4229
          第43章:3299  第44章:2919  第45章:2890  第46章:3950  第47章:3386  第48章:2684
          第49章:3261  第50章:4467  第51章:3672  第52章:3999  第53章:3699  第54章:4160
          第55章:4043  第56章:4021  第57章:4250  第58章:3680  第59章:3442  第60章:3935
          第61章:3273  第62章:4758  第63章:3361  第64章:4371  第65章:3610  第66章:3786
          第67章:3540  第68章:4090  第69章:3505  第70章:3280  第71章:4227  第72章:4694
          第73章:3407  第74章:3181  第75章:3920  第76章:3241  第77章:4099  第78章:3822
          第79章:3900  第80章:3843  第81章:3680  第82章:3213  第83章:4314  第84章:3429
          第85章:3646  第86章:3272  第87章:4409  第88章:4671  第89章:4135  第90章:3394
          第91章:3096  第92章:3502  第93章:3170  第94章:3935  第95章:5095  第96章:4291
          第97章:4002  第98章:3606  第99章:3238  第100章:3593  第101章:3433  第102章:3499
          第103章:3054  第104章:3860  第105章:3553  第106章:3927  第107章:3902  第108章:3657
          第109章:4323  第110章:3226  第111章:3368  第112章:3576  第113章:3511  第114章:4543
          第115章:3553  第116章:3923  第117章:3336  第118章:3279  第119章:3385  第120章:4581
          第121章:3238  第122章:3828  第123章:4054  第124章:3255  第125章:3525  第126章:4063
          第127章:3457  第128章:3990

04:16:53  厌A影后总为我破例 (吹波塔) [完结+番外]  102p→78章  893KB  OK
          https://www.52shuku.net/gl/24_b/bkdry.html
          第1章 被分手了:3040  第2章 排斥Alpha:3178  第3章 特殊气味:3132  第4章 保持距离:3121  第5章 状态失常:3101  第6章 完美匹配（捉虫）:3117
          第7章 来不及了:3104  第8章 你不会吗:3108  第9章 打定主意:3105  第10章 频繁关注:3164  第11章 主动联络:3209  第12章 想要负责:3186
          第13章 想要保护:3161  第14章 夜里急召:3090  第15章 换个方式:3059  第16章 她是药引:2732  第17章 随你来取:2886  第18章 你很累吗:2950
          第19章 抱抱充电:2950  第20章 破例澄清:2965  第21章 看你拍戏:3116  第22章 给个机会（捉虫）:3019  第23章 第一更:3257  第24章 第二更:3327
          第25章 第三更:3232  第26章:3238  第27章:4736  第28章:4241  第29章:4934  第30章:4917
          第31章:4849  第32章:4591  第33章:4591  第34章:4639  第35章:4684  第36章:4576
          第37章:4577  第38章:4261  第39章:4601  第40章:4264  第41章:4547  第42章:4583
          第43章:4559  第44章:4561  第45章:4544  第46章:4586  第47章:4536  第48章:4267
          第49章:3908  第50章:4565  第51章:3582  第52章:4600  第53章:3882  第54章:3612
          第55章:3574  第56章:3558  第57章:3948  第58章:3567  第59章:3575  第60章:3593
          第61章:3575  第62章:3277  第63章:3569  第64章:3247  第65章:3900  第66章:3595
          第67章:3183  第68章:3571  第69章:3247  第70章:3565  第71章:3592  第72章:3929
          第73章:4210  第74章:3900  第75章:4858  第76章:5035  第77章:4244  第78章 番外[番外]:3605

04:17:35  租期将尽 (荼倪) [完结+番外]  113p→100章  1021KB  OK
          https://www.52shuku.net/gl/24_b/bkdrx.html
          第1章 银海:2948  第2章 女同:3297  第3章 意义:2322  第4章 晚安:2158  第5章 腹肌:2941  第6章 失眠:4088
          第7章 抱歉:2576  第8章 酒馆:2404  第9章 主动权:2565  第10章 低马尾:2557  第11章 残肢痛感:3316  第12章 怕狗:3277
          第13章 牵手腕:2782  第14章 健身房:2151  第15章 撩头发:2426  第16章 女友粉:2423  第17章 应激:2319  第18章 残肢:1796
          第19章 台风夜:2335  第20章 敷药:2276  第21章 电闪雷鸣:2172  第22章 台风后:3214  第23章 午睡:2370  第24章 发烧:9445
          第25章 一间房:6235  第26章:4771  第27章 倾诉:6596  第28章 别扭:3619  第29章 照片:3047  第30章 扑倒:6948
          第31章 吃醋:3890  第32章 求锤得锤:3224  第33章 治愈:3654  第34章 看腹肌:3213  第35章 初恋:3628  第36章 见面:3272
          第37章 浪潮:3193  第38章 女朋友:3216  第39章 若若:3346  第40章 聚会:3221  第41章 爱意:3219  第42章 无辜:3244
          第43章 谈心:3038  第44章 计划未来:3179  第45章 颠覆:3246  第46章 崩溃:3027  第47章 离开:5309  第48章 分手了:3241
          第49章 伤害:3283  第50章 你淹没了我:3285  第51章 往事【加更】:4065  第52章 沙漠暴雨:3017  第53章 寻觅:3315  第54章 绝望:3236
          第55章 人与人:3030  第56章 重逢:3055  第57章 害怕分离:4218  第58章 微妙的感受:3356  第59章 不解:3394  第60章 紧绷的神经:4299
          第61章 争吵:3016  第62章 她说:3383  第63章 担忧:3218  第64章 认错:3248  第65章 物是人非:3216  第66章 Polaris:3683
          第67章 发烧:3239  第68章 受伤:3907  第69章 陪睡:3037  第70章 十年的疑惑:6597  第71章 心中的天枰:4606  第72章 灌酒:3019
          第73章 亲密:2890  第74章 拿捏:3219  第75章 失联:3191  第76章 生病:3235  第77章 心碎:3228  第78章 初心:3267
          第79章 渴望:3551  第80章 伴随一生:3683  第81章 偏执:3332  第82章 起伏的脖颈:3193  第83章 病态:4847  第84章 病情:3041
          第85章 相处方式:3067  第86章 支配感:3089  第87章 被凶了:3049  第88章 叫姐姐:3000  第89章 乖乖:3053  第90章 项圈:3030
          第91章 堕落:2977  第92章 好安全:3316  第93章 小猫:3231  第94章 正文完:3351  第95章 恋爱日常1:3043  第96章 番外二:2999
          第97章 婚期将近:3369  第98章 第 98 章:2107  第99章 if线:3609  第100章 if线2:2723

04:18:32  接了特殊兼职后 (蛋挞鲨) [完结+番外]  149p→96章  1313KB  OK
          https://www.52shuku.net/gl/24_b/bkdrw.html
          第1章 MAMA-01:3175  第2章 MAMA-02:3883  第3章 MAMA-03:3743  第4章 MAMA-04:3806  第5章 MAMA-05:3745  第6章 MAMA-06:3910
          第7章 MAMA-07:3315  第8章 MAMA-08:3477  第9章 MAMA-09:3215  第10章 MAMA-10:3217  第11章 MAMA-11:3792  第12章 MAMA-12:3491
          第13章 MAMA-13:4035  第14章 MAMA-14:3746  第15章 MAMA-15:4050  第16章 MAMA-16:3347  第17章 MAMA-17:3431  第18章 MAMA-18:2952
          第19章 MAMA-19:4929  第20章 MAMA-20:3847  第21章 MAMA-21:5633  第22章 MAMA-22:7074  第23章 MAMA-23:6852  第24章 MAMA-24:4912
          第25章 MAMA-25:6300  第26章 MAMA-26:5337  第27章 MAMA-27:4407  第28章 MAMA-28:5565  第29章 MAMA-29:6719  第30章 MAMA-30:4359
          第31章 MAMA-31:3247  第32章 MAMA-32:5264  第33章 MAMA-33:4809  第34章 MAMA-34:4663  第35章 MAMA-35:4813  第36章 MAMA-36:6157
          第37章 MAMA-37:4889  第38章 MAMA-38:6656  第39章 MAMA-39:5388  第40章 MAMA-40:5748  第41章 MAMA-41:4520  第42章 MAMA-42:8532
          第43章 MAMA-43:5761  第44章 MAMA-44:7725  第45章 MAMA-45:4548  第46章 MAMA-46:5200  第47章 MAMA-47:3861  第48章 MAMA-48:3327
          第49章 MAMA-49:3848  第50章 MAMA-50:3863  第51章 MAMA-51:3354  第52章 MAMA-52:3153  第53章 MAMA-53:3939  第54章 MAMA-54:6898
          第55章 MAMA-55:5154  第56章 MAMA-56:5516  第57章 MAMA-57:3682  第58章 MAMA-58:6599  第59章 MAMA-59:4635  第60章 MAMA-60:3718
          第61章 MAMA-61:4189  第62章 MAMA-62:3322  第63章 MAMA-63:4425  第64章 MAMA-64:3843  第65章 MAMA-65:6840  第66章 MAMA-66:3468
          第67章 MAMA-67:3504  第68章 MAMA-68:4216  第69章 MAMA-69:6424  第70章 MAMA-70:3850  第71章 MAMA-71:4521  第72章 MAMA-72:4365
          第73章 MAMA-73:4911  第74章 MAMA-74:4677  第75章 MAMA-75:6382  第76章 MAMA-76:3761  第77章 MAMA-77:4068  第78章 MAMA-78:3749
          第79章 MAMA-79:7081  第80章 MAMA-80:5805  第81章 MAMA-81:3289  第82章 MAMA-82:6518  第83章 MAMA-83:4879  第84章 MAMA-84:4093
          第85章 MAMA-85:3827  第86章 MAMA-86:3634  第87章 MAMA-87:3511  第88章 异地时态=1:4975  第89章 异地时态=2:4207  第90章 异地时态=3:3754
          第91章 妻子变成小学生=1:3503  第92章 妻子变成小学生=2:3759  第93章 妻子变成小学生=3:3062  第94章 妻子变成初中生=4:3035  第95章 妻子变成高中生=5:3159  第96章 妻子变成高中生=6:3294

04:19:48  共享余岁 (一只根号四) [完结]  205p→155章  1796KB  OK
          https://www.52shuku.net/gl/24_b/bkdrv.html
          第1章 我是来找你结婚的:4141  第2章 被欺负了？:3772  第3章 鱿鱿:3661  第4章 她的朋友圈:4132  第5章 再见面就要领证了:3831  第6章 妈宝女:4143
          第7章 楚医生不让:4286  第8章 你们是自愿的吗:4456  第9章 你不想搭理我直说:3929  第10章 比身材:3991  第11章 楚诣陪床:3854  第12章 楚诣，你好香用的什么香水:3836
          第13章 搬去同居:3892  第14章 你嫌弃我有缺陷？:4003  第15章 送花:4030  第16章 教我用热水器:4066  第17章 流鼻血了:3900  第18章 有蚊子咬她:3830
          第19章 你怎么就结婚了呢:4106  第20章 叫姐姐:3852  第21章 你追星？:3791  第22章 有人追你吗:3826  第23章 不记得我生日是是不是:3941  第24章 给她洗衣服:3937
          第25章 袒护:3959  第26章 出尔反尔:3871  第27章 给你捏捏肩:3845  第28章 捏脚:4000  第29章 大大方方介绍她的身份:3920  第30章 一起吃饭:3937
          第31章 在她办公室睡:3923  第32章 泡脚:3917  第33章 戴几个，用几个:3935  第34章 出轨就出轨:3921  第35章 你想当我妈:3815  第36章 前男友:3905
          第37章 她嫉妒得要死:3878  第38章 假装吃醋:4030  第39章 主动问我:3837  第40章 过敏:4004  第41章 陪我睡觉:3837  第42章 扒你衣服:3832
          第43章 她喜欢了九年的人是谁:3910  第44章 唇友谊:3817  第45章 坦白她就是那个人:4051  第46章 一一不懂:3953  第47章 玩她:3949  第48章 滚:3943
          第49章 臭骂前男友:3810  第50章 被吓一跳:3886  第51章 有理由去找楚诣了:4043  第52章 恃宠而骄:3911  第53章 宣示主权:3724  第54章 只给它带夜宵:3888
          第55章 打屁股:3828  第56章 把这个月的事儿办了:3910  第57章 把你失去的都讨回来:3990  第58章 你为什么亲我:4241  第59章 你不理我:3814  第60章 睡不着:3786
          第61章 你为什么总搞不清我说话的重点？:3998  第62章 为什么朋友圈不发我:4089  第63章 鼓励精神出轨？:3946  第64章 泡温泉:3891  第65章 她有一个妹妹:3843  第66章 我给你洗澡:4095
          第67章 在浴缸里:3824  第68章 幻想长久是一件很荒谬的事:3904  第69章 那我呢:3985  第70章 你昨晚去哪儿睡的？:4040  第71章 一一我也要:3885  第72章 别闹了！:3789
          第73章 一起被困坑里:3961  第74章 你被掰弯了:3797  第75章 万一她暗恋的人是你呢？:3692  第76章 你怎么和她一起看电影！？:3951  第77章 你可以相信我:4080  第78章 分开一段时间:3824
          第79章 风水轮流转:3856  第80章 她真的喜欢你:4335  第81章 离婚:4104  第82章 我后悔了:3736  第83章 滚出去！:3777  第84章 你去找她吗:3906
          第85章 不经过允许动她东西:4278  第86章 那个是我对吗？:3882  第87章 屁股碎碎的:3908  第88章 你和谁去约会了？:3848  第89章 我是她老婆:4186  第90章 送你的，奖励你:3891
          第91章 剑拔弩张:3924  第92章 签字:4011  第93章 不尝尝我的嘴有多甜吗:3997  第94章 有人离婚要跑:3920  第95章 别让我讨厌你:3896  第96章 我可以再追求你吗:3976
          第97章 不计后果的热吻:3801  第98章 咱娘俩被抛弃了:3783  第99章 不会娶到一个笨蛋老婆了吧:3963  第100章 没有对前妻和颜悦色的义务:3694  第101章 我发现你很有姐感:4094  第102章 补办婚礼？:4076
          第103章 你要相亲啊:3981  第104章 又爱上我了？:3928  第105章 美人计:3954  第106章 你永远都这么任性:3875  第107章 偷偷看我哦一一:3980  第108章 你去相亲了？:4032
          第109章 不要相亲:3847  第110章 你介绍的？:4158  第111章 你爱上她需要多久:4052  第112章 生病了:3968  第113章 喂我:3740  第114章 我们真的浪费了太多时间在错过:3916
          第115章 约会出神会付出代价:4146  第116章 你真的对我有好感吗？:3928  第117章 日常骚扰前妻:4067  第118章 第一次哦，前妻小姐:3960  第119章 聚会:3856  第120章 你那个时候好爱我啊:3818
          第121章 也不知道去开个房:3934  第122章 命好苦:3958  第123章 选我:4116  第124章 我真的拿你没办法:3846  第125章 出去！:3978  第126章 你要用这种方式惩罚我吗:3860
          第127章 她们应该是携手同行的人:3888  第128章 我们现在是什么关系:3825  第129章 你要对我负责[作话锁]:3893  第130章 害羞什么[作话锁]:3741  第131章 娶了十一个老婆:3878  第132章 原来我娶了一个笨蛋老婆:3741
          第133章 楚医生孩子都这么大了呢:3853  第134章 不亲了:3522  第135章 护犊子:3712  第136章 你怎么不藏好一点:3722  第137章 离婚后开始热恋:3869  第138章 我想看:3903
          第139章 叫姐姐就给你亲:3817  第140章 气势汹汹的当0:3821  第141章 制服诱惑你想看吗:3957  第142章 正式炫耀:3983  第143章 一一，危矣:4040  第144章 把嘴给我放干净点:3926
          第145章 吵架:3932  第146章 她不会等我回去要跟我分手吧:3947  第147章 原谅我了吗:3952  第148章 身材没什么看头:4129  第149章 黄瓜能吃能用的:4063  第150章 她跟她前女友有没有？:4055
          第151章 我女儿我会亲自教:3993  第152章 跟鱿鱿结婚后你变了:3939  第153章 你要求婚吗:4063  第154章 嫁给我吗:4005  第155章 大结局:5611

04:22:51  长相思令 (于欢) [完结+番外]  504p→466章  4503KB  OK
          https://www.52shuku.net/gl/24_b/bkdru.html
          第1章 楔子:3291  第2章 鱼鳞图册案（一）:3145  第3章 鱼鳞图册案（二）:3506  第4章 鱼鳞图册案（三）:3291  第5章 鱼鳞图册案（四）:3284  第6章 鱼鳞图册案（五）:3883
          第7章 鱼鳞图册案（六）:3574  第8章 鱼鳞图册案（七）:3329  第9章 鱼鳞图册案（八）:3190  第10章 鱼鳞图册案（九）:3131  第11章 鱼鳞图册案（十）:3055  第12章 鱼鳞图册案（十一）:3413
          第13章 鱼鳞图册案（十二）:3615  第14章 鱼鳞图册案（十三）:3159  第15章 鱼鳞图册案（十四）:3604  第16章 长安行（一）:3526  第17章 长安行（二）:3528  第18章 长安行（三）:3231
          第19章 长安行（四）:3188  第20章 长安行（五）:3662  第21章 长安行（六）:3207  第22章 长安行（七）:3464  第23章 长安行（八）:3462  第24章 长安行（九）:3398
          第25章 长安行（十）:3826  第26章 长安行（十一）:3338  第27章 长安行（十二）:3615  第28章 长安行（十三）:3855  第29章 长安行（十四）:3638  第30章 长安行（十五）:3311
          第31章 长安行（十六）:3622  第32章 长安行（十七）:3374  第33章 长安行（十八）:3644  第34章 长安行（十九）:3932  第35章 长安行（二十）:3522  第36章 长安行（二十一）:3380
          第37章 长安行（二十二）:3929  第38章 长安行（二十三）:3578  第39章 长安行（二十四）:3770  第40章 长安行（二十五）:3366  第41章 长安行（二十六）:3617  第42章 长安行（二十七）:3585
          第43章 长安行（二十八）:4040  第44章 长安行（二十九）:3682  第45章 长安行（三十）:3182  第46章 鹊桥仙（一）:3727  第47章 鹊桥仙（二）:3525  第48章 鹊桥仙（三）:3296
          第49章 鹊桥仙（四）:3384  第50章 鹊桥仙（五）:3295  第51章 鹊桥仙（六）:3347  第52章 鹊桥仙（七）:3393  第53章 鹊桥仙（八）:3349  第54章 鹊桥仙（九）:3720
          第55章 鹊桥仙（十）:3371  第56章 鹊桥仙（十一）:3447  第57章 鹊桥仙（十二）:3203  第58章 鹊桥仙（十三）:3229  第59章 鹊桥仙（十四）:3078  第60章 鹊桥仙（十五）:3028
          第61章 鹊桥仙（十六）:3038  第62章 鹊桥仙（十七）:3330  第63章 如梦令（一）:3383  第64章 如梦令（二）:3426  第65章 如梦令（三）:3319  第66章 如梦令（四）:3763
          第67章 如梦令（五）:3150  第68章 如梦令（六）:3637  第69章 如梦令（七）:3104  第70章 如梦令（八）:3264  第71章 如梦令（九）:3153  第72章 如梦令（十）:3286
          第73章 如梦令（十一）:3092  第74章 如梦令（十二）:3061  第75章 如梦令（十三）:3075  第76章 如梦令（十四）:3108  第77章 如梦令（十五）:3113  第78章 如梦令（十六）:3030
          第79章 如梦令（十七）:3060  第80章 如梦令（十八）:3282  第81章 如梦令（十九）:3221  第82章 如梦令（二十）:3215  第83章 如梦令（二十一）:3191  第84章 如梦令（二十二）:3175
          第85章 如梦令（二十三）:3172  第86章 如梦令（二十四）:3207  第87章 如梦令（二十五）:3186  第88章 如梦令（二十六）:3093  第89章 如梦令（二十七）:3206  第90章 如梦令（二十八）:3204
          第91章 如梦令（二十九）:3398  第92章 如梦令（三十）:3147  第93章 如梦令（三十一）:3262  第94章 如梦令（三十二）:3172  第95章 如梦令（三十三）:3101  第96章 如梦令（三十四）:3161
          第97章 如梦令（三十五）:3162  第98章 如梦令（三十六）:3134  第99章 如梦令（三十七）:3172  第100章 如梦令（三十八）:3104  第101章 如梦令（三十九）:3151  第102章 如梦令（四十）:3083
          第103章 如梦令（四十一）:3110  第104章 如梦令（四十二）:3036  第105章 如梦令（四十三）:3226  第106章 如梦令（四十四）:3158  第107章 如梦令（四十五）:3199  第108章 如梦令（四十六）:3088
          第109章 如梦令（四十七）:3244  第110章 如梦令（四十八）:3186  第111章 如梦令（四十九）:3203  第112章 如梦令（五十）:3047  第113章 定风波（一）:3216  第114章 定风波（二）:3133
          第115章 定风波（三）:3223  第116章 定风波（四）:3083  第117章 定风波（五）:3251  第118章 定风波（六）:3172  第119章 定风波（七）:3305  第120章 定风波（八）:3255
          第121章 定风波（九）:3076  第122章 定风波（十）:3318  第123章 定风波（十一）:3170  第124章 定风波（十二）:3251  第125章 定风波（十三）:3206  第126章 定风波（十四）:3216
          第127章 定风波（十五）:3100  第128章 定风波（十六）:3287  第129章 定风波（十七）:3161  第130章 定风波（十八）:3138  第131章 定风波（十九）:3275  第132章 定风波（二十）:3195
          第133章 定风波（二十一）:3187  第134章 定风波（二十二）:3249  第135章 定风波（二十三）:3332  第136章 定风波（二十四）:3131  第137章 定风波（二十五）:3327  第138章 定风波（二十六）:3244
          第139章 定风波（二十七）:3124  第140章 定风波（二十八）:3120  第141章 定风波（二十九）:3213  第142章 定风波（三十）:3082  第143章 定风波（三十一）:3396  第144章 定风波（三十二）:3223
          第145章 定风波（三十三）:3174  第146章 定风波（三十四）:3122  第147章 定风波（三十五）:3204  第148章 长相思（一）:3164  第149章 长相思（二）:3245  第150章 长相思（三）:3138
          第151章 长相思（四）:3087  第152章 长相思（五）:3147  第153章 长相思（六）:3054  第154章 长相思（七）:3271  第155章 长相思（八）:3100  第156章 长相思（九）:3133
          第157章 长相思（十）:3141  第158章 长相思（十一）:3248  第159章 长相思（十二）:3343  第160章 长相思（十三）:3210  第161章 长相思（十四）:3236  第162章 长相思（十五）:3089
          第163章 长相思（十六）:3044  第164章 长相思（十七）:3600  第165章 长相思（十八）:3166  第166章 长相思（十九）:3192  第167章 长相思（二十）:3120  第168章 长相思（二十一）:3040
          第169章 长相思（二十二）:3092  第170章 长相思（二十三）:3177  第171章 长相思（二十四）:3085  第172章 长相思（二十五）:3201  第173章 长相思（二十六）:3113  第174章 长相思（二十七）:3150
          第175章 长相思（二十八）:3073  第176章 长相思（二十九）:3218  第177章 长相思（三十）:3185  第178章 长相思（三十一）:3177  第179章 长相思（三十二）:3126  第180章 长相思（三十三）:3142
          第181章 长相思（三十四）:3226  第182章 长相思（三十五）:3132  第183章 长相思（三十六）:3068  第184章 长相思（三十七）:3100  第185章 长相思（三十八）:3074  第186章 长相思（三十九）:3285
          第187章 长相思（四十）:3170  第188章 长相思（四十一）:3128  第189章 （四十二）:3064  第190章 长相思（四十三）:3087  第191章 长相思（四十四）:3112  第192章 长相思（四十五）:3117
          第193章 长相思（四十六）:3114  第194章 长相思（四十七）:3215  第195章 长相思（四十八）:3340  第196章 长相思（四十九）:3290  第197章 长相思（五十）:3189  第198章 长相思（五十一）:3080
          第199章 长相思（五十二）:3253  第200章 长相思（五十三）:3071  第201章 长相思（五十四）:3086  第202章 长相思（五十五）:3171  第203章 长相思（五十六）:3059  第204章 长相思（五十七）:3071
          第205章 长相思（五十八）:3188  第206章 长相思（五十九）:3095  第207章 长相思（六十）:3107  第208章 长相思（六十一）:3139  第209章 长相思（六十二）:3176  第210章 长相思（六十三）:3140
          第211章 长相思（六十四）:3084  第212章 长相思（六十五）:3158  第213章 长相思（六十六）:3105  第214章 长相思（六十七）:3062  第215章 长相思（六十八）:3143  第216章 长相思（六十九）:3164
          第217章 长相思（七十）:3084  第218章 长相思（七十一）:3147  第219章 长相思（七十二）:3048  第220章 长相思（七十三）:3032  第221章 长相思（七十四）:3107  第222章 长相思（七十五）:3177
          第223章 长相思（七十六）:3107  第224章 长相思（七十七）:3061  第225章 长相思（七十八）:3146  第226章 长相思（七十九）:3057  第227章 长相思（八十）:3058  第228章 长相思（八十一）:3080
          第229章 长相思（八十二）:3188  第230章 长相思（八十三）:3117  第231章 长相思（八十四）:3235  第232章 长相思（八十五）:3200  第233章 长相思（八十六）:3082  第234章 长相思（八十七）:3149
          第235章 长相思（八十八）:3078  第236章 长相思（八十九）:3325  第237章 长相思（九十）:3090  第238章 长相思（九十一）:3078  第239章 长相思（九十二）:3329  第240章 长相思（九十三）:3141
          第241章 长相思（九十四）:3075  第242章 长相思（九十五）:3135  第243章 长相思（九十六）:3097  第244章 长相思（九十七）:3105  第245章 长相思（九十八）:3040  第246章 长相思（九十九）:3077
          第247章 破阵子（一）:3085  第248章 破阵子（二）:3120  第249章 破阵子（三）:3127  第250章 破阵子（四）:3237  第251章 破阵子（五）:3050  第252章 破阵子（六）:3056
          第253章 破阵子（七）:3250  第254章 破阵子（八）:3142  第255章 破阵子（九）:3173  第256章 破阵子（十）:3142  第257章 破阵子（十一）:3051  第258章 破阵子（十二）:3067
          第259章 破阵子（十三）:3119  第260章 破阵子（十四）:3197  第261章 破阵子（十五）:3144  第262章 破阵子（十六）:3030  第263章 破阵子（十七）:3334  第264章 破阵子（十八）:3082
          第265章 破阵子（十九）:3121  第266章 破阵子（二十）:3132  第267章 破阵子（二十一）:3174  第268章 破阵子（二十二）:3078  第269章 破阵子（二十三）:3095  第270章 破阵子（二十四）:3130
          第271章 破阵子（二十五）:3232  第272章 破阵子（二十六）:3051  第273章 破阵子（二十七）:3024  第274章 破阵子（二十八）:3124  第275章 破阵子（二十九）:3102  第276章 破阵子（三十）:3049
          第277章 破阵子（三十一）:3168  第278章 破阵子（三十二）:3076  第279章 破阵子（三十三）:3078  第280章 破阵子（三十四）:3155  第281章 破阵子（三十五）:3213  第282章 破阵子（三十六）:3044
          第283章 破阵子（三十七）:3028  第284章 破阵子（三十八）:3065  第285章 破阵子（三十九）:3025  第286章 破阵子（四十）:3072  第287章 破阵子（四十一）:3064  第288章 破阵子（四十二）:3109
          第289章 破阵子（四十三）:3181  第290章 破阵子（四十四）:3111  第291章 破阵子（四十五）:3164  第292章 破阵子（四十六）:3143  第293章 破阵子（四十七）:3156  第294章 破阵子（四十八）:3119
          第295章 破阵子（四十九）:3102  第296章 破阵子（五十）:3038  第297章 破阵子（五十一）:3155  第298章 破阵子（五十二）:3055  第299章 破阵子（五十三）:3063  第300章 破阵子（五十四）:3204
          第301章 破阵子（五十五）:3123  第302章 破阵子（五十六）:3140  第303章 破阵子（五十七）:3029  第304章 破阵子（五十八）:3293  第305章 破阵子（五十九）:3182  第306章 破阵子（六十）:3307
          第307章 破阵子（六十一）:3282  第308章 破阵子（六十二）:3314  第309章 破阵子（六十三）:3149  第310章 破阵子（六十四）:3359  第311章 破阵子（六十五）:3038  第312章 破阵子（六十六）:3136
          第313章 破阵子（六十七）:3125  第314章 破阵子（六十八）:3223  第315章 破阵子（六十九）:3055  第316章 破阵子（七十）:3124  第317章 破阵子（七十一）:3248  第318章 破阵子（七十二）:3208
          第319章 破阵子（七十三）:3280  第320章 破阵子（七十四）:3022  第321章 破阵子（七十五）:3260  第322章 破阵子（七十六）:3017  第323章 破阵子（七十七）:3286  第324章 破阵子（七十八）:3124
          第325章 破阵子（七十九）:3657  第326章 破阵子（八十）:3243  第327章 破阵子（八十一）:3337  第328章 破阵子（八十二）:3733  第329章 破阵子（八十三）:3248  第330章 破阵子（八十四）:3116
          第331章 破阵子（八十五）:3174  第332章 破阵子（八十六）:3304  第333章 破阵子（八十七）:3192  第334章 破阵子（八十八）:3079  第335章 破阵子（八十九）:3308  第336章 破阵子（九十）:3339
          第337章 破阵子（九十一）:3202  第338章 破阵子（九十二）:3505  第339章 破阵子（九十三）:3120  第340章 破阵子（九十四）:3324  第341章 破阵子（九十五）:3259  第342章 破阵子（九十六）:3397
          第343章 破阵子（九十七）:3678  第344章 破阵子（九十八）:3053  第345章 破阵子（九十九）:3518  第346章 破阵子（一百）:3232  第347章 破阵子（一百零一）:3986  第348章 破阵子（一百零二）:3143
          第349章 破阵子（一百零三）:3166  第350章 破阵子（一百零四）:3237  第351章 破阵子（一百零五）:3202  第352章 破阵子（一百零六）:3145  第353章 破阵子（一百零七）:3250  第354章 破阵子（一百零八）:3511
          第355章 破阵子（一百零九）:3149  第356章 破阵子（一百一十）:3151  第357章 破阵子（一百一十一）:3085  第358章 破阵子（一百一十二）:3071  第359章 破阵子（一百一十三）:3057  第360章 破阵子（一百一十四）:3965
          第361章 破阵子（一百一十五）:3195  第362章 破阵子（一百一十六）:3261  第363章 破阵子（一百一十七）:3066  第364章 破阵子（一百一十八）:3238  第365章 破阵子（一百一十九）:3257  第366章 破阵子（一百二十）:3500
          第367章 破阵子（一百二十一）:3367  第368章 破阵子（一百二十二）:3352  第369章 破阵子（一百二十三）:3859  第370章 破阵子（一百二十四）:3283  第371章 破阵子（一百二十五）:3401  第372章 破阵子（一百二十六）:3437
          第373章 破阵子（一百二十七）:3181  第374章 破阵子（一百二十八）:3289  第375章 破阵子（一百二十九）:3153  第376章 千秋岁（一）:3270  第377章 千秋岁（二）:3341  第378章 千秋岁（三）:4178
          第379章 千秋岁（四）:3519  第380章 千秋岁（五）:3309  第381章 千秋岁（六）:3227  第382章 千秋岁（七）:3235  第383章 千秋岁（八）:3060  第384章 千秋岁（九）:3191
          第385章 千秋岁（十）:3243  第386章 千秋岁（十一）:3135  第387章 千秋岁（十二）:3133  第388章 千秋岁（十三）:3363  第389章 千秋岁（十四）:3494  第390章 千秋岁（十五）:3251
          第391章 千秋岁（十六）:3285  第392章 千秋岁（十七）:3116  第393章 千秋岁（十八）:3193  第394章 千秋岁（十九）:3346  第395章 千秋岁（二十）:3170  第396章 千秋岁（二十一）:3112
          第397章 千秋岁（二十二）:3141  第398章 千秋岁（二十三）:3401  第399章 千秋岁（二十四）:3454  第400章 千秋岁（二十五）:3132  第401章 千秋岁（二十六）:3310  第402章 千秋岁（二十七）:3279
          第403章 千秋岁（二十八）:3167  第404章 千秋岁（二十九）:3317  第405章 千秋岁（三十）:3344  第406章 千秋岁（三十一）:3369  第407章 千秋岁（三十二）:3206  第408章 千秋岁（三十三）:3219
          第409章 千秋岁（三十四）:3193  第410章 千秋岁（三十五）:3098  第411章 千秋岁（三十六）:3728  第412章 千秋岁（三十七）:3310  第413章 千秋岁（三十八）:3329  第414章 千秋岁（三十九）:3412
          第415章 千秋岁（四十）:3292  第416章 千秋岁（四十一）:3627  第417章 千秋岁（四十二）:3142  第418章 千秋岁（四十三）:3603  第419章 千秋岁（四十四）:3495  第420章 千秋岁（四十五）:3384
          第421章 千秋岁（四十六）:3363  第422章 千秋岁（四十七）:3123  第423章 千秋岁（四十八）:3346  第424章 千秋岁（四十九）:3067  第425章 千秋岁（五十）:3096  第426章 千秋岁（五十一）:3099
          第427章 千秋岁（五十二）:3128  第428章 千秋岁（五十三）:3189  第429章 千秋岁（五十四）:3494  第430章 千秋岁（五十五）:3552  第431章 千秋岁（五十六）:3995  第432章 千秋岁（五十七）:3888
          第433章 千秋岁（五十八）:3192  第434章 千秋岁（五十九）:3084  第435章 千秋岁（六十）:3050  第436章 千秋岁（六十一）:3193  第437章 千秋岁（六十二）:3121  第438章 千秋岁（六十三）:3070
          第439章 千秋岁（六十四）:3267  第440章 千秋岁（六十五）:3099  第441章 千秋岁（六十六）:3158  第442章 千秋岁（六十七）:3267  第443章 千秋岁（六十八）:3061  第444章 千秋岁（六十九）:3262
          第445章 千秋岁（七十）:4943  第446章 千秋岁（七十一）:3448  第447章 千秋岁（七十二）:3251  第448章 千秋岁（七十三）:3250  第449章 千秋岁（七十四）:3227  第450章 千秋岁（七十五）:3398
          第451章 千秋岁（七十六）:3386  第452章 千秋岁（七十七）:3350  第453章 千秋岁（七十八）:3030  第454章 千秋岁（七十九）:3168  第455章 千秋岁（八十）:3255  第456章 千秋岁（八十一）:3556
          第457章 后记:1173  第458章 番外（一）:3421  第459章 番外（二）:3084  第460章 番外（三）:3052  第461章 番外（四）:3048  第462章 番外（五）:3037
          第463章 番外（六）:3640  第464章 番外（七）:3118  第465章 番外（八）:3704  第466章 番外（九）:1810

04:23:39  风雪玉阶人 (时不规) [完结+番外]  121p→114章  1057KB  OK
          https://www.52shuku.net/gl/24_b/bkdrs.html
          第1章 沈知书:3148  第2章 惊马:3041  第3章 姑娘:3472  第4章 长公主:3537  第5章 皇上:3249  第6章 “醉酒”:3389
          第7章 演戏:3201  第8章 风雪:3234  第9章 说开:3121  第10章 花园:3068  第11章 问询:3132  第12章 拒绝:3183
          第13章 故意:2760  第14章 腊八:2677  第15章 闹事:2379  第16章 百姓:2482  第17章 泻药:2936  第18章 夜市:2132
          第19章 再遇:2415  第20章 邀约:2661  第21章 对峙:2605  第22章 处置:2146  第23章 乖觉:2304  第24章 影子:2558
          第25章 校场:2203  第26章 调配:2361  第27章 夸赞:2556  第28章 借位:3644  第29章 武堂:3289  第30章 但愿:3468
          第31章 风寒:3193  第32章 下棋:3450  第33章 过往:3360  第34章 沐浴:3732  第35章 微笑:3224  第36章 意会:3147
          第37章 布匹:3368  第38章 礼物:3694  第39章 送礼（一更）:3050  第40章 酒令（二更）:2678  第41章 经验:3276  第42章 行险:3448
          第43章 拉扯:3625  第44章 春山:3275  第45章 说亲:3653  第46章 抱怨:5382  第47章 拥抱:3316  第48章 终结:3288
          第49章 逗乐:3017  第50章 关系:3352  第51章 灯会:4038  第52章 表字:3384  第53章 辟谣:3280  第54章 情绪:3214
          第55章 劝说:3181  第56章 真诚:3571  第57章 交谈:2586  第58章 缘分:3135  第59章 生死:2666  第60章 体温:3307
          第61章 雪人:3180  第62章 心跳:3264  第63章 特权:3387  第64章 贵人:3315  第65章 草场:3298  第66章 赌注 佑之当无涯一天侍从:2619
          第67章 崔淇:3296  第68章 布菜:2837  第69章 说梦:2636  第70章 朋友:4384  第71章 类似:3291  第72章 心仪:3495
          第73章 多情:2583  第74章 谣言:3137  第75章 传谣:2724  第76章 夜探:3374  第77章 升温:3125  第78章 前世:3287
          第79章 做局:3070  第80章 对联:3181  第81章 除夕:3157  第82章 守岁:3820  第83章 开心:3223  第84章 畸梦:3774
          第85章 梦醒:2625  第86章 揶揄:3309  第87章 进宫:2869  第88章 贪心:3277  第89章 拉锯:3487  第90章 寻人:3393
          第91章 传信:2664  第92章 阴谋:3202  第93章 中计:3682  第94章 阿楚:2911  第95章 剖白:3432  第96章 喜乐（正文完）:2301
          第97章 狗粮:2674  第98章 午膳:2851  第99章 考试:3080  第100章 大帝姬:3244  第101章 二帝姬:3376  第102章 追忆:2267
          第103章 庄子:2729  第104章 往生门:3054  第105章 所愿:2665  第106章 校园 · 一:2800  第107章 兽拟人 · 一:2829  第108章 带娃if线:2163
          第109章 兽拟人 · 二:2021  第110章 前世 · 度魂:2441  第111章 兽拟人 · 三:1810  第112章 一篇日常:2236  第113章 校园 · 二:2121  第114章 前世今生 · 雨夜:2389

04:24:16  被宿敌威胁的傲娇大小姐 (主受真的很香啊) [完结+番外]  97p→58章  868KB  OK
          https://www.52shuku.net/gl/24_b/bkdrr.html
          第1章 大小姐驾到:3180  第2章 师门大会:3860  第3章 这才是你的大师姐:4227  第4章 师妹做我小宠物:3260  第5章 大师姐吃狐狸肉:3071  第6章 你得有个搭档:3445
          第7章 好师妹，给我看看呗:3421  第8章 师妹我喂你～:2665  第9章 乌师傅仙逝了:3260  第10章 A级任务:3482  第11章 乌今澄你个混蛋我恨死你了:3660  第12章 乌今澄忏悔现场:3045
          第13章 你师姐抱你进屋:3364  第14章 师姐给师妹上药 “能忍吗好师妹？”:3291  第15章 讨要一些报酬:3207  第16章 师姐帅气护妻:3217  第17章 师妹跟我回屋～:3223  第18章 反正床够大:2858
          第19章 和乌今澄同床共枕那一夜:2837  第20章 喜欢吗？:12278  第21章 你看阿寻时在想什么:3451  第22章 她想和我鸳鸯戏水！:3629  第23章 帮师妹吹头:6197  第24章 乌老师和苏老师:8538
          第25章 百奇游戏:5593  第26章 乌今澄道歉！:5890  第27章 灵魂伴侣:7082  第28章 病娇大爆发:5863  第29章 如果苏锦寻不是人类呢？:6224  第30章 苏锦寻是什么妖怪:5961
          第31章 被师妹按在床上:6756  第32章 百奇游戏:6470  第33章 雪地打架:5283  第34章 生米煮成熟饭:6537  第35章 我想和师妹结婚:4416  第36章 苏锦寻心软现场:4026
          第37章 女鬼登场:6963  第38章 原来是狐狸:5740  第39章 情敌登场:6722  第40章 乌今澄继续发癫:6882  第41章 恭喜通过初试:6399  第42章 谁先找到苏锦寻:3944
          第43章 救老婆:4075  第44章 告白:3298  第45章 告白错误示范 她妈怎么在这种地方？:3734  第46章 师妹累了:3331  第47章 膝枕:3664  第48章 女鬼永远盯着你:3375
          第49章 小兔子苹果:6147  第50章 去后山走走？:6864  第51章 我做师妹的狗:6514  第52章 不许走！:6365  第53章 不行吗？:6845  第54章 除了朋友呢:7245
          第55章 我们是在一起了吗:6148  第56章 正文完结:3805  第57章 番外①:6799  第58章 番外②:6515

04:25:41  太甜！软萌学妹被清冷校花宠坏了 (不吃窝边草呢) [完结+番外]  229p→246章  1873KB  OK
          https://www.52shuku.net/gl/23_b/bkdqP.html
          第1章 初秋的报到日:3110  第2章 学姐的优待:2530  第3章 404宿舍:2511  第4章 军训:2256  第5章 中暑:2973  第6章 医务室:2546
          第7章 特殊的联系方式:3608  第8章 加上了！:2892  第9章 第一条消息:2521  第10章 食堂的偶遇:2912  第11章 百团大战:2827  第12章 面试中的意外:3027
          第13章 顺利入社:2358  第14章 第一次任务:2974  第15章 画室里的小傻瓜:2094  第16章 那张便利贴:2141  第17章 图书馆偶遇:2619  第18章 雨天没带伞:2141
          第19章 伞下的距离:2009  第20章 奶茶的回礼:2299  第21章 微博掉马危机（伪）:2114  第22章 社团聚餐:2652  第23章 挡酒:1718  第24章 真心话大冒险:2185
          第25章 微醺的夜:2150  第26章 误会滋生:2199  第27章 冷淡期:2191  第28章 解释:2511  第29章 更进一步的邀请:2061  第30章 美术馆之约:3145
          第31章 看展后的余温:2051  第32章 英语危机:2038  第33章 学姐的小灶:2575  第34章 补习时光:2131  第35章 耳机分你一半:2352  第36章 考试通过:2134
          第37章 缺席的学姐:2161  第38章 公寓门口的徘徊:2556  第39章 煮粥:2585  第40章 沙发上的睡颜:2428  第41章 晚会倒计时:2514  第42章 后台的意外:2422
          第43章 舞台上的神明:1671  第44章 庆功宴:2228  第45章 操场夜话:1718  第46章 入冬的第一场雪:1770  第47章 围巾:2000  第48章 圣诞节:1748
          第49章 期末复习周:2002  第50章 离别焦虑:2459  第51章 车站送别:2131  第52章 线上的日常:2151  第53章 视频通话:2141  第54章 新年快乐:1808
          第55章 特殊的礼物:2447  第56章 情人节的小插曲:3273  第57章 忍不住的想念:2396  第58章 提前返校:2607  第59章 入住公寓:2494  第60章 电影与微光:2264
          第61章 同居的第一顿早餐:2458  第62章 生活习惯的磨合:2719  第63章 共用的书房:2308  第64章 浴室的小尴尬:2813  第65章 只有一把伞:2597  第66章 谣言四起:2886
          第67章 沈主席的护短:2854  第68章 特殊的门禁卡:1660  第69章 画手的“新图”:2423  第70章 自己绿自己:2939  第71章 春游写生计划:2171  第72章 大巴车上的领座:2730
          第73章 古镇客栈:2712  第74章 意外的搭讪:1916  第75章 这就是理由:2293  第76章 古镇的夜晚:2263  第77章 孔明灯的愿望:2207  第78章 所谓的“喜欢”:2798
          第79章 误会加深:2337  第80章 主动求和:3140  第81章 生日将近:2249  第82章 挑选礼物:2162  第83章 试衣间的小插曲:2116  第84章 生日会前夕:2225
          第85章 热闹中的孤独:2873  第86章 送礼环节:2104  第87章 提前离场:1845  第88章 长寿面与绘本:2497  第89章 半醉的拥抱:1731  第90章 可恶的闹钟:1903
          第91章 画手圈的活动:2420  第92章 IP地址的巧合:2358  第93章 慌乱的掩饰:2513  第94章 游戏教学:2248  第95章 猜疑:2230  第96章 娇气包:2343
          第97章 清弦姐~:2002  第98章 模特:2180  第99章 画中人:2312  第100章 心动确认:2193  第101章 暑假实习安排:2832  第102章 直播赚零花钱:2236
          第103章 榜一大姐上线:1865  第104章 谢谢S姐姐:2011  第105章 现实中的“投喂”:2235  第106章 公司的“家属”:2594  第107章 办公室午休:2235  第108章 定制头像:2120
          第109章 借甲方的名义画你:2015  第110章 请收下我的心意:2216  第111章 别怕，我在:2340  第112章 就差一点点:2330  第113章 晚安安:2134  第114章 第二天早上的尴尬:2214
          第115章 来自临市画展的邀请:2813  第116章 临市之行:2935  第117章 酒店只有一间房:2548  第118章 画展上的认可:2974  第119章 夜晚的真心话:3068  第120章 只差最后的临门一脚:2647
          第121章 粉丝破五十万的Flag:2349  第122章 那张特别的画:2845  第123章 全世界都知道我喜欢你:2532  第124章 守株待兔:2619  第125章 社团招新季:2452  第126章 抓到你的小尾巴:2056
          第127章 早就看穿你了:2525  第128章 墙角的对峙:2262  第129章 不是惩罚，是奖励:2364  第130章 确认关系:1942  第131章 官宣:2520  第132章 小两口子的早安吻:2165
          第133章 从此，我们的世界合二为一:2498  第134章 约法三章（情趣版）:2404  第135章 第一次约会（恋人版）:2753  第136章 美术馆的身影:2636  第137章 闺蜜局上的官方认证与宠溺暴击:2823  第138章 帮女朋友洗澡:2687
          第139章 忍耐，是为了更美好的绽放:2398  第140章 学姐耍无赖:2629  第141章 那个夜晚:2247  第142章 初体验:2418  第143章 清晨的第一缕阳光，与那个躲在被子里害羞的你:2328  第144章 怎么这么粘人啊:2742
          第145章 这张画，是在想我吗？:2821  第146章 脖子上的草莓:2972  第147章 小别胜新婚:2221  第148章 信任危机（乌龙）:2414  第149章 律师函警告:2211  第150章 不如看我:2328
          第151章 所谓的“潜规则”:1963  第152章 专属印章:2459  第153章 日记本里的秘密:3413  第154章 留了这么久？:1973  第155章 遇见你，是蓄谋已久的幸运:2346  第156章 是机遇，也是挑战:2463
          第157章 坚定的后盾:2082  第158章 你的专属保姆:2276  第159章 是汗吗？不对，是雨……压力！:2751  第160章 光与尘:2314  第161章 认真工作的你:2408  第162章 闪闪发光:2491
          第163章 故事的开始:2412  第164章 公开的告白:2222  第165章 庆功宴的小醉鬼:2107  第166章 醉后吐真言:2377  第167章 宿醉的早晨:2515  第168章 以后，请叫我夏画家:2147
          第169章 我们并肩而立:2575  第170章 一周的时间，其实挺长的:2286  第171章 在我这，你永远是小孩:2427  第172章 晚安，那边的早安:3066  第173章 只有你知道的秘密:2019  第174章 别怕，我在听:2585
          第175章 我回来了，别怕:2387  第176章 只有你在身边才安稳:2674  第177章 这不是求婚，是圈套:2359  第178章 这辈子，你跑不掉了:2227  第179章 未来的蓝图，有你有我:2791  第180章 毕业快乐，我的沈同学:2110
          第181章 沈总监的领带歪了:2777  第182章 等那一盏灯亮起:2537  第183章 专属外卖员已送达:2069  第184章 隔着屏幕的呼吸:2544  第185章 我的工资卡归你管:2895  第186章 已婚勿扰:3087
          第187章 只要有你在，我就能满血复活:2054  第188章 我们都在赶路:2824  第189章 购物车里的烟火气:2836  第190章 我们的养老基金又变多了:2111  第191章 以后你就是夏学姐了:2813  第192章 其实，你不用逼自己去做办公室:2003
          第193章 以后，你也是夏老板了:2414  第194章 碗留着我来洗:2657  第195章 跟我回家吧:2241  第196章 藏在虾壳里的秘密:2375  第197章 只要你幸福就好:2732  第198章 完美的“沈朋友”:2861
          第199章 隔壁就是爸妈:2375  第200章 红包里的潜台词:2569  第201章 房产证上的两个名字:2641  第202章 谁才是家里的女主人:2416  第203章 这个家，还缺一样东西:2866  第204章 连夜丈量的秘密:2712
          第205章 她是不是外面有狗了:3372  第206章 这个纪念日有点特别:2694  第207章 以后都在一个户口本上:2179  第208章 写在户口本上的名字:2335  第209章 我也要娶你:3300  第210章 法律保护的偏爱:2801
          第211章 这件婚纱太犯规了:2708  第212章 伴娘团的入场券:3132  第213章 今晚没有抱枕怎么睡:2403  第214章 走向你，需要练习多少次:2308  第215章 无论顺境还是逆境:2072  第216章 幸福的接力棒:2222
          第217章 卸下盔甲的夜晚:2397  第218章 只有我们两个人的世界:2579  第219章 把你画进风景里:2332  第220章 还是家里的沙发最舒服:2402  第221章 沈总的节后综合征:2578  第222章 重新认识一下，沈太太:2832
          第223章 管家婆的最高权限:2540  第224章 你的灵感，我的胃:3023  第225章 养只猫就够累了:2529  第226章 家有进宝:3109  第227章 高冷学姐的崩塌时刻:2932  第228章 这盘棋输的很值:3322
          第229章 约会日历上的红圈:2748  第230章 只有你在才是特效药:2694  第231章 幸福的传递与回收:2663  第232章 这里以后就是夏老板的地盘了:2873  第233章 队伍里混进了一个奇怪的粉丝:1992  第234章 吵架不过夜的默契:2524
          第235章 我们故事的第一页:2228  第236章 那杯温水的距离:2173  第237章 寄给现在的回信:2393  第238章 谁推谁的轮椅还说不定呢:2339  第239章 柴米油盐里的甜:2752  第240章 最终章 沈太太，余生请多指教:2721
          第241章 番外一 总监，我真的只是来倒水的:3137  第242章 番外二 夏画家的反攻计划:2859  第243章 番外三 有两个妈妈爱你:3126  第244章 番外四 原来我们磕的CP都是真的:2908  第245章 番外五 变态辣的拼桌搭档:2852  第246章 番外六 你以为的一见钟情，其实是久别重逢:3031

04:26:26  封心锁爱后前妻破防了 (公子欢) [完结]  114p→76章  1015KB  OK
          https://www.52shuku.net/gl/22_b/bkdqk.html
          第1章 重生:4524  第2章 厌烦:4708  第3章 发疯:5136  第4章 迷茫:3329  第5章 控诉:4035  第6章 不装了:4631
          第7章 离家出走:3666  第8章 被老婆嫌弃的沈总:4188  第9章 沈云眠你烦不烦？:2798  第10章 甩耳光的感觉真爽:2316  第11章 这个婚没那么好离:2524  第12章 俞笙喝醉了:3906
          第13章 你技术简直烂透了！:2168  第14章 疏离:2719  第15章 沈总破防:2507  第16章 无视:3593  第17章 滚出去！:4273  第18章 沈云眠，我不爱你了！……:3387
          第19章 倒V开始:3131  第20章 和你在一起，简直是对生……:3964  第21章 我们离婚吧！:3405  第22章 倒V结束:4555  第23章 挖墙脚:3127  第24章 抱个娃娃都比跟你睡强百……:3271
          第25章 技术烂的要命！:3159  第26章 沈总的反思:3859  第27章 乖乖躺好，任我摆布:3228  第28章 我可以让你在上面:4171  第29章 图穷匕见，起诉离婚:4982  第30章 醋的要疯的沈总:8823
          第31章 训狗:10636  第32章 实践第一步:7894  第33章 卑微沈总:4016  第34章 唇齿交缠:8447  第35章 做恨吗？:7509  第36章 沈总技术真的烂，不是俞……:4376
          第37章 亲亲老婆:4888  第38章 刀割到自己身上才会痛……:3119  第39章 蚀骨的冷漠:3256  第40章 气吐血！:3706  第41章 沈总的误会:3842  第42章 你对我做什么都可以……:6301
          第43章 无所适从:3402  第44章 阴湿女鬼:3185  第45章 迟来的管教:8071  第46章 准备搞事:3320  第47章 奢望再近一点:4024  第48章 春梦与惩罚:3079
          第49章 被下药:3351  第50章 做恨:3176  第51章 睡她一次怎么了？:6367  第52章 报应:3287  第53章 做床伴也可以:7184  第54章 喜欢我的人多了，你算什……:4354
          第55章 醋海翻涌:4621  第56章 车祸昏迷（重修）……:6415  第57章 沈云眠重生（重修）:7480  第58章 索菲亚来了（重修）……:4709  第59章 她早就没资格说不了（重……:6311  第60章 沈总的自我认知（重修）……:3368
          第61章 我同意离婚:4797  第62章 无处安放的醋意:5865  第63章 发现沈云眠重生:4235  第64章 离婚:3792  第65章 只要她开心就好:4278  第66章 失控的狗:3060
          第67章 一切都在改变:3258  第68章 你不欠我什么了:3625  第69章 变故陡生:3771  第70章 酒后乱性:5292  第71章 勾引:6707  第72章 我可以来生孩子。:4690
          第73章 怀孕:4495  第74章 宝贝，快点长大……:3444  第75章 温情:3187  第76章 大结局:3451

04:27:23  拯救女主，但萌宠版[快穿] (野草欢歌) [完结]  155p→135章  1238KB  OK
          https://www.52shuku.net/gl/22_b/bkdqj.html
          第1章 她是龙（1）:3053  第2章 她是龙（2）:3031  第3章 她是龙（3）:3041  第4章 她是龙（4）:2331  第5章 她是龙（5）:2036  第6章 她是龙（6）:2516
          第7章 她是龙（7）:2214  第8章 她是龙（8）:1920  第9章 她是龙（9）:2488  第10章 她是龙（10）:2724  第11章 她是龙（11）:2011  第12章 她是龙（12）:2917
          第13章 她是龙（13）:2171  第14章 她是龙（14）:2052  第15章 她是龙（15）:2273  第16章 她是龙（16）:1983  第17章 她是龙（17）:2141  第18章 她是龙（18）:2311
          第19章 她是龙（19）:2248  第20章 她是龙（20）:1876  第21章 她是龙（21）:2676  第22章 她是龙（22）:2528  第23章 她是龙（23）:2338  第24章 她是龙（24）:2101
          第25章 她是龙（25）:2077  第26章 她是龙（26）:2025  第27章 她是龙（27）:9048  第28章 她是龙（28）:3044  第29章 她是龙（29）:3120  第30章 她是龙（30）:3058
          第31章 她是龙（31）:3021  第32章 她是龙（32）:3087  第33章 她是龙（33）:3118  第34章 她是龙（完）:3072  第35章 比格大王（1）:3477  第36章 比格大王（2）:3080
          第37章 比格大王（3）:3129  第38章 比格大王（4）:3370  第39章 比格大王（5）:3026  第40章 比格大王（6）:3039  第41章 比格大王（7）:3588  第42章 比格大王（8）:3181
          第43章 比格大王（9）:3083  第44章 比格大王（10）:3022  第45章 比格大王（12）:3025  第46章 比格大王（13）:3076  第47章 比格大王（14）:3171  第48章 比格大王（15）:3194
          第49章 比格大王（16）:3033  第50章 比格大王（17）:3119  第51章 比格大王（18）:3026  第52章 比格大王（19）:3158  第53章 比格大王（20）:3111  第54章 比格大王（21）:3042
          第55章 比格大王（22）:3081  第56章 比格大王（23）:3052  第57章 比格大王（24）:3037  第58章 比格大王（25）:3022  第59章 比格大王（26）:3043  第60章 比格大王（完）:3233
          第61章 老婆开门，我是阿飘啊（1）:3044  第62章 老婆开门，我是阿飘啊（2）:3048  第63章 老婆开门，我是阿飘啊（3）:4647  第64章 老婆开门，我是阿飘啊（4）:3028  第65章 老婆开门，我是阿飘啊（5）:3094  第66章 老婆开门，我是阿飘啊（6）:3091
          第67章 老婆开门，我是阿飘啊（7）:3031  第68章 老婆开门，我是阿飘啊（8）:3051  第69章 老婆开门，我是阿飘啊（9）:3077  第70章 老婆开门，我是阿飘啊（10）:3025  第71章 老婆开门，我是阿飘啊（11）:3058  第72章 老婆开门，我是阿飘啊（12）:3070
          第73章 老婆开门，我是阿飘啊（13）:3019  第74章 老婆开门，我是阿飘啊（14）:3083  第75章 老婆开门，我是阿飘啊（15）:3023  第76章 老婆开门，我是阿飘啊（16）:3081  第77章 老婆开门，我是阿飘啊（完）:3093  第78章 粉色触手怪（1）:3025
          第79章 粉色触手怪（2）:3021  第80章 粉色触手怪（3）:3021  第81章 粉色触手怪（4）:3032  第82章 粉色触手怪（5）:3128  第83章 粉色触手怪（6）:3018  第84章 粉色触手怪（7）:3155
          第85章 粉色触手怪（8）:3053  第86章 粉色触手怪（9）:3021  第87章 粉色触手怪（10）:3016  第88章 粉色触手怪（11）:3021  第89章 粉色触手怪（12）:3064  第90章 粉色触手怪（13）:3035
          第91章 粉色触手怪（14）:3020  第92章 粉色触手怪（15）:3073  第93章 粉色触手怪（16）:3066  第94章 粉色触手怪（17）:3144  第95章 粉色触手怪（18）:3061  第96章 粉色触手怪（19）:3026
          第97章 粉色触手怪（20）:3019  第98章 粉色触手怪（21）:3033  第99章 粉色触手怪（完）:3564  第100章 狐狐来啦（1）:3020  第101章 狐狐来啦（2）:3037  第102章 狐狐来啦（3）:3071
          第103章 狐狐来啦（4）:3020  第104章 狐狐来啦（5）:3033  第105章 狐狐来啦（6）:3037  第106章 狐狐来啦（7）:3081  第107章 狐狐来啦（8）:3061  第108章 狐狐来啦（9）:3045
          第109章 狐狐来啦（10）:3045  第110章 狐狐来啦（11）:3042  第111章 狐狐来啦（12）:3146  第112章 狐狐来啦（13）:3042  第113章 狐狐来啦（14）:3030  第114章 狐狐来啦（15）:3041
          第115章 狐狐来啦（16）:3093  第116章 狐狐来啦（17）:3027  第117章 狐狐来啦（18）:3044  第118章 狐狐来啦（19）:3040  第119章 狐狐来啦（完）:3122  第120章 小鸟小鸟往前飞（1）:3052
          第121章 小鸟小鸟往前飞（2）:3031  第122章 小鸟小鸟往前飞（3）:3043  第123章 小鸟小鸟往前飞（4）:3041  第124章 小鸟小鸟往前飞（5）:3049  第125章 小鸟小鸟往前飞（6）:3061  第126章 小鸟小鸟往前飞（7）:3037
          第127章 小鸟小鸟往前飞（8）:3026  第128章 小鸟小鸟往前飞（9）:3047  第129章 小鸟小鸟往前飞（10）:3053  第130章 小鸟小鸟往前飞（11）:3043  第131章 小鸟小鸟往前飞（12）:3087  第132章 小鸟小鸟往前飞（13）:3058
          第133章 小鸟小鸟往前飞（14）:3077  第134章 小鸟小鸟往前飞（15）:3046  第135章 小鸟小鸟往前飞（完）:3089

04:28:19  谎吻成瘾 (戏苏) [完结]  145p→111章  1258KB  OK
          https://www.52shuku.net/gl/21_b/bkdpE.html
          第1章:3430  第2章:3632  第3章:3561  第4章:3781  第5章:3685  第6章:3733
          第7章:3689  第8章:3779  第9章:3176  第10章:3750  第11章:3693  第12章:3721
          第13章:3635  第14章:3777  第15章:3704  第16章:3750  第17章:3705  第18章:3680
          第19章:3698  第20章:3677  第21章:3740  第22章:3769  第23章:3707  第24章:3708
          第25章:3734  第26章:3771  第27章:3686  第28章:3706  第29章:3769  第30章:3750
          第31章:3706  第32章:3746  第33章:3757  第34章:3775  第35章:3749  第36章:3736
          第37章:3734  第38章:3735  第39章:3684  第40章:3715  第41章:3700  第42章:3773
          第43章:3780  第44章:3676  第45章:3742  第46章:3716  第47章:3813  第48章:3741
          第49章:3891  第50章:3643  第51章:3730  第52章:3783  第53章:3757  第54章:3720
          第55章:3772  第56章:3783  第57章:3744  第58章:3761  第59章:3749  第60章:3844
          第61章:3813  第62章:3738  第63章:3635  第64章:3745  第65章:3793  第66章:3759
          第67章:3778  第68章:3744  第69章:3764  第70章:3754  第71章:3945  第72章:3808
          第73章:3729  第74章:3773  第75章:3675  第76章:3776  第77章:3723  第78章:3766
          第79章:3712  第80章:3743  第81章:3760  第82章:3766  第83章:3745  第84章:3736
          第85章:3751  第86章:3713  第87章:3753  第88章:3747  第89章:3718  第90章:3766
          第91章:3639  第92章:3754  第93章:3822  第94章:3829  第95章:3749  第96章:3758
          第97章:3775  第98章:3763  第99章:3763  第100章:3780  第101章:3769  第102章:3825
          第103章:3782  第104章:3744  第105章:3790  第106章:3768  第107章:3765  第108章:3740
          第109章:3814  第110章:3727  第111章:4036

04:28:42  式微 (七峪) [完结]  54p→53章  501KB  OK
          https://www.52shuku.net/gl/21_b/bkdpD.html
          第1章 旧识春风面:3396  第2章 不知太平欢（一）:2299  第3章 不知太平欢（二）:2536  第4章 不知太平欢（三）:2788  第5章 俱是梦中人（一）:2950  第6章 俱是梦中人（二）:3662
          第7章 俱是梦中人（三）:3430  第8章 徘徊将何见（一）:2948  第9章 徘徊将何见（二）:2110  第10章 徘徊将何见（三）:2869  第11章 徘徊将何见（四）:1896  第12章 新月与愁烟（一）:3020
          第13章 新月与愁烟（二）:1889  第14章 新月与愁烟（三）:3091  第15章 新月与愁烟（四）:2270  第16章 会向藁街逢（一）:3888  第17章 会向藁街逢（二）:2664  第18章 会向藁街逢（三）:2028
          第19章 会向藁街逢（四）:3560  第20章 却把青梅嗅（一）:2679  第21章 却把青梅嗅（二）:2872  第22章 却把青梅嗅（三）:3219  第23章 却把青梅嗅（四）:2391  第24章 戚戚何所迫（一）:3362
          第25章 戚戚何所迫（二）:2549  第26章 戚戚何所迫（三）:3490  第27章 未语可知心（一）:2955  第28章 未语可知心（二）:2517  第29章 未语可知心（三）:3685  第30章 未语可知心（四）:3628
          第31章 明珠相投 按剑相眄（一）:2698  第32章 明珠相投 按剑相眄（二）:2790  第33章 明珠相投 按剑相眄（三）:3506  第34章 明珠相投 按剑相眄（四）:3227  第35章 临去秋波那一转（一）:3464  第36章 临去秋波那一转（二）:3998
          第37章 临去秋波那一转（三）:3825  第38章 才会相思 便害相思（一）:3629  第39章 才会相思 便害相思（二）:2484  第40章 才会相思 便害相思（三）:3160  第41章 身逐烟波魂自惊（一）:2588  第42章 身逐烟波魂自惊（二）:3232
          第43章 身逐烟波魂自惊（三）:3436  第44章 身逐烟波魂自惊（四）:4321  第45章 已许腰中带（一）:2987  第46章 已许腰中带（二）:3149  第47章 已许腰中带（三）:2811  第48章 已许腰中带（四）:4157
          第49章 投我以木桃（一）:3224  第50章 投我以木桃（二）:5333  第51章 长恨锦屏空:5429  第52章 可要金风玉露时:5635  第53章 后记:1070

04:29:29  小侯爷的小娇妻 (青令) [完结]  126p→100章  1084KB  OK
          https://www.52shuku.net/gl/21_b/bkdp9.html
          第1章:3463  第2章:3455  第3章:3636  第4章:3720  第5章:5385  第6章:4208
          第7章:6439  第8章:3085  第9章:3018  第10章:3026  第11章:3035  第12章:3030
          第13章:3010  第14章:3020  第15章:3044  第16章:3040  第17章:3058  第18章:3028
          第19章:3094  第20章:3106  第21章:3095  第22章:3042  第23章:3070  第24章:3166
          第25章:3082  第26章:3100  第27章:3081  第28章:3261  第29章:9933  第30章:3259
          第31章:3218  第32章:3271  第33章:3195  第34章:3183  第35章:3751  第36章:3690
          第37章:3305  第38章:3506  第39章:3339  第40章:3205  第41章:3283  第42章:3183
          第43章:3017  第44章:3282  第45章:3395  第46章:3183  第47章:3200  第48章:3209
          第49章:3259  第50章:3264  第51章:3194  第52章:3185  第53章:3177  第54章:3283
          第55章:3170  第56章:3184  第57章:3235  第58章:3578  第59章:3550  第60章:3279
          第61章:4950  第62章:3888  第63章:7265  第64章:3237  第65章:3909  第66章:3184
          第67章:3182  第68章:3214  第69章:3251  第70章:3187  第71章:6311  第72章:3840
          第73章:3998  第74章:3190  第75章:5207  第76章:3193  第77章:4207  第78章:3211
          第79章:3517  第80章:3191  第81章:3206  第82章:3195  第83章:3259  第84章:3189
          第85章:3176  第86章:3253  第87章:3583  第88章:3256  第89章:5774  第90章:3272
          第91章:5174  第92章:3263  第93章:3896  第94章:3247  第95章:3283  第96章:3270
          第97章:4194  第98章:3380  第99章:3570  第100章:4727

04:30:50  七月无晴 (野生小鱼) [完结]  222p→141章  1959KB  OK
          https://www.52shuku.net/gl/21_b/bkdpg.html
          第1章 楔子:2816  第2章 01 鹮羽:4023  第3章 02 收留:3901  第4章 03 传说:4466  第5章 04 夜晚:4377  第6章 05 暗涌:4861
          第7章 06 抛弃:6281  第8章 07 打架:4193  第9章 08 发烧:3524  第10章 09 月亮:4520  第11章 10 决定:3798  第12章 11 眼睛:3238
          第13章 12 练习:3328  第14章 13 面条:3091  第15章 14 蝴蝶:4338  第16章 15 纹身:3778  第17章 16 跳舞:5129  第18章 17 奖励:4315
          第19章 18 约定:3348  第20章 19 前夜:4461  第21章 20 回家:4228  第22章 21 齐悦:4617  第23章 22 承诺:5328  第24章 23 何舟:3813
          第25章 24 晴天:3928  第26章 25 秋约:3811  第27章 26 拍照:3533  第28章 27 冒险:3408  第29章 28 勇气:2757  第30章 29 洋葱:3750
          第31章 30 微醺:5091  第32章 31 醉酒:3266  第33章 32 酸涩:4449  第34章 33 墨痕:3644  第35章 34 榕树:2563  第36章 35 雨逢:3870
          第37章 36 港湾:4017  第38章 37 转眼:6121  第39章 38 赶海:3519  第40章 39 缘分:5830  第41章 40 潮汐:5019  第42章 41 返程:5497
          第43章 42 方晴:3705  第44章 43 灼夏:4132  第45章 44 窥光:4169  第46章 45 见面:6017  第47章 46 演出:5138  第48章 47 意外:7039
          第49章 48 守望:5343  第50章 49 真相:6499  第51章 50 拧巴:5105  第52章 51 谈话:4624  第53章 52 七夕:5266  第54章 53 余婷:5309
          第55章 第54章争执:6668  第56章 第55章疗伤:3371  第57章 第56章告别:3864  第58章 第57章荣光:3391  第59章 第58章燃夜:4094  第60章 第59章吵架:5009
          第61章 60 生病:4950  第62章 61 找到:3642  第八章的call back （叉腰）:24  第63章 62 和好:5218  第64章 63 倾听:4586  第65章 64 治愈:7207
          第66章 65 平潭1:5593  第67章 66 平潭2:6847  第68章 67 平潭3:5953  第69章 68 烟波蓝:3845  第70章 69 谢遥:5772  第71章 70 夜车:3445
          第72章 71 映心:4234  第73章 72 中秋:5520  第74章 73 三折:3851  第75章 74 俱疲:3786  第76章 75 观众:5846  第77章 76 国庆1:4810
          第78章 77 国庆2:3951  第79章 78 国庆3:3446  第80章 79 国庆4:4154  第81章 80 国庆5:5456  第82章 81 修罗场:4255  第83章 82 修罗场2:4552
          第84章 83 修罗场3:6140  第85章 84 晨昏:3585  第86章 85 告白:6081  第87章 86 官宣:3503  第88章 87 游戏:3730  第89章 88 小孩:4549
          第90章 89 相信:5769  第91章 90 素面:3917  第92章 91 宝宝:6416  第93章 92 湖边:3359  第94章 93 拾秋:4858  第95章 94 秋游:4479
          第96章 95 手链:3475  第97章 96 立冬:4464  第98章 97 齐霁:5432  第99章 98 列车:6118  第100章 99 误撞:3364  第101章 100 危夜:4731
          第102章 101 入局:6511  第103章 102 身陷:5542  第104章 103 余悸:4373  第105章 104 错轨:3378  第106章 105 许愿:4951  第107章 106 礼物:8526
          第108章 [锁] [本章节已锁定]:0  第109章 108 春晓:4412  第110章 109 微光:5077  第111章 110 靠近:5526  第112章 111 暖阳:5116  第113章 112 温馨:3174
          第114章 113 圣诞:3756  第115章 114 漳州:5122  第116章 115 跨年:8250  第117章 116 和解:4993  第118章 117 初雪:3855  第119章 118 过年:5699
          第120章 119 曝光:5221  第121章 120 隐火:4772  第122章 121 救援:4377  第123章 122 誓言:3695  第124章 123 密谋:4724  第125章 124 窥见:3652
          第126章 125 心诺:3742  第127章 126 求婚:4837  第128章 127 铭心:5247  第129章 128 彼岸:6593  第130章 129 现实:4620  第131章 130 回放:6325
          第132章 131 身世:5468  第133章 132 同行:3779  第134章 133 雪山:4899  第135章 134 西藏1:6463  第136章 135 西藏2:3723  第137章 136 泥潭:6308
          第138章 137 星空:5515  第139章 138 朝圣:6020  第140章 139 无晴:4424

04:32:34  九月观愿 (陵子胥) [完结+番外]  281p→252章  2470KB  OK
          https://www.52shuku.net/gl/21_b/bkdpf.html
          第1章 路边的女人不要随便捡:3090  第2章 捡到一只流浪狗:3120  第3章 是灌溉不是强吻:3243  第4章 小猫耳朵:3073  第5章 帕罗西汀:3020  第6章 感情丰富的少女:3165
          第7章 秋逢:3137  第8章 宝宝的手:3132  第9章 晚安:3240  第10章 睡前育儿知识:3175  第11章 要不要尝试一下女人:3098  第12章 年下小狗:3215
          第13章 备注:3067  第14章 幽灵好友:3103  第15章 贺也:3583  第16章 你要不当1吧:3249  第17章 装死的哈士奇:3312  第18章 汤蘅之:3310
          第19章 话梅番茄:3105  第20章 吃虾:3229  第21章 不会有人喜欢我:3285  第22章 松开一些，痛:3237  第23章 ntr文学:3115  第24章 我是你的粉丝:3206
          第25章 抓马的缘分:3222  第26章:3101  第27章 滑雪:3333  第28章 拜托拜托:3008  第29章 朋友:3210  第30章 邪恶银渐层:3216
          第31章 我技术还不错:3189  第32章 缺德大橘子:3132  第33章 可乐:3111  第34章 秋葵:3223  第35章 口香糖:3078  第36章 造反:4076
          第37章 摊上事儿了:4024  第38章 我有一个朋友:3055  第39章 还怪具体的:3163  第40章 结论:4020  第41章 鱼香肉丝:3245  第42章 甜小橘子:3189
          第43章 山上没有蚊子:3187  第44章 群聊:3104  第45章 回家:3575  第46章 灯盏糍粑:3019  第47章 共享:3081  第48章:3156
          第49章 姐夫？:3326  第50章 可以吗:3083  第51章 大猪蹄子？:3251  第52章 家长会:3308  第53章 妈妈:3168  第54章 小妈文学:3223
          第55章 尝试危险:3285  第56章 薄弱:3157  第57章 湿漉漉的一天:3260  第58章 炸毛:3104  第59章 熟了:3082  第60章 饼饼的来历:3325
          第61章 以后，就多家打扰了:3038  第62章 陆行清:3303  第63章:3103  第64章:3109  第65章 我有点害羞:3106  第66章 养狗:3071
          第67章 齐余莲:3073  第68章 高配置:3035  第69章 妈生脸:3187  第70章 处理一下误会:3229  第71章 好有骨气的女人:3010  第72章 我女朋友跟人跑啦:3255
          第73章 这女人好大方:3186  第74章 母慈子孝:3115  第75章 心意隐晦者:3179  第76章 忍辱负重:3171  第77章 谢谢小妈妈:3231  第78章 谣言:3078
          第79章 大卫奥斯汀玫瑰:3077  第80章:3132  第81章 比心:3213  第82章 结拜吧:3135  第83章 两桌酸菜鱼:3061  第84章 恃宠而骄:3138
          第85章 金丝雀文学:3076  第86章 献颈:3081  第87章:3099  第88章 小猫发威:3098  第89章 黑夜里有光:3116  第90章:3238
          第91章 绵绵:3089  第92章 自救:3032  第93章 我会很温柔的:3172  第94章:3114  第95章 后遗症:3090  第96章 这不对啊:3166
          第97章 将就，讲究:3204  第98章:3118  第99章:3169  第100章:3087  第101章:3266  第102章:3087
          第103章 腱鞘炎:3101  第104章:3269  第105章 治疗方案:3266  第106章:3095  第107章 告白季:3026  第108章 从来都不是流浪狗:3110
          第109章:3191  第110章 好孩子:3139  第111章:3208  第112章:3083  第113章:3176  第114章:3102
          第115章:3192  第116章:3115  第117章 生日快乐:3278  第118章:3115  第119章:3168  第120章:3137
          第121章:3108  第122章:3236  第123章:3236  第124章 失恋:3259  第125章:3502  第126章:3068
          第127章:3132  第128章:3456  第129章:3117  第130章:3268  第131章:3024  第132章:3418
          第133章:3064  第134章 檐下燕:3284  第135章:3227  第136章 问我:3278  第137章:3114  第138章 见家长:3148
          第139章:3118  第140章:3347  第141章 葡萄:3148  第142章 管家婆:3033  第143章:3092  第144章 怨种:3108
          第145章:3172  第146章 姐姐，我甜吗:3144  第147章 你攻了她，你不知道？:3122  第148章:3342  第149章:3149  第150章:3079
          第151章:3097  第152章:3062  第153章 陈世美三愿:3117  第154章:3086  第155章:6228  第156章:2708
          第157章:3257  第158章:3129  第159章 果汁:3065  第160章 乔怜她也亲你吗:3143  第161章:3265  第162章 老婆粉？:3078
          第163章 毒唯粉:3090  第164章 冷粥:3195  第165章:3046  第166章:3484  第167章:3278  第168章:3117
          第169章:3153  第170章:3301  第171章:3066  第172章:3233  第173章:3121  第174章:3223
          第175章:3133  第176章:3236  第177章:3206  第178章:3087  第179章:3181  第180章:3290
          第181章:3092  第182章:3429  第183章:3291  第184章:3076  第185章:3220  第186章:3243
          第187章:3041  第188章:3330  第189章:3305  第190章 响小鱼:3102  第191章:3071  第192章:3115
          第193章:3282  第194章:3169  第195章:3173  第196章:3075  第197章:3145  第198章:3586
          第199章:3351  第200章:3265  第201章:3538  第202章:3279  第203章:3141  第204章:3189
          第205章:3175  第206章:3254  第207章:3108  第208章:3312  第209章:4952  第210章:3004
          第211章 答卷:3172  第212章 满分及格:2628  第213章:3325  第214章:3076  第215章:3152  第216章:3961
          第217章:3047  第218章 航海:3158  第219章 鲸与礼物:2837  第220章:3245  第221章:3198  第222章:3136
          第223章:3153  第224章 道歉礼物:3364  第225章 金子显白:3657  第226章:3077  第227章:3249  第228章:3347
          第229章:3100  第230章:3082  第231章:3190  第232章 花露水:3291  第233章:3268  第234章:3087
          第235章:3010  第236章:3009  第237章:3236  第238章:3220  第239章:3352  第240章:3307
          第241章:3340  第242章:3321  第243章:3589  第244章:3122  第245章:3058  第246章:3049
          第247章:3068  第248章:4096  第249章:4619  第250章 完本感言[番外]:1104  第251章 番外1[番外]:9542  第252章 番外2[番外]:2041

04:33:18  与娇软小尾巴先婚后爱 (遗世仙) [完结]  112p→103章  982KB  OK
          https://www.52shuku.net/gl/20_b/bkdnP.html
          第1章:3371  第2章:3253  第3章:3093  第4章:3044  第5章:3012  第6章:3181
          第7章:3055  第8章:3056  第9章:3225  第10章:2151  第11章:1963  第12章:2326
          第13章:2510  第14章:2429  第15章:2237  第16章:2296  第17章:2107  第18章:2330
          第19章:2179  第20章:2364  第21章:2248  第22章:2151  第23章:2629  第24章:3374
          第25章:9007  第26章:6353  第27章:6172  第28章:3033  第29章:3053  第30章:3014
          第31章:3154  第32章:3248  第33章:3151  第34章:3092  第35章:3092  第36章:3040
          第37章:3078  第38章:3094  第39章:3052  第40章:3058  第41章:3293  第42章:3125
          第43章:3173  第44章:3166  第45章:3075  第46章:3263  第47章:3074  第48章:3138
          第49章:3236  第50章:3072  第51章:3140  第52章:3100  第53章:3064  第54章:3135
          第55章:3044  第56章:3304  第57章:3169  第58章:3076  第59章:3091  第60章:3185
          第61章:3088  第62章:3265  第63章:3105  第64章:3094  第65章:3124  第66章:3172
          第67章:3133  第68章:3067  第69章:3119  第70章:3093  第71章:3120  第72章:3130
          第73章:3114  第74章:3138  第75章:3188  第76章:3333  第77章:3074  第78章:3171
          第79章:3171  第80章:3437  第81章:3269  第82章:3091  第83章:3252  第84章:3059
          第85章:3181  第86章:3098  第87章:3054  第88章:3309  第89章:3139  第90章:3066
          第91章:3088  第92章:3240  第93章:3259  第94章:3207  第95章:3292  第96章:3338
          第97章:3022  第98章:3044  第99章:3046  第100章:3115  第101章:3066  第102章:3181
          第103章:3712

04:33:40  分手后前女友又找上门 (早秋闲听雨打帘) [完结+番外]  57p→50章  512KB  OK
          https://www.52shuku.net/gl/20_b/bkdnI.html
          第1章 落榜生的职业规划（请看作者有话说）:3855  第2章 见色忘友:3534  第3章 情人眼里出西施:3601  第4章 犹豫就会败北:3400  第5章 测试取向:3415  第6章 相识:3495
          第7章 打断腿？:3217  第8章 万恶之源:3284  第9章 咸粽子配砂糖:3495  第10章 追人技巧:3323  第11章 巧克力味的吻:3525  第12章 我们现在是什么关系？:3788
          第13章 这张卡拿去，随便花:3327  第14章 被做局了:3198  第15章 何谓公平？:3461  第16章 真相大白:3403  第17章 你歧视我！:3278  第18章 逛集会:3215
          第19章 装疯卖傻真的有用吗？:3282  第20章 同床共枕:3331  第21章 陈年往事:3365  第22章 救命恩人竟是……:3225  第23章 命中注定要在一起:3283  第24章 你是我的救世主:3575
          第25章 情侣围巾:3193  第26章 这，就是阶级啊:3282  第27章 重逢:3177  第28章 好久不见:3271  第29章 剪不断，理还乱:3309  第30章 爱是囚笼:3275
          第31章 暂时复合:3253  第32章 缠绵:3188  第33章 辣条味的吻:3204  第34章 假意复合？:3276  第35章 登门道歉:3247  第36章 我不原谅:3262
          第37章 当年的绑架案:3314  第38章 无尽夏:3248  第39章 如果治不好瑾年:3385  第40章 失忆:3229  第41章 当平静被打破:3407  第42章 割腕自杀:3375
          第43章 巨无霸冰淇淋:3313  第44章 不要坠入那片海:3702  第45章 旅游:3296  第46章 玩泥巴:3193  第47章 我们结婚吧:3206  第48章 庄周梦蝶:3343
          第49章 大结局:4116  第50章 番外:3303

04:33:58  霸道女帝的祸水红颜 (从此君王不早朝) [完结]  42p→41章  375KB  OK
          https://www.52shuku.net/gl/20_b/bkdnH.html
          第1章 身世（一）:3749  第2章 身世（二）:3916  第3章 宴会（一）:3122  第4章 宴会（二）:3191  第5章 共浴（一）:3213  第6章 共浴（二）:3640
          第7章 逃离（一）:3121  第8章 逃离（二）:3115  第9章 抓人:3152  第10章 密道:3051  第11章 回来:3013  第12章 好友:3180
          第13章 占有（修改版）:2431  第14章 恐惧:3694  第15章 封后:3019  第16章 准备:3171  第17章 师父（修改版）:3195  第18章 图纸:3311
          第19章 辍朝:3050  第20章 药丸:3091  第21章 晕倒:3049  第22章 挨打:3193  第23章 朝堂:3013  第24章 假死:3232
          第25章 起火:3453  第26章 蛊虫:3112  第27章 尸体:3010  第28章 摩擦:3277  第29章 会面:3035  第30章 甩掉:3135
          第31章 不见:3116  第32章 坦白:3173  第33章 小镇:3213  第34章 被抓:3200  第35章 杀人:3351  第36章 [锁] [本章节已锁定]:0
          第37章 怀孕巫蛊:3022  第38章 中蛊:3000  第39章 结局（一）:4188  第40章 结局（二）:1140  第41章 作者感言:629

04:34:20  病娇女霸总的清甜白月光 (从此君王不早朝) [完结+番外]  59p→56章  522KB  OK
          https://www.52shuku.net/gl/20_b/bkdnG.html
          第1章血腥礼物:3270  第2章相识:3114  第3章下药:3147  第4章戳穿:3090  第5章危险（修改版）:3017  第6章回家:3023
          第7章控制（修改版）:3022  第8章生意:3123  第9章激怒:3091  第10章照相:3170  第11章对手:3050  第12章联手:3112
          第13章回家:3059  第14章暗夜:3280  第15章出差:3063  第16章宴会:3338  第17章逛街:3164  第18章联系:3273
          第19章争吵:3026  第20章调查:3089  第21章嫉妒:3193  第22章挑衅:3119  第23章回来:3170  第24章绑架:3407
          第25章落海:3182  第26章南京大屠杀公祭日:83  第27章处理:3039  第28章荒岛:3033  第29章信号:3072  第30章真相:3091
          第31章伺候:3205  第32章喂饭（修改版）:3077  第33章出门:3156  第34章逛街:3084  第35章新货:3127  第36章间谍:3174
          第37章扣子:3109  第38章旅游:3166  第39章违约:3207  第40章一起:3058  第41章熟悉:3007  第42章发卡:3112
          第43章发现（修改版）:3011  第44章仓库:3329  第45章逃脱:3027  第46章软肋:3091  第47章消失:3031  第48章等待:3027
          第49章自残:3065  第50章杀人:3168  第51章逃离:3050  第52章交换:3141  第53章结婚（大结局）:3783  第54章生子（番外篇一）:3323
          第55章灼灼其华（番外篇二）:3328  第56章樱花树下的少年（番外篇三）:3386

04:34:47  雾港余温 (江南折柳意) [完结]  65p→51章  618KB  OK
          https://www.52shuku.net/gl/19_b/bkdn3.html
          第1章 雾锁老城:4180  第2章 画影惊鸿:5652  第3章 雾里看花:4426  第4章 铜板烟火:3989  第5章 画影相对:3202  第6章 刺耳索取:2224
          第7章 四面楚歌:2273  第8章 暗渡微光:4321  第9章 心墙微启:4352  第10章 心向晚珩:3737  第11章 眸光暗缠:3720  第12章 冷光落笔:2288
          第13章 暗潮心生:4153  第14章 雾起心澜:4522  第15章 旧影扰心:4471  第16章 称谓隔心:4764  第17章 暗探风波:4650  第18章 余雾未散:3819
          第19章 心雾难散:3745  第20章 雨夜分途:3836  第21章 雾散光来:3189  第22章 笔绘朝夕:3007  第23章 雾港暖居:2369  第24章 以你为名:2082
          第25章 码头拾光:2816  第26章 书签载心:3598  第27章 心缺渐满:2971  第28章 亲人认可:3392  第29章 严令归府:3587  第30章 傲骨迎霜:4527
          第31章 心事藏眉:4277  第32章 沈家冲击:5299  第33章 裂隙暗生:6021  第34章 疑云生隙:4264  第35章 裂痕扩大:4484  第36章 强权逼仄:5064
          第37章 心碎成灰:3416  第38章 孤影自舐:3515  第39章 回忆成殇:5144  第40章 姻锁情囚:4228  第41章 落笔断情:5136  第42章 天涯陌路:2750
          第43章 独自舐伤:3762  第44章 孤寂的心:3393  第45章 千里觅人:4591  第46章 心哀气散:4458  第47章 噩耗惊雷:6279  第48章 雏菊为铭:5583
          第49章 旧室重归:5629  第50章 复刻余生:3722  第51章 雾散了，你也没了:5602

04:35:12  我和人鱼的爱恨情仇 (南昭禾) [完结]  60p→67章  511KB  OK
          https://www.52shuku.net/gl/19_b/bkdn2.html
          第1章:2127  第2章:3296  第3章:3617  第4章:2362  第5章:2544  第6章:3018
          第7章:3116  第8章:3328  第9章:1577  第10章:4200  第11章 异种档案:751  第12章:3058
          第13章:2267  第14章:1541  第15章:1483  第16章:1260  第17章:1889  第18章:1338
          第19章:2558  第20章:1704  第21章 异世界/天空眼睛:1336  第22章 异世界/天空眼睛:1230  第23章 异世界/天空眼睛（微调）:1124  第24章:3182
          第25章:3162  第26章:2400  第27章:1365  第28章:3281  第29章:3161  第30章:4077
          第31章:2112  第32章:3125  第33章:3031  第34章:3181  第35章:3178  第36章:2334
          第37章 （微调）:2270  第38章 （微调）:2681  第39章:2251  第40章:3603  第41章:1218  第42章:3163
          第43章:1932  第44章:2027  第45章:3124  第46章:2817  第47章:1865  第48章:3203
          第49章:2335  第50章:3427  第51章:3052  第52章:3422  第53章:2459  第54章 记忆:1530
          第55章:1856  第56章:2516  第57章:3103  第58章:3149  第59章:4069  第60章:3090
          第61章:3116  第62章:3133  第63章:1465  第64章:2070  第65章:1871  第66章:2016
          第67章 终章:1215

04:35:48  女配她掀桌不干了 (褚酒酿) [完结+番外]  94p→70章  839KB  OK
          https://www.52shuku.net/gl/19_b/bkdn1.html
          第1章 恶毒女配转正了:3277  第2章 大姐姐天人之姿:3150  第3章 下马威:3601  第4章 好一个天定良缘:3029  第5章 月黑风高，勾引猫猫（上）:3290  第6章 月黑风高，勾引猫猫（下）:3072
          第7章 五大男主之一:3730  第8章 女主是文盲？:2916  第9章 霸道王爷狠狠爱:2825  第10章 掀桌一式，开！:3054  第11章 那就亲一下:2801  第12章 花妖副本开启（副cp）:3389
          第13章 接收关键词：“吻”（副cp）:3029  第14章 师姐其实是女流氓:3995  第15章 美腻大师姐她杀疯了:4071  第16章 沈流商在线训狗（副cp）:4072  第17章 老婆被亲后他红眼了（副cp）:3069  第18章 大姐姐是真白月光:4560
          第19章 亲亲抱抱，还有双修（副cp）:3834  第20章 双修小破车（副cp）:3092  第21章 小情侣闹分手了（副cp）:4952  第22章 山雨欲来（副cp）:5836  第23章 唯一的浮木（副cp）:5546  第24章 花妖副本结束:6743
          第25章 老闺见老闺:5351  第26章 生人活祭:3187  第27章 别离复重逢（副cp）:4711  第28章 一封情书:3012  第29章 捉鬼？在祠堂！:4195  第30章 恶毒女配要发飙！:3646
          第31章 是合情香哦:4399  第32章 夜深忽梦少年事（副cp）:5872  第33章 妖妃线开启:3772  第34章 不如亲自去抢婚:3775  第35章 沈如雁其人:3901  第36章 系统那死狗:4948
          第37章 恢复记忆的前兆:3845  第38章 月黑风高采花时:4312  第39章 花好月圆夜:3930  第40章 观星夜宴:3106  第41章 谁是凶手:4178  第42章 恶毒女配抢婚了:3691
          第43章 前世篇开启:3151  第44章 路见不平一声吼:3450  第45章 手腕间的花:3379  第46章 离山女:3136  第47章 人造的神祇:3211  第48章 天上地下:3645
          第49章 何谓“遗言”:5801  第50章 桃花源是什么:3977  第51章 十八次:3887  第52章 静时姐姐:3296  第53章 爱恨分明:5305  第54章 知微知微:3072
          第55章 花神大道:4626  第56章 生和死:4219  第57章 叩问心门:4583  第58章 全心全意:3260  第59章 聊赠一枝春:3259  第60章 大厦将倾:3739
          第61章 始作俑者:3811  第62章 前世篇结束:5056  第63章 亡羊补牢:5154  第64章 怎么不喊嫂嫂:4579  第65章 这就是群像的魅力:4229  第66章 戴顶假发吧:4117
          第67章 龙族幽魂:3970  第68章 大结局！:3895  第69章 （一）花枝人面难常见[番外]:4498  第70章 （二 ）把酒祝东风[番外]:4137

04:36:13  求生综艺里我和撞脸对家HE了 (百变小兔) [完结]  60p→52章  502KB  OK
          https://www.52shuku.net/gl/19_b/bkdn0.html
          第1章:2190  第2章:2056  第3章:2631  第4章:2844  第5章:2406  第6章:3133
          第7章:2469  第8章:2201  第9章:2424  第10章:3270  第11章:3849  第12章:2871
          第13章:4207  第14章:3744  第15章:2723  第16章:2850  第17章:2604  第18章:3827
          第19章:3944  第20章:4149  第21章:2363  第22章:4217  第23章:3838  第24章:3552
          第25章:3145  第26章:4030  第27章:2313  第28章:3850  第29章:3174  第30章:3468
          第31章:3023  第32章:2307  第33章:4052  第34章:2479  第35章:3804  第36章:2836
          第37章:3204  第38章:4455  第39章:2104  第40章:2207  第41章:3398  第42章:3115
          第43章:2436  第44章:3738  第45章:2316  第46章:5006  第47章:3548  第48章:3525
          第49章:4332  第50章:3196  第51章:3581  第52章:2730

04:37:38  住在隔壁的漂亮蛇蛇 (娇笺) [完结+番外]  231p→122章  2083KB  OK
          https://www.52shuku.net/gl/19_b/bkdnr.html
          第1章 体温:3286  第2章 雨夜:3242  第3章 初吻:4426  第4章 亲密:1857  第5章 医师:2635  第6章 规则:2724
          第7章 怪异:2591  第8章 补眠:2127  第9章 矛盾:3960  第10章 欲望:3545  第11章 秘密:1787  第12章 克制:2395
          第13章 共感:4469  第14章 触碰:2197  第15章 印记:2234  第16章 好感:2345  第17章 病人:2234  第18章 答案:3275
          第19章 喂糖:3617  第20章 好热:3091  第21章 请求:3282  第22章 姐姐:3931  第23章 按摩:10229  第24章 伤疤:7744
          第25章 契约:7096  第26章 记忆:7206  第27章 心动:5864  第28章 谈心:8132  第29章 维护:3556  第30章 撒娇:9703
          第31章 示弱:5600  第32章 误会:8160  第33章 暧昧:6344  第34章 谣言:5785  第35章 血引:4420  第36章 遇险:5535
          第37章 陷阱 “姐姐……”:6263  第38章 翻盘:6673  第39章 爱欲:5199  第40章 晚安:4221  第41章 冤家:6000  第42章 妈妈:6294
          第43章 疯子:7092  第44章 挑破:5838  第45章 甜言:5337  第46章 偶遇:7862  第47章 腥臭 邵离对待叶夕过于冷漠了。:4882  第48章 看破:6970
          第49章 刺激:7788  第50章 杀妻:6882  第51章 情感:7433  第52章 献吻:4470  第53章 共欢:7344  第54章 沉沦:5205
          第55章 她坏:6474  第56章 轻哄:5220  第57章 秘闻:8281  第58章 谜团:6097  第59章 婆媳:5679  第60章 影子:4701
          第61章 痴狂:6612  第62章 欺负:6486  第63章 记号:6417  第64章 妖筋:6399  第65章 危机:6343  第66章 控局:7245
          第67章 质问:7127  第68章 真凶:7381  第69章 自私:7485  第70章 疯狂:7137  第71章 选择:6363  第72章 碰头:6726
          第73章 恨她:7436  第74章 黑化:7962  第75章 求死:6432  第76章 狐狸:6725  第77章 融合:6693  第78章 灭族:7307
          第79章 被劫:6543  第80章 暖蜜:6232  第81章 震惊:6936  第82章 指控:6388  第83章 夺权:6641  第84章 掌权:6383
          第85章 共谋:6919  第86章 内讧:6882  第87章 蛊惑:6671  第88章 回家:7037  第89章 又输:7096  第90章 热恋:8042
          第91章 共商:4304  第92章 吃素:5424  第93章 出局:5599  第94章 博弈:5543  第95章 前夕:5037  第96章 开战:6225
          第97章 闻淑:4816  第98章 共生:6287  第99章 抉择:6244  第100章 天命:7051  第101章 卑劣:5828  第102章 败局:5900
          第103章 反水:5845  第104章 清醒:6033  第105章 还骨:7005  第106章 不哭:5509  第107章 曙光:6983  第108章 诅咒:4430
          第109章 转机:5485  第110章 开解:5185  第111章 栽种:5798  第112章 喜讯:5189  第113章 新家:5920  第114章 家人:6100
          第115章 尾声:5363  第116章 终章:7036  第117章 长辈爱情:3224  第118章 长辈爱情:4000  第119章 长辈爱情:3571  第120章 长辈爱情:6033
          第121章 长辈爱情:6012  第122章 命定:5980

04:38:24  和清冷O离婚后火葬场了 (青山作渡) [完结+番外]  123p→111章  1125KB  OK
          https://www.52shuku.net/gl/18_b/bkdm7.html
          第1章:4067  第2章:3586  第3章:3323  第4章:3441  第5章:3293  第6章:3135
          第7章:3070  第8章:3176  第9章:3901  第10章:3119  第11章:3251  第12章:3068
          第13章:2147  第14章:3645  第15章:3193  第16章:2577  第17章:2009  第18章:3536
          第19章:3543  第20章:3570  第21章:3100  第22章:3341  第23章:3202  第24章:4165
          第25章:3334  第26章:3981  第27章:3855  第28章:3162  第29章:3147  第30章:3049
          第31章:3026  第32章:3034  第33章:3111  第34章:3037  第35章:2058  第36章:2016
          第37章:3490  第38章:3668  第39章:2047  第40章:2015  第41章:3089  第42章:3027
          第43章:2033  第44章:3025  第45章:4976  第46章:3278  第47章:3207  第48章:3199
          第49章:3377  第50章:3241  第51章:3231  第52章:3639  第53章:3186  第54章:3232
          第55章:5192  第56章:3634  第57章:3876  第58章:3595  第59章:3229  第60章:3191
          第61章:6237  第62章:3255  第63章:3866  第64章:3859  第65章:3579  第66章:3305
          第67章:3187  第68章:3237  第69章:3582  第70章:3623  第71章:3202  第72章:3228
          第73章:3207  第74章:3236  第75章:3544  第76章:3181  第77章:3201  第78章:3267
          第79章:3201  第80章:4227  第81章:3554  第82章:3199  第83章:3182  第84章:3192
          第85章:4225  第86章:3260  第87章:4848  第88章:4237  第89章:5587  第90章:5187
          第91章:4210  第92章:3190  第93章:4219  第94章:3260  第95章:3214  第96章:3247
          第97章:3144  第98章:3178  第99章:3229  第100章:3265  第101章:3220  第102章:3204
          第103章:6361  第104章:3219  第105章:3198  第106章:2045  第107章:3237  第108章:3218
          第109章:5976  第110章:8057  第111章:1267

04:39:13  清冷总裁她明勾暗钓 (纪春烟) [完结+番外]  127p→70章  1040KB  OK
          https://www.52shuku.net/gl/18_b/bkdm6.html
          第1章:3146  第2章:3860  第3章:3515  第4章:3714  第5章:3598  第6章:2874
          第7章:3619  第8章:3059  第9章:2736  第10章:2415  第11章:2425  第12章:2424
          第13章:1950  第14章:2601  第15章:2618  第16章:2599  第17章:3462  第18章:3142
          第19章:3243  第20章:2840  第21章:9674  第22章:4053  第23章:4274  第24章:5586
          第25章:4524  第26章:3046  第27章:7164  第28章:6252  第29章:6887  第30章:5527
          第31章:3350  第32章:6580  第33章:5949  第34章:5887  第35章:6549  第36章:6514
          第37章:5867  第38章:6228  第39章:6694  第40章:6067  第41章:6200  第42章:6378
          第43章:7222  第44章:5874  第45章:5864  第46章:5578  第47章:6922  第48章:5537
          第49章:7572  第50章:6906  第51章:4550  第52章:7270  第53章:6550  第54章:8590
          第55章:6210  第56章:4863  第57章:6240  第58章:5899  第59章:6204  第60章:7895
          第61章:4939  第62章:3913  第63章:7672  第64章:3553  第65章:3228  第66章:3202
          第67章:3965  第68章:3028  第69章:4247  第70章:1262

04:40:29  她的精神体毛茸茸 (莫导惑惑) [完结]  204p→165章  1808KB  OK
          https://www.52shuku.net/gl/18_b/bkdm0.html
          第1章:3909  第2章:4283  第3章:3888  第4章:3344  第5章:3316  第6章:3869
          第7章:3433  第8章:3944  第9章:3468  第10章:3601  第11章:3725  第12章:3956
          第13章:4226  第14章:3563  第15章:3346  第16章:3453  第17章:3881  第18章:3332
          第19章:3797  第20章:3595  第21章:3750  第22章:3892  第23章:3402  第24章:3536
          第25章:3283  第26章:3138  第27章:9892  第28章:3406  第29章:3501  第30章:3559
          第31章:3810  第32章:3388  第33章:3918  第34章:3569  第35章:4259  第36章:3393
          第37章:3187  第38章:3403  第39章:3821  第40章:3374  第41章:3432  第42章:3649
          第43章:3755  第44章:3446  第45章:3294  第46章:3755  第47章:3548  第48章:4140
          第49章:3594  第50章:4224  第51章:3989  第52章:3456  第53章:3329  第54章:3331
          第55章:4348  第56章:3859  第57章:4332  第58章:3280  第59章:3440  第60章:4285
          第61章:3415  第62章:3305  第63章:3379  第64章:6461  第65章:4117  第66章:3262
          第67章:3255  第68章:3409  第69章:3718  第70章:3724  第71章:3599  第72章:3516
          第73章:4161  第74章:3261  第75章:3439  第76章:3398  第77章:3727  第78章:3619
          第79章:3589  第80章:4605  第81章:3300  第82章:4083  第83章:4496  第84章:3319
          第85章:3456  第86章:3578  第87章:3966  第88章:3429  第89章:3285  第90章:3722
          第91章:3601  第92章:3251  第93章:3680  第94章:3163  第95章:3609  第96章:3508
          第97章:3548  第98章:4118  第99章:3164  第100章:3644  第101章:3199  第102章:3219
          第103章:3493  第104章:3559  第105章:3425  第106章:3250  第107章:3500  第108章:3335
          第109章:3588  第110章:3248  第111章:3751  第112章:3678  第113章:3669  第114章:3188
          第115章:3487  第116章:3510  第117章:3709  第118章:3214  第119章:3273  第120章:3259
          第121章:3219  第122章:3577  第123章:3821  第124章:3372  第125章:4235  第126章:3356
          第127章:3230  第128章:3303  第129章:3380  第130章:3291  第131章:3174  第132章:3337
          第133章:3344  第134章:3357  第135章:3204  第136章:3239  第137章:3362  第138章:3508
          第139章:4633  第140章:3357  第141章:3647  第142章:3326  第143章:3471  第144章:3321
          第145章:3613  第146章:3349  第147章:3479  第148章:3203  第149章:3314  第150章:4141
          第151章:3390  第152章:3190  第153章:3218  第154章:3284  第155章:3347  第156章:3287
          第157章:3917  第158章:3435  第159章:3646  第160章:3549  第161章:4005  第162章:3459
          第163章:4500  第164章:3472  第165章:4151

04:41:40  和冰山影后离婚后 (风曦) [完结]  194p→103章  1701KB  OK
          https://www.52shuku.net/gl/18_b/bkdmy.html
          第1章:2341  第2章:2792  第3章:2678  第4章:2020  第5章:2624  第6章:3474
          第7章:2624  第8章:2705  第9章:2814  第10章:3013  第11章:3584  第12章:2792
          第13章:3146  第14章:3585  第15章:3110  第16章:3548  第17章:3224  第18章:3979
          第19章:3261  第20章:3340  第21章:3203  第22章:3396  第23章:3700  第24章:3319
          第25章:3151  第26章:3399  第27章:3055  第28章:3378  第29章:3259  第30章:3575
          第31章:6420  第32章:6620  第33章:6215  第34章:6330  第35章:7484  第36章:5829
          第37章:6253  第38章:7052  第39章:6454  第40章:6479  第41章:7598  第42章:6476
          第43章:6421  第44章:5781  第45章:6113  第46章:6768  第47章:6781  第48章:6466
          第49章:5749  第50章:6602  第51章:6536  第52章:6393  第53章:6415  第54章:7021
          第55章:6522  第56章:6025  第57章:6422  第58章:6330  第59章:6727  第60章:6612
          第61章:6179  第62章:6474  第63章:6730  第64章:5949  第65章:6542  第66章:6488
          第67章:6117  第68章:6337  第69章:5624  第70章:6073  第71章:6301  第72章:6658
          第73章:6421  第74章:7131  第75章:6435  第76章:6411  第77章:6939  第78章:7272
          第79章:7113  第80章:6081  第81章 （文案回收） 阿萧，我还……:6477  第82章:4110  第83章:6132  第84章:6135
          第85章:6624  第86章:6392  第87章:6138  第88章:6684  第89章:6746  第90章:6454
          第91章:6500  第92章:6642  第93章:6960  第94章:7015  第95章:7358  第96章:6360
          第97章:7168  第98章:6734  第99章:6657  第100章:5810  第101章:6589  第102章:6620
          第103章:8124

04:41:47  离婚后我和小 三在一起了 (十三行) [完结+番外]  12p→16章  96KB  OK
          https://www.52shuku.net/gl/18_b/bkdms.html
          第1章:3411  第2章:2741  第3章:2633  第4章:1912  第5章:1680  第6章:1270
          第7章:1143  第8章:1772  第9章:2163  第10章:1157  第11章:1409  第12章:1737
          第13章:1959  第14章:1971  第15章:2342  第16章 周鹤洋番外:1763

04:42:09  快穿之自己的老婆自己宠gl (秋陌离) [完结+番外]  53p→50章  469KB  OK
          https://www.52shuku.net/gl/18_b/bkdmr.html
          第1章初见系统:1172  第2章初见女友:1756  第3章严冉你个笨蛋:2661  第4章下雨了:1891  第5章做我女朋友！:2409  第6章考试了！:2594
          第7章老婆大人驾到:3770  第8章老婆大人很温柔:3099  第9章炮灰男主在加戏:3516  第10章前两局。:2456  第11章混乱:2514  第12章婚后离别。:1559
          第13章非法执行者:2349  第14章严家:6321  第15章受伤:3592  第16章留疤:2819  第17章吻:3216  第18章愚蠢的....男主？:3348
          第19章告白:4058  第20章伤好了！:3814  第21章顾新的消失:2307  第22章电影.....:2342  第23章见岳父:4665  第24章阿冉.....:2865
          第25章喜欢你的所有:3510  第26章金殿:3610  第27章老婆好难猜:3904  第28章暴怒边缘:4100  第29章城佳腩的回忆:2841  第30章比武典礼:3858
          第31章误会:3183  第32章剧毒:4553  第33章真相:4155  第34章我想要你:2667  第35章删除记忆？:3346  第36章柠檬x栀子:4357
          第37章柠檬x栀子:5053  第38章柠檬x栀子:5031  第39章柠檬x栀子:3079  第40章柠檬x栀子:6692  第41章柠檬x栀子:3744  第42章柠檬x栀子:3945
          第43章柠檬x栀子:7494  第44章柠檬x栀子:2689  第45章柠檬x栀子:3394  第46章柠檬x栀子:3142  第47章柠檬x栀子:3983  第48章柠檬x栀子:3608
          第49章 完结撒花~:235  第50章 番外 严冉x霖瑶:2588

04:42:16  大冒险家gl (不蛀) [完结]  13p→20章  112KB  OK
          https://www.52shuku.net/gl/17_b/bkdln.html
          第1章 D1:1550  第2章 D1:2416  第3章 D1:1545  第4章 D1:1333  第5章 D1N:1394  第6章 D2:1758
          第7章 D2:1812  第8章 D2N:1357  第9章 D3:1552  第10章 D3:1271  第11章 D3N:1268  第12章 D4-？:1298
          第13章 LD:2182  第14章 Again-D1:1704  第15章 Meeting:1795  第16章 棋子:1911  第17章 BBQ:2309  第18章 复发:2199
          第19章 事故:2377  第20章 冒险家奖励[全文完]:3053

04:43:18  一个疯美人的爱 (悔也) [完结]  164p→166章  1542KB  OK
          https://www.52shuku.net/gl/17_b/bkdlb.html
          第1章:3158  第2章:3068  第3章:4223  第4章:3342  第5章:2172  第6章:3174
          第7章:1879  第8章:3397  第9章:3073  第10章:3337  第11章:2719  第12章:3068
          第13章:3109  第14章:1846  第15章:2069  第16章:2003  第17章:1724  第18章:1897
          第19章:1036  第20章:2986  第21章:3120  第22章:3348  第23章:2387  第24章:2201
          第25章:1860  第26章:2131  第27章:2169  第28章:2279  第29章:3120  第30章:3091
          第31章:2573  第32章:2035  第33章:1659  第34章:2212  第35章:3368  第36章:3229
          第37章:3446  第38章:3220  第39章:3347  第40章:3525  第41章:3576  第42章:3304
          第43章:1410  第44章:2341  第45章:1800  第46章:2253  第47章:2057  第48章:2163
          第49章:2486  第50章:3590  第51章:3876  第52章:3198  第53章:3278  第54章:3340
          第55章:3182  第56章:3002  第57章:6415  第58章:4506  第59章:3625  第60章:3737
          第61章:3728  第62章:2529  第63章:3480  第64章:3754  第65章:3391  第66章:3733
          第67章:4407  第68章:3264  第69章:3622  第70章:3341  第71章:3734  第72章:3317
          第73章:4004  第74章:3445  第75章:3280  第76章:3278  第77章:6666  第78章:3449
          第79章:3670  第80章:3353  第81章:3403  第82章:3536  第83章:3150  第84章:3320
          第85章:3451  第86章:3714  第87章:3489  第88章:3711  第89章:3790  第90章:3690
          第91章:3317  第92章:3256  第93章:3676  第94章:3486  第95章:3279  第96章:3711
          第97章:3186  第98章:3579  第99章:4084  第100章:3681  第101章:3580  第102章:3598
          第103章:3172  第104章:3199  第105章:3293  第106章:3160  第107章:3512  第108章:3848
          第109章:3296  第110章:3503  第111章:3305  第112章:3956  第113章:3296  第114章:3211
          第115章:3994  第116章:3853  第117章:3653  第118章:3351  第119章:3347  第120章:3262
          第121章:3726  第122章:3617  第123章:3498  第124章:3483  第125章:3463  第126章:3100
          第127章:3278  第128章:3470  第129章:3445  第130章:3309  第131章:3340  第132章:3189
          第133章:3667  第134章:3489  第135章:3469  第136章:3361  第137章:3034  第138章:3219
          第139章:3585  第140章:3716  第141章:4110  第142章:3570  第143章:3295  第144章:3103
          第145章:3246  第146章:1378  第147章:1490  第148章:2383  第149章:1713  第150章:2733
          第151章:3084  第152章:2325  第153章:2234  第154章:1459  第155章:3178  第156章:2826
          第157章:1783  第158章:2238  第159章:2048  第160章:1222  第161章:1591  第162章:1711
          第163章:2680  第164章:1827  第165章:2167  第166章:2500

04:43:53  协议离婚后，结婚对象她不装啦 (程肆野) [完结+番外]  89p→74章  802KB  OK
          https://www.52shuku.net/gl/16_b/bkdko.html
          第1章 失忆？:3018  第2章 但没完全失:3211  第3章 结婚？:3110  第4章 但没完全结:3068  第5章 同居:3105  第6章 被催上班:3017
          第7章 但没完全上:2643  第8章 也没完全同:1783  第9章 离婚？:3158  第10章 差点就离啦！:3016  第11章 幸好没离成:3149  第12章 “死对头”:3012
          第13章 但不全是:3085  第14章 暗恋对象？:3036  第15章 那很有生活了:3156  第16章 隔间有鬼:3053  第17章 那很好懂了:3065  第18章 嘴硬？:3082
          第19章 但不能太硬:3013  第20章 真心话or真心话？:3185  第21章 or:3134  第22章 徐泛:3019  第23章 爱的本质是不幸:3001  第24章 何止认识:4550
          第25章 反复错过的联系方式:5882  第26章 不过是萍水相逢【副cp线】:5173  第27章 趁雨来敲门:3085  第28章 恶人自有恶报:3370  第29章 实习事宜:3035  第30章 实习事宜2:3203
          第31章 修罗场:3076  第32章 修罗场2.0:3073  第33章 别对我那么残忍:3090  第34章 我喜欢孤独终老:3090  第35章 失联:3292  第36章 实习事宜3.0:3268
          第37章 新闻里的豪门恩怨:3357  第38章 原来是这样啊:3151  第39章 病变:3262  第40章 想你:3114  第41章 做一下？:3192  第42章 喝断片了:3403
          第43章 又喝多了:3777  第44章 试探:3008  第45章 直球1.0:3063  第46章 我咬的？:3025  第47章 第 47 章:3051  第48章 滑滑梯:3030
          第49章 初见:3260  第50章 示好=示威？:3162  第51章 司马昭之心:3394  第52章 又是司马昭之心！:3490  第53章 邀约:4107  第54章 琼明山烟花1:3238
          第55章 琼明山烟花2:3337  第56章 琼明山烟花3:3431  第57章 琼明山烟花4:3096  第58章 琼明山烟花5:3204  第59章 琼明山烟花6:4192  第60章 琼明山烟花7:3407
          第61章 何意味？:3483  第62章 风波:3116  第63章 软硬不吃:4320  第64章 吃席:5192  第65章 徐家大团圆:3149  第66章 自由搏击现场:10078
          第67章 表白失败现场:4404  第68章 我只是一颗蘑菇:10561  第69章 名不正言不顺:4348  第70章 探亲：泠灵不分:6513  第71章 哼，小气鬼:3087  第72章 康复日记（一）:3031
          第73章 康复日记（二）:3073  第74章 温尔闻:5118

04:44:20  被病娇师尊强制和谐以后 (程肆野) [完结+番外]  67p→53章  607KB  OK
          https://www.52shuku.net/gl/16_b/bkdkn.html
          第1章 重生:3653  第2章 重生（二）:3882  第3章 雪魅（一）:4192  第4章 雪魅（二）:4043  第5章 雪魅（三）:4367  第6章 雪魅（四）:4605
          第7章 雪魅（五）:4849  第8章 黄泉行（一）:4302  第9章 黄泉行（二）:4243  第10章 荧惑（一）:4546  第11章 荧惑（二）:4347  第12章 荧惑（三）:4247
          第13章 天师府:4292  第14章 孟化（一）:4251  第15章 孟化（二）:4274  第16章 傀术:4098  第17章 江南（一）:4193  第18章 江南（二）:3659
          第19章 虐妻一时爽（一）:4167  第20章 虐妻一时爽（二）:4155  第21章 第 21 章:4012  第22章 第 22 章:4142  第23章 第 23 章:4119  第24章 困境:3848
          第25章 故往（一）:4063  第26章 故往（二）:4157  第27章 第 27 章:3279  第28章 前尘一:3159  第29章 前尘二:3228  第30章 前尘三:3249
          第31章 前尘四:3289  第32章 前尘五:3331  第33章 前尘六:3333  第34章 前尘七:3175  第35章 前尘八:4539  第36章 前尘九:3053
          第37章 前尘十:3859  第38章 魏将离:2806  第39章 雪魅:3122  第40章 两个？！:3141  第41章 端倪:3245  第42章 不速之客:2690
          第43章 最后的记忆（一）:3470  第44章 最后的记忆（二）:3215  第45章 叶经年？:3885  第46章 仗剑:3310  第47章 大战:2885  第48章 归人:3632
          第49章 寂华峰的日常:3562  第50章 沈寂云or影魅:1932  第51章 前因后果:3746  第52章 番外一：人鬼情未了:5655  第53章 番外二：邝诩的过去:4924

04:44:59  脱笼而出 (季星鸣) [完结]  103p→146章  945KB  OK
          https://www.52shuku.net/gl/16_b/bkdkk.html
          第1章 【一】:2341  第2章 【二】:3052  第3章 【三】:2898  第4章 【四】:2275  第5章 【五】:1999  第6章 【六】:1115
          第7章 【七】:2351  第8章 【八】:1032  第9章 【九】:1100  第10章 【十】:1040  第11章 【十一】:1400  第12章 【十二】:1376
          第13章 【十三】:1471  第14章 【十四】:1184  第15章 【十五】:1038  第16章 【十六】:1383  第17章 【十七】:1215  第18章 【十八】:1051
          第19章 【十九】:1125  第20章 【二十】:1634  第21章 【二十一】:1134  第22章 【二十二】:1221  第23章 【二十三】:1316  第24章 【二十四】:1021
          第25章 【二十五】:1192  第26章 【二十六】:1559  第27章 【二十七】:1460  第28章 【二十八】:2555  第29章 【二十九】:1206  第30章 【三十】:1178
          第31章 【三十一】:1012  第32章 【三十二】:1366  第33章 【三十三】:1096  第34章 【三十四】:1642  第35章 【三十五】:1538  第36章 【三十六】:2272
          第37章 【三十七】:1903  第38章 【三十八】:1554  第39章 【三十九】:1732  第40章 【四十】:1965  第41章 【四十一】:1594  第42章 【四十二】:1662
          第43章 【四十三】:1926  第44章 【四十四】:1770  第45章 【四十五】:1450  第46章 【四十六】:1588  第47章 【四十七】:1353  第48章 【四十八】:1759
          第49章 【四十九】:1382  第50章 【五十】:1594  第51章 【五十一】:1534  第52章 【五十二】:1541  第53章 【五十三】:1064  第54章 【五十四】:1205
          第55章 【五十五】:1214  第56章 【五十六】:1364  第57章 【五十七】:1490  第58章 【五十八】:1546  第59章 【五十九:1326  第60章 【六十】:1382
          第61章 【六十一】:1541  第62章 【六十二】:1299  第63章 【六十三】:1385  第64章 【六十四】:1087  第65章 【六十五】:1033  第66章 【六十六】:1243
          第67章 【六十七】:1697  第68章 【六十八】:1139  第69章 【六十九】:1483  第70章 【七十】:1494  第71章 【七十一】:1354  第72章 【七十二】:1264
          第73章 【七十三】:1825  第74章 【七十四】:1696  第75章 【七十五】:1459  第76章 【七十六】:1290  第77章 【七十七】:1486  第78章 【一】:4041
          第79章 【二】:4185  第80章 【三】:3609  第81章 【四】:2787  第82章 【五】:2317  第83章 【六】:2915  第84章 【七】:1614
          第85章 【八】:2129  第86章 【九】:3564  第87章 【十】:1471  第88章 【十一】:2749  第89章 【十二】:1434  第90章 【十三】:4499
          第91章 【十四】:2684  第92章 【十五】:1728  第93章 【十六】:1819  第94章 【十七】:4114  第95章 【十八】:4865  第96章 【十九】:2753
          第97章 【二十】:3679  第98章 【二十一】:5330  第99章 【二十二】:3172  第100章 【二十三】:4729  第101章 【二十四】:3154  第102章 【二十五】:2179
          第103章 【二十六】:2944  第104章 【二十七】:2736  第105章 【二十八】:2699  第106章 【二十九】:2631  第107章 【三十】:3723  第108章 【三十一】:2164
          第109章 【三十二】:1922  第110章 【三十三】:2554  第111章 【三十四】:3549  第112章 【三十五】:2119  第113章 【三十六】:2987  第114章 【三十七】:2508
          第115章 【三十八】:2202  第116章 【三十九】:4538  第117章 【四十】:2213  第118章 【四十一】:2916  第119章 【四十二】:1608  第120章 【四十三】:2689
          第121章 【四十四】:2604  第122章 【四十五】:2016  第123章 【四十六】:1710  第124章 【四十七】:2322  第125章 【四十八】:2398  第126章 【四十九】:2527
          第127章 【五十】:2837  第128章 【五十一】:2074  第129章 【五十二】:2840  第130章 【五十三】:2688  第131章 【五十四】:1895  第132章 【五十五】:3253
          第133章 【五十六】:2065  第134章 【五十七】:3499  第135章 【五十八】:1905  第136章 【五十九】:3327  第137章 【六十】:4027  第138章 【六十一】:3332
          第139章 【六十二】:3285  第140章 【六十三】:3997  第141章 【六十四】:2631  第142章 【六十五】:2848  第143章 【六十六】:2765  第144章 【六十七】:2096
          第145章 【六十八】:2332  第146章 【完结章】:1885

04:45:39  乘风霁月 (落枫思瑶) [完结+番外]  104p→92章  948KB  OK
          https://www.52shuku.net/gl/16_b/bkdkj.html
          第1章 初遇:3112  第2章 宿舍:3057  第3章 回家:3116  第4章 霸凌:3390  第5章 春游:3186  第6章 游戏:3117
          第7章 篮球:3134  第8章 触摸:3160  第9章 奶茶:3065  第10章 音乐课:3064  第11章 复习:3140  第12章 心动:3154
          第13章 月考:3159  第14章 童年:3073  第15章 排名:3144  第16章 合唱团:3021  第17章 一起:3081  第18章 小猫:3097
          第19章 练习:3087  第20章 汇演:3136  第21章 百合:3124  第22章 冷暴力:3086  第23章 少媛:3098  第24章 姐姐:3246
          第25章 医院:3040  第26章 歌咏:3566  第27章 生气:3431  第28章 唇下痣:3118  第29章 期中考:3086  第30章 六一:3105
          第31章 恐高:3013  第32章 暑假:3126  第33章 想你:3114  第34章 约会:3148  第35章 同性恋:3221  第36章 车祸:3375
          第37章 陪伴:3274  第38章 危险:3550  第39章 仇家:3254  第40章 告白:3552  第41章 醒来:3335  第42章 季天丰:4109
          第43章 褪黑素:3713  第44章 回校:3083  第45章 课代表:3136  第46章 日常:3205  第47章 运动会:3419  第48章 情敌:3307
          第49章 生日:7185  第50章 争执:3388  第51章 吵架:3398  第52章 圣诞:3627  第53章 玩雪:3565  第54章 凶手:5435
          第55章 吻:3365  第56章 心理:3509  第57章 愧疚:5819  第58章 礼物:3534  第59章 结果:3290  第60章 接吻:4262
          第61章 拒绝:3656  第62章 撞破:3232  第63章 情侣:4720  第64章 学长:3396  第65章 手机:5154  第66章 分手:4054
          第67章 重逢:3297  第68章 演戏:3530  第69章 留宿:3838  第70章 吃醋:5063  第71章 同居:3165  第72章 做饭:3445
          第73章 初夜:3454  第74章 依赖:3342  第75章 出道曲:3320  第76章 诱惑:3244  第77章 完整版:3365  第78章 约定:3425
          第79章 精神病:3397  第80章 安全感:3302  第81章 接戏:3300  第82章 试镜:3204  第83章 婚事:3296  第84章 新年:3335
          第85章 反攻:3408  第86章 剧组:3283  第87章 杀青:3368  第88章 澄清:3165  第89章 恋综:3020  第90章 尾声:3262
          第91章 后记:471  第92章 第 92 章:4181

04:46:06  顷刻花 (小歪萌主) [完结]  69p→35章  619KB  OK
          https://www.52shuku.net/gl/15_b/bkdj3.html
          第1章 雪景:3521  第2章 好巧:3423  第3章 温度:5998  第4章 雾散:5584  第5章 温暖:3694  第6章 雨帘:4575
          第7章 汤锅:2325  第8章 雪化:3056  第9章 湖巷:4706  第10章 雾起:3589  第11章 雾又起:4512  第12章 暖栗:4996
          第13章 垂檐:7242  第14章 取景:7172  第15章 余晖:10651  第16章 余韵:7804  第17章 约定:6835  第18章 栖月:7283
          第19章 枕霜:4531  第20章 沉晚:10645  第21章 分歧:8596  第22章 动容:5488  第23章 春天:9549  第24章 番外1：暖炉:1522
          第25章 搅局:3075  第26章 风波:6004  第27章 裂痕:8151  第28章 暗刺:5251  第29章 灰暗:4110  第30章 烬火:6873
          第31章 等待:11052  第32章 等归:3100  第33章 归期:7817  第34章 重逢:10004  第35章 最初:3694

04:46:43  渣攻的歌后老婆失忆了 (漫浪星) [完结]  98p→86章  820KB  OK
          https://www.52shuku.net/gl/15_b/bkdiZ.html
          第1章 在外人面前配合我:3046  第2章 我能够为所欲为:3206  第3章 你没有说实话:3425  第4章 是谁不愿意放手:3057  第5章 她对我一直很好:3409  第6章 她降调了:3062
          第7章 曾对她有复杂感情？:3057  第8章 意料之外的可爱:3024  第9章 告诉你一个秘密:3029  第10章 想怎么感谢我？:1852  第11章 你压着我了。:3106  第12章 这是你做的吗？:3109
          第13章 时风眠牺牲颇多:2119  第14章 这是时总的喜好:2333  第15章 她不说，我也不说:2456  第16章 亮晶晶的链条:2254  第17章 你真的想看？:2030  第18章 好白的……链子:2696
          第19章 你发现了吗:2863  第20章 我有属于自己的家:3018  第21章 归来的白月光:2829  第22章 勾起内心深处渴望:2400  第23章 不排斥她的触碰（三合一）:10187  第24章 要再检查一遍吗:2655
          第25章 “黑夜是一只尖牙的鸟”:4299  第26章 既是憎恨，也是深爱:4952  第27章 你从前不装的（捉虫）:3034  第28章 不顾公正的评判:4189  第29章 不离婚的理由:3569  第30章 你想好决定了吗？:5579
          第31章 修改三次的协议:2266  第32章 我们重新开始:5190  第33章 “我喜欢你，结婚。”:5515  第34章 我和徽章都属于你:6696  第35章 她不会在意的:3211  第36章 对自己的“成果”很满意:3213
          第37章 那你会如实说吗？:2846  第38章 “我后悔了。”:3206  第39章 是要怎样的吻？:2613  第40章 时风眠最近在偷看她:4178  第41章 她正在为爱忍耐:3578  第42章 我要吻你多少次:3602
          第43章 对她的感情绝非虚假:4858  第44章 你为什么喜欢我:2205  第45章 我们一起睡觉吧:1846  第46章 它是一只小狗:2175  第47章 她已经洗心革面:3538  第48章 我不在，你想我怎么办:5220
          第49章 一日不见如隔三秋:4214  第50章 主人想的太多了:3253  第51章 早将她抛之脑后:2863  第52章 我的光消失了:2982  第53章 如今放不下她:2863  第54章 半小时够不够？:3189
          第55章 你看够了吗:1872  第56章 嘴巴放干净点:2313  第57章 只是恨她不够爱:1879  第58章 身上的“毛绒”挂件:3223  第59章 想要品尝更多:1856  第60章 有没有半分真心:3179
          第61章 一封寄来的家信:1887  第62章 你想赶我走吗:2694  第63章 她是真心喜欢:2214  第64章 灵魂赤条条相见【修】:3266  第65章 她是我的妻子【修】:1891  第66章 今夜不会感到寒冷:3512
          第67章 不小心弄脏手指【修】（1700营养液加更）:3284  第68章 远道而来的青梅:1873  第69章 你以后都不理我了:2195  第70章 你现在是谁？:3184  第71章 我找不到你:1865  第72章 无人知晓，也想在一起:1867
          第73章 予她所有爱的人:2070  第74章 帮我摘下眼镜:2523  第75章 在办公室被亲“晕”了:3596  第76章 火热的潮水汹涌:3195  第77章 腿环，戴上好看:2250  第78章 瞬息间，永远:4175
          第79章 不要离我太远:3526  第80章 是她舍弃了你:2248  第81章 这辈子就要兑现:3213  第82章 开始想念她了:2182  第83章 “老婆，早上好。”:2197  第84章 早晚各一次:1160
          第85章 她开始夜不归宿:2195  第86章 这是我们的第一年:3528

04:47:13  前女友是丧尸王 (困困困) [完结+番外]  74p→74章  644KB  OK
          https://www.52shuku.net/gl/15_b/bkdiX.html
          第1章:2027  第2章:2119  第3章:2179  第4章:1628  第5章:2028  第6章:2103
          第7章:2085  第8章:2049  第9章:2175  第10章:2060  第11章:2115  第12章:2155
          第13章:2010  第14章:3529  第15章:2087  第16章:2058  第17章:1719  第18章:1512
          第19章:2142  第20章:2459  第21章:3053  第22章:2112  第23章:2022  第24章:2041
          第25章:2040  第26章:2041  第27章:2010  第28章:2777  第29章:9143  第30章:3006
          第31章:3030  第32章:3005  第33章:3036  第34章:3205  第35章:3137  第36章:3063
          第37章:3199  第38章:3104  第39章:3056  第40章:3034  第41章:3291  第42章:3372
          第43章:3061  第44章:3147  第45章:3171  第46章:3290  第47章:3032  第48章:3204
          第49章:3059  第50章:3179  第51章:4233  第52章:3226  第53章:3186  第54章:3055
          第55章:3336  第56章:3205  第57章:3339  第58章:3378  第59章:3083  第60章:3123
          第61章:3036  第62章:3183  第63章:3039  第64章:3021  第65章:3114  第66章:3036
          第67章:3270  第68章:3078  第69章:3059  第70章:3277  第71章 番外一：心愿:6018  第72章 番外一·续:2151
          第73章 番外二：醉酒:2019  第74章 番外三：纪念日:2058

04:47:51  社恐A误标记病娇大小姐 (漫浪星) [完结]  101p→82章  856KB  OK
          https://www.52shuku.net/gl/15_b/bkdiC.html
          第1章 无人在意的倒霉蛋:3196  第2章 受到威胁的人是她:3145  第3章 你身边还有我在:3180  第4章 她为人究竟如何:3204  第5章 你和她不相伯仲:3121  第6章 “染姐，我在这儿。”:3033
          第7章 看清楚了吗？:3096  第8章 她的第一选择（已修）:3041  第9章 给她带了“小礼物”（已修）:3429  第10章 好像更舒服了:2755  第11章 “我恐高。”:3106  第12章 方梨的“黑历史”:3640
          第13章 想起来一个人:3472  第14章 夜里打来的电话:2495  第15章 它叫亮亮，死了:2123  第16章 “躺下。”:3343  第17章 “方梨，你真的很棒。”:2982  第18章 就是一般上火:3059
          第19章 不属于自己的记忆:3056  第20章 不要忘记她:2658  第21章 三合一:10269  第22章 我可以看看吗:4989  第23章 (修):3210  第24章 身边称心如意的人:4180
          第25章 方梨胆子大了:3389  第26章 想不想拿回去:3180  第27章 全部染成桃红色:3267  第28章 她陪着她的妻:3249  第29章 (捉虫):3216  第30章 缓解不适的症状:3223
          第31章 会是什么呢:3202  第32章 原来是想她:3234  第33章 第一句真心话:3194  第34章 方梨心里喜欢她:6267  第35章 这里什么都没有:3855  第36章 帮她一个小忙:4858
          第37章 (修):5194  第38章 人都到齐了:3217  第39章 “要吃吗？”:4548  第40章 今夜注定不普通:2205  第41章 【已修】:3217  第42章 【已修】:3220
          第43章 对她仍然有渴求:3360  第44章 “你还想吃吗？”:3341  第45章 (修):4802  第46章 梨梨你好香啊:3270  第47章 闻到了化学反应:3187  第48章 “你不抱着我？”:3219
          第49章 她需要你的关心:3221  第50章 在这里也可以:3218  第51章 “好啊。”:3212  第52章 她嘴甜会说话:3286  第53章 有她在的地方:3197  第54章 记得多使劲:3214
          第55章 就和当年一样:3236  第56章 我所做的一切:3197  第57章 存在另一个“她”:3272  第58章 这种时候解开？:3228  第59章 把她咬疼了:3267  第60章 其实不重要了:3218
          第61章 误会大了:3246  第62章 给她喂了迷魂汤:3233  第63章 方梨喜欢她这样:3188  第64章 “梨梨，我想看。”:3194  第65章 “又不是第一次做。”:3193  第66章 想起初次相遇:2886
          第67章 “留着下回。”:3242  第68章 只有一次的话:1884  第69章 我不是想离开:4193  第70章 一通“求助”电话:3214  第71章 “梨梨真乖。”:2198  第72章 浴室的水好多:2529
          第73章 七年前的某一夜:3845  第74章 发生了什么:3234  第75章 可能的潜在威胁:3245  第76章 桃子怎么样？:3193  第77章 今日来探望的人:3277  第78章 她的所作所为:3209
          第79章 为了她们的将来:5261  第80章 ……拿下来:3189  第81章 中断的讯号:3209  第82章 冬日里你和我（完）:2894

04:48:39  从截娶长公主开始 (担风绣月) [完结+番外]  129p→82章  1030KB  OK
          https://www.52shuku.net/gl/15_b/bkdiB.html
          第1章 （隔壁新文已开）:3814  第2章:3187  第3章:3044  第4章:3284  第5章:3094  第6章:3099
          第7章:3023  第8章:3097  第9章:3264  第10章:3044  第11章:3130  第12章:3076
          第13章:3094  第14章:3059  第15章:3067  第16章:3107  第17章:3173  第18章:3147
          第19章:3100  第20章:3416  第21章:3592  第22章 （V章万字）:10380  第23章:3278  第24章:6650
          第25章:3569  第26章:6674  第27章:3268  第28章:6141  第29章:4781  第30章:3632
          第31章:3229  第32章:3340  第33章:3525  第34章:3276  第35章:3262  第36章:3206
          第37章:6394  第38章:6688  第39章:3246  第40章:3004  第41章:3466  第42章:3208
          第43章:3077  第44章:6162  第45章:6373  第46章:10011  第47章:3279  第48章:3482
          第49章:3781  第50章:6355  第51章:3257  第52章:3397  第53章:3009  第54章:6525
          第55章:3173  第56章:5151  第57章:3221  第58章:4221  第59章:3406  第60章:3251
          第61章:6014  第62章:3711  第63章:4744  第64章:4340  第65章:9692  第66章:4741
          第67章:3724  第68章:3074  第69章:4152  第70章:3242  第71章:3601  第72章:3175
          第73章:4744  第74章:3834  第75章:3435  第76章:3025  第77章:3357  第78章:4124
          第79章 （正文完结）:3643  第80章 刘野娜 X 李一:3228  第81章 小竹 X 小鱼:3674  第82章 后记:8809

04:49:26  被骗子救后我赖上她了[校园双强] (禾风叙白) [完结]  118p→100章  1029KB  OK
          https://www.52shuku.net/gl/15_b/bkdi0.html
          第一章 序章幽闭:3202  第二章针对:3058  第三章同盟:3121  第四章契机:3157  第五章见面:3096  第六章体测:3093
          第七章诡计:3235  第八章耍猴:3177  第九章合并:3262  第十章厘米秀:3136  第十一章冰皮蛋糕:3250  第十二章运动会:3401
          第十三章飞花令:3458  第十四章讲价:3218  第十五章各自为战:3680  第十六章微光:3360  第十七章八方支援:3954  第十八章澄清:3629
          第十九章萌芽:4133  第二十章为难:4404  第二十一章分心:3974  第二十二章绯闻:3616  第二十三章混乱:3679  第二十四章深水:4469
          第二十五章山雨欲来:3734  第二十六章争吵:3537  第二十七章无言:3669  第二十八章搬家:3943  第二十九章苗头:3856  第三十章赛前:3889
          第三十一章预赛:4140  第三十二章夺冠？:3472  第三十三章受伤:3247  第三十四章余波:3014  第三十五章庆祝:3473  第三十六章失联:3166
          第三十七章余烬:3235  第三十八章北行:3361  第三十九章发现:3656  第四十章重逢:4306  第四十一章生日:3314  第四十二章爆发:3039
          第四十三章对峙:3421  第四十四章临别:3225  第四十五章冷战:3104  第四十六章分裂:3298  第四十七章坍塌:3040  第四十八章医院:3088
          第四十九章沉默:3324  第五十章就医:3708  第五十一章会面:3009  第五十二章逃避:3600  第五十三章破冰:3414  第五十四章渐明:3185
          第五十五章抉择:3217  第五十六章决议:3240  第五十七章陪伴:2744  第五十八章入梦:3031  第五十九章分别:4589  第六十章群像:3000
          第六十一章赴约:3154  第六十二章民宿:3092  第六十三章天文:3421  第六十四章回家:3308  第六十五章过年:3166  第六十六章初吻:3998
          第六十七章疫病:3596  第六十八章住校:3301  第六十九章正轨:3627  第七十章发病:2895  第七十一章扒窗:3302  第七十二章松动:3109
          第七十三章醋意:3100  第七十四章分轨:3117  第七十五章争执:4650  第七十六章醒悟:3462  第七十七章误会解除:3117  第七十八章宣示主权:3307
          第七十九章撒狗粮:3195  第八十章划清界限:3123  第八十一章 炸锅:3108  第八十二章一言为定:3669  第八十三章疑似病例:3078  第八十四章隔离:3276
          第八十五章急转直下:3077  第八十六章绝笔？:3269  第八十七章 家属:3217  第八十八章治愈:3096  第八十九章遗愿:3870  第九十章活下去:3410
          第九十一章曙光:3532  第九十二章昭告天下:3115  第九十三章重聚:3276  第九十四章和解:3255  第九十五章领带吻:3265  第九十六章羽毛球:3125
          第九十七章喝酒:3388  第九十八章爱意:2713  第九十九章释怀:3093  第一百章落幕:3606

04:49:58  严老师，我那是生理反应 (一具空壳呀) [完结]  81p→79章  671KB  OK
          https://www.52shuku.net/gl/15_b/bkdiz.html
          第1章 重逢:3216  第2章 蝉鸣:3168  第3章 初遇:2855  第4章 冲动:2894  第5章 公开课:2662  第6章 指腹在皮肤游走:2602
          第7章 观察与模仿:2385  第8章 替她解围:1497  第9章 陌生的平静:1623  第10章 实验，对比:2804  第11章 迟到多年的救赎:602  第12章 克制的好奇:1256
          第13章 空白:1275  第14章 喜欢:3006  第15章 猫:2888  第16章 其他人，记不清了:3024  第17章 厌恶、玷污:2231  第18章 血红色的噩梦:1461
          第19章 发烧:3289  第20章 戳破未曾点明的第一面:2866  第21章 拒绝的底气:3595  第22章 虚假的镜中人:3132  第23章 甜味会开心:2916  第24章 我不生你的气了:2661
          第25章 不喜欢的糖:3395  第26章 相杀相爱的两只猫:3773  第27章 名为希冀的骨灰:3043  第28章 老师请易同学吃:3041  第29章 想被那股松香彻底吞没:1500  第30章 严锦书，毛茸茸:3094
          第31章 被退回的转账:1678  第32章 沉寂三十一年的心脏开始跳动:2824  第33章 你们现在是朋友？:2743  第34章 易清昭，我好难睡着:3115  第35章 又一次失眠:3250  第36章 是开心，严老师:3060
          第37章 绿叶染黄叶:2966  第38章 仅她可见的朋友圈:2295  第39章 我想要易老师的时间:3012  第40章 严老师，我们是朋友吗:2807  第41章 请客，请我:1752  第42章 怕就拉紧我，好不好？:1720
          第43章 控制轨迹与结束:2040  第44章 因为爱:1985  第45章 欲望起于你:3100  第46章 手有点疼:3064  第47章 惩罚:3169  第48章 我就是太是她了！:3060
          第49章 要打电话:3100  第50章 归于海面的浪潮:3066  第51章 坏猫:3098  第52章 只有我不会离开你:3032  第53章 相拥而眠:3042  第54章 平坦的小腹:3057
          第55章 摸头:3091  第56章 真乖，易清昭:3019  第57章 你只剩下我了:3098  第58章 明天见:3230  第59章 笼子的门只开一次:3016  第60章 想一辈子不离开:3090
          第61章 你也不是无所不能:3025  第62章 撸“猫”:3007  第63章 我想抱抱:3030  第64章 只有彼此的世界:3043  第65章 初吻:3185  第66章 亲亲:3203
          第67章 愿望:3001  第68章 想亲:2537  第69章 愚钝的学生:3220  第70章 嘴唇更软:3071  第71章 感人的师生情:3156  第72章 戒指:3109
          第73章 再亲亿次:3064  第74章 透题:3018  第75章 刺头学生:3085  第76章 不晚:3053  第77章 那是你第一次拥抱我:3081  第78章 共白头:3078
          第79章 毛玻璃:3648

04:50:14  俺t田小草 (卿卿吾喵) [完结]  43p  (无章节标记)  376KB  OK
          https://www.52shuku.net/gl/14_b/bkdhA.html
          全文: 125930字

04:50:33  好马就吃回头草 (轻声说) [完结+番外]  41p→94章  358KB  OK
          https://www.52shuku.net/gl/14_b/bkdh9.html
          第1章 Chapter 1:1307  第2章 Chapter 2:1057  第3章 Chapter 3:1101  第4章 Chapter 4:1068  第5章 Chapter 5:1201  第6章 Chapter 6:1559
          第7章 Chapter 7:3218  第8章 Chapter 8:1016  第9章 Chapter 9:1253  第10章 Chapter 10:1349  第11章 Chapter 11:1032  第12章 Chapter 12:1012
          第13章 Chapter 13:1029  第14章 Chapter 14:1028  第15章 Chapter 15:1005  第16章 Chapter 16:1039  第17章 Chapter 17:1038  第18章 Chapter 18:1173
          第19章 Chapter 19:1071  第20章 Chapter 20:1074  第21章 Chapter 21:1132  第22章 Chapter 22:1072  第23章 Chapter 23:1078  第24章 Chapter 24:1039
          第25章 Chapter 25:1118  第26章 Chapter 26:1026  第27章 Chapter 27:1022  第28章 Chapter 28:1059  第29章 Chapter 29:1014  第30章 Chapter 30:1059
          第31章 Chapter 31:1152  第32章 Chapter 32:1096  第33章 Chapter 33:1046  第34章 Chapter 34:1061  第35章 Chapter 35:1048  第36章 Chapter 36:1300
          第37章 Chapter 37:1114  第38章 Chapter 38:1013  第39章 Chapter 39:1061  第40章 Chapter 40:1151  第41章 Chapter 41:1331  第42章 Chapter 42:1199
          第43章 Chapter 43:1210  第44章 Chapter 44:1139  第45章 Chapter 45:1150  第46章 Chapter 46:1030  第47章 Chapter 47:1197  第48章 Chapter 48:1177
          第49章 Chapter 49:3054  第50章 Chapter 50:1008  第51章 Chapter 51:1060  第52章 Chapter 52:1149  第53章 Chapter 53:1015  第54章 Chapter 54:1054
          第55章 Chapter 55:1016  第56章 Chapter 56:1009  第57章 Chapter 57:1356  第58章 Chapter 58:1025  第59章 Chapter 59:1004  第60章 Chapter 60:1250
          第61章 Chapter 61:1242  第62章 Chapter 62:1026  第63章 Chapter 63:1105  第64章 Chapter 64:1120  第65章 Chapter 65:1073  第66章 Chapter 66:1053
          第67章 Chapter 67:1011  第68章 Chapter 68:1527  第69章 Chapter 69:1631  第70章 Chapter 70:1068  第71章 Chapter 71:1033  第72章 Chapter 72:1182
          第73章 Chapter 73:1087  第74章 Chapter 74:1172  第75章 Chapter 75:1019  第76章 Chapter 76:1245  第77章 Chapter 77:1050  第78章 Chapter 78:1101
          第79章 Chapter 79:1124  第80章 Chapter 80:1028  第81章 Chapter 81:1258  第82章 Chapter 82:1011  第83章 Chapter 83:3131  第84章 Chapter 84:2156
          第85章 Chapter 85:1160  第86章 Chapter 86:1235  第87章 Chapter 87:1357  第88章 Chapter 88:2309  第89章 Chapter 89:1681  第90章 Chapter 90:1384
          第91章 正文完:1337  第92章 番外1:2090  第93章 番外2:1033  第94章 番外3:1151

04:50:49  师姐她不可能最爱我 (知闻聿书) [完结+番外]  41p→34章  365KB  OK
          https://www.52shuku.net/gl/14_b/bkdh8.html
          第1章 第一天:4411  第2章 第二天:3855  第3章 第三天:3510  第4章 第四天:3569  第5章 第五天:3824  第6章 第六天（1）:3988
          第7章 第六天（2）:4282  第8章 第六天（3）:3921  第9章 第六天（4）:3396  第10章 第七天（1）:3994  第11章 第七天（2）:4217  第12章 第八天（1）:4067
          第13章 第八天（2）:3405  第14章 第九天:3653  第15章 第十天:3173  第16章 第十一天:3312  第17章 第十二天:3160  第18章 第十三天:3041
          第19章 第十四天（1）:3214  第20章 第十四天（2）:3219  第21章 第十四天（3）:3144  第22章 第十五天（1）:3273  第23章 第十五天（2）:3543  第24章 第十六天（1）:3647
          第25章 第十六天（2）:3203  第26章 第十七天:3338  第27章 第十八天:4124  第28章 第十九天:3415  第29章 第二十天:3293  第30章 第二十一天（1）:3065
          第31章 第二十一天（2）:3243  第32章 第二十一天（3）:4438  第33章 第二十二天:3155  第34章 后日谈[番外]:2205

04:51:27  主角不是人的短篇集 (山吹黄金) [完结+番外]  99p→76章  846KB  OK
          https://www.52shuku.net/gl/14_b/bkdh5.html
          第1章:3369  第2章:3462  第3章:3485  第4章:3182  第5章:3232  第6章:3386
          第7章:3132  第8章:3359  第9章:3184  第10章:3421  第11章:3534  第12章:3263
          第13章:3236  第14章:3378  第15章:3653  第16章:3030  第17章:3538  第18章:3194
          第19章:3075  第20章:3453  第21章:3423  第22章:3367  第23章:3537  第24章:3620
          第25章:3276  第26章:3627  第27章:3872  第28章:3574  第29章:3918  第30章:3318
          第31章:3569  第32章:4209  第33章:3235  第34章:3278  第35章:3268  第36章:3241
          第37章:3333  第38章:3634  第39章:3218  第40章:3852  第41章:3618  第42章:3264
          第43章:3265  第44章:4386  第45章:4176  第46章:3552  第47章:3590  第48章:3701
          第49章:3630  第50章:4576  第51章:3701  第52章:3989  第53章:4641  第54章:3568
          第55章:3762  第56章:4981  第57章:3205  第58章:3386  第59章:4211  第60章:3523
          第61章:3564  第62章:4004  第63章:3422  第64章:3532  第65章:3196  第66章:3983
          第67章:3969  第68章:3612  第69章:3603  第70章:3222  第71章:4000  第72章:3558
          第73章:3598  第74章:5253  第75章:3063  第76章:9420

04:52:29  不是妻子 (赤色螃蟹) [完结+番外]  163p→116章  1505KB  OK
          https://www.52shuku.net/gl/14_b/bkdh1.html
          第1章 垂危:3955  第2章 央求:4116  第3章 徒劳:3316  第4章 荒唐:3171  第5章 后事:3208  第6章 灵堂:3743
          第7章 离婚:3423  第8章 远渡重洋:3644  第9章 伦敦:3342  第10章 相逢:3056  第11章 一别两宽:4537  第12章 跟踪:4579
          第13章 念念不忘:3495  第14章 重逢:3259  第15章 纠缠:3448  第16章 两个月:3718  第17章 巴掌:4240  第18章 同居:4036
          第19章 默契:3872  第20章 邀约:4392  第21章 委曲求全:3780  第22章 逃跑:3557  第23章 契约:12793  第24章 听说:3294
          第25章 倒卖:5264  第26章 搬走:4060  第27章 怪异:3466  第28章 偷听:4079  第29章 耍赖:3461  第30章 禁闭:4341
          第31章 节目:3581  第32章 扒开睡袍:3267  第33章 热搜:3884  第34章 威胁:3548  第35章 强迫:4443  第36章 调查:3811
          第37章 关切:4165  第38章 致歉:4101  第39章 比赛:3752  第40章 斥责:3510  第41章 起诉:3776  第42章 请你守诺:3882
          第43章 狐假虎威:5844  第44章 我爱你:6327  第45章 控诉？:6233  第46章 探望:6436  第47章 拉黑:4572  第48章 得寸进尺:3522
          第49章 展览:4152  第50章 聚会:3047  第51章 接吻:3067  第52章 戒备:3176  第53章 不愿:3084  第54章 过敏:3024
          第55章 邮件:2801  第56章 奖励:3430  第57章 自找难堪:6261  第58章 惊喜:5055  第59章 哄睡:4146  第60章 保护:5312
          第61章 唇印:4109  第62章 坐上来:3267  第63章 撞见:4064  第64章 背叛:3844  第65章 酒店:5092  第66章 搜查:3944
          第67章 都爱:4475  第68章 殷勤:4737  第69章 约会:4397  第70章 摩天轮:4303  第71章 海宁:4801  第72章 颁奖:3419
          第73章 公开:3617  第74章 礼物:4639  第75章 传家宝:3407  第76章 心有灵犀:3699  第77章 年少心动:3583  第78章 手铐:4569
          第79章 泪花:3866  第80章 戒指:3512  第81章 尘埃落定:3421  第82章 love:4105  第83章 惦记:4594  第84章 干涉:3177
          第85章 是她:3594  第86章 航班:5429  第87章 相遇:5226  第88章 窥探:4432  第89章 过往:4602  第90章 协议:3221
          第91章 嫁妆:4898  第92章 见面:5757  第93章 糖果:3516  第94章 chapter 94:3474  第95章 想你:5530  第96章 趁人之危:3631
          第97章 陪伴:4810  第98章 小以:4752  第99章 曝光:7481  第100章 吃醋:4458  第101章 信件:3703  第102章 谢谢你:4708
          第103章 决定:2920  第104章 TBC:4985  第105章 婚礼:7182  第106章 蜜月旅行:5475  第107章 婚后日常①:4234  第108章 婚后日常②:3138
          第109章 婚后日常③:3259  第110章 霍世惜 x 宁若琳:4936  第111章 霍世惜 x 宁若琳:7434  第112章 霍世惜 x 宁若琳:6043  第113章 霍世惜 x 宁若琳:5608  第114章 霍世惜 x 宁若琳:7456
          第115章 霍世惜 x 宁若琳:4939  第116章 元宵节番外:8130

04:53:00  触手与魅魔 (山吹黄金) [完结]  80p→60章  679KB  OK
          https://www.52shuku.net/gl/14_b/bkdh0.html
          第1章:3461  第2章:3362  第3章:3579  第4章:3594  第5章:3410  第6章:3349
          第7章:3623  第8章:3303  第9章:3137  第10章:3102  第11章:3274  第12章:5022
          第13章:3894  第14章:4322  第15章:4183  第16章:3579  第17章:3764  第18章:4329
          第19章:10782  第20章:3387  第21章:3279  第22章:3500  第23章:3380  第24章:3515
          第25章:3529  第26章:4190  第27章:3345  第28章:3746  第29章:3572  第30章:3557
          第31章:3541  第32章:3330  第33章:3620  第34章:3558  第35章:3717  第36章:3627
          第37章:3519  第38章:3320  第39章:3256  第40章:3232  第41章:3319  第42章:3248
          第43章:3550  第44章:3172  第45章:3531  第46章:3555  第47章:3577  第48章:3298
          第49章:4282  第50章:3308  第51章:4673  第52章:5498  第53章:3233  第54章:3967
          第55章:3281  第56章:3310  第57章:3416  第58章:3274  第59章:3953  第60章:3555

04:54:07  豪门金丝雀误标记钓系影后 (折花寄月) [完结]  180p→111章  1623KB  OK
          https://www.52shuku.net/gl/14_b/bkdhz.html
          第1章:3337  第2章:3395  第3章:3817  第4章:3807  第5章:3267  第6章:3145
          第7章:3209  第8章:3320  第9章:3242  第10章:3097  第11章:3171  第12章:2218
          第13章:2039  第14章:2311  第15章:2015  第16章:1168  第17章:3219  第18章:2106
          第19章:2421  第20章:2166  第21章:2442  第22章:1707  第23章:1946  第24章:3250
          第25章:2418  第26章:2235  第27章:2300  第28章:2109  第29章:2191  第30章:5286
          第31章:5284  第32章:6450  第33章:6198  第34章:6275  第35章:6001  第36章:6196
          第37章:7150  第38章:6257  第39章:10116  第40章:6035  第41章:4231  第42章:6127
          第43章:4297  第44章:4651  第45章:5642  第46章:6050  第47章:3422  第48章:4078
          第49章:3231  第50章:6012  第51章:6231  第52章:6012  第53章:4000  第54章:6101
          第55章:4093  第56章:6046  第57章:4269  第58章:5718  第59章:5535  第60章:7008
          第61章:4855  第62章:3577  第63章:6218  第64章:6065  第65章:4382  第66章:4197
          第67章:4133  第68章:4906  第69章:3651  第70章:3400  第71章:3370  第72章:6301
          第73章:6128  第74章:3363  第75章:3313  第76章:6037  第77章:6121  第78章:3920
          第79章:6306  第80章:8003  第81章:6207  第82章:8003  第83章:6144  第84章:6626
          第85章:6643  第86章:7014  第87章:6158  第88章:6212  第89章:6384  第90章:6063
          第91章:6190  第92章:6518  第93章:6516  第94章:6401  第95章:6255  第96章:6246
          第97章:6062  第98章:3284  第99章:7074  第100章:6080  第101章:6443  第102章:6097
          第103章:6117  第104章:6114  第105章:6659  第106章:9290  第107章:6144  第108章:6122
          第109章:6628  第110章:6052  第111章:6446

04:54:36  腹黑钓系姐姐对我蓄谋已久 (飞蛾的纠葛) [完结]  71p→63章  619KB  OK
          https://www.52shuku.net/gl/14_b/bkdhy.html
          第1章:3012  第2章:3067  第3章:2883  第4章:3327  第5章:3034  第6章:3009
          第7章:3086  第8章:2992  第9章:2703  第10章:2955  第11章:2410  第12章:2151
          第13章:2324  第14章:4140  第15章:4283  第16章:2819  第17章:2745  第18章:4301
          第19章:5062  第20章:3338  第21章:2936  第22章:3293  第23章:5461  第24章:3847
          第25章:3179  第26章:3222  第27章:3177  第28章:3291  第29章:4513  第30章:4520
          第31章:3230  第32章:3510  第33章:3510  第34章:2512  第35章:3624  第36章:2250
          第37章:3202  第38章:3176  第39章:3203  第40章:4229  第41章:3880  第42章:2553
          第43章:3509  第44章:3030  第45章:3094  第46章:3026  第47章:3201  第48章:3188
          第49章:2857  第50章:2908  第51章:3591  第52章:2458  第53章:6012  第54章:2260
          第55章:2512  第56章:1977  第57章:2246  第58章:3016  第59章:2861  第60章:2395
          第61章:3579  第62章:2850  第63章:3281

04:55:02  女鬼总裁只会拿钱诱惑她 (五不柳) [完结]  72p→53章  604KB  OK
          https://www.52shuku.net/gl/14_b/bkdhx.html
          第1章 人可不好找:4353  第2章 心真大:3296  第3章 把头发吹干:3290  第4章 会不会杀了我:3450  第5章 我给你钱:3095  第6章 我的对象:3284
          第7章 是她对象:3278  第8章 醒不过来:3484  第9章 开门:3586  第10章 不怕了吗:3704  第11章 不要伤心:3555  第12章 会无聊吗:3316
          第13章 不是怕你:3659  第14章 不要分心:3406  第15章 为什么抱我:3334  第16章 杀人犯法:3098  第17章 证据:3648  第18章 我有病:3385
          第19章 神出鬼没的:3437  第20章 手串:3279  第21章 失落:4060  第22章 不想一个人:3780  第23章 是吓唬你的:3880  第24章 你吓到她了:3533
          第25章 扣她工资:3515  第26章 是包庇吗:4047  第27章 要求重新调查:3694  第28章 可以照顾自己:3311  第29章 女主播:4706  第30章 情绪不对:3897
          第31章 不太好:4208  第32章 她会累:4940  第33章 桥洞:3871  第34章 无人接听:4434  第35章 不嫌你烦:3806  第36章 算畜生:3924
          第37章 养她费钱:4634  第38章 不想和她住:4336  第39章 会用到的:3490  第40章 手串断了:3325  第41章 想碰她:4004  第42章 是她的错:4007
          第43章 可她还病着:3405  第44章 和鬼亲不好:3713  第45章 我陪着你:3627  第46章 是她的念想:3590  第47章 都不无辜:3810  第48章 考虑:3504
          第49章 拉黑:3747  第50章 其实舍不得:3936  第51章 为什么哭:4297  第52章 喜欢她:4195  第53章 要领证啦:4785

04:57:14  问政 (胡楚) [完结]  358p→232章  3198KB  OK
          https://www.52shuku.net/gl/12_b/bkdge.html
          第1章 《问政》:3870  第2章 来者不善:3609  第3章 鸿门小宴:3361  第4章 暗潮涌动:2262  第5章 抉择:2560  第6章:2890
          第7章:2727  第8章:2743  第9章:2990  第10章:3867  第11章:3601  第12章:3966
          第13章:3943  第14章:3282  第15章:2995  第16章:3118  第17章:3487  第18章:3423
          第19章:3530  第20章:3378  第21章:3228  第22章:3928  第23章:3765  第24章:3915
          第25章:3648  第26章:3616  第27章 民生新闻社:4128  第28章 少说大话:3645  第29章:3451  第30章 “扫”厕所:3542
          第31章:3600  第32章:3563  第33章:3500  第34章:3329  第35章:2896  第36章:3763
          第37章:3803  第38章:3936  第39章:3762  第40章:3843  第41章:2932  第42章:3328
          第43章:3384  第44章:3290  第45章:3310  第46章:3322  第47章:3381  第48章:3569
          第49章:3504  第50章:3572  第51章:3959  第52章:4045  第53章 登报:3366  第54章 陪你:3242
          第55章:3686  第56章 吊桥效应:4143  第57章 信物:4167  第58章 实习:3265  第59章 卵妹:3761  第60章 韩畅:3981
          第61章 打探:3221  第62章 高奉用意:3232  第63章 疑似恋情:3044  第64章 贴身保镖:3821  第65章 两头婚:3740  第66章:3771
          第67章 危险！！:3914  第68章 怎么止血:3634  第69章 权力:3301  第70章 不后悔:3676  第71章 乘胜追击:3852  第72章 承诺:3870
          第73章 同居快乐:3599  第74章 社团危机:3040  第75章 韩老师:3498  第76章 熙熙:2613  第77章 恋爱技巧:3057  第78章 怎么办:2766
          第79章 报道署名:3467  第80章 两个世界:3474  第81章 关门学生:3228  第82章 无cp大女主:3856  第83章 色情卡片（1）:3319  第84章 色情卡片（2）:3424
          第85章 色情卡片（3）:3440  第86章 色情卡片（4）:3731  第87章 色情卡片（5）:3818  第88章 在躲我？:3996  第89章 知己:4097  第90章 受伤:3640
          第91章 报复:3354  第92章 忍耐:3729  第93章 告别:3413  第94章 韩三乔被捕:3908  第95章 自洽:3874  第96章 道义:4020
          第97章 红日:4020  第98章 蜉蝣（1）:3195  第99章 蜉蝣（2）:3670  第100章 蜉蝣（3）:3764  第101章 蜉蝣（4）:4175  第102章 蜉蝣（5）:3869
          第103章 蜉蝣（6）:3861  第104章 蜉蝣（7）:3976  第105章 蜉蝣（8）:3855  第106章 温泉:3806  第107章 女儿情:3951  第108章 碎片:3672
          第109章 第一张合照:4066  第110章 三个愿望:4172  第111章 唇角:3596  第112章 探索:3403  第113章 社长:3969  第114章 竞争:3733
          第115章 抱团:3848  第116章 酒店乱象（1）:3661  第117章 酒店乱象（2）:4099  第118章 酒店乱象（3）:4295  第119章 认输:4107  第120章 酒店乱象（5）:3982
          第121章 酒店乱象（6）:4051  第122章 停职调查:5602  第123章 抢人:4763  第124章 对错:3818  第125章 立场:4019  第126章 套话:4325
          第127章 条件:4044  第128章 设局:4046  第129章 小罚:4134  第130章 失眠:3566  第131章 分手:6311  第132章 降温:4248
          第133章 双城:3861  第134章 声东:3875  第135章 一票否决:4644  第136章 熬鹰:4013  第137章 抉择:4731  第138章 直播夜（1）:4545
          第139章 直播夜（2）:3921  第140章 直播夜（3）:3623  第141章 直播夜（4）:4404  第142章 回家:4333  第143章 谱牒:3831  第144章 接受:4231
          第145章 多线启动:3984  第146章 C组名单:4559  第147章 交易:4745  第148章 堂姑姑:4817  第149章 视频真相:4390  第150章 好久不见:5899
          第151章 不相为谋:4370  第152章 高氏（1）:4157  第153章 高氏（2）:4512  第154章 高氏（3）:4142  第155章 高氏（4）:4477  第156章 高氏（5）:4425
          第157章 高氏（6）:4798  第158章 高氏（7）:4721  第159章 高氏（8）:4852  第160章 高氏（9）:5778  第161章 高氏（10）:5525  第162章 捞人:5648
          第163章 暴露:6053  第164章 突破:6128  第165章 对不起:6256  第166章 病危通知:4915  第167章 弑母:5655  第168章 殉情:5818
          第169章 烧起来:5256  第170章 死讯:6016  第171章 苏醒:5856  第172章 眼中痣:5223  第173章 姐姐:4285  第174章 隔离:6092
          第175章 接手:5131  第176章 合作:5558  第177章 监控:6485  第178章 阶级:5608  第179章 是敌是友:6339  第180章 逃:6266
          第181章 主线任务:6560  第182章 统一战线:6187  第183章 代孕（1）:5567  第184章 代孕（2）:6077  第185章 代孕（3）:5691  第186章 代孕（4）:6310
          第187章 策略性斗争:7190  第188章 约法三章:6140  第189章 代孕（7）:6056  第190章 见贤思齐:6077  第191章 最牛违建:6073  第192章 族长被捕:5913
          第193章 隔岸观火:6219  第194章 请君入瓮:5713  第195章 风雨欲来:5186  第196章 合纵连横:6140  第197章 腊八行动:6875  第198章 反扑:5040
          第199章 秘见:6675  第200章 底线:6769  第201章 酒后真言:6963  第202章 一罚一抵:7061  第203章 裂纹:4109  第204章 瞄准:5191
          第205章 暗局:7171  第206章 击西:6927  第207章 较真:6151  第208章 问政（1）:7011  第209章 问政（2）:6597  第210章 问政（3）:6604
          第211章 问政（4）:6463  第212章 问政（5）:7223  第213章 问政（6）:7120  第214章 问政（7）:10709  第215章 殃及华居:7836  第216章 继承者:8226
          第217章 坦白局:6624  第218章 分岔路:7117  第219章 母亲:8165  第220章 溯源:7245  第221章 收尾:7433  第222章 思念:8389
          第223章 偶遇:6435  第224章 咫尺:4232  第225章 博弈:5111  第226章 奇袭:7785  第227章 明争:5147  第228章 控制:5820
          第229章 私奔:6659  第230章 阶段性胜利（上）:8226  第231章 阶段性胜利（中）:6319  第232章 阶段性胜利（下）:7557

04:58:28  养成系Alpha恋人 (这也那也) [完结]  199p→110章  1753KB  OK
          https://www.52shuku.net/gl/12_b/bkdgd.html
          第1章:3758  第2章:4133  第3章:3208  第4章:2520  第5章:2570  第6章:3213
          第7章:2654  第8章:3533  第9章:4888  第10章:3033  第11章:3174  第12章:3486
          第13章:3820  第14章:3869  第15章:2991  第16章:3611  第17章:3135  第18章:3231
          第19章:3220  第20章:2743  第21章:3628  第22章:4062  第23章:6506  第24章:4965
          第25章:5300  第26章:5071  第27章:7456  第28章:7007  第29章:10375  第30章:4331
          第31章:5287  第32章:5642  第33章:4859  第34章:8067  第35章:4560  第36章:5381
          第37章:3808  第38章:3359  第39章:4827  第40章:6218  第41章:3318  第42章:5153
          第43章:3758  第44章:4617  第45章:5439  第46章:6690  第47章:8162  第48章:4086
          第49章:6790  第50章:5118  第51章:8345  第52章 实习秘书的奇幻冒险（上）:9797  第53章 实习秘书的奇幻冒险(中):8228  第54章 实习秘书的奇幻冒险（下）:6493
          第55章:4703  第56章:8005  第57章:4854  第58章:7840  第59章:5054  第60章:4991
          第61章:4571  第62章:5188  第63章:6563  第64章:7748  第65章:4422  第66章:5486
          第67章:4588  第68章:4561  第69章:5698  第70章:7427  第71章:4288  第72章:4942
          第73章:4637  第74章:5146  第75章:6632  第76章:4033  第77章:3713  第78章:3498
          第79章:6671  第80章:5776  第81章:3370  第82章:6282  第83章:6367  第84章:6313
          第85章:4632  第86章:3100  第87章:5449  第88章:3261  第89章:7382  第90章:3210
          第91章:7744  第92章:10991  第93章:8171  第94章:6165  第95章:8123  第96章:3738
          第97章:9158  第98章:7330  第99章:6276  第100章:9939  第101章:4363  第102章:5172
          第103章:6020  第104章:5227  第105章:6185  第106章:6375  第107章:6176  第108章:9355
          第109章:5602  第110章 正文完结:7053

04:59:05  南岛不见旧时风 (林子周) [完结]  96p  (无章节标记)  870KB  OK
          https://www.52shuku.net/gl/12_b/bkdgc.html
          全文: 294288字

04:59:56  破烂前程 (林子周) [完结]  129p→84章  1138KB  OK
          https://www.52shuku.net/gl/12_b/bkdgb.html
          第1章:5728  第2章:3023  第3章:3068  第4章:3508  第5章:3302  第6章:3315
          第7章:4228  第8章:3535  第9章:3436  第10章:4840  第11章:3587  第12章:4372
          第13章:3497  第14章:4120  第15章:3133  第16章:3565  第17章:3871  第18章:3513
          第19章:4933  第20章:4434  第21章:4121  第22章:4620  第23章:4080  第24章:3488
          第25章:3570  第26章:4810  第27章:5103  第28章:4221  第29章:4258  第30章:3598
          第31章:3908  第32章:3337  第33章:5604  第34章:5097  第35章:5281  第36章:3899
          第37章:3776  第38章:3818  第39章:3860  第40章:3326  第41章:4631  第42章:4396
          第43章:5104  第44章:5837  第45章:4274  第46章:6587  第47章:4210  第48章:4477
          第49章:4336  第50章:4324  第51章:4303  第52章:4308  第53章:5290  第54章:3386
          第55章:4786  第56章:4753  第57章:5248  第58章:4691  第59章:4570  第60章:4501
          第61章:5316  第62章:3840  第63章:5730  第64章:4165  第65章:6093  第66章:5892
          第67章:7625  第68章:5959  第69章:6195  第70章:4042  第71章:4633  第72章:4307
          第73章:4129  第74章:5565  第75章:4061  第76章:4941  第77章:3784  第78章:4717
          第79章:3372  第80章:4427  第81章:5826  第82章:6963  第83章:9259  第84章:5322

05:00:32  贵族女校万人嫌，我吗 (有亿点钱) [完结+番外]  92p→73章  800KB  OK
          https://www.52shuku.net/gl/12_b/bkdfZ.html
          第1章:3392  第2章:3247  第3章:3726  第4章:3151  第5章:3858  第6章:3317
          第7章:3961  第8章:3414  第9章:2237  第10章:2514  第11章:2527  第12章:2183
          第13章:3383  第14章:3467  第15章:1797  第16章:3515  第17章:3052  第18章:3470
          第19章:4308  第20章:591  第21章:10545  第22章:3111  第23章:3175  第24章:5653
          第25章:3279  第26章:3718  第27章:3487  第28章:3218  第29章:4529  第30章:3349
          第31章:3185  第32章:3337  第33章:3284  第34章:3657  第35章:3439  第36章:3595
          第37章:3015  第38章:3234  第39章:3134  第40章:3388  第41章:2458  第42章:3131
          第43章:3087  第44章:3597  第45章:3863  第46章:3460  第47章:4166  第48章:4112
          第49章:4117  第50章:4696  第51章:3347  第52章:3529  第53章:3577  第54章:4743
          第55章:3771  第56章:4023  第57章:4055  第58章:3514  第59章:4215  第60章:3198
          第61章:3249  第62章:3129  第63章:3482  第64章:3051  第65章:3574  第66章:3319
          第67章:3168  第68章:4864  第69章 完结:4091  第70章 孕期:3796  第71章 五个恶魔和一个人类（上）:5320  第72章 五个恶魔和一个人类（中）:7699
          第73章 五个恶魔和一个人类（下）:2261

05:01:01  墨染清宁 (涵笙) [完结]  68p→63章  617KB  OK
          https://www.52shuku.net/gl/12_b/bkdfU.html
          第1章 坊市初遇:3244  第2章 拜我为师:3478  第3章 亲自上药:3462  第4章 膳堂打架:3204  第5章 添置新衣:3046  第6章 初见真容:3194
          第7章 君子攸宁:3054  第8章 半年之期:3054  第9章 花草芬芳:3191  第10章 藏锋敛心:3226  第11章 琴剑相和:3050  第12章 月下舞剑:3015
          第13章 内门大比:3130  第14章 落败结丹:3411  第15章 镜花水月:3083  第16章 幻境破灭:0  第十六章 幻境破灭:3028  第17章 欲盖弥彰:3195
          第18章 咫尺天涯:3160  第19章 莲花赠君:3079  第20章 河灯寄愿:3036  第21章 半魔身世:3121  第22章 意乱情迷:3241  第23章 十字路口:3049
          第24章 无声隔阂:3111  第25章 暗流涌动:3093  第26章 前世记忆:3287  第27章 更胜从前:3112  第28章 四大门派:3023  第29章 山雨欲来:3195
          第30章 无路可走:3101  第31章 坠入死渊:3503  第32章 命运交织:3085  第33章 荒山星夜:3596  第34章 渺小齿轮:3095  第35章 界限消融:3831
          第36章 好景不长:3203  第37章 血脉苏醒:3631  第38章 不速之客:3045  第39章 一波三折:3088  第40章 旧影重现:3223  第41章 坦诚相对:3709
          第42章 剑冢前尘:3301  第43章 风波暂歇:3591  第44章 双剑齐鸣:3063  第45章 前尘旧事:3285  第46章 往事已矣:3269  第47章 夜色温柔:3127
          第48章 五十年后:3336  第49章 暗夜幽兰:3256  第50章 汝之恐惧:4162  第51章 紫色梦魇:3711  第52章 汝之彼岸:3103  第53章 刀光剑影:3058
          第54章 小惩怡情:3331  第55章 三载春秋:3212  第56章 大战前夕:3304  第57章 引雷大阵:3383  第58章 真相大白:3282  第59章 昨日回忆:4477
          第60章 云开雾散:3688  第61章 忘忧辞行:3416  第62章 岁月静好:3907

05:01:14  我与你，隔了一整个星河 (大肚腩) [完结]  33p→36章  294KB  OK
          https://www.52shuku.net/gl/12_b/bkdfT.html
          第1章 chapter 1:4775  第2章 chapter 2:3659  第3章 chapter 3:4338  第4章 chapter 4:2042  第5章 chapter 5:5422  第6章 chapter 6:2433
          第7章 chapter 7:2374  第8章 chapter 8:2930  第9章 chapter 9:3653  第10章 chapter 10:2775  第11章 chapter 11:2496  第12章 chapter 12:1948
          第13章 chapter 13:1755  第14章 chapter 14:2636  第15章 chapter 15:1983  第16章 chapter 16:1844  第17章 chapter 17:3520  第18章 chapter 18:2241
          第19章 chapter 19:2980  第20章 chapter 20:1686  第21章 chapter 21:1714  第22章 chapter 22:3715  第23章 chapter 23:1779  第24章 chapter 24:2390
          第25章 chapter 25:2345  第26章 chapter 26:3206  第27章 chapter 27:1854  第28章 chapter 28:2793  第29章 chapter 29:2820  第30章 chapter 30:2838
          第31章 chapter 31:2332  第32章 chapter 32:1716  第33章 chapter 33:2605  第34章 chapter 34:1681  第35章 chapter 35:2572  第36章 chapter 36:3315

05:02:00  同居室友是完美上司 (晏苔) [完结]  119p→97章  1047KB  OK
          https://www.52shuku.net/gl/11_b/bkdeV.html
          第1章:3756  第2章:3861  第3章:3887  第4章:3136  第5章:3268  第6章:3907
          第7章:3125  第8章:3635  第9章:3126  第10章:3137  第11章:3280  第12章:3662
          第13章:3657  第14章:3425  第15章:3342  第16章:3253  第17章:3668  第18章:4178
          第19章:3737  第20章:3227  第21章:3694  第22章:3767  第23章:4041  第24章:3574
          第25章:3164  第26章:3229  第27章:3452  第28章:3485  第29章:3418  第30章:3669
          第31章:3234  第32章:3206  第33章:3112  第34章:3699  第35章:3691  第36章:3172
          第37章:3254  第38章:4125  第39章:4063  第40章:3170  第41章:3531  第42章:3813
          第43章:4492  第44章:4030  第45章:3821  第46章:3387  第47章:3590  第48章:3161
          第49章:4229  第50章:3398  第51章:4732  第52章:3020  第53章:3862  第54章:3781
          第55章:4098  第56章:3210  第57章:3584  第58章:3127  第59章:3970  第60章:3307
          第61章:4423  第62章:3086  第63章:3523  第64章:3284  第65章:3303  第66章:3190
          第67章:3294  第68章:3438  第69章:3241  第70章:3089  第71章:3261  第72章:3957
          第73章:3335  第74章:3977  第75章:4031  第76章:3620  第77章:3041  第78章:3287
          第79章:3205  第80章:3071  第81章:3266  第82章:3208  第83章:3895  第84章:3333
          第85章:3345  第86章:3147  第87章:3615  第88章:3760  第89章:3948  第90章:3986
          第91章:3527  第92章:4211  第93章:3478  第94章:3578  第95章:3665  第96章:3447
          第97章:4907

05:02:41  无情道穿渣A后有老婆了 (橘与紫) [完结]  102p→78章  913KB  OK
          https://www.52shuku.net/gl/11_b/bkdeK.html
          第1章 意外订婚:4489  第2章 我要一把剑:3682  第3章 泄沙:3741  第4章 避嫌:3453  第5章 她真好:3650  第6章 替她谋划:3082
          第7章 一场乌龙:3013  第8章 意外发。情:2825  第9章 临时标记:3194  第10章 公主抱:3270  第11章 天赐良缘:3576  第12章 误会:2589
          第13章 逼问:2866  第14章 练剑:2827  第15章 欲擒故纵:2322  第16章 自我加压:2616  第17章 抱她回房:2280  第18章 你觉得我身材很好咯?:2083
          第19章 自作自受:2429  第20章 二次分化:2733  第21章 二次分化2:2713  第22章 你这是在撒娇吗:2927  第23章 出气:1781  第24章 蜜月延期 她*:2183
          第25章 半真半假:2646  第26章 婚礼上的怦然心动:2739  第27章 坠落:1931  第28章 你是谁?:2871  第29章 新婚之夜:10390  第30章 妥协与逃避:3489
          第31章 她是她的Omega:3342  第32章 开学:6696  第33章 巧合:4104  第34章 错综复杂:3475  第35章 绯闻风波:3322  第36章 她说你喜欢我:4208
          第37章 隔阂:3485  第38章 猜疑:4236  第39章 深度发。情:3692  第40章 不算发疯的发疯:3809  第41章 趁人之危:4123  第42章 身体的反应不会骗人:3256
          第43章 逃避可耻而且没用:8344  第44章 主动就会败北:3769  第45章 一步险棋:3463  第46章 鸟入陷阱:4280  第47章 集训第一天:5303  第48章 强吻:3496
          第49章 你比剑和道都重要:3695  第50章 隐瞒:3568  第51章 初赛第一轮:3642  第52章 深陷:7516  第53章 中招:5431  第54章 破局:3995
          第55章 护犊子:6615  第56章 未卜先知:3380  第57章 要我吧:5526  第58章 同床异梦:4812  第59章 深海浮川:6327  第60章 疗愈:3493
          第61章 释怀:4110  第62章 不速之客:3319  第63章 红肚兜:5495  第64章 彻底标记:4012  第65章 返校:4416  第66章 坦白从宽:3776
          第67章 有客临门:3791  第68章 挑拨:4012  第69章 至暗时刻:5310  第70章 送别宴:5671  第71章 紧急出征:4733  第72章 跨越星海的思念:4283
          第73章 前线事变:3897  第74章 荒野求生:3332  第75章 血色陷阱:3246  第76章 生死人，肉白骨:4034  第77章 重塑:4311  第78章 她从火光中来:6665

05:03:38  病名为友 (低绿枝) [完结]  156p→85章  1383KB  OK
          https://www.52shuku.net/gl/11_b/bkdeJ.html
          第1章:3473  第2章:3070  第3章:3707  第4章:2854  第5章:2110  第6章:4785
          第7章:3633  第8章:3368  第9章:3139  第10章:3128  第11章:3488  第12章:3167
          第13章:3664  第14章:2263  第15章:2962  第16章:2036  第17章:2294  第18章:2903
          第19章:3128  第20章:2886  第21章:3060  第22章:2858  第23章:10070  第24章:8687
          第25章:6330  第26章:6105  第27章:6133  第28章:7059  第29章:6629  第30章:6194
          第31章:6241  第32章:6375  第33章:6898  第34章:6024  第35章:6403  第36章:6790
          第37章:6532  第38章:6375  第39章:6216  第40章:6413  第41章:6213  第42章:6498
          第43章:6185  第44章:6990  第45章:6450  第46章:6526  第47章:6907  第48章:6894
          第49章:12008  第50章:6343  第51章:6639  第52章:6168  第53章:6366  第54章:7378
          第55章:3590  第56章:3329  第57章:6517  第58章:6407  第59章:6174  第60章:6184
          第61章:7030  第62章:6196  第63章:6176  第64章:2862  第65章:3523  第66章:2719
          第67章:3407  第68章:6036  第69章:6266  第70章:6248  第71章:6175  第72章:3885
          第73章:3374  第74章:6181  第75章:6247  第76章:6511  第77章:6173  第78章:7043
          第79章:10068  第80章:11908  第81章:4935  第82章:5105  第83章:3959  第84章:3266
          第85章:4286

05:05:16  和清冷影后青梅重逢后 (陆桐) [完结]  261p→101章  2290KB  OK
          https://www.52shuku.net/gl/11_b/bkdeI.html
          第1章 解约1:6117  第2章 解约2:3441  第3章 解约3:2233  第4章 解约4:4010  第5章 解约5:5377  第6章 人生若只如初见1:4873
          第7章 人生若只如初见2:4179  第8章 人生若只如初见3:3651  第9章 人生若只如初见4:5205  第10章 人生若只如初见5:4433  第11章 人生若只如初见6:3653  第12章 人生若只如初见7:4843
          第13章 人生若只如初见8:4433  第14章 人生若只如初见9:5452  第15章 人生若只如初见10:3856  第16章 人生若只如初见11:3648  第17章 人生若只如初见12:9897  第18章 人生若只如初见13:6554
          第19章 千金骨1:10258  第20章 千金骨2:8220  第21章 千金骨3:7862  第22章 千金骨4:7256  第23章 千金骨5:8380  第24章 千金骨6:7556
          第25章 风眼1:9144  第26章 千金骨7:9085  第27章 千金骨8:9919  第28章 千金骨9:7793  第29章 厌氧1:10029  第30章 风眼2:8148
          第31章 厌氧2:8730  第32章 厌氧3:8565  第33章 风眼3:9677  第34章 风眼4:8009  第35章 厌氧4:7091  第36章 厌氧5:6880
          第37章 厌氧6:6305  第38章 厌氧7:9633  第39章 厌氧8:9428  第40章 厌氧9:7344  第41章 厌氧10:7541  第42章 厌氧11:6992
          第43章 厌氧12:6847  第44章 厌氧13:7414  第45章 厌氧14:6245  第46章 厌氧15:8508  第47章 厌氧16:7807  第48章 江行记1:11426
          第49章 风眼5:8646  第50章 盛夏繁星1:9485  第51章 盛夏繁星2:7216  第52章 盛夏繁星3:6897  第53章 盛夏繁星4:10032  第54章 江行记2:6648
          第55章 风眼6:6815  第56章 江行记3:8055  第57章 风眼7:9706  第58章 盛夏繁星5:7642  第59章 盛夏繁星6:9649  第60章 盛夏繁星7:7083
          第61章 江行记4:7169  第62章 盛夏繁星8:10103  第63章 盛夏繁星9:7662  第64章 盛夏繁星10:8094  第65章 盛夏繁星11:6586  第66章 盛夏繁星12:7500
          第67章 盛夏繁星13:12728  第68章 盛夏繁星14:11654  第69章 风眼8:14115  第70章 风眼9:10201  第71章 在第二十年末1:7383  第72章 在第二十年末2:7402
          第73章 在第二十年末3:6319  第74章 在第二十年末4:8413  第75章 在第二十年末5:7906  第76章 在第二十年末6:10530  第77章 在第二十年末7:7500  第78章 长生，长生1:7419
          第79章 长生，长生2:8835  第80章 长生，长生3:6891  第81章 长生，长生4:7016  第82章 江行记5:6167  第83章 风眼10:8586  第84章 长生，长生5:7599
          第85章 长生，长生6:6313  第86章 长生，长生7:6263  第87章 风眼11:6216  第88章 长生，长生8:7630  第89章 江行记6:8301  第90章 长生，长生9:6831
          第91章 长生，长生10:8914  第92章 风眼12:7803  第93章 余生:7541  第94章 余生的每一天:7789  第95章 江行记7:9099  第96章 纪将行:6580
          第97章 一九青梅线1:6887  第98章 一九青梅线2:7584  第99章 一九if线1:9968  第100章 一九if线2:6765  第101章 星星的碎片:8196

05:05:30  温差吸引：墨点青衫 (喵小宝贪玩) [完结+番外]  31p→25章  276KB  OK
          https://www.52shuku.net/gl/11_b/bkdeu.html
          第1章 错位第一课:2815  第2章 办公室的薄荷糖:2872  第3章 雨中共伞:3183  第4章 那个画画的女孩:3597  第5章 深夜图书馆:4086  第6章 “沈老师，你怕打雷吗？”:3302
          第7章 公众号的巧合:2968  第8章 桂花糕:3369  第9章 学术会议上的影子:4020  第10章 那场关于爱的辩论:3770  第11章 生病的照料:4614  第12章 “你越界了”:3932
          第13章 匿名举报信:5361  第14章 证据与清白:3677  第15章 公开辩护:4165  第16章 天台上的坦白:3288  第17章 逃避与相遇:4286  第18章 古镇三日:3879
          第19章 毕业论文的野心:4256  第20章 学术沙龙上的告白:3143  第21章 “请等我一学期”:3498  第22章 那支白玉簪:3364  第23章 身份转换:3047  第24章 温差相融:3522
          第25章 番外 一眼:3050

05:05:40  情障 (蛇蝎点点) [完结]  12p→5章  61KB  OK
          https://www.52shuku.net/gl/11_b/bkdet.html
          第1章:3509  第2章:3731  第3章:3810  第4章:4825  第5章:4489

05:05:50  红妆探花 (懒云窝居士) [完结]  25p→20章  218KB  OK
          https://www.52shuku.net/gl/10_b/bkdd2.html
          第1章 古墓之谜:2633  第2章 花烛泪:4401  第3章 探花及第:4635  第4章 翰林三年:4244  第5章 玉郎之名:3236  第6章 近京情怯:3439
          第7章 新妇初至:3917  第8章 困局:2180  第9章 芙蓉帐暖:3341  第10章 生同衾死同穴:3710  第11章 如胶似漆:3335  第12章 戍边:2655
          第13章 荣归:3320  第14章 过继:3706  第15章 子嗣:4858  第16章 承嗣:3733  第17章 玉兰初绽:3972  第18章 浙江抚治:3175
          第19章 画眉深处:2862  第20章 玉簪归处:4945

05:07:04  被富豪老婆捡回家后 (两点一现) [完结]  200p→100章  1745KB  OK
          https://www.52shuku.net/gl/09_b/bkddk.html
          第1章 发酵:3085  第2章 进来:4580  第3章 梦境:3788  第4章 回复:4278  第5章 对视:3059  第6章 擦干:2764
          第7章 讨厌:3225  第8章 负责:1865  第9章 主动:3648  第10章 动摇:2400  第11章 混账:2866  第12章 新欢:2893
          第13章 凌乱:3385  第14章 酝酿:2562  第15章 欺负:2095  第16章 暧昧:2083  第17章 要你:2710  第18章 捂脸:2918
          第19章 脆弱:2324  第20章 操心:2736  第21章 微妙:2489  第22章 体力:10317  第23章 弄皱:6372  第24章 早恋:5987
          第25章 投喂:5728  第26章 泪水:6376  第27章 礼物:5899  第28章 亲口:6577  第29章 交织:7102  第30章 醉酒:6991
          第31章 巴掌:5330  第32章 心意:7212  第33章 邀请:5603  第34章 接吻:7012  第35章 喜欢:6239  第36章 把戏:6195
          第37章 味道:6682  第38章 女仆:5961  第39章 樱桃:6192  第40章 易感:6906  第41章 心软:6904  第42章 哄着:5979
          第43章 改口:7038  第44章 指尖:5648  第45章 想你:6653  第46章 哄睡:6294  第47章 安抚:5366  第48章 兴奋:6586
          第49章 愉快:6814  第50章 想吗:6432  第51章 如故:6915  第52章 一吻:5999  第53章 亲她:6012  第54章 酒店:7750
          第55章 教你:6973  第56章 抱着:6241  第57章 很想:6893  第58章 叫我:5223  第59章 准备:6175  第60章 想吻:6524
          第61章 帮我:6525  第62章 叫停:6565  第63章 握住:6524  第64章 帮你:6183  第65章 好多:6902  第66章 黏人:6904
          第67章 陪我:5685  第68章 吻住:6852  第69章 哄好:6853  第70章 痕迹:7534  第71章 继续:5173  第72章 吻醒:6853
          第73章 动了:7173  第74章 炽热:5963  第75章 颤动:8553  第76章 躺好:6283  第77章 恍惚:6280  第78章 感受:6497
          第79章 洗澡:6551  第80章 宝宝:6504  第81章 表白:8303  第82章 奖励:7263  第83章 哽咽:6883  第84章 放下:7259
          第85章 别哭:6173  第86章 初雪:7553  第87章 来过:6653  第88章 祝福:6933  第89章 离开:7353  第90章 爱人:6504
          第91章 摇曳:5843  第92章 有缘:5853  第93章 出现:6583  第94章 回家:6683  第95章 亲密:6503  第96章 家属:6173
          第97章 领证:6512  第98章 属于:6243  第99章 领带:6183  第100章 正文完:6284

05:07:42  覆辙 (秦淮洲) [完结]  103p→74章  852KB  OK
          https://www.52shuku.net/gl/09_b/bkddj.html
          第1章:3585  第2章:3478  第3章:3302  第4章:3148  第5章:3232  第6章:3649
          第7章:3543  第8章:3586  第9章:3231  第10章:2145  第11章:2203  第12章:2326
          第13章:2161  第14章:2176  第15章:2234  第16章:2104  第17章:2700  第18章:2674
          第19章:2531  第20章:2443  第21章:2617  第22章:2444  第23章:9681  第24章:3344
          第25章:3238  第26章:4003  第27章:3922  第28章:3988  第29章:3617  第30章:4003
          第31章:3876  第32章:3910  第33章:3919  第34章:6988  第35章:4566  第36章:3929
          第37章:3770  第38章:6362  第39章:3746  第40章:6612  第41章:3669  第42章:6250
          第43章:3967  第44章:5638  第45章:3509  第46章:5397  第47章:3511  第48章:6251
          第49章:3274  第50章:3278  第51章:3191  第52章:6039  第53章:3654  第54章:3884
          第55章:3317  第56章:3875  第57章:3577  第58章:3911  第59章:3605  第60章:3104
          第61章:5320  第62章:3631  第63章:3873  第64章:3254  第65章:3206  第66章:3345
          第67章:3407  第68章:3627  第69章:3883  第70章:3892  第71章:3549  第72章:3651
          第73章:4313  第74章:3348

05:08:21  和白月光春风一度后 (木影落) [完结]  101p→67章  893KB  OK
          https://www.52shuku.net/gl/09_b/bkddi.html
          第1章 故人:3884  第2章 又一年秋:3698  第3章 名字:2807  第4章 房东:6006  第5章 可爱:1859  第6章 糖:6436
          第7章 第四次:5811  第8章 生日蛋糕:2995  第9章 桃花:7499  第10章 春光:4482  第11章 礼物:3933  第12章 奇异脸色:3695
          第13章 四叶草:7386  第14章 香囊:9245  第15章 朦胧:6258  第16章 莫名其妙:3010  第17章 占有欲:3522  第18章 内伤:3202
          第19章 在乎:3644  第20章 酸涩:3010  第21章 温暖:3537  第22章 夜色如墨:3199  第23章 叮嘱:3192  第24章 冰糖雪梨:3271
          第25章 灵犀:3510  第26章 欲盖弥彰:2523  第27章 童年（一）:3556  第28章 童年（二）:4891  第29章 童年（三）:6513  第30章 童年（四）:4564
          第31章 好朋友（一）:2567  第32章 好朋友（二）:6211  第33章 好朋友（三）:3243  第34章 好朋友（四）:6225  第35章 小蝴蝶（一）:3215  第36章 小蝴蝶（二）:1885
          第37章 蝶恋花:10998  第38章 灵验:2178  第39章 白海棠:2506  第40章 冷战:4273  第41章 花恋蝶:7014  第42章 香水:7841
          第43章 翻涌:3272  第44章 宝宝:2593  第45章 蚊子:3221  第46章 烧饼:4599  第47章 试探:5874  第48章 暴风雨:3843
          第49章 对峙:2845  第50章 齿印:3565  第51章 霓虹灯:5217  第52章 情根深种:6530  第53章 心:4198  第54章 电影:3200
          第55章 烟花:4902  第56章 梁斯铃的暗恋视角（上）:5189  第57章 梁斯铃的暗恋视角（中）:4881  第58章 梁斯铃的暗恋视角（下）:7654  第59章 陆青黛的暗恋视角（上）:3569  第60章 陆青黛的暗恋视角（中）:4622
          第61章 陆青黛的暗恋视角（下）:2901  第62章 答案:3990  第63章 愿望:2879  第64章 鲜明:2931  第65章 阴转晴:4181  第66章 恋爱:6235
          第67章 璀璨:4194

05:09:24  厌A主角对我很双标 (凤鱼梨) [完结+番外]  166p→140章  1423KB  OK
          https://www.52shuku.net/gl/09_b/bkddh.html
          第1章 穿书:3335  第2章 拍摄:3270  第3章 初见:3489  第4章 僵持:3006  第5章 分寸:3189  第6章 羞恼:2691
          第7章 想法:2403  第8章 加戏:1961  第9章 进组:2214  第10章 试戏:4702  第11章 照片:2559  第12章 受伤:3038
          第13章 包扎:3011  第14章 拥抱:3058  第15章 领猫:3295  第16章 误会:1394  第17章 谢礼:2170  第18章 疯子:3111
          第19章 般配:3616  第20章 停电:5568  第21章 害怕:2826  第22章 不怕:3512  第23章 惊讶:3372  第24章 介意:4039
          第25章 舆论:2762  第26章 怀疑:3052  第27章 可爱:2605  第28章 异样:3561  第29章 报警:3576  第30章 晚霞:5347
          第31章 迷惘:4246  第32章 左佳:3934  第33章 特殊:3947  第34章 直播:3915  第35章 反差:3194  第36章 圈粉:1434
          第37章 好磕:3048  第38章 梦境:3175  第39章 资格:3089  第40章 聊天:4106  第41章 讽刺:3656  第42章 警告:2282
          第43章 心跳:2513  第44章 回忆:2370  第45章 失落:2536  第46章 群聊:3013  第47章 急乱:5381  第48章 闹事:3842
          第49章 受伤:3393  第50章 不重:3104  第51章 羡慕:3255  第52章 坦白:2512  第53章 杀青:4605  第54章 暂别:4372
          第55章 兑换:4202  第56章 打量:3265  第57章 宴会:3275  第58章 明了:6054  第59章 失控:3641  第60章 初吻:3062
          第61章 花语:4243  第62章 好乖:3118  第63章 安抚:3192  第64章 互助:3108  第65章 颤栗:3553  第66章 采访:3535
          第67章 暧昧:3891  第68章 嘉宾:3359  第69章 抽签:3576  第70章 玩水:3376  第71章 厉害:3668  第72章 帮忙:1854
          第73章 沉默:1370  第74章 察觉:3235  第75章 温柔:5322  第76章 难过:3844  第77章 小镇:3205  第78章 卖菜:3531
          第79章 抽奖:3675  第80章 对话:3304  第81章 信任:3861  第82章 怅然:2862  第83章 停电:3204  第84章 结束:3943
          第85章 冷战:3986  第86章 奔赴:3019  第87章 离开:3583  第88章 猜测:3877  第89章 想念:3188  第90章 对象:1936
          第91章 动容:2926  第92章 播出（上）:3544  第93章 播出（中）:3202  第94章 播出（下）:3531  第95章 播出（完）:5887  第96章 吃醋:9126
          第97章 诧异:2892  第98章 调查:2054  第99章 凝重:2284  第100章 意外:6194  第101章 清醒:1323  第102章 落泪:3528
          第103章 心疼:1642  第104章 变故:3080  第105章 在意:7073  第106章 出院:3014  第107章 情丝:1275  第108章 审问:3535
          第109章 惊喜:3268  第110章 因果:2214  第111章 落定:2013  第112章 想起:3052  第113章 开播:3183  第114章 道歉:3330
          第115章 老婆:3549  第116章 善意:2571  第117章 亲密:1611  第118章 正文完:3310  第119章 番外一:3249  第120章 番外二:3270
          第121章 番外二:4181  第122章 番外三:2250  第123章 番外三:3858  第124章 番外四（1）:5000  第125章 番外四（2）:4259  第126章 番外四（3）:2843
          第127章 番外四（4）:5258  第128章 番外四（5）:3038  第129章 番外四（6）:3047  第130章 番外四（完）:2580  第131章 番外五（1）:2595  第132章 番外五（2）:3020
          第133章 番外五（3）:3196  第134章 番外五（4）:3524  第135章 番外五（5）:5511  第136章 番外五（完）:5503  第137章 番外六（上）:2665  第138章 番外六（下）:2248
          第139章 番外七:4609  第140章 福利番外:2798

05:10:46  都是神经病 (鱼霜) [完结+番外]  225p→170章  1949KB  OK
          https://www.52shuku.net/gl/09_b/bkddg.html
          第1章 般配:3341  第2章 吃饭:2974  第3章 跳舞:3258  第4章 喜欢:3580  第5章 凑合:3179  第6章 可爱:3016
          第7章 一紧:3578  第8章 宿命:3228  第9章 回来:3008  第10章 去哪:2712  第11章 癖好:3025  第12章 害她:3421
          第13章 吓得:3242  第14章 治愈:3137  第15章 喜欢:3072  第16章 羡慕:3170  第17章 瞌睡:3034  第18章 绯闻:3066
          第19章 亲戚:3043  第20章 被咬:4949  第21章 不在:3043  第22章 喜欢:6528  第23章 欺负:6245  第24章 拔了:6403
          第25章 剧本:6536  第26章 拿错:6025  第27章 发绳:6024  第28章 晦气:6033  第29章 尖叫:4959  第30章 便宜:6332
          第31章 选择:3198  第32章 辛苦:3506  第33章 沉默:6776  第34章 分手:6203  第35章 理解:3608  第36章 回避:6307
          第37章 知道:6235  第38章 吃饭:7160  第39章 感觉:7292  第40章 等待:6015  第41章 前提:3808  第42章 打架:6391
          第43章 捂着:6166  第44章 同意:3073  第45章 卫衣:6336  第46章 火气:3194  第47章 狠狠:6011  第48章 对视:6219
          第49章 恭喜:6130  第50章 卡住:6809  第51章 靠着:4466  第52章 粉碎:3068  第53章 对象:3540  第54章 是谁:4324
          第55章 关心:3057  第56章 钟慈:4079  第57章 群名:3195  第58章 见面:3011  第59章 车灯:3007  第60章 后者:3527
          第61章 完了:3523  第62章 礼服:3271  第63章 秘密:4070  第64章 星光:3725  第65章 俗人:4120  第66章 意见:3089
          第67章 喝酒:3548  第68章 踢歪:3028  第69章 做梦:3239  第70章 含羞:3228  第71章 轻点:3060  第72章 方便:3901
          第73章 放弃:3520  第74章 知道:3047  第75章 补上:3881  第76章 温度:3539  第77章 号码:3079  第78章 上车:5341
          第79章 数字:3115  第80章 需要:3216  第81章 沉甸:3623  第82章 力气:3669  第83章 保护:3666  第84章 名字:3838
          第85章 吃饭:4482  第86章 重新:3021  第87章 位置:3746  第88章 意思:3202  第89章 晚安:3058  第90章 顾导:3458
          第91章 表白:3265  第92章 公开:3228  第93章 拼图:4189  第94章 处理:3023  第95章 见见:3232  第96章 一起:3215
          第97章 可能:3034  第98章 海豚:3589  第99章 客人:3022  第100章 姐姐:3280  第101章 多好:3111  第102章 医院:3057
          第103章 朋友:3321  第104章 奶奶:3001  第105章 下次:3096  第106章 偏心:3101  第107章 牵手:3262  第108章 像你:3515
          第109章 皱褶:3848  第110章 舌尖:3732  第111章 视频:3643  第112章 录像:3124  第113章 猜测:3181  第114章 没事:3053
          第115章 鸿沟:3036  第116章 暗恋:3058  第117章 有空:3074  第118章 奇怪:3002  第119章 期待:3233  第120章 选择:3891
          第121章 机会:3257  第122章 偷看:3050  第123章 服了:3032  第124章 高兴:3405  第125章 开门:3935  第126章 碎片:3532
          第127章 突然:3307  第128章 见面:3516  第129章 亲她:3463  第130章 骗我:3224  第131章 恨着:3040  第132章 进来:3297
          第133章 洗澡:3564  第134章 睡着:3651  第135章 忍着:3100  第136章 躲人:3524  第137章 房卡:3551  第138章 是你:3038
          第139章 眼镜:3333  第140章 初吻:3256  第141章 挺忙:3239  第142章 恭喜:3689  第143章 别扭:3864  第144章 痕迹:3221
          第145章 仓促:3212  第146章 泛红:3017  第147章 会来:3100  第148章 休息:4578  第149章 终点:3322  第150章 盒子:4022
          第151章 流沙:3059  第152章 时间:4001  第153章 回家:3803  第154章 老家:3222  第155章 我的:3085  第156章 坚强:3238
          第157章 生日:3231  第158章 电影:3179  第159章 重叠:3351  第160章 空荡:3022  第161章 告别:3340  第162章 刚刚:3054
          第163章 表白:3701  第164章 花开:3188  第165章 三不准番外:3057  第166章 喜欢你番外:3867  第167章 吵架番外:3216  第168章 仙女番外:3009
          第169章 蛋糕番外:3807  第170章 初吻番外:3113

05:10:54  一封藏书 (西兰瓜) [完结+番外]  9p→14章  80KB  OK
          https://www.52shuku.net/gl/09_b/bkdcX.html
          第1章 我是燕钰:1561  第2章 你是谁:1816  第二章～努力完结做广播剧ing～:0  第3章 发病:1772  第4章 亲吻:1697  第5章 病重:1537
          第6章 不遗忘:1404  第7章 白天鹅折翅:1378  第8章 奇迹:3126  第9章 一封藏书（出院）:2092  第10章 一封藏书:2176  第11章 番外：月光:3274
          第12章 番外：关系:2680  第13章 番外：余生:1365

05:11:15  神鹿树 (江一水) [完结]  57p→31章  506KB  OK
          https://www.52shuku.net/gl/09_b/bkdcW.html
          第1章 楔子:01:6041  第2章 楔子:02:6332  第3章 戴小鹿帽的少女:6442  第4章 敖小陆与小哑巴:4738  第5章 美人鱼与副班长:4354  第6章 大汗与小白狐:4022
          第7章 敖小陆与捶丸:4836  第8章 敖小陆与陆绵绵:3543  第9章 第一次骑马的戴琴:6268  第10章 戴琴与感冒:4471  第11章 戴琴与第一次受挫:6810  第12章 敖小陆与敖小河:4071
          第13章 敖小陆与小马:5201  第14章 第一次访问朋友:3751  第15章 小马的第一个生日:4201  第16章 我最好的朋友:5259  第17章 女人又是什么？:6545  第18章 一辈子的好朋友:6229
          第19章 崭新的路标:4455  第20章 敖小陆的蒙古包:2631  第21章 乌兰图雅:4771  第22章 我的姐姐:6052  第23章 塞翁失马，焉知非福。:4325  第24章 阿尔山:3674
          第25章 呼伦与贝尔:7486  第26章 阿尔丽的女儿:7798  第27章 到远方去:8208  第28章 一起上大学吧:5852  第29章 飞吧飞吧！:6306  第30章 我的乌热。:8180
          第31章 神鹿树:5199

05:11:26  木生于野 (执晚星) [完结]  17p→16章  138KB  OK
          https://www.52shuku.net/gl/09_b/bkdcV.html
          第1章:4273  第2章:2887  第3章:3889  第4章:3030  第5章:2208  第6章:2349
          第7章:3092  第8章:3269  第9章:2807  第10章:2407  第11章:3100  第12章:3154
          第13章:1777  第14章:3189  第15章:3505  第16章:482

05:11:52  比格犬驯养守则 (绝望的马铃薯) [完结]  72p→60章  618KB  OK
          https://www.52shuku.net/gl/09_b/bkdcU.html
          第一章:3564  第二章:3234  第三章:3540  第四章:3279  第五章:3127  第六章:3178
          第七章:3469  第八章:3197  第九章:3304  第十章:3359  第十一章:3109  第十二章:3256
          第十三章:3265  第十四章:3592  第十五章:3276  第十六章:3369  第十七章:3287  第十八章:3291
          第十九章:3207  第二十章:3492  第二十一章:3486  第二十二章:3538  第二十三章:3124  第二十四章:3519
          第二十五章:3201  第二十六章:3437  第二十七章:3450  第二十八章:3358  第二十九章:3751  第三十章:3313
          第三十一章:3275  第三十二章:3283  第三十三章:3301  第三十四章:3279  第三十五章:3620  第三十六章:3506
          第三十七章:3315  第三十八章:3320  第三十九章:3121  第四十章:3100  第四十一章:3337  第四十二章:3182
          第四十三章:3557  第四十四章:3571  第四十五章:3168  第四十六章:3272  第四十七章:3379  第四十八章:3389
          第四十九章:3358  第五十章:3264  第五十一章:3145  第五十二章:3385  第五十三章:3300  第五十四章:3697
          第五十五章:3303  第五十六章:3290  第五十七章:3164  第五十八章:3687  第五十九章:3483  第六十章（完）:5088

05:12:56  梁州厌异录 (行山坡) [完结+番外]  171p→126章  1585KB  OK
          https://www.52shuku.net/gl/09_b/bkdcT.html
          第1章 序:2190  第2章 第一回:4145  第3章 第二回:3275  第4章 第三回:3620  第5章 第四回:3295  第6章 第五回:3673
          第7章 第六回:3772  第8章 第七回:3936  第9章 第八回:5056  第10章 第九回:4492  第11章 第十回:3683  第12章 第十一回:4325
          第13章 第十二回:4622  第14章 第十三回:3792  第15章 第十四回:4833  第16章 第十五回:4069  第17章 第十六回:3763  第18章 第十七回:4509
          第19章 第十八回:4883  第20章 第十九回:4060  第21章 第二十回:4971  第22章 第二十一回:3745  第23章 第二十二回:4056  第24章 第二十三回:4191
          第25章 第二十四回:4712  第26章 第二十五回:3111  第27章 第二十六回:4132  第28章 第二十七回:4008  第29章 第二十八回:4062  第30章 第二十九回:4270
          第31章 第三十回:4080  第32章 第三十一回:4334  第33章 第三十二回:4477  第34章 第三十三回:4641  第35章 第三十四回:4500  第36章 第三十五回:4071
          第37章 第三十六回:4307  第38章 第三十七回:4043  第39章 第三十八回:4520  第40章 第三十九回:4586  第41章 第四十回:3823  第42章 第四十一回:3984
          第43章 第四十二回:4024  第44章 第四十三回:3872  第45章 第四十四回:3796  第46章 第四十五回:4059  第47章 第四十六回:4189  第48章 第四十七回:4134
          第49章 第四十八回:4286  第50章 第四十九回:4168  第51章 第五十回:4149  第52章 第五十一回:3864  第53章 第五十二回:4359  第54章 第五十三回:4206
          第55章 第五十四回:4170  第56章 第五十五回:3863  第57章 第五十六回:4152  第58章 第五十七回:3987  第59章 第五十八回:3769  第60章 第五十九回:4357
          第61章 第六十回:4138  第62章 第六十一回:4320  第63章 第六十二回:3954  第64章 第六十三回:3940  第65章 第六十四回:4189  第66章 第六十五回:4091
          第67章 第六十六回:3919  第68章 第六十七回:4148  第69章 第六十八回:4243  第70章 第六十九回:4931  第71章 第七十回:4289  第72章 第七十一回:3832
          第73章 第七十二回:4407  第74章 第七十三回:3961  第75章 第七十四回:4276  第76章 第七十五回:4000  第77章 第七十六回:5466  第78章 第七十七回:4274
          第79章 第七十八回:3880  第80章 第七十九回:3770  第81章 第八十回:3919  第82章 第八十一回:4795  第83章 第八十二回:4016  第84章 第八十三回:4353
          第85章 第八十四回:3955  第86章 第八十五回:4348  第87章 第八十六回:3893  第88章 第八十七回:3909  第89章 第八十八回:4275  第90章 第八十九回:4434
          第91章 第九十回:4206  第92章 第九十一回:4160  第93章 第九十二回:3868  第94章 第九十三回:4787  第95章 第九十四回:4270  第96章 第九十五回:4014
          第97章 第九十六回:4649  第98章 第九十七回:4300  第99章 第九十八回:4089  第100章 第九十九回:4146  第101章 第一百回:4570  第102章 第一百零一回:4389
          第103章 第一百零二回:4040  第104章 第一百零三回:3922  第105章 第一百零四回:3990  第106章 第一百零五回:4268  第107章 第一百零六回:4173  第108章 第一百零七回:3831
          第109章 第一百零八回:3681  第110章 第一百零九回:4973  第111章 第一百一十回:4223  第112章 第一百一十回:3982  第113章 第一百一十二回:4457  第114章 第一百一十三回:4187
          第115章 第一百一十四回:4377  第116章 第一百一十五回:6266  第117章 第一百一十六回:4522  第118章 第一百一十七回:4190  第119章 第一百一十八回:4556  第120章 第一百一十九回:4506
          第121章 第一百二十回:4507  第122章 第一百二十一回:4645  第123章 第一百二十二回:4181  第124章 第一百二十三回:4452  第125章 第一百二十四回:2421  第126章 外传其一:5810

05:13:23  七个葫芦娃[快穿] (白了个眼) [完结]  67p→68章  588KB  OK
          https://www.52shuku.net/gl/09_b/bkdcS.html
          第1章 猫咪少女:3263  第2章 猫咪少女:3161  第3章 猫咪少女:3450  第4章 猫咪少女:3160  第5章 猫咪少女:3226  第6章 猫咪少女:3205
          第7章 猫咪少女:3301  第8章 猫咪少女:3334  第9章 猫咪少女:2492  第10章 猫咪少女:2040  第11章 装穷少女:1750  第12章 装穷少女:3431
          第13章 装穷少女:3371  第14章 装穷少女:3657  第15章 装穷少女:3457  第16章 装穷少女:3201  第17章 装穷少女:3309  第18章 装穷少女:2318
          第19章 装穷少女:3279  第20章 装穷少女:2299  第21章 装穷少女:2307  第22章 装穷少女:2066  第23章 装穷少女:1856  第24章 装穷少女:3460
          第25章 仿生少女:1466  第26章 仿生少女:2134  第27章 仿生少女:2244  第28章 仿生少女:2354  第29章 仿生少女:2721  第30章 仿生少女:2453
          第31章 仿生少女:2698  第32章 仿生少女:2446  第33章 仿生少女:2504  第34章 仿生少女:3511  第35章 仿生少女:2473  第36章 仿生少女:2579
          第37章 [锁] [本章节已锁定]:0  第38章 仿生少女:2429  第39章 仿生少女:2854  第40章 电竞少女:4895  第41章 电竞少女:5271  第42章 电竞少女:5257
          第43章 电竞少女:5161  第44章 电竞少女:1561  第45章 电竞少女:5133  第46章 电竞少女:3175  第47章 电竞少女:2437  第48章 电竞少女:4068
          第49章 电竞少女:1625  第50章 电竞少女:10057  第51章 电竞少女:2551  第52章 电竞少女:1672  第53章 NPC少女:2561  第54章 NPC少女:2805
          第55章 NPC少女:2536  第56章 NPC少女:2495  第57章 NPC少女:2408  第58章 NPC少女:2397  第59章 NPC少女:1794  第60章 翻身少女:2316
          第61章 翻身少女:2629  第62章 翻身少女:2131  第63章 翻身少女:2629  第64章 翻身少女:2509  第65章 翻身少女:2078  第66章 翻身少女:2043
          第67章 翻身少女:2097  第68章 完:1152

05:13:53  决定勾引钓系大佬后 (脆脆听) [完结]  76p→65章  687KB  OK
          https://www.52shuku.net/gl/08_b/bkdbY.html
          第1章 001:2854  第2章 002:3286  第3章 003:3517  第4章 004:3075  第5章 005:2920  第6章 006:2024
          第7章 007:3838  第8章 008:4126  第9章 009:4130  第10章 决定勾引:2397  第11章 011:3375  第12章 012（笨拙地勾引）:3410
          第13章 013:3261  第14章 014:3085  第15章 015:3093  第16章 开启包养关系:3030  第17章 017:3142  第18章 018:3018
          第19章 过火:3105  第20章 020:3159  第21章 沈知恩什么都要:3237  第22章 022:3060  第23章 023:3084  第24章 林泫不敢想:3176
          第25章 025:3196  第26章 026:3043  第27章 情敌见面，分外眼红:3390  第28章 028:3171  第29章 火苗:3339  第30章 过火:3288
          第31章 031:4091  第32章 032:3559  第33章 033:3757  第34章 034:3285  第35章 035:3263  第36章 036:3612
          第37章 037:3289  第38章 038:3717  第39章 039:3438  第40章 龌龊:3134  第41章 041:4310  第42章 042:3309
          第43章 043:3856  第44章 044:3206  第45章 045:3436  第46章 046:3832  第47章 047:3535  第48章 048:3015
          第49章 049:3702  第50章 一个重要的转折:3452  第51章 051:3140  第52章 052:2743  第53章 053:2889  第54章 054:3136
          第55章 对峙:2655  第56章 笨蛋:7131  第57章 057:4416  第58章 Rose:4037  第59章 059:3920  第60章 060:5105
          第61章 061:3177  第62章 062:3628  第63章 063:6183  第64章 064:6153  第65章 完结:3604

05:14:20  重生到姐姐捡我回家那年 (滖水) [完结+番外]  66p→55章  556KB  OK
          https://www.52shuku.net/gl/08_b/bkdbX.html
          第1章 序章·来自佟诺的日记:2531  第2章 第三视角的她们:2858  第3章 很美好的一年·上:3727  第4章 很美好的一年·下:3574  第5章 噩梦前夕的幸福:3611  第6章 噩梦前夕的幸福:2564
          第7章 噩梦前的玻璃糖:4464  第8章 噩梦前的玻璃糖:3185  第9章 噩梦前的玻璃糖:3744  第10章 噩梦来临的征兆:2338  第11章 噩梦来临之际:3223  第12章 失而复得的惊喜:2649
          第13章 新的开始新的麻烦:4029  第14章 柯檀烟的过去:3008  第15章 回到环奈的琐事:3609  第16章 夜里放肆的梦:3727  第17章:3481  第18章 追一场盛大的日落:3390
          第19章 回母校吾祁三中:3466  第20章 吾祁的一些旧事:3038  第21章 婚纱照·上:2467  第22章 婚纱照·下:3240  第23章 生病了:3129  第24章 生病时的脆弱:3324
          第25章 愚蠢的连策:3136  第26章 Huia杯的遗憾与执念:2548  第27章 开启大学生活:2811  第28章 感情的双向转变:3160  第29章 连康年去世，一些尘封往事:3546  第30章 副cp线:3722
          第31章 柯檀烟晒干了沉默:3126  第32章 两个人失眠的夜:3535  第33章 八卦:2787  第34章 暧昧氛围1:2247  第35章 属于一个人的秘密:3336  第36章 差错:3562
          第37章 扯平了:2746  第38章 坦白:3836  第39章 小乖:4267  第40章 无名指的戒指:2024  第41章 一些琐碎:3319  第42章 留长发，做，小孩:4288
          第43章 关于秘密的复盘:4126  第44章 生日:2750  第45章 游乐园:3520  第46章 癖好:3834  第47章 小猫·咚垃:2616  第48章 恋佟脑:4194
          第49章 嘴甜:2565  第50章 求婚:4376  第51章 正文完:3934  第52章 灰色世界·柯檀烟视角:2424  第53章 灰色世界（if线）·完:4404  第54章 彩色世界:4518
          第55章 消失的小情侣之年度问答:2800

05:14:56  我只在乎你 (贵族七) [完结+番外]  92p→91章  860KB  OK
          https://www.52shuku.net/gl/08_b/bkdbW.html
          第1章:1890  第2章:1467  第3章:2501  第4章:1679  第5章:1755  第6章:5337
          第7章:5072  第8章:3553  第9章:2356  第10章:5194  第11章:4014  第12章:5523
          第13章:4013  第14章:3745  第15章:6047  第16章:2410  第17章:2957  第18章:2548
          第19章:3085  第20章:3346  第21章:3571  第22章:2594  第23章:2175  第24章:3517
          第25章:3336  第26章:3471  第27章:4160  第28章:3309  第29章:2064  第30章:2052
          第31章 我想抓住点什么，或许是你的衣角:3959  第32章 七小时时差:2051  第33章 伦敦也有红玫瑰:2681  第34章 伦敦雨未歇:3019  第35章 疯子:2880  第36章 听话一点:1868
          第37章 金丝雀:2503  第38章 谁才是主人:2408  第39章 惩罚:2601  第40章 作品:3213  第41章 沉沦:1866  第42章 纵容:4581
          第43章 病态关系:1644  第44章 塞纳河盛开的玫瑰:2415  第45章 铁塔下的月光曲:3401  第46章 女朋友:3514  第47章 恋爱ing:2137  第48章 香港婚宴:3296
          第49章 拜访:1833  第50章 迎合:1482  第51章 初恋的绿裙摆:1723  第52章 黄浦江畔的风:2564  第53章 裙下臣:2503  第54章 将明未明:2139
          第55章 骑士:2082  第56章 赛事:3485  第57章 故障:1774  第58章 调教:2293  第59章 求婚:3767  第60章 拒绝:2721
          第61章 招致:3002  第62章 陈年旧事:3532  第63章 温柔似水:1555  第64章 转折:2380  第65章 以爱为名:2475  第66章 无归宿:1840
          第67章 万水千山走遍:3422  第68章 匆匆那年，好久不见:2638  第69章 天气预报:1382  第70章 坦荡无波:3185  第71章 那又怎样:4239  第72章 耐心:3091
          第73章 坚定:4659  第74章 新伤旧恨:3523  第75章 曲折发展:4070  第76章 合法:4107  第77章 落木:3850  第78章 纠纷:2591
          第79章 孩子:4002  第80章 成长:3813  第81章 道德壁垒:3771  第82章 朦胧灯:2822  第83章 禁忌果:3748  第84章 木已成舟:3425
          第85章 肖申克的救赎:3202  第86章 心海:3935  第87章 不见夏:3496  第88章 治疗:4037  第89章 绿湖:5592  第90章 陈槿[番外]:5521
          第91章 往后余生[番外]:5934

05:15:29  上线老婆变成邪神了 (L泗X汐Y) [完结+番外]  85p→75章  783KB  OK
          https://www.52shuku.net/gl/08_b/bkdbS.html
          第1章 一只小触手:3226  第2章 两只小触手:3444  第3章 三只小触手:3465  第4章 四只小触手:3145  第5章 五只小触手:3354  第6章 六只小触手:3169
          第7章 七只小触手:3163  第8章 八只小触手:3283  第9章 九只小触手:3447  第10章 十只小触手:3475  第11章 十一只小触手:3402  第12章 十二只小触手:3409
          第13章 十三只小触手:3313  第14章 十四只小触手:3309  第15章 十五只小触手:3233  第16章 十六只小触手:3235  第17章 十七只小触手:3748  第18章 十八只小触手:5038
          第19章 十九只小触手:10043  第20章 二十只小触手:3315  第21章 二十一只小触手:3356  第22章 二十二只小触手:3260  第23章 二十三只小触手:3437  第24章 二十四只小触手:3539
          第25章 二十五只小触手:3286  第26章 二十六只小触手:3287  第27章 二十七只小触手:3280  第28章 二十八只小触手:3260  第29章 二十九只小触手:3591  第30章 三十只小触手:3226
          第31章 三十一只小触手:3426  第32章 三十二只小触手:3639  第33章 三十三只小触手:3952  第34章 三十四只小触手:3208  第35章 三十五只小触手:3587  第36章 三十六只小触手:3328
          第37章 三十七只小触手:3279  第38章 三十八只小触手:3361  第39章 三十九只小触手:3383  第40章 四十只小触手:3362  第41章 四十一只小触手:3681  第42章 四十二只小触手:4537
          第43章 四十三只小触手:3352  第44章 四十四只小触手:3236  第45章 四十五只小触手:3327  第46章 四十六只小触手:3336  第47章 四十七只小触手:3258  第48章 四十八只小触手:3356
          第49章 四十九只小触手:3535  第50章 五十只小触手:3232  第51章 五十一只小触手:3256  第52章 五十二只小触手:3363  第53章 五十三只小触手:3306  第54章 五十四只小触手:3268
          第55章 五十五只小触手:3268  第56章 五十六只小触手:3288  第57章 五十七只小触手:3292  第58章 五十八只小触手:3210  第59章 五十九只小触手:3222  第60章 六十只小触手:3340
          第61章 六十一只小触手:3190  第62章 六十二只小触手:3252  第63章 六十三只小触手:3214  第64章 六十四只小触手:3177  第65章 六十五只小触手:3190  第66章 六十六只小触手:3914
          第67章 番外-后日谈:2462  第68章 番外-无限游戏（一）:3317  第69章 番外-无限游戏（二）:3315  第70章 番外-无限游戏（三）:3211  第71章 番外-无限游戏（四）:3212  第72章 番外-无限游戏（五）:3220
          第73章 番外-无限游戏（六）:3194  第74章 番外-无限游戏（完）:4637  第75章 番外-平行世界我们还会在一起吗？:3296

05:16:11  折枝春 (千一目) [完结]  111p→119章  990KB  OK
          https://www.52shuku.net/gl/07_b/bkdb3.html
          第1章 漩涡:3699  第2章 命定:3394  第3章 浮生:4267  第4章 入戏:3509  第5章 狐狸捉鸡:3765  第6章 尽数相告:3479
          第7章 戏中人:3637  第8章 陈年烈酒:3349  第9章 那你疼吗:3555  第10章 两相比较:3169  第11章 陈年烈酒:3193  第12章 映水花灯:3508
          第13章 桃花仙[番外]:1323  第14章 旧日:3005  第15章 乌札里:3346  第16章 补凌愿生日[番外]:2809  第17章 镜花水月:3393  第18章 长风凝雨:3475
          第19章 补中秋[番外]:1719  第20章 凌明月:3461  第21章 雪起:4113  第22章 镜十四:3063  第23章 叶子戏:3200  第24章 兰宛北月:3109
          第25章 面具:3004  第26章 长乐未央:3287  第27章 故人之姿:3275  第28章 南绾:3043  第29章 北婉:3113  第30章 枯木逢春:3060
          第31章 跑路:2712  第32章 雪止:3642  第33章 两清:3136  第34章 梦:3228  第35章 陵墓:3002  第36章 栖木:3048
          第37章 栖木落:2895  第38章 七杀弦:3412  第39章 嘀嘀咕咕:3280  第40章 箜篌:3153  第41章 石榴:2973  第42章 暗道:3022
          第43章 暗室:2626  第44章 萧瑟:3060  第45章 墓:2865  第46章 千骨灯:2761  第47章 青鸟:2980  第48章 山雨欲来:3206
          第49章 李长安7.29生日番外:3207  第50章 南北路:3033  第51章 巧遇:2747  第52章 身份:3474  第53章 箱子:3291  第54章 脱险:3226
          第55章 踢雪:2456  第56章 悬崖:2100  第57章 竹屋:2334  第58章 白鹤:2285  第59章 岐甘族:2263  第60章 痕迹:1981
          第61章 玉安:2205  第62章 选择:2617  第63章 蜀南:2046  第64章 凌壹:2148  第65章 奚溶:2127  第66章 千岁:1971
          第67章 鱼针:2145  第68章 亲上加亲:2529  第69章 启程:2110  第70章 钦使:2312  第71章 神庙:2317  第72章 林檎:2831
          第73章 咬痕:2029  第74章 篪响:2263  第75章 令察:2014  第76章 娄烨国:2079  第77章 说书:1772  第78章 神谕:2402
          第79章 酒楼:2038  第80章 冷月:2314  第81章 降罪:2131  第82章 小雨:2207  第83章 单相思:2329  第84章 鸹易:2254
          第85章 危机:2012  第86章 被捕:2131  第87章 破神:2174  第88章 山洞:2140  第89章 命脉:2016  第90章 黑夜:2087
          第91章 金乌:2216  第92章 骨肉:1981  第93章 紫雾:2264  第94章 归途:2308  第95章 回朝:3187  第96章 孔雀:2209
          第97章 亥时:2973  第98章 驯马:2474  第99章 钱袋:2021  第100章 报恩:2436  第101章 杨梅:2668  第102章 良马:3118
          第103章 恐惧:2753  第104章 回家:2444  第105章 故事:2484  第106章 粮草:2416  第107章 和籴:2024  第108章 竞争:2319
          第109章 行路:1897  第110章 时机:2365  第111章 事由:2116  第112章 守城:2493  第113章 斛今:2586  第114章 戈矛:2297
          第115章 失踪:3045  第116章 天雷:2526  第117章 纸钱:2052  第118章 约定:1740  第119章 昭怨:7784

05:16:48  背景板拿了内卷剧本[快穿] (橘子没有籽) [完结+番外]  99p→132章  884KB  OK
          https://www.52shuku.net/gl/07_b/bkdb2.html
          第1章 校园小清新（1）:2005  第2章 校园小清新（2）:2116  第3章 校园小清新（3）:2012  第4章 校园小清新（4）:2131  第5章 校园小清新（5）:2020  第6章 校园小清新（6）:1890
          第7章 校园小清新（7）:2252  第8章 校园小清新（8）:2098  第9章 校园小清新（完）:2414  第10章 吸血鬼时代（1）:2114  第11章 吸血鬼时代（2）:2179  第12章 吸血鬼时代（3）:2202
          第13章 吸血鬼时代（4）:2116  第14章 吸血鬼时代（5）:2796  第15章 吸血鬼时代（6）:2249  第16章 吸血鬼时代（7）:2139  第17章 吸血鬼时代（完）:2110  第18章 不正经修仙（1）:2412
          第19章 不正经修仙（2）:2378  第20章 不正经修仙（3）:2039  第21章 不正经修仙（4）:2097  第22章 不正经修仙（5）:2034  第23章 不正经修仙（6）:2086  第24章 不正经修仙（7）:2053
          第25章 不正经修仙（8）:2366  第26章 不正经修仙（9）:2048  第27章 不正经修仙（10）:2203  第28章 不正经修仙（11）:2706  第29章 不正经修仙（12）:4115  第30章 不正经修仙（13）:3407
          第31章 不正经修仙（14）:2137  第32章 不正经修仙（完）:4093  第33章 狗血ABO（1）:2714  第34章 狗血ABO（2）:2078  第35章 狗血ABO（3）:2325  第36章 狗血ABO（4）:2271
          第37章 狗血ABO（5）:2053  第38章 狗血ABO（6）:2552  第39章 狗血ABO（7）:2124  第40章 狗血ABO（8）:2125  第41章 狗血ABO（9）:2248  第42章 狗血ABO（10）:3225
          第43章 狗血ABO（11）:2094  第44章 狗血ABO（12）:2013  第45章 狗血ABO（13）:2045  第46章 狗血ABO（14）:2195  第47章 狗血ABO（15）:2056  第48章 狗血ABO（16）:2098
          第49章 狗血ABO（完）:2323  第50章 化身为龙（1）:2220  第51章 化身为龙（2）:2020  第52章 化身为龙（3）:2060  第53章 化身为龙（4）:2199  第54章 化身为龙（5）:2105
          第55章 化身为龙（6）:2100  第56章 化身为龙（7）:2057  第57章 化身为龙（8）:2051  第58章 化身为龙（9）:2033  第59章 化身为龙（10）:2035  第60章 化身为龙（11）:2023
          第61章 化身为龙（12）:2038  第62章 化身为龙（13）:2104  第63章 化身为龙（完）:2634  第64章 死亡游戏（1）:2079  第65章 死亡游戏（2）:2203  第66章 死亡游戏（3）:2072
          第67章 死亡游戏（4）:2139  第68章 死亡游戏（5）:2146  第69章 死亡游戏（6）:2110  第70章 死亡游戏（7）:2070  第71章 死亡游戏（8）:2082  第72章 死亡游戏（9）:2024
          第73章 死亡游戏（10）:2171  第74章 死亡游戏（11）:2013  第75章 死亡游戏（12）:2283  第76章 死亡游戏（完）:2160  第77章 末世风云（1）:2121  第78章 末世风云（2）:2029
          第79章 末世风云（3）:2087  第80章 末世风云（4）:2229  第81章 末世风云（5）:2067  第82章 末世风云（6）:2165  第83章 末世风云（7）:2005  第84章 末世风云（8）:2039
          第85章 末世风云（9）:2019  第86章 末世风云（10）:2326  第87章 末世风云（11）:2059  第88章 末世风云（12）:2058  第89章 末世风云（13）:2072  第90章 末世风云（14）:2193
          第91章 末世风云（完）:2713  第92章 仿生人女友（1）:2091  第93章 仿生人女友（2）:2218  第94章 仿生人女友（3）:2108  第95章 仿生人女友（4）:2041  第96章 仿生人女友（5）:2093
          第97章 仿生人女友（6）:2050  第98章 仿生人女友（7）:2058  第99章 仿生人女友（8）:2136  第100章 仿生人女友（9）:2011  第101章 仿生人女友（10）:2231  第102章 仿生人女友（完）:2539
          第103章 总被刺杀的皇太女（1）:2212  第104章 总被刺杀的皇太女（2）:2089  第105章 总被刺杀的皇太女（3）:2043  第106章 总被刺杀的皇太女（4）:2196  第107章 总被刺杀的皇太女（5）:2052  第108章 总被刺杀的皇太女（6）:2119
          第109章 总被刺杀的皇太女（7）:2028  第110章 总被刺杀的皇太女（8）:2017  第111章 总被刺杀的皇太女（9）:2008  第112章 总被刺杀的皇太女（10）:2024  第113章 总被刺杀的皇太女（11）:2086  第114章 总被刺杀的皇太女（12）:2072
          第115章 总被刺杀的皇太女（完）:2207  第116章 回到现实:2081  第117章 新的剧本:2068  第118章 遗忘的记忆（1）:2505  第119章 遗忘的记忆（2）:2001  第120章 遗忘的记忆（3）:2298
          第121章 遗忘的记忆（4）:2082  第122章 遗忘的记忆（5）:2227  第123章 遗忘的记忆（6）:2084  第124章 遗忘的记忆（7）:2116  第125章 遗忘的记忆（8）:2211  第126章 遗忘的记忆（9）:2203
          第127章 遗忘的记忆（10）:2077  第128章 遗忘的记忆（完）:2079  第129章 新生活:2315  第130章 番外·可口的小猫咪:2249  第131章 番外·抢婚:2194  第132章 狼与兔子:1595

05:17:40  和禁欲总裁分手后 (肀望) [完结]  141p→103章  1160KB  OK
          https://www.52shuku.net/gl/07_b/bkdb0.html
          第1章:3862  第2章:2735  第3章:3098  第4章:3030  第5章:3200  第6章:3032
          第7章:3077  第8章:3096  第9章:5485  第10章:3041  第11章:3117  第12章:3033
          第13章:2143  第14章:2644  第15章:2453  第16章:2616  第17章:3243  第18章:3041
          第19章:3309  第20章:2904  第21章:7747  第22章:3102  第23章:3397  第24章:3097
          第25章:3095  第26章:3218  第27章:3125  第28章:3689  第29章:3063  第30章:3069
          第31章:3049  第32章:3009  第33章:3067  第34章:3063  第35章:3135  第36章:3086
          第37章:3185  第38章:3134  第39章:3294  第40章:3055  第41章:3351  第42章:3014
          第43章:3026  第44章:2755  第45章:3119  第46章:3114  第47章:3064  第48章:3062
          第49章:3073  第50章:3348  第51章:3143  第52章:3117  第53章:3055  第54章:3043
          第55章:3023  第56章:3083  第57章:3107  第58章:4201  第59章:3057  第60章:3081
          第61章:3091  第62章:3150  第63章:6067  第64章:3052  第65章:7230  第66章:6039
          第67章:6030  第68章:6025  第69章:9025  第70章:4123  第71章:7247  第72章:6024
          第73章:5058  第74章:3109  第75章:6068  第76章:3097  第77章:4039  第78章:4040
          第79章:6030  第80章:5110  第81章:6012  第82章:5039  第83章:5032  第84章:5102
          第85章:3128  第86章:3116  第87章:3035  第88章:3092  第89章:4044  第90章:3064
          第91章:5004  第92章:3034  第93章:3019  第94章:3143  第95章:3130  第96章:3024
          第97章:3140  第98章:3210  第99章:5019  第100章:3055  第101章:3002  第102章:3021
          第103章:3535

05:18:15  影后的纸片人小女友 (戏时) [完结+番外]  90p→92章  809KB  OK
          https://www.52shuku.net/gl/07_b/bkdbz.html
          第1章 姜儿:3316  第2章 真实:3067  第3章 突兀:3112  第4章 气场:3207  第5章 推送:3092  第6章 兴致:3379
          第7章 卸载:6770  第8章 下载:4213  第9章 跨年:3035  第10章 新年:3748  第11章 有戏:2123  第12章 微博:2558
          第13章 计划:2669  第14章 冷水:2190  第15章 生日:2248  第16章 照片:2320  第17章 很美:2096  第18章 异样:2029
          第19章 隐身:3032  第20章 奶茶:3233  第21章 生病:3037  第22章 昏睡:3130  第23章 梦境:3071  第24章 梦散:3045
          第25章 秘密:3286  第26章 帮忙:3071  第27章 抵触:3069  第28章 掌控:3112  第29章 杀青:3045  第30章 取关:2034
          第31章 是我:3104  第32章 相反:3097  第33章 像她:2282  第34章 认错:1772  第35章 想她:3069  第36章 依赖:3104
          第37章 可笑:3236  第38章 童童:3162  第39章 地铁:4135  第40章 游客:3214  第41章 剪纸:2143  第42章 陪你:2556
          第43章 抵达:1725  第44章 屏灭:1575  第45章 好奇:2106  第46章 活动:2333  第47章 决定:2053  第48章 姜儿:3156
          第49章 拍照:4044  第50章 车上:1761  第51章 名字:2333  第52章 生光:2494  第53章 没电:3270  第54章 留言:1580
          第55章 多笑:1740  第56章 去过:1972  第57章 快递:2280  第58章 见面:3075  第59章 对视:3149  第60章 安宁:2161
          第61章 朋友:3106  第62章 信任:2506  第63章 想她:3131  第64章 可爱:2084  第65章 电影:3191  第66章 喜欢:3161
          第67章 危机:3114  第68章 热搜:5501  第69章 轻吻:6714  第70章 所幸:1804  第71章 离开:2500  第72章 微博:3114
          第73章 杀青:2940  第74章 烈火:3067  第75章 逛街:3135  第76章 分别:3220  第77章 时间:3191  第78章 接机:3099
          第79章 散步:3224  第80章 古镇:3060  第81章 跨年:3333  第82章 童趣:3432  第83章 游乐:3469  第84章 美好:3717
          第85章 回家:3535  第86章 完结:3307  第87章 番外:2029  第88章 番外:2126  第89章 番外:2408  第90章 番外:2149
          第91章 番外:2155  第92章 番外:2227

05:18:52  穿书成反派的死对头怎么办 (江畔何人望白榆) [完结]  96p→92章  896KB  OK
          https://www.52shuku.net/gl/07_b/bkdby.html
          第1章 仇恨值百分百:3743  第2章 桃花村:3907  第3章 倒八辈子血霉:3662  第4章 生辰日:3263  第5章 血池:5865  第6章 不灭誓:5033
          第7章 魔尊:4071  第8章 凡尘:4144  第9章 元宵:3692  第10章 吃醋:3778  第11章 道歉:3431  第12章 点绛唇:3184
          第13章 吓唬:2748  第14章 自断情根:2195  第15章 哦豁:3318  第16章 幻境:4219  第17章 交易:2441  第18章 蝴蝶振翅:2303
          第19章 归来:3125  第20章 女主光环:3087  第21章 逃跑:3100  第22章 青城:3236  第23章 我是谁:2268  第24章 白发生:2115
          第25章 杀意:3205  第26章 疏影:2559  第27章 三世:3161  第28章 欲念:3057  第29章 诀别:3585  第30章 拂真:5069
          第31章 羞耻:3724  第32章 口出狂言:3855  第33章 伪装:3865  第34章 三步一叩首:3856  第35章 沈栖音所见:3116  第36章 惨烈:3094
          第37章 蜉蝣:2500  第38章 幡然醒悟:3088  第39章 求不得:3507  第40章 爱别离:2448  第41章 第一吻:3262  第42章 弱点:3226
          第43章 弥山艮野:2462  第44章 入世:3376  第45章 脆弱:2570  第46章 变故:3086  第47章 醋意:3020  第48章 惶恐:3109
          第49章 变故:2288  第50章 直白:3325  第51章 三界失色:3280  第52章 不要哭:3413  第53章 怨憎会:3240  第54章 我想:3150
          第55章 滚烫:2511  第56章 第二吻:3228  第57章 千秋万镜:2581  第58章 交换:4175  第59章 决心:3252  第60章 针锋相对:4166
          第61章 由着她去吧:3396  第62章 榴花开:3210  第63章 情引:3705  第64章 沈栖音的挑衅:5128  第65章 法天象地:3095  第66章 红霞残:3495
          第67章 生离:3846  第68章 沈栖音我喜欢你:2230  第69章 落寞:3211  第70章 异样:4015  第71章 再逢:3093  第72章 错综复杂:2762
          第73章 难掩:2763  第74章 旖旎:3147  第75章 神女泪:3265  第76章 无能为力:3952  第77章 环环相扣:2645  第78章 神鬼厌:3312
          第79章 苦痛难解:3247  第80章 抉择:2097  第81章 渡气:2361  第82章 心猿意马:3629  第83章 水云身:4674  第84章 三吻:3562
          第85章 百花开:3176  第86章 合和:2544  第87章 淡极生艳:4250  第88章 崩决:2123  第89章 饮恨:3107  第90章 山倾水绝:2051
          第91章 痴情冢:3734  第92章 种子:1501

05:19:23  天生注定gl (居于苏北) [完结+番外]  80p→74章  723KB  OK
          https://www.52shuku.net/gl/07_b/bkdbo.html
          第1章1 第一世:2814  第2章2:2430  第3章3:3277  第4章4:4030  第5章5:2675  第6章6:2078
          第7章7:2922  第8章8:3827  第9章9:2512  第10章10:2964  第11章11:2557  第12章12:3093
          第13章13:2817  第14章14:2141  第15章15:3581  第16章1 第二世:3223  第17章2:3488  第18章3:2343
          第19章4:3596  第20章5:2475  第21章6:3154  第22章7:3098  第23章8:3563  第24章9:4483
          第25章10:2981  第26章11:3132  第27章12:2948  第28章13:3717  第29章14:3127  第30章15:3118
          第31章16:3028  第32章17:3419  第33章18:3054  第34章19:4349  第35章1 第三世:4390  第36章2:3411
          第37章3:2268  第38章4:2352  第39章5:3783  第40章6:3837  第41章7:3509  第42章8:2650
          第43章9:2034  第44章10:4161  第45章11:4199  第46章12:3409  第47章13:2956  第48章14:4411
          第49章15:3058  第50章16:4851  第51章17:2775  第52章18:3387  第53章19:3761  第54章20:3047
          第55章21:2738  第56章22:3505  第57章23:4053  第58章24:3071  第59章25:3053  第60章26:3257
          第61章27:3567  第62章28:3784  第63章29:3152  第64章30:3375  第65章31:3100  第66章32:3606
          第67章番外:3227  第68章1 现实世界:3030  第69章2:3369  第70章3:3010  第71章4:3221  第72章5:3085
          第73章6:3086  第74章结局:3294

05:19:47  人渣O倒追柏拉图 (醉温) [完结+番外]  58p→54章  511KB  OK
          https://www.52shuku.net/gl/07_b/bkdbn.html
          第1章第1章:3519  第2章第2章:3213  第3章第3章:2645  第4章第4章:2378  第5章第5章:2347  第6章第6章:3213
          第7章第7章:2772  第8章第8章:2514  第9章第9章:2493  第10章第10章:2768  第11章第11章:3231  第12章第12章:3099
          第13章第13章:3294  第14章第14章:3073  第15章第15章:3473  第16章第16章:3274  第17章第17章:3257  第18章第18章:3045
          第19章第19章:3058  第20章第20章:3170  第21章第21章:3102  第22章第22章:3079  第23章第23章:2183  第24章第24章:3074
          第25章第25章:2689  第26章第26章:3252  第27章第27章:3225  第28章第28章:2858  第29章第29章:3255  第30章第30章:3416
          第31章第31章:2582  第32章番外1:3183  第33章番外2:3285  第34章番外3:3621  第35章番外4:3465  第36章番外5:3842
          第37章番外6:3730  第38章番外7:3166  第39章番外8:3512  第40章番外9:3353  第41章番外10:3988  第42章番外11:3037
          第43章番外12:3349  第44章番外13:3838  第45章番外14:3182  第46章番外15:3236  第47章番外16:3539  第48章番外17:3238
          第49章番外18:3966  第50章番外19:3237  第51章番外20:3083  第52章番外21:2610  第53章番外22:3028  第54章番外23:2114

05:20:33  北宋医仙穿成我室友[古穿今] (一人食八个大馒头) [完结]  127p→102章  1112KB  OK
          https://www.52shuku.net/gl/06_b/bkdau.html
          第1章 汴京烬梦:3041  第2章 雨夜惊鸿:4083  第3章 异世来客:3131  第4章 大梦千年:2363  第5章 此处心安:1834  第6章 晨光熹微:1468
          第7章 千叮万嘱:2502  第8章 初探方寸:2017  第9章 一室清宁:2500  第10章 购物启蒙:3741  第11章 檐下烟火:2033  第12章 填鸭教学:4388
          第13章 阴云初开:5522  第14章 善意援手:2265  第15章 远房表妹:3748  第16章 古木生根:2938  第17章 心动偷拍:3360  第18章 灯火可亲:3172
          第19章 香囊藏暖:2599  第20章 双人成行:3613  第21章 毕业礼包:2339  第22章 求职困境:2475  第23章 细雨拂尘:3470  第24章 夜雨乱心:2950
          第25章 惊鸿照影:2673  第26章 喧寂之间:3715  第27章 作战蓝图:3028  第28章 珠联璧合:3344  第29章 首发告捷:2639  第30章 欣欣向荣:2838
          第31章 此心渐安:2827  第32章 阴影触手:2494  第33章 旧梦惊醒:3849  第34章 药香如故（上）:3608  第35章 药香如故（下）:3136  第36章 月光不语:3943
          第37章 机会陷阱（上）:2844  第38章 机会陷阱（下）:3901  第39章 静水深流:3183  第40章 仿冒危机（上）:4073  第41章 仿冒危机（下）:4730  第42章 无声浸染（上）:3049
          第43章 无声浸染（下）:3412  第44章 伞下往事:3528  第45章 云开见月:4085  第46章 画地为牢:4656  第47章 心迹昭然（上）:4006  第48章 心迹昭然（下）:3831
          第49章 心潮微澜:4052  第50章 竹漪暗涌:3994  第51章 鸿门之宴:4416  第52章 新巢新血（上）:3772  第53章 新巢新血（下）:3354  第54章 配方危机:4213
          第55章 与渡关山:4461  第56章 山雨欲来:5540  第57章 负责到底:3209  第58章 温柔管制:4548  第59章 酒醉吃醋:3842  第60章 酒后坦白:3785
          第61章 不负相思:4460  第62章 墨趣情浓:4448  第63章 静谧时光（上）:3463  第64章 静谧时光（下）:3105  第65章 瞒天过海:3918  第66章 岁岁常安:3304
          第67章 悬壶惊雷:3423  第68章 资格风波:3449  第69章 淬毒解药:3224  第70章 破瘴消业:5004  第71章 堂前证道:3380  第72章 风定云开:3104
          第73章 庆功佳宴:3509  第74章 托付终身（上）:3405  第75章 托付终身（下）:3241  第76章 此地光景:4294  第77章 寓教于情:3561  第78章 理念之争:3825
          第79章 镜前灯下:3290  第80章 青萍之末:4966  第81章 碗中鱼肉:3332  第82章 归途霾尽:3283  第83章 当归夜话:4280  第84章 无声惊雷:4415
          第85章 微光破晓:4004  第86章 并肩交锋:4615  第87章 旋转之门:4997  第88章 星灯相吻:4272  第89章 归乡初见:3706  第90章 天台夜话:3382
          第91章 年在一起:5446  第92章 除夕暖筵:3846  第93章 千年缘契:3815  第94章 北宋篇·夙缘玉始（一）:3977  第95章 北宋篇·夙缘玉始（二）:5402  第96章 晨光云层:3518
          第97章 东京梦华（上）:3940  第98章 东京梦华（下）:4189  第99章 晨光暗涌:4467  第100章 雨夜终局:3991  第101章 梅落尘安:4666  第102章 山河许诺:3589

05:20:58  晏总的追妻之路不漫长 (叶灵秋月) [完结]  59p→51章  510KB  OK
          https://www.52shuku.net/gl/06_b/bkdat.html
          第1章:2985  第2章:3325  第3章:2541  第4章:3003  第5章:3962  第6章:3443
          第7章:3950  第8章:2191  第9章:3850  第10章:4437  第11章:2710  第12章:4815
          第13章:3658  第14章:2795  第15章:3403  第16章:3238  第17章:3032  第18章:2986
          第19章:3637  第20章:3703  第21章:2703  第22章:2964  第23章:3284  第24章:2715
          第25章:3309  第26章:3243  第27章:2721  第28章:3005  第29章:3129  第30章 新年限定篇[番外]:426
          第31章:3635  第32章:3233  第33章:2734  第34章:3158  第35章:3252  第36章:3797
          第37章:3212  第38章:3497  第39章:3495  第40章:3086  第41章:4585  第42章:3301
          第43章:3649  第44章:2523  第45章:3221  第46章:3398  第47章:2925  第48章:3299
          第49章:3427  第50章:4797  第51章:4475

05:21:48  打猎发家养媳妇儿 (随已安然) [完结+番外]  137p→111章  1213KB  OK
          https://www.52shuku.net/gl/06_b/bkdaq.html
          第1章 穿越:3290  第2章 第一顿晚饭:3642  第3章 分床:5161  第4章 上门要债:3863  第5章 延期:4421  第6章 进山前的准备:3299
          第7章 进入大岳村:3854  第8章 收获:3075  第9章 借钱:3245  第10章 坐车:3902  第11章 卖药和买药:2717  第12章 再次进山:3894
          第13章 卖货渠道:3775  第14章 来客:4002  第15章 衣服糕点:2924  第16章 引水:4158  第17章 下田:2731  第18章 捡菌子和挖药:4012
          第19章 修屋顶:3277  第20章 上门泼妇:2922  第21章 解决:3506  第22章 还债:4138  第23章 坦白与猎虎回归:4397  第24章 坦诚相见:3336
          第25章 县城购物:4223  第26章 偶遇二舅哥:4936  第27章 回娘家:3453  第28章 回娘家二:3922  第29章 回娘家三:3146  第30章 饮酒赏月:3841
          第31章 秋收:3413  第32章 宋莲儿:3411  第33章 开荒挖地基:3190  第34章 使坏与贵客:3898  第35章 贵客狩猎一:3078  第36章 贵客狩猎二:3320
          第37章 出事:4067  第38章 狩猎归家:3232  第39章 外人:3701  第40章 接人:3447  第41章 喝酒:4634  第42章 上梁日一:4294
          第43章 上梁日二:3472  第44章 各方进展:5010  第45章 进山找人:3356  第46章 摆席:3513  第47章 摆席二:3742  第48章 第一次酿酒:3471
          第49章 少女心事:4237  第50章 分红:3445  第51章 雇人:3883  第52章 另外一门生意:3514  第53章 戳破:4231  第54章 游戏:3452
          第55章 囤年货:3802  第56章 腊八:4281  第57章 医馆遇故人:3359  第58章 拒绝:3683  第59章 杀猪饭和祭祖:3395  第60章 除夕:3885
          第61章 过年:3094  第62章 宋莲儿夫妇:3150  第63章 奇怪:3655  第64章 错误演练:3545  第65章 谎言:3680  第66章 元宵节:3095
          第67章 沤肥和服徭役:3873  第68章 育苗种植:4763  第69章 路:2935  第70章 高粱酒搭上线:3790  第71章 蹭住:3778  第72章 不帮扶:3084
          第73章 再雇人:3487  第74章 各项发展:2957  第75章 英子出事:3437  第76章 找到:3507  第77章 事情结束:4532  第78章 得愿以偿:3573
          第79章 和宋家翻脸:3108  第80章 认清:3249  第81章 风言风语:3443  第82章 影响:3670  第83章 回去:3191  第84章 庙会:3502
          第85章 解衣:3531  第86章 秋闱将近:3823  第87章 异界来客:3437  第88章 许爷消息:3670  第89章 多项进行:3778  第90章 报复:3673
          第91章 坦明身份和中举:3489  第92章 宋家办席:3145  第93章 身份户籍更换:4059  第94章 许向南:3751  第95章 恢复女身一:3952  第96章 分家:3984
          第97章 风波:3465  第98章 林氏爆发:3274  第99章 看法:3657  第100章 水稻亩产量:2972  第101章 宋家动作:3824  第102章 扶灵回乡:3119
          第103章 和离:3723  第104章 封官:3239  第105章 风起云涌:2938  第106章 一朝荣光败:2950  第107章 宋家境遇:3383  第108章 落幕:3041
          第109章 新篇章:2640  第110章 番外一:3314  第111章 番外二:3964

05:22:51  你，迟到了 (揽月摘星) [完结+番外]  166p→136章  1489KB  OK
          https://www.52shuku.net/gl/06_b/bkcZY.html
          第1章 身份转变:3953  第2章 去报到了:3854  第3章 写个自传:3365  第4章 总会下班:3229  第5章 聊聊私事:3211  第6章 各自回家:3711
          第7章 又要上班:4101  第8章 准备出团:3187  第9章 一起出发:3654  第10章 可以借住:3858  第11章 闲聊一下:3175  第12章 初团结束:3659
          第13章 独立带团:3427  第14章 有人发烧了:3379  第15章 想好起来吗？:3364  第16章 不承认了:5241  第17章 要买醉喽:4119  第18章 那继续吧:3457
          第19章 打打闹闹:4040  第20章 再次出发，一起！:5346  第21章 你在哪里？:5191  第22章 快回去吧！:4050  第23章 讲个故事吧！:4351  第24章 庆功宴上:3688
          第25章 吃定心丸:3144  第26章 请听我说:3597  第27章 谁耍流氓？:3566  第28章 谁调查谁？:3358  第29章 何为坦白？:3196  第30章 角色互换:4253
          第31章 还是走吧！:3142  第32章 又喝醉了:3174  第33章 走主线吧！:3651  第34章 又有助攻！:3189  第35章 我很想你:3225  第36章 我要见你:3597
          第37章 带你回家:3258  第38章 探班吃饭:3386  第39章 还去酒吧？:3719  第40章 聊聊正事:3421  第41章 在一起吧！:3132  第42章 捕获猎物:3436
          第43章 参加晚宴:3212  第44章 齐心协力:3803  第45章 究竟何为:3245  第46章 如此坦白:3296  第47章 都在努力:4548  第48章 我来哄你:3635
          第49章 去做客吧！:3848  第50章 含泪热吻:3338  第51章 去看父母:3217  第52章 任曼独白:3503  第53章 谈恋爱吧！:4388  第54章 环游东线:3666
          第55章 分开过年:3433  第56章 我来报到！:3132  第57章 做顿饭吧！:3742  第58章 正月十五（上）:3582  第59章 正月十五（下）:3018  第60章 再见老友:3453
          第61章 去游乐园:4586  第62章 打乱计划！:3156  第63章 富士山下:3630  第64章 多多丢了:4278  第65章 总部公告:5274  第66章 你在干什么？:3879
          第67章 紧急出团:3537  第68章 调查拘留:3099  第69章 我要见她！:3027  第70章 我们分手！:3243  第71章 真相公开:3273  第72章 生日快乐:3661
          第73章 如何处置？:3166  第74章 各怀心事:3280  第75章 再次见面（上）:3957  第76章 再次见面（下）:3152  第77章 新店筹备:3790  第78章 飞去南城:3005
          第79章 忙碌起来！:3206  第80章 等到供体:3079  第81章 手术成功:3338  第82章 又到春节:3134  第83章 陵园相遇:3873  第84章 惹我生气:3257
          第85章 你很闲吗？:3118  第86章 手腕骨折:3090  第87章 你去京城:3509  第88章 多想一点:3522  第89章 打包行李:3248  第90章 请客吃饭:4820
          第91章 听你解释:3439  第92章 怎么解决？:4446  第93章 要跟着你:4290  第94章 做个指甲？:3282  第95章 同样很忙:1909  第96章 去京师？拆个盲盒！:3479
          第97章 生日快乐:4015  第98章 生日礼物:3296  第99章 到八月了:3057  第100章 回到礼城:3081  第101章 沙盘模拟:3414  第102章 要去礼城啦？:3342
          第103章 我来接你！:3194  第104章 喝点水吧！:3240  第105章 复合撒花！:4612  第106章 就是热恋期！:4638  第107章 又受伤了！:4140  第108章 远离渣男！:3285
          第109章 爱，不听话！:3264  第110章 为你治疗:5162  第111章 就要吃醋！:3627  第112章 一起跨年！:3097  第113章 送别老友！:3196  第114章 飞去南城:4011
          第115章 醉酒之后:3462  第116章 收红包喽！:3221  第117章 上火也需要治一治！:4918  第118章 情人节快乐！:3413  第119章 陪你见朋友！:5399  第120章 翟伊一的朝圣:3284
          第121章 朝圣开始！:3606  第122章 扎实伦布寺辨经:5401  第123章 任曼反攻！:4271  第124章 珠峰大本营:3084  第125章 浩瀚星海:3140  第126章 高反严重？任曼出手！:5945
          第127章 抵达塔钦:3704  第128章 冈仁波齐:6982  第129章 两地分居:3125  第130章 任曼，你愿意嫁给我吗？:3174  第131章 任曼独白:700  第132章 叫你家长来接你！:4349
          第133章 翟伊一独白:1219  第134章 吵架（上）:3396  第135章 吵架了（下）:3577  第136章 初五迎神:3854

05:23:07  方医生，请多指教 (一张折纸) [完结]  34p→36章  297KB  OK
          https://www.52shuku.net/gl/06_b/bkcZX.html
          第1章：初遇:3187  第2章：决定:2567  第3章：生病:3152  第4章：约会:3666  第5章：寄养:3263  第6章：共处一室:3658
          第7章：美梦:1646  第8章：沉沦:2130  第9章：吃醋:3055  第10章：哄人:2641  第11章：恋爱观察期:2375  第12章：相见恨晚:3030
          第13章：医院风波:2057  第14章：贪心:1920  第15章：舍不得:2868  第16章：离别:2767  第17章：误会:2721  第18章：一家三口:3264
          第19章：睡了:1733  第20章：有故事的女人:2220  第21章：准备惊喜:2832  第22章：生日礼物:3011  第23章：生日礼物（二）:2249  第24章：过年:3622
          第25章：见家长（一）:2011  第26章：见家长（二）:2833  第27章：见家长（三）:2115  第28章：见家长（四）:3133  第29章：威胁:2201  第30章：谈判:2447
          第31章：我等你:2124  第32章：反攻:1913  第33章：挑战:2369  第34章：安抚:2765  第35章：救助:3519  第36章 结局：余生之约:4491

05:23:13  她，她与她 (一张折纸) [完结]  11p→10章  88KB  OK
          https://www.52shuku.net/gl/06_b/bkcZW.html
          第1章 七年之痒:2108  第2章 下坠:3178  第3章 越界:2158  第4章 红痕:2395  第5章 受伤:3430  第6章 留下来:1734
          第7章 争吵:3558  第8章 结局一:3520  第9章 结局二:3923  第10章 结局三:2647

05:24:19  日出东方夜落西 (宫韫) [完结+番外]  176p→130章  1558KB  OK
          https://www.52shuku.net/gl/06_b/bkcZV.html
          第1章 寒门丞相:3274  第2章 千里走单骑:3252  第3章 遭袭:3229  第4章 耍赖:3400  第5章 口不择言的温相:4220  第6章 通缉:3524
          第7章 得救:3019  第8章 人情汹汹:3214  第9章 举步维艰:4044  第10章 回京:3939  第11章 灰烬之息:3151  第12章 病倒:3897
          第13章 合纵:5629  第14章 燕国使者:3197  第15章 高处不胜寒:3628  第16章 作伴:4301  第17章 平成公主:3289  第18章 村寨:3122
          第19章 线索又断:3511  第20章 责怪:3103  第21章 假仁假义:3780  第22章 吞声饮泣:3888  第23章 清楚:3708  第24章 又被温大人坑了:3447
          第25章 爱莲:3043  第26章 郁郁不得志:4428  第27章 醉酒:4491  第28章 怎能如此:3232  第29章 阮家:2890  第30章 秘密:3685
          第31章 天伦之乐:3438  第32章 十年:3070  第33章 窝里横:3800  第34章 相见:2704  第35章 一家子白痴:3490  第36章 当归:4465
          第37章 狗咬狗:4104  第38章 合作取消:3613  第39章 撕破脸:3480  第40章 燃尽:4631  第41章 左大人回来了:3661  第42章 糕点铺:3631
          第43章 人情世故:3890  第44章 疯美人:3785  第45章 捕风捉影:2056  第46章 再抓一个:4309  第47章 小别胜新婚:3574  第48章 全部交代:6409
          第49章 潜入:3465  第50章 不当人:3435  第51章 老了？:3835  第52章 没有硝烟的战场:3222  第53章 轻而易举？:4830  第54章 吴故:6265
          第55章 风起云涌:3172  第56章 变数:3963  第57章 复发:3135  第58章 顿悟？:4451  第59章 原形毕露:4815  第60章 马车上:5563
          第61章 胆肥了:4553  第62章 两个庶民:3626  第63章 亳县:3178  第64章 驭人之道:3496  第65章 符离:3807  第66章 符离:3807
          第67章 结束:14924  第68章 沧海桑田:3321  第69章 雪恨:4781  第70章 汗位:3174  第71章 故人？:4066  第72章 失控:4313
          第73章 何为真相:5787  第74章 血债血偿:9220  第75章 叶落归根:3549  第76章 涩:3546  第77章 刺眼:3899  第78章 思绪万千:4485
          第79章 失而复得的国玺:3187  第80章 此为真相:3749  第81章 孽:4933  第82章 涅槃:3333  第83章 事不过三:3440  第84章 语出惊人:2936
          第85章 五十万两:3101  第86章 夜袭:3085  第87章 阴:3144  第88章 真巧:4982  第89章 真是喝多了:3835  第90章 两个月:3756
          第91章 烙印:6219  第92章 不安:4491  第93章 人定胜天:3109  第94章 背后之人究竟是谁:3493  第95章 蠢不自知:3803  第96章 陈年旧事:3227
          第97章 四小只:3157  第98章 隆安司:3486  第99章 帝后情深？:4617  第100章 小金锁:3092  第101章 水:3408  第102章 去捉鱼:3058
          第103章 绝世轻功:3456  第104章 难安:4485  第105章 叫娘:4257  第106章 阮家的帮助:3125  第107章 白首相知犹按剑:4218  第108章 行路难:5075
          第109章 风云万变:5522  第110章 不得不为:3227  第111章 杀进去:3617  第112章 以退为进:2925  第113章 终局:3882  第114章 再倔的牛也有人治:4635
          第115章 最后一件事:3959  第116章 光头:4480  第117章 对弈:4008  第118章 无可奈何花落去（1）:4799  第119章 无可奈何花落去（2）:5063  第120章 无可奈何花落去（3）:3586
          第121章 无可奈何花落去（4）:2074  第122章 无可奈何花落去（5）:3690  第123章 无可奈何花落去（6）:4637  第124章 长相守:3944  第125章 番外·庐州副本:3309  第126章 番外·想见你:3254
          第127章 番外·初识:3422  第128章 生日番外:6849  第129章 番外·北疆篇（一）:3239  第130章 番外·北疆篇（二）:3693

05:24:49  日常系恋爱 (礼糕) [完结]  74p→66章  644KB  OK
          https://www.52shuku.net/gl/06_b/bkcZU.html
          第1章有些小困扰在我身边围绕:3074  第2章等凉雨的温度将不安燥热中和:3302  第3章你是我万水千山的冒险要找的标记点:3181  第4章寻真心显得多稚嫩:3111  第5章于是就开始犹豫是否继续:3260  第6章锁定了目标，直到无可救药:3290
          第7章请点燃我心的灼之花:3681  第8章那一颗不安的心开始涌动:3361  第9章谁又敢做我心上人:3399  第10章可是她有一点感受吗？:3361  第11章有你在身旁，是多么的美妙:3203  第12章静静地注视你:3314
          第13章左脑跟右脑对峙挥霍理性:3293  第14章任桃花缀满了心门:3352  第15章讲一个故事的漫长到现在不过刚开场:3468  第16章回顾蓦然步转青石路:3396  第17章等待着谁能够将我的心房轻轻叩击:3340  第18章还在水榭畔画楼处:3415
          第19章你在纠缠我的思绪让我的天我的地都是你身影:3448  第20章悬在半空却始终不敢确定:3380  第21章你是理所当然的奇迹:3223  第22章人潮仍是漫无目的地向目的地散去:3311  第23章命运的轨迹在你我之间穿行:3295  第24章不敢确定是真心或是骗局（大修）:3145
          第25章你是前世千次的回眸虔诚牵的手:3242  第26章被你牵过的手温度依然残留:3392  第27章每一次和你别离都倍感孤寂:3375  第28章我对你依赖成迷想不清哪些原理和原因:3335  第29章当我们从友情变成了爱情:3107  第30章有许多想说的话该如何传达:3340
          第31章曲终之时你是否便会回应我的心音:3184  第32章唇角逐渐溢出破碎之音:3121  第33章我想念你不知还要去说多少遍:3174  第34章所以让我再靠近一点点因为你太温暖:3234  第35章让我情绪陷入焦虑的境地:2243  第36章你像一个病菌让我难过也不能治愈:3176
          第37章如果你可以肯定我的一片心意:3170  第38章世界有太多奇迹教人不能言喻:3127  第39章已成瘾的刻骨戒不掉熄不灭:3239  第40章总想去偷看着你在毫不经意:3922  第41章却不习惯没你存在的那种落寞:3106  第42章天空将思与念都分解:2179
          第43章谢谢在我左右始终陪伴:3474  第44章你的声音一动一举牵控我的呼吸:2100  第45章多少美丽的梦在这里守候:3222  第46章写了一首小情歌想唱给你听:3158  第47章你是三千美丽世界里我的一瓢水:3475  第48章那一天你笑了甜甜的柔和的:2832
          第49章爱上她深爱她只是单纯地爱她:3203  第50章心贴心想这一刻拥在你怀里:3444  第51章你是月色真美:2115  第52章吻过鲜花唇色映眉峰:3122  第53章你的双手在我掌心紧握着:2133  第54章说好从今以后都牵着手因为要走很远:3101
          第55章指间绳系在老酒窖日复一日酿存:3295  第56章点滴间记录着我们共同经历那些过往:3266  第57章牵着手温柔掌心触摸着甜蜜:3182  第58章在期待般拒绝出口之前:3256  第59章拨弄着旧吉他哼着四拍子的歌:3161  第60章轻轻啃噬便足以隔绝这语言:3119
          第61章紧握彼此间的子午线:3745  第62章回顾皎月晦明灯花处:3731  第63章聆听我稚嫩的心意:3752  第64章你是其余所有的一切是我的世界:3135  第65章你是分割我人生的线又将它们相连:3825  第66章今天的我看上去是否有不一样呢？:3711

05:25:41  这个攻略任务不对劲 (甲辰七七) [完结+番外]  143p→117章  1234KB  OK
          https://www.52shuku.net/gl/05_b/bkcZq.html
          第1章 主角:3609  第2章 外卖:4104  第3章 考核:3694  第4章 室友:3406  第5章 代课:3454  第6章 双修:3726
          第7章 有蛇:3486  第8章 乙方:3482  第9章 收工:3623  第10章 反噬:3573  第11章 约定:3514  第12章 修行:3447
          第13章 礼物:3433  第14章 闲人:3092  第15章 分寸:3302  第16章 训练:3382  第17章 测试:3998  第18章 谈心:3145
          第19章 传统:3991  第20章 宗门考核一:3566  第21章 宗门考核二:3524  第22章 比赛:3387  第23章 拜师:4119  第24章 云华:3673
          第25章 冲突:3416  第26章 灯会:3418  第27章 败北:3366  第28章 遇险:3414  第29章 引渡人:3950  第30章 幻境:3258
          第31章 秘密:3188  第32章 看不见的朋友:3669  第33章 坦白:3378  第34章 要工作吗？:3315  第35章 说好的不合适呢:3615  第36章 拜师大典:3243
          第37章 我有一个计划:3201  第38章 上清欢迎你:3465  第39章 计划:3505  第40章 准备揍人:3832  第41章 宗门任务:3281  第42章 失踪了:3361
          第43章 眼睛借给你:3203  第44章 废话真多:3454  第45章 巫槐:4508  第46章 收尾:3609  第47章 于我而言，你最重要:3403  第48章 我有一个朋友:3400
          第49章 秘境:3229  第50章 难姐难妹:3400  第51章 鬼修:3635  第52章 救援:3388  第53章 紫玄藤:3283  第54章 暴露:3409
          第55章 吻:3456  第56章 能理解吗？:3271  第57章 许瑶:4288  第58章 剑谱成:3347  第59章 不可飞升:3409  第60章 南明:3330
          第61章 戏班子:3519  第62章 变故:3351  第63章 不眠之夜:3481  第64章 前往西陵:3406  第65章 西陵仙人:3608  第66章 国师:3296
          第67章 你相信我:3354  第68章 愿望:3797  第69章 记忆:3511  第70章 你喜欢我，对吗？:3620  第71章 玉髓液:3507  第72章 白眼狼:4209
          第73章 坦白:3137  第74章 离开:3408  第75章 我是不是太得寸进尺了:3576  第76章 雾隐山:3615  第77章 亲回来:3335  第78章 两情相悦:3409
          第79章 小火苗:3307  第80章 真相:3650  第81章 尸怪:3472  第82章 海龟汤:3659  第83章 一脉相传:3107  第84章 引魂:3766
          第85章 不入轮回:3270  第86章 回宗:3289  第87章 会后悔吗？:3267  第88章 别卷了:3995  第89章 她俩好甜:3396  第90章 双修？:3081
          第91章 等你死了吃席:3588  第92章 另一件事:2893  第93章 暗恋:2158  第94章 倒计时:3257  第95章 我真的好想飞升:3285  第96章 是的，我拒绝了:1751
          第97章 赛前动员:3418  第98章 开个小会:3287  第99章 有心之人:3266  第100章 自爆:3339  第101章 得偿所愿:4102  第102章 我想活下去:3439
          第103章 我娘要杀我……:3563  第104章 套麻袋:3398  第105章 十年后:3533  第106章 出发:3335  第107章 救救她们:3313  第108章 母亲:3592
          第109章 战前:3863  第110章 选择:4136  第111章 尾声（上）:3295  第112章 尾声（下）:3395  第113章 番外一:3487  第114章 番外二:3410
          第115章 世无明月（一）:3433  第116章 世无明月（二）:3129  第117章 岁岁年年:4311

05:26:22  高危漫画生存指南 (今天有点甜诶) [完结]  108p→99章  927KB  OK
          https://www.52shuku.net/gl/05_b/bkcZp.html
          第1章:3717  第2章:3591  第3章:3642  第4章:3057  第5章:3254  第6章:3045
          第7章:3148  第8章:3265  第9章:3176  第10章:3066  第11章:3103  第12章:3118
          第13章:3043  第14章:3061  第15章:3105  第16章:3049  第17章:3055  第18章:3170
          第19章:3079  第20章:2279  第21章:2445  第22章:2161  第23章:2499  第24章:9277
          第25章:3195  第26章:3155  第27章:3168  第28章:3193  第29章:3121  第30章:3240
          第31章:1778  第32章:4312  第33章:6099  第34章:4296  第35章:4267  第36章:4425
          第37章:3175  第38章:3200  第39章:3173  第40章:3235  第41章:3163  第42章:3125
          第43章:3105  第44章:3129  第45章:3445  第46章:3033  第47章:3139  第48章:3226
          第49章:1567  第50章:3080  第51章:3070  第52章:3046  第53章:3604  第54章:2169
          第55章:3088  第56章:2248  第57章:3109  第58章:3068  第59章:2235  第60章:3131
          第61章:6122  第62章:3489  第63章:3059  第64章:3072  第65章:3428  第66章:3222
          第67章:1545  第68章:3168  第69章:3164  第70章:3062  第71章:1723  第72章:1725
          第73章:1459  第74章:3101  第75章:3115  第76章:3094  第77章:3016  第78章:3175
          第79章:3020  第80章:3099  第81章:3098  第82章:3122  第83章:3328  第84章:3026
          第85章:3019  第86章:3563  第87章:3064  第88章:3133  第89章:3363  第90章:3070
          第91章:1187  第92章:3080  第93章:3096  第94章:3080  第95章:3200  第96章:3147
          第97章:3869  第98章:1420  第99章:1459

05:27:05  我的复仇剧本崩了 (叶涩) [完结+番外]  108p→74章  965KB  OK
          https://www.52shuku.net/gl/05_b/bkcZn.html
          第1章:3158  第2章:3461  第3章:3153  第4章:3348  第5章:2823  第6章:3106
          第7章:4687  第8章:3550  第9章:3539  第10章:2489  第11章:2416  第12章:2951
          第13章:2865  第14章:2988  第15章:2417  第16章:3037  第17章:3378  第18章:2715
          第19章:3639  第20章:3210  第21章:3090  第22章:4582  第23章:4878  第24章:4241
          第25章:4375  第26章:3352  第27章:5649  第28章:3936  第29章:5047  第30章:6725
          第31章:5276  第32章:4571  第33章:3590  第34章:3535  第35章:4625  第36章:4893
          第37章:4014  第38章:5640  第39章:3261  第40章:5242  第41章:5851  第42章:6259
          第43章:4288  第44章:4218  第45章:4938  第46章:3910  第47章:5251  第48章:6457
          第49章:4915  第50章:5278  第51章:4567  第52章:3561  第53章:4898  第54章:5948
          第55章:5304  第56章:3389  第57章:6086  第58章:3617  第59章:3598  第60章:4658
          第61章:5615  第62章:5892  第63章:3616  第64章:4299  第65章:4932  第66章:5693
          第67章:3226  第68章:4530  第69章:4603  第70章:3325  第71章:5211  第72章:4760
          第73章 番外一算账:6625  第74章 番外二曾经:7436

05:28:17  救助的猫咪美人粘上我 (不虚不虚) [完结+番外]  193p→118章  1658KB  OK
          https://www.52shuku.net/gl/05_b/bkcZl.html
          第1章 收留一只小猫咪:3653  第2章 我不会放过你的:3363  第3章 那喜欢女妖精吗:3205  第4章 大妖是来报仇的:3153  第5章 笨蛋猫咪是文盲:3160  第6章 大妖比国宝稀有:3087
          第7章 猫咪谁研究的呢:3418  第8章 这是我家小猫咪:2659  第9章 猫咪大人答应了:2794  第10章 别这个时候化形:2677  第11章 小猫怎么喝醉了:1989  第12章 小猫咪挺兴奋的:2644
          第13章 怎么办败下阵来:2506  第14章 小猫咪耳朵很软:2952  第15章 贴贴是猫之常情:2360  第16章 你今天必有一劫:2234  第17章 直言直语小猫咪:2117  第18章 年轻时候杀过人:2460
          第19章 反观这位姒小姐:2242  第20章 事已至此先找猫:2193  第21章 你为什么要这样:2266  第22章 你身上有其他味:2326  第23章 小手冰凉紧紧握:2648  第24章 你的命是我的！:11216
          第25章 小腹平缓又柔软:6190  第26章 这样早晚得出事:5977  第27章 抱就抱了如何呢:6742  第28章 又偷走了内丹？:5999  第29章 别说，还挺般配:6379  第30章 虎视眈眈的小猫:5224
          第31章 齐旸宁你最好了:6254  第32章 吸猫狂魔齐旸宁:6893  第33章 邪修比双修还强:6434  第34章 这位美女单身吗:6279  第35章 原来受不了吃醋:6340  第36章 玄学尽头是科学:6428
          第37章 预言要应验了吗:6494  第38章 祸从口出怎么写:6420  第39章 是否愿意来冲喜:6353  第40章 挺好下次还喝酒:5876  第41章 一人一猫的距离:6505  第42章 小猫咪威严全无:6530
          第43章 齐旸宁的猫咪:6453  第44章 这个人好生狡猾:6674  第45章 依旧是因为喜欢:6247  第46章 可爱小猫敲竹杠:6604  第47章 在此刻道心清澈:6237  第48章 把那大妖交出来:4980
          第49章 全灭口，又如何:4672  第50章 把齐旸宁抓回去:4183  第51章 梦中也有人识君:4989  第52章 严肃时刻聊这个:4913  第53章 偷偷摸摸办正事:4794  第54章 小猫咪不用操心:4588
          第55章 是新到的妖奴吗:5032  第56章 交易市场的规矩:4511  第57章 你不同意也可以:4263  第58章 我们被困在这了:4619  第59章 冲出护宝大阵！:4548  第60章 你我是生死结契:4437
          第61章 或许应该离开了:4499  第62章 敢在管理局动手:4566  第63章 入梦者三千余人:4490  第64章 可从她家找线索:4581  第65章 这个名字我记得:4446  第66章 师妹在房间等您:4644
          第67章 齐天师还是这般:4504  第68章 顺利过头的诡异:4373  第69章 人与猫高度吻合:4327  第70章 雷鸣声不祥之兆:4509  第71章 大妖该有的样子:4464  第72章 小情侣一如既往:4247
          第73章 师姐，师姐夫人:4482  第74章 不洗澡就想上床:4317  第75章 小猫咪又回来了:4754  第76章 说说干什么去了:4573  第77章 小猫咪直钩也咬:4429  第78章 精气神三花聚顶:3913
          第79章 我才不和你一起:4748  第80章 有心眼子但不多:4324  第81章 中心塔藏匿秘辛:4321  第82章 好久不见小猫咪:4465  第83章 我说，我讨厌你:4430  第84章 笨小猫后知后觉:4381
          第85章 小猫咪意图不明:4084  第86章 或许你也是同伙:4331  第87章 是他们该小心些:4390  第88章 与齐家主有渊源:4544  第89章 久违的又是血祭:4280  第90章 梦境带出的陷阱:3986
          第91章 你就是我的软肋:4450  第92章 朱厌的计划之一:4201  第93章 直接快进到求婚:4324  第94章 这又是灭城之灾:3995  第95章 瓮中捉鳖有趣吧:4839  第96章 这是你的礼貌？:4098
          第97章 在绝对实力面前:4410  第98章 真的结束了吗？:4825  第99章 突兀的奇怪气味:4415  第100章 彻底被邪气吞噬:4133  第101章 齐家道观未庆观:4499  第102章 齐家秘境被破！:4185
          第103章 你怎么弑杀至亲:4624  第104章 为何诅咒没应验:4360  第105章 为何与当年一样:4191  第106章 为何你如此不公:4529  第107章 齐旸宁你是……:5007  第108章 一切失去了掌控:4357
          第109章 虽是两体成一体:5045  第110章 喵【正文完结】:5049  第111章:4809  第112章:5519  第113章:6101  第114章:6277
          第115章:5734  第116章:6633  第117章:6883  第118章:4834

05:29:27  困雪山后，被雪狼投喂了 (过渡) [完结+番外]  190p→156章  1641KB  OK
          https://www.52shuku.net/gl/05_b/bkcZk.html
          第1章 绝处逢生:3127  第2章 储备粮:4226  第3章 爱干净:3258  第4章 食物:3548  第5章 烤狼:2855  第6章 孤寂:3458
          第7章 朋友:6347  第8章 炸毛:4078  第9章 雪山大厨:3288  第10章 大馋狼:2270  第11章 崇拜:2515  第12章 拒绝:2361
          第13章 等待:3501  第14章 脚步声:2096  第15章 亲亲:2045  第16章 收获装备:3185  第17章 贱兮兮:3021  第18章 恐慌:2129
          第19章 温泉:2047  第20章 一眨不眨:3156  第21章 救命恩狼:3215  第22章 好玩:4513  第23章 勾引:10250  第24章 头狼:6715
          第25章 饶有兴趣:6283  第26章 色狼:6210  第27章 危机:6050  第28章 法术:6544  第29章 再次通话:6545  第30章 生病:6518
          第31章 喝粥:3558  第32章 绝望:3203  第33章 吊桥效应:2899  第34章 人不见了:3253  第35章 虚惊一场:2883  第36章 走了:3539
          第37章 翻白眼:3005  第38章 不熟:3547  第39章 自夸:3544  第40章 熟悉:3272  第41章 试探:3545  第42章 吃了你:3199
          第43章 居心叵测:4412  第44章 暴露:3090  第45章 傲娇狼:3565  第46章 咬伤人:2935  第47章 利弊相生:3198  第48章 名字:3637
          第49章 沐辞:4293  第50章 严肃:3195  第51章 另有隐情:3212  第52章 非常愤怒:2879  第53章 名分:3252  第54章 气笑了:4015
          第55章 欺狼太甚:3202  第56章 危险:3259  第57章 不自在:2856  第58章 标记气味:3568  第59章 莺莺燕燕:3268  第60章 白毛狗:3222
          第61章 挑剔:3217  第62章 不是好人:2999  第63章 善良:3882  第64章 牵手:3230  第65章 狼来了:3596  第66章 目光定格:3529
          第67章 礼物:2897  第68章 炫耀:3562  第69章 狼狼日记:3022  第70章 占有欲:3265  第71章 不喜欢:3529  第72章 找狼:3230
          第73章 小心眼:2930  第74章 恋爱:3540  第75章 落荒而逃:2198  第76章 狼狼激动:4701  第77章 顺其自然:3191  第78章 心机狼:2966
          第79章 求偶:2963  第80章 攻略:3097  第81章 摘花:2967  第82章 狼狼受伤:3231  第83章 变态:2954  第84章 不好亲:3300
          第85章 忘词:3028  第86章 有才华:3249  第87章 倒数五秒:2859  第88章 不纯洁:3578  第89章 并肩的名字:2950  第90章 人喜欢狼:3546
          第91章 害羞:3190  第92章 被亲了:3566  第93章 照顾:3970  第94章 尾巴:2202  第95章 坦白:3263  第96章 相处融洽:3303
          第97章 信号丢失:2963  第98章 不告而别:3264  第99章 已红温:2878  第100章 不管她:3621  第101章 和好:3013  第102章 古董:3209
          第103章 大富狼:3237  第104章 沐CEO:3541  第105章 沐氏集团:3318  第106章 总裁狼狼:3205  第107章 神奇开关:2916  第108章 没饱过:3284
          第109章 爱人的方式:3545  第110章 半斤八两:3187  第111章 难挨:2239  第112章 呆头鹅:3965  第113章 教学:6250  第114章 无节制:3059
          第115章 不可以:3269  第116章 心疼:2972  第117章 可以:3526  第118章 百宝袋:2894  第119章 艰难选择:3219  第120章 不再孤独:2970
          第121章 别发疯:3263  第122章 收拾:2975  第123章 很美:3250  第124章 耍流氓:3542  第125章 满足:3062  第126章 白头偕老:3055
          第127章 拒绝沟通:3294  第128章 掐秒计数:6315  第129章 摇尾巴:2927  第130章 被迫坦白:3202  第131章 不动摇:2971  第132章 贿赂:3243
          第133章 不能欺负:2878  第134章 画:3192  第135章 引诱:2952  第136章 一同进步:3624  第137章 往后每年:3873  第138章 狼狼视角01:3069
          第139章 狼狼视角02:3226  第140章 狼狼视角03:3188  第141章 甜蜜日常01:3227  第142章 甜蜜日常02:3244  第143章 甜蜜日常03:3044  第144章 甜蜜日常04:3233
          第145章 甜蜜日常05:3028  第146章 甜蜜日常06:3025  第147章 甜蜜日常07:3569  第148章 甜蜜日常08:3529  第149章 甜蜜日常09:3210  第150章 甜蜜日常10:3256
          第151章 甜蜜日常11:3178  第152章 甜蜜日常12:3235  第153章 狼蛇吵架13:3239  第154章 狼蛇吵架14:3188  第155章 前世01:3044  第156章 前世02:3053

05:30:07  盛夏轻冉：林夏的追姐之路 (柯又凝) [完结]  107p→133章  994KB  OK
          https://www.52shuku.net/gl/05_b/bkcYJ.html
          第1章 雾村:1786  第2章 病房理的老赖:2488  第3章 叶总，幸会:1222  第4章 林小姐是个麻烦精:1597  第5章 无情的房东:2223  第6章 你们叶总好高冷:2315
          第7章 叶总早上好:2825  第8章 叶总好别扭:2153  第9章 你就不能稳重些？:2311  第10章 不一样的甜:1806  第11章 叶总，我帮你擦药:2537  第12章 莫名的烦躁:1992
          第13章 有点点期待:1962  第14章 像羽毛轻轻拂过:2433  第15章 你怎么还没走:2079  第16章 怕了你了:1734  第17章 刻意压制的柔软又悄悄冒头了:1395  第18章 莫名的痒:2673
          第19章 叶总做了春梦:2139  第20章 叶总又已读不回了:2216  第21章 无关紧要的人:1766  第22章 林夏亲了那谁:1440  第23章 叶清冉你别躲着我:4330  第24章 叶清冉。我喜欢你很久了:4747
          第25章 你喝醉了，不用放在心上:2622  第26章 叶总的关心笨拙而隐晦:1926  第27章 不再那么抗拒内心的悸动:1276  第28章 她太想她了:4053  第29章 叶总被小姑娘拐走了:3021  第30章 叶清冉约我看电影了！:6531
          第31章 这是她们第一次拥抱:5444  第32章 叶清冉亲了林夏:3236  第33章 还叫叶总吗:3115  第34章 深沉的喜欢:1785  第35章 最美好的时光:5490  第36章 姓钟的醉得不省人事:3671
          第37章 有姐姐在就不冷了:3965  第38章 雪天的摩天轮:3294  第39章 赵美琪:4781  第40章 深夜的醒酒汤:3748  第41章 校内网女主角:1601  第42章 两人三餐四季平安:3855
          第43章 把自己交付给叶清冉:2762  第44章 开虐:1471  第45章 柳玉茹的虐待:2151  第46章 你要是还不认错，有你好受的:1389  第47章 被随意丢弃在尘埃里:2146  第48章 不该活在世上的怪物:1839
          第49章 是她错了:2044  第50章 林夏在撒谎:2869  第51章 真的很疼:1495  第52章 分岔路:1780  第53章 叶清冉的反击:2163  第54章 我们分手吧:2069
          第55章 钟盈就是故意想让她失态:2436  第56章 叶总要强抢民女？:1991  第57章 这下玩脱了:2294  第58章 不知所谓:1048  第59章 精心设计的圈套:2484  第60章 无法愈合的伤口:1882
          第61章 林夏归来:2366  第62章 半面之交:2678  第63章 林夏你疯了:1688  第64章 这么香的姐姐我只有一个:1620  第65章 姐姐，你心跳好快:1308  第66章 乖乖听你们的话，不好吗:1712
          第67章 公事公办:1652  第68章 实习生:1825  第69章 私事我不管:1507  第70章 绝不能再被林夏搅乱心神:1942  第71章 最炙热的过往:2034  第72章 温泉山庄的偶遇:1425
          第73章 叶总，一起泡汤吧:1492  第74章 天底下哪有那么多的巧合:1829  第75章 没完没了的追逐游戏:1657  第76章 有什么值得我在乎吗:2348  第77章 我在追你:2922  第78章 赌我会不会重新爱上她:1969
          第79章 安分守已的秘书:2215  第80章 叶总油盐不进:1756  第81章 林秘书辛苦了:2123  第82章 叶总的习惯我一直没忘:2029  第83章 下班时间可以蹭:1886  第84章 那只助听器:2364
          第85章 别丢下我:2019  第86章 别爱我:1408  第87章 叶总的信任:2358  第88章 叶总，起床了:3241  第89章 借着工作名义旅游了:4049  第90章 沈公子是绿茶:4175
          第91章 愣着干什么:2441  第92章 复仇才是唯一目的:1796  第93章 叶总舍得吗:1451  第94章 一个人在家洗澡关什么门:2498  第95章 愈来愈贪婪的靠近:3241  第96章 你好像很关心这件事？:2207
          第97章 真相:2323  第98章 校园霸凌的受害者从不可耻:2656  第99章 扔了把指甲钳:5263  第100章 我要当你的小三你的姘头你的情妇:2235  第101章 拍你的艳照:3728  第102章 尘埃落定:1301
          第103章 不能闹出人命:4001  第104章 摧毁她人生的帮凶:3226  第105章 妻妻之实:3255  第106章 这是商业窃密:2224  第107章 复仇的棋局:2754  第108章 不希望林夏出事:2097
          第109章 叶总救妻:2687  第110章 心甘情愿跳进陷阱的傻子:3715  第111章 沉默的真相:2238  第112章 这场仗，她还没输。:2100  第113章 招标会:1905  第114章 她想鱼死网破:1586
          第115章 正名之路:1412  第116章 路的尽头:1600  第117章 她人呢？:2960  第118章 记忆重叠:1863  第119章 刺破了二十年的黑暗:2161  第120章 那个学姐没有忘记她:2189
          第121章 你可以哭可以怨可以对我发脾气:2188  第122章 温室里的向日葵:1609  第123章 小向日葵，要一直向着光:2988  第124章 她在等:3202  第125章 很轻，很慢，却在往前走:3761  第126章 有了一个家:4659
          第127章 允许自己活过来:4055  第128章 老板娘:2144  第129章 三餐四季，平淡相守:2541  第130章 再也跑不掉了:1856  第131章 画册里全是叶清冉的足迹:2495  第132章 你的生日，是盛夏的季节:2562
          第133章 换我走向你:1553

05:31:13  家有清冷娇妻 (素人子衿) [完结]  113p→102章  1022KB  OK
          https://www.52shuku.net/gl/05_b/bkcYI.html
          第1章 司法正义:2978  第2章 贪欢:3046  第3章 胁迫:3200  第4章 相信我:3323  第5章 北一，别闹了:3734  第6章 探视:3053
          第7章 生变:3077  第8章 妙瓦底:3179  第9章 柳媚:3164  第10章 出尔反尔:3347  第11章 初次交锋:3959  第12章 默契:3055
          第13章 虚张声势:3084  第14章 赵明恒:3536  第15章 赵明傅:3728  第16章 绑架顾问:3658  第17章 你在哪？我去找你:3349  第18章 城西的桂花落了:3035
          第19章 逼问:3543  第20章 布局:3178  第21章 昂山:3232  第22章 交接:3145  第23章 回忆:3198  第24章 她好像很怕冷:3371
          第25章 周队长，请自重:3438  第26章 突发:3647  第27章 敷药:3208  第28章 第三名受害者:3313  第29章 新的嫌疑人:3076  第30章 冯浩:3022
          第31章 沉默仪式:3182  第32章 她是怎样一个人:3122  第33章 追逐:3217  第34章 八爪鱼:3065  第35章 蹲下来点:3041  第36章 奖励:3112
          第37章 一起去江边:3042  第38章 下来看雪:3286  第39章 林北一，我喜欢你:3050  第40章 身子虚？:3083  第41章 带状疱疹:3214  第42章 敷药:3262
          第43章 你怎么狠得下心的:3289  第44章 暧昧挠人:3319  第45章 你该飞往春山:3147  第46章 我想睡她，过分吗:3115  第47章 你知道的，我喜欢你:3279  第48章 老婆大人:4690
          第49章 卯丹:5146  第50章 清除敏多:3252  第51章 扳倒温汀:3516  第52章 柳媚的过往:3395  第53章 瓦解卯丹:3616  第54章 老K:3279
          第55章 凶手林北一:4440  第56章 寻证:3595  第57章 过往:3311  第58章 钱满财:3025  第59章 于晓霞:3002  第60章 斯多葛主义:3021
          第61章 门上的血迹:3050  第62章 对峙:3220  第63章 可以住我家:3193  第64章 拨乱反正:3490  第65章 梦境:3008  第66章 证物:3194
          第67章 录音笔:3014  第68章 真相:3030  第69章 过往:3419  第70章 伞下的安全区:3032  第71章 祝你好运:3489  第72章 回国:3314
          第73章 同居:3285  第74章 负责到底:3444  第75章 ptsd:3499  第76章 没兴趣了吗:4175  第77章 周队长，好体力:3148  第78章 自救:3626
          第79章 青山与我:3022  第80章 她是我爱人:3276  第81章 第欧格尼的灯笼:3102  第82章 追妻火葬场:3102  第83章 心病难医:3292  第84章 没资格见她:3233
          第85章 林北辰:3251  第86章 你在等爱人吗:3126  第87章 你的花掉了:3328  第88章 跟踪:3142  第89章 争执:3039  第90章 描摹:3419
          第91章 精神依赖:3085  第92章 宴会:3343  第93章 我很想你:3038  第94章 交易:3069  第95章 视频火了:3087  第96章 救急:3318
          第97章 被撞见:3315  第98章 跟别人能交易，跟我不行？:2990  第99章 买你两天:4275  第100章 你为什么怕冷:3044  第101章 我们都病了:3577  第102章 生命不该被定义:4380

05:32:18  巧取豪夺了清冷教授 (墨鱼沅汐) [完结]  175p→95章  1618KB  OK
          https://www.52shuku.net/gl/04_b/bkcYw.html
          第1章 我要她做我女朋友:3256  第2章 我喜欢你:3185  第3章 这么傲？:3163  第4章 疯子！无赖！:4705  第5章 捏碎她的傲骨:4123  第6章 恶意欺.凌:3050
          第7章 羞愤:4288  第8章 等你求我:4403  第9章 浴室.吻:4841  第10章 占有:3372  第11章 我与你日久生情:3664  第12章 抱我，吻我:3552
          第13章 摸我~:3700  第14章 你在勾引我~:3288  第15章 都怪你！:3431  第16章 这次你在上面~:4993  第17章 你是属于我的:3709  第18章 上流宴会:5133
          第19章 惩罚.吻:5535  第20章 我是你的谁？:3278  第21章 祈爱:4229  第22章 萧澄之，我爱你:3627  第23章 手指.烫:4308  第24章 订婚宴:4808
          第25章 最后的告别:3496  第26章 我恨你:2892  第27章 要挟:3728  第28章 失控:3895  第29章 偏执:3888  第30章 你跑不掉了:5218
          第31章 重逢.强吻:3506  第32章 萧澄之，不可以！:4156  第33章 狠狠地上…你！:3294  第34章 烈火灼情:4826  第35章 以爱筑牢:3985  第36章 爱.欲.沉沦:3366
          第37章 飞来横祸:3594  第38章 放我走好吗:4587  第39章 萧澄之，我害怕:4323  第40章 爱的决心:3586  第41章 萧澄之，你变态！:3516  第42章 人总要结婚的:4276
          第43章 见前男友，怎么不带我一起:3527  第44章 我现在喜欢的是你:2790  第45章 “逃婚”:4318  第46章 取消婚礼:3334  第47章 我们分手:3406  第48章 祝你们白头偕老，百子千孙:3614
          第49章 去见她最后一面:5595  第50章 萧澄之死了！:5295  第51章 我们复合，好不好？:7095  第52章 我们从来就不般配:7666  第53章 小妖精~:9557  第54章 萧澄之，要我:3468
          第55章 我想要你的爱:3202  第56章 我对你没兴趣:5206  第57章 这简直是…魅魔:5729  第58章 萧澄之有了其他女孩:7125  第59章 爱到连命都可以不要:8108  第60章 酸味几乎要溢出来:3960
          第61章 这样更舒服:3808  第62章 想把你揉碎，弄哭~:9013  第63章 腿软了…走不动了:11818  第64章 推开挚爱:7130  第65章 她再也推不开她了:8845  第66章 用嘴喂我:7115
          第67章 老婆，欢迎回家:8652  第68章 娶我，好不好:9764  第69章 萧大小姐，欢迎“回家”:10760  第70章 别…不要在这里:8796  第71章 食色性也:9052  第72章 你老婆，很快是我的:9167
          第73章 为什么不相信我:6575  第74章 我有女朋友:7778  第75章 火上浇油曲清浅:3765  第76章 只有我才可以欺负她:5496  第77章 落清…为什么绑…:5625  第78章 我要老婆抱抱~:5362
          第79章 萧澄之诚挚地爱着她:8205  第80章 言冰的诱惑:5669  第81章 这次，我在上面~:8395  第82章 把手拿出来:10308  第83章 比她们玩的更花，更变态…:5442  第84章 你很脏:5305
          第85章 心碎的恳求:12556  第86章 她胸口那颗痣很性感:10043  第87章 我们离婚吧:9612  第88章 我的萧澄之更可爱了:12410  第89章 引蛇出洞:7929  第90章 迟来的忏悔:7653
          第91章 我两离婚了:10336  第92章 她一定要活着回来:8239  第93章 该言槿付出代价了:4110  第94章 亲不够~:8092  第95章 甜蜜求婚了~（正文完）:9699

05:33:20  无人知晓[重生] (李思诺) [完结]  174p→110章  1481KB  OK
          https://www.52shuku.net/gl/04_b/bkcYv.html
          第1章:3865  第2章:3286  第3章:3828  第4章:4728  第5章:3713  第6章:4149
          第7章:3629  第8章:2811  第9章:2114  第10章:3497  第11章:3659  第12章:2154
          第13章:2705  第14章:2350  第15章:1437  第16章:2789  第17章:3045  第18章:2575
          第19章:2544  第20章:1972  第21章:3786  第22章:10330  第23章:6369  第24章:7797
          第25章:7295  第26章:6329  第27章:7072  第28章:6472  第29章:6353  第30章:6453
          第31章:6255  第32章:6438  第33章:6517  第34章:6477  第35章:6460  第36章:6451
          第37章:3658  第38章:3362  第39章:6404  第40章:6352  第41章:6621  第42章:6388
          第43章:4303  第44章:4647  第45章:6432  第46章:3697  第47章:6767  第48章:3709
          第49章:3420  第50章:3328  第51章:3371  第52章:4081  第53章:4079  第54章:3951
          第55章:3771  第56章:3636  第57章:3706  第58章:3998  第59章:5239  第60章:5662
          第61章:6066  第62章:3643  第63章:3334  第64章:6007  第65章:6598  第66章:6703
          第67章:6335  第68章:6651  第69章:7017  第70章:6588  第71章:7655  第72章:6350
          第73章:3451  第74章:3354  第75章:3333  第76章:3648  第77章:3746  第78章:3675
          第79章:3325  第80章:3778  第81章:3357  第82章:3900  第83章:3957  第84章:3712
          第85章:3383  第86章:4282  第87章:3697  第88章:3642  第89章:3670  第90章:3451
          第91章:3388  第92章:3563  第93章:3359  第94章:3992  第95章:4282  第96章:3349
          第97章:3664  第98章:3233  第99章:3948  第100章:3809  第101章:3743  第102章:3642
          第103章:3247  第104章:3380  第105章:4285  第106章:3276  第107章:3641  第108章:3392
          第109章:3555  第110章:4379

05:34:07  虎虎捡到眼盲病美人后 (榆思存) [完结+番外]  117p→94章  1014KB  OK
          https://www.52shuku.net/gl/04_b/bkcYu.html
          第1章 眼神不太好:3326  第2章 为什么？:3110  第3章 背过身去:3745  第4章 若是没有眼盲:3096  第5章 她是欢喜的:3259  第6章 当成猫:3178
          第7章 好不好:3092  第8章 不可挑食:3175  第9章 道歉做什么？:3138  第10章 两幅面孔:3048  第11章 隐藏:2285  第12章 视财如命:2097
          第13章 床塌了？:1632  第14章 我走不动了:2097  第15章 是血:3605  第16章 柔软而温热:3602  第17章 你太明显了:1545  第18章 喜欢:2073
          第19章 中毒而亡:2194  第20章 发烫:3057  第21章 血气珠:3228  第22章 我在:3341  第23章 睚眦必报:9248  第24章 得罪就得罪了:3224
          第25章 滚烫:3194  第26章 忍一忍:6260  第27章 数百万本:3240  第28章 万一呢:3215  第29章 张嘴:3269  第30章 也会先行选择白晏:3070
          第31章 乱说什么:3236  第32章 尊重:3037  第33章 治疗:3056  第34章 鸟兽:3019  第35章 想亲:3009  第36章 你也是:3208
          第37章 相吻:3254  第38章 感觉:3077  第39章 还是小陆好:3027  第40章 感觉和你认识很久了:3233  第41章 小陆，你还好吗？:3214  第42章 在我身旁就好:3238
          第43章 危言耸听:3304  第44章 头伸过来:3209  第45章 混乱的思绪:3240  第46章 心情好点了吗？:3248  第47章 回味:3460  第48章 是我喜欢的:3303
          第49章 还很会的样子:3200  第50章 有找道侣的打算吗？:3073  第51章 小哭包:3108  第52章 你需要的话:3208  第53章 发情期:3184  第54章 再里面一点:2865
          第55章 耳朵红得能滴出血来:3250  第56章 随我回去:3184  第57章 她们都说是你:3183  第58章 该死的尚音宗:3254  第59章 要去做件大事:3220  第60章 果然被抓了:3230
          第61章 来这，怎么不和我说一声？:3255  第62章 委屈:3224  第63章 出事了:3192  第64章 要听实话吗:3202  第65章 热情易炸毛:3193  第66章 好奇:3190
          第67章 彩头:3185  第68章 猩甜:3204  第69章 丹药:3196  第70章 闭关:3194  第71章 约个赌:3195  第72章 心态挺好哈:4654
          第73章 结为道侣:3279  第74章 好话:3176  第75章 接受:3283  第76章 恶劣:2848  第77章 秘境:6029  第78章 贴近我:4875
          第79章 嘲讽:3692  第80章 挑个事:5249  第81章 天级秘境:10038  第82章 她的生死:3205  第83章 好喜欢你:3205  第84章 影响:6259
          第85章 医者仁心:5549  第86章 原因:6292  第87章 正文完:6359  第88章 番外一:3172  第89章 番外二:3177  第90章 番外三:3203
          第91章 白灵和简安莲（一）:3173  第92章 白灵和简安莲（二）:3208  第93章 白灵和简安莲（完）:6926  第94章 全文完:4983

05:34:54  认错女主找对老婆[快穿] (望元宵) [完结]  128p→118章  1150KB  OK
          https://www.52shuku.net/gl/04_b/bkcYq.html
          第1章:2787  第2章:3104  第3章:3043  第4章:3139  第5章:3158  第6章:3120
          第7章:3122  第8章:3791  第9章:3245  第10章:3523  第11章:3196  第12章:3254
          第13章:3017  第14章:3179  第15章:3111  第16章:3070  第17章:3043  第18章:2994
          第19章:3173  第20章:3093  第21章:3272  第22章:2363  第23章:3194  第24章:2367
          第25章:3173  第26章:2149  第27章:3084  第28章:2293  第29章:10162  第30章:3458
          第31章:3119  第32章:2048  第33章:2344  第34章:3039  第35章:4730  第36章:3080
          第37章:3067  第38章:3025  第39章:3285  第40章:3120  第41章:3034  第42章:2032
          第43章:3033  第44章:3449  第45章:3088  第46章:3293  第47章:3596  第48章:2565
          第49章:3173  第50章:3161  第51章:3148  第52章:3071  第53章:3047  第54章:3058
          第55章:3194  第56章:3022  第57章:3046  第58章:3246  第59章:2230  第60章:3021
          第61章:3126  第62章:3708  第63章:3171  第64章:3156  第65章:3104  第66章:3089
          第67章:4094  第68章:4692  第69章:3052  第70章:3345  第71章:3013  第72章:3006
          第73章:3485  第74章:3104  第75章:3080  第76章:3176  第77章:3082  第78章:3045
          第79章:3006  第80章:3046  第81章:3113  第82章:3160  第83章:3063  第84章:2583
          第85章:2453  第86章:2616  第87章:3196  第88章:5463  第89章:3767  第90章:3625
          第91章:3056  第92章:3124  第93章:3037  第94章:3384  第95章:3945  第96章:3327
          第97章:3083  第98章:3652  第99章:3344  第100章:3108  第101章:3350  第102章:3118
          第103章:3734  第104章:3205  第105章:3185  第106章:4922  第107章:3204  第108章:3490
          第109章:3188  第110章:3180  第111章:3404  第112章:3049  第113章:3419  第114章:3416
          第115章:3708  第116章:3033  第117章:3084  第118章:4082

05:35:36  影后潜的小猫咪 (柠檬半点酸) [完结]  111p→147章  1044KB  OK
          https://www.52shuku.net/gl/04_b/bkcXX.html
          第一章:0  第一章：十六岁的夏天:4904  第二章:5333  第三章:0  第三章：有限期的关系:4635  第四章:0
          第四章：魅魔与小妖精:5746  第五章:0  第五章：半夜的来电:5056  第六章:0  第六章：微热的缠绵:4079  第七章:0
          第七章：宠妹的宫绵:4476  第八章:0  第八章：吃火锅:4864  第九章:0  第九章：《耀夜星光》:5537  第十章:0
          第十章：补选:4114  第十一章:0  第十一章：剪刀腿:4293  第十二章:0  第十二章：入营:4332  第十三章:0
          第十三章：初舞台:4581  第十四章:0  第十四章：队员:4451  第十五章:0  第十五章：维护六小块:5133  第十六章:0
          第十六章：人气:4925  第十七章:0  第十七章：第一次公演:4495  第十八章:0  第十八章：导师:4784  第十九章:0
          第十九章：选择:4435  第二十章:0  第二十章：婆婆看媳妇:4815  第二十一章:0  第二十一章：拿第一求亲亲:5636  第二十二章:0
          第二十二章：队伍重组:4379  第二十三章:0  第二十三章：去顺毛:4048  第二十四章:0  第二十四章：总决赛前:3314  第二十五章:0
          第二十五章：总决赛:4044  第二十六章:0  第二十六章：乖乖听话的猫咪:3263  第二十七章:4539  第二十八章:0  第二十八章：无端的ＣＰ:3946
          第二十九章:0  第二十九章：ＣＰ继续增加中:6813  第三十章:0  第三十章：甚么是……爱情？:4008  第三十一章:0  第三十一章：面皮不够厚追不了老婆的！:5734
          第三十二章:0  第三十二章：饱足一顿:2873  第三十三章:0  第三十三章：光明正大来探班:4157  第三十五章:0  第三十五章：来监场的齐影后:5118
          第三十四章:0  第三十四章：新的剧本:4095  第三十六章:0  第三十六章：受伤:3965  第三十七章:0  第三十七章：生气了的齐影双:3653
          第三十八章:0  第三十八章：吻戏:3334  第三十九章:0  第三十九章：饭局:4869  第四十章:0  第四十章：绯闻:4136
          第四十一章:0  第四十一章：再次踩到老虎尾巴:4449  第四十二章:0  第四十二章：有仇必报:4134  第四十三章:0  第四十三章：聪明的不是周志霆:3942
          第四十四章:0  第四十四章：你踩到了我的小尾巴~!:4594  第四十五章:0  第四十五章：老的手段历久不衰:3745  第四十六章:0  第四十六章：被愤怒蒙蔽:4057
          第四十七章:0  第四十七章：黑熊怕怕:3853  第四十八章:0  第四十八章：原来妳的“父母”是……:4180  第四十九章:0  第四十九章：憔悴的小猫咪:4924
          第五十章:0  第五十章：鷨昕新任的小董事。:4302  第五十一章:0  第五十一章：想要角色的话，要给我跟妳回家～:4921  第五十二章:0  第五十二章：半夜敲房门:3685
          第五十三章:0  第五十三章：妥妥吃醋:4004  第五十四章:0  第五十四章：缠人的醉猫:3886  第五十五章:0  第五十五章：醒来后欠债了！？:4747
          第五十六章:0  第五十六章：欠债的人没资格做猛一:3829  第五十七章:1380  第五十八章:2944  第五十九章:3849  第六十章:0
          第六十章：谁是当红小花的“姐姐”？:4227  第六十一章:0  第六十一章：突如其来的恋综:4095  第六十二章:0  第六十二章：唱甜歌追老婆～:4066  第六十三章:0
          第六十三章：不会玩游戏的老婆好可爱～:4288  第六十四章:4249  第六十五章:4140  第六十六章:3466  第六十七章:0  第六十七章：邻家明明比糯米团可爱！:4240
          第六十八章:0  第六十八章：影后攻，猫咪受:4674  第六十九章:0  第六十九章：确定的吻:6328  第七十章:0  第七十章：老谋深算的色猫:3293
          第七十一章:0  第七十一章：正式见家长:4926  第七十二章:0  第七十二章：顺便催小齐娶走小崽:4152  第七十三章:0  第七十三章：每日闪瞎全网:4359
          第七十四章:0  第七十四章：恋综播完，全网催婚:3468  第七十五章:0  第七十五章：不意外地拿奖了:5047  第七十六章:0  第七十六章：剧本:5842
          第七十七章:4491  第七十八章:0  第七十八章：热搜始终是她们的:8010

05:36:21  穿成穷苦奶味A (柠檬半点酸) [完结+番外]  113p→154章  1054KB  OK
          https://www.52shuku.net/gl/04_b/bkcXW.html
          第1章 预前章:795  第2章 第一章:0  第一章：到底死了没有？:4095  第3章 第二章:0  第二章：弱Ａ？:4866  第4章 第三章:0
          第三章：8会所:5078  第5章 第四章:0  第四章：为甚么她又被弟弟卖了？:5042  第6章 第五章:0  第五章：万一找到真命天Ａ呢？:4710  第7章 第六章:0
          第六章：我就要她。:5257  第8章 第七章:0  第七章：Ｏ的性别，Ａ的气场:4267  第9章 第八章:0  第八章：超龄分化的Ａ:4541  第10章 第九章:0
          第九章：想见“主人”:3619  第11章 第十章:0  第十章：我要告状！:3900  第12章 第十一章:0  第十一章：这是传说中的黑卡？:5947  第13章 第十二章:0
          第十二章：拿着黑卡去Shopping:5310  第14章 第十三章:0  第十三章：不做金丝雀:4883  第15章 第十四章:0  第十四章：金丝雀的“业务”:4778  第16章 第十五章:0
          第十五章：刷妳的卡～:4455  第17章 第十六章:0  第十六章：妳闻到奶膻味吗？:5055  第18章 第十七章:0  第十七章：那股花香好GOU人:4066  第19章 第十八章:0
          第十八章：标记的后遗症:4305  第20章 第十九章:0  第十九章：梅开二度、三度:4457  第21章 第二十章:0  第二十章：恭喜妳成为真正女人～:4287  第22章 第二十一章:0
          第二十一章：腺体的变化:4156  第23章 第二十二章:0  第二十二章：高分过考，给点奖励:4581  第24章 第二十三章:0  第二十三章：游泳池派对:4376  第25章 第二十四章:0
          第二十四章：吃醋、悸动和标记:4282  第26章 第二十五章:0  第二十五章：烧烤和啤酒:3973  第27章 第二十六章:0  第二十六章：跑业务:4579  第28章 第二十七章:0
          第二十七章：易感期:4355  第29章 第二十八章:0  第二十八章：纸包不住火:5259  第30章 第二十九章:0  第二十九章：仲氏一家:4537  第31章 第三十章:0
          第三十章：深夜的玫瑰:4432  第32章 第三十一章:0  第三十一章：抱抱不做:4500  第33章 第三十二章:0  第三十二章：关于喜欢:4916  第34章 第三十三章:0
          第三十三章：晴天霹雳:4494  第35章 第三十四章:0  第三十四章：夜宴:4351  第36章 第三十五章:0  第三十五章：诱发剂:4448  第37章 第三十六章:0
          第三十六章：小宇宙大爆发:4338  第38章 第三十七章:0  第三十七章：伪O假A:3910  第39章 第三十八章:0  第三十八章：吃软饭的Ａ？:4652  第40章 第三十九章:0
          第三十九章：指TAO:5300  第41章 第四十章:0  第四十章：信息素破表的标记:1458  第42章 第四十一章:0  第四十一章：国家珍Ａ:4889  第43章 第四十二章:0
          第四十二章：生日宴会:4783  第44章 第四十三章:0  第四十三章：第一次亮相:4236  第45章 第四十四章:0  第四十四章：总统套房:4319  第46章 第四十五章:0
          第四十五章：小玩具:3261  第47章 第四十六章:0  第四十六章：人渣弟弟:4204  第48章 第四十七章:0  第四十七章：跟纵:4177  第49章 第四十八章:0
          第四十八章：信息素对抗:5169  第50章 第四十九章:0  第四十九章：协助调查:4300  第51章 第五十章:0  第五十章：可不可以不坐牢:4267  第52章 第五十一章:0
          第五十一章：钉耳洞:4091  第53章 第五十三章:0  第五十三章：霸总被上的人设:3490  第54章 第五十四章:0  第五十四章：副总要请假:4893  第55章 第五十五章:0
          第五十五章：甜蜜的旅行:4252  第56章 第五十六章:0  第五十六章：浓烈的易感期:4702  第57章 第五十七章:0  第五十七章：放纵的易感期:3923  第58章 第五十八章:0
          第五十八章：我的CEO Omega:5009  第59章 第五十三章:0  第五十三章：霸总被上的人设:3614  第60章 第五十九章:0  第五十九章：池氏夫妇:3847  第61章 第六十章:0
          第六十章：四面楚歌:3258  第62章 第六十一章:0  第六十一章：笔迹:4709  第63章 第六十二章:0  第六十二章：解决问题:4155  第64章 第六十三章:0
          第六十三章：问责:4046  第65章 第六十三章:0  第六十三章：正式卸任:4142  第66章 第六十四章:0  第六十四章：温泉之旅:4656  第67章 第六十五章:0
          第六十五章：坑老爷子一个婚礼:4261  第68章 第六十六章:0  第六十六章：要上学的Alpha:4033  第69章 第六十七章:0  第六十七章：有点晕:4188  第70章 第六十八章:0
          第六十八章：大小哭包:4329  第71章 第六十九章:0  第六十九章：白驹过隙，月亮星星:5061  第72章 第七十章:0  第七十章：久別的深入交谈:3694  第73章 第七十一章:0
          第七十一章：温馨的婚礼:4462  第74章 第七十二章:0  第七十二章：疏通小财奴:5917  第75章 终章:0  第七十三章：重登霸总之位:5603  第76章 尾曲:3005
          第77章 番外之:4365  第78章 番外之:5587  第79章 番外之:5784  第80章 番外之:5925

05:36:59  一见钟情了水果摊老板娘 (给我金子) [完结+番外]  101p→90章  903KB  OK
          https://www.52shuku.net/gl/04_b/bkcXN.html
          第1章 翻车:3361  第2章 算账:3313  第3章 擒拿:3031  第4章 奸商:3128  第5章 突发:3203  第6章 好身手:3123
          第7章 近在咫尺:3140  第8章 送她:3184  第9章 新奇:3031  第10章 再遇:2844  第11章 上药:3029  第12章 确认:3113
          第13章 夜梦:3104  第14章 “见色起意”:3087  第15章 非礼勿视:3029  第16章 砸车:3135  第17章 好奇心:3104  第18章 天助良机:3104
          第19章 接触:3128  第20章 早茶:3154  第21章 入v:6336  第22章 放狗:3283  第23章 睡美人:3133  第24章 到此为止:3150
          第25章 争端:3174  第26章 认命？:3061  第27章 姐姐:3194  第28章 情侣款:3231  第29章 礼物:3145  第30章 下马威:3128
          第31章 三人行:3288  第32章 工具人:3260  第33章 上门:3186  第34章 演戏:3356  第35章 发现:3203  第36章 教教我:3221
          第37章 趁人之危:3279  第38章 危机时刻:3211  第39章 偷吻:3191  第40章 冷漠:3206  第41章 绝情:3169  第42章 赌气:3285
          第43章 酒壮怂人胆:3207  第44章 选择:3216  第45章 加时:3194  第46章 闻:3082  第47章 教教我:3231  第48章 翻脸:3160
          第49章 心硬:3176  第50章 接送:3274  第51章 醉夜:3176  第52章 错觉:5791  第53章 嚎啕大哭:3198  第54章 结束:3465
          第55章 向前走:3325  第56章 重逢:3196  第57章 不将就:6242  第58章 睡也睡不好:3092  第59章 莫名其妙:3201  第60章 疯子:3114
          第61章 饭卡:3216  第62章 套话:3174  第63章 软硬:3305  第64章 湿了:3271  第65章 多余的事情:3135  第66章 第 66 章:3069
          第67章 真配:3157  第68章 疯了:3065  第69章 箭在弦上:3212  第70章 误会:3223  第71章 动摇:3055  第72章 任性:3183
          第73章 跟着:3213  第74章 回家:3266  第75章 搞定她妈？:5693  第76章 初恋:3169  第77章 悸动:3127  第78章 谈恋爱:3389
          第79章 报道:3158  第80章 表扬:3167  第81章 榜样:3306  第82章 家长:3206  第83章 玩心:3154  第84章 你真好:3166
          第85章 见面:3145  第86章 失神:3080  第87章 坦白:3101  第88章 尘埃落定:3237  第89章 尾声:4346  第90章 番外:4167

05:37:32  春最不醒 (有续) [完结]  83p→69章  717KB  OK
          https://www.52shuku.net/gl/04_b/bkcXM.html
          第1章 败根:3320  第2章 反季:3029  第3章 结束:3881  第4章 开始:3330  第5章 谢谢:3514  第6章 清醒:3647
          第7章 胃病:3169  第8章 薯片:3514  第9章 朋友:3309  第10章 开学:3598  第11章 明天:3970  第12章 猜疑:3136
          第13章 枣糕:3562  第14章 裂隙:2190  第15章 小枣:3351  第16章 问题:3038  第17章 真心:3563  第18章 分手:3919
          第19章 断章:3620  第20章 可能:2995  第21章 是吗:3209  第22章 喜欢:3178  第23章 注视:3553  第24章 发烧:3252
          第25章 紧张:4373  第26章 好心:3242  第27章 愧疚:4502  第28章 新年:3387  第29章 烟花:3704  第30章 约定:3176
          第31章 赛前:3583  第32章 牵手:3760  第33章 她想:3022  第34章 奶茶:3339  第35章 酸奶:3272  第36章 啤酒:3898
          第37章 克制:3146  第38章 病发:2862  第39章 坏枣:3459  第40章 浅水:3175  第41章 预见:3416  第42章 高塔:3246
          第43章 醒了:3645  第44章 四年:3050  第45章 重逢:3523  第46章 菩提:4172  第47章 热点:4414  第48章 在意:3364
          第49章 心知:3629  第50章 误会:3559  第51章 怀疑:3033  第52章 旧伤:3042  第53章 初雪:3514  第54章 害怕:3248
          第55章 积雪:3083  第56章 回去:3033  第57章 转雨:3751  第58章 连绵:3376  第59章 暴雨:3119  第60章 情书:3828
          第61章 长发:4153  第62章 旧事:3016  第63章 平安:3352  第64章 红枣:3017  第65章 旧疾:3094  第66章 信任:3270
          第67章 幸运:3237  第68章 春最:3994  第69章 枣核（正文完）:3267

05:37:43  穿书回来后未婚妻已婚了 (南昭禾) [完结+番外]  27p→26章  235KB  OK
          https://www.52shuku.net/gl/03_b/bkcWO.html
          第1章 桑笙，好久不见:3052  第2章 我有点开心:3089  第3章 别在这里……:4017  第4章 很多人:2117  第5章 笙笙呀:2037  第6章 笙笙，总要试试的:3383
          第7章 她的呼吸:3079  第8章 笙笙真棒:3224  第9章 陆非晚是木头:3055  第10章 装病博同情失败:3061  第11章 生气:3018  第12章 找工作呀找工作:1691
          第13章 坦白局前兆:2551  第14章 坦白局:2852  第15章 一起吃饭:3185  第16章 可以陪陪我吗？:3136  第17章 回忆1:3049  第18章 回忆2:3118
          第19章 含花追花:3100  第20章 我的好笙笙:1935  第21章 你不老实:3052  第22章 绿色生活:3091  第23章 诡异:3169  第24章 正文完结:4086
          第25章 大人的事小孩别管:3354  第26章 结婚证:2365

05:38:48  热情兔与冷淡猫 (大离) [番外+番外]  170p→160章  1506KB  OK
          https://www.52shuku.net/gl/03_b/bkcWL.html
          第1章 Chapter 1:3555  第2章 Chapter 2:3298  第3章 Chapter 3:3071  第4章 Chapter 4:3465  第5章 Chapter 5:3172  第6章 Chapter 6:3225
          第7章 Chapter 7:3147  第8章 Chapter 8:3248  第9章 Chapter 9:3070  第10章 Chapter 10:3158  第11章 Chapter 11:3048  第12章 Chapter 12:3055
          第13章 Chapter 13:3055  第14章 Chapter 14:3149  第15章 Chapter 15:3141  第16章 Chapter 16:3119  第17章 Chapter 17:3272  第18章 Chapter 18:3379
          第19章 Chapter 19:3057  第20章 Chapter 20:3194  第21章 Chapter 21:3139  第22章 Chapter 22:3227  第23章 Chapter 23:3126  第24章 Chapter 24:3156
          第25章 Chapter 25:3076  第26章 Chapter 26:3063  第27章 Chapter 27:3058  第28章 Chapter 28:3047  第29章 Chapter 29:3132  第30章 Chapter 30:3029
          第31章 Chapter 31:3039  第32章 Chapter 32:3064  第33章 Chapter 33:3119  第34章 Chapter 34:3200  第35章 Chapter 35:3057  第36章 Chapter 36:3101
          第37章 Chapter 37:3098  第38章 Chapter 38:3124  第39章 Chapter 39:3161  第40章 Chapter 40:3087  第41章 Chapter 41:3276  第42章 Chapter 42:3057
          第43章 Chapter 43:3120  第44章 Chapter 44:3137  第45章 Chapter 45:3089  第46章 Chapter 46:3033  第47章 Chapter 47:3022  第48章 Chapter 48:3028
          第49章 Chapter 49:3234  第50章 Chapter 50:3086  第51章 Chapter 51:3084  第52章 Chapter 52:3098  第53章 Chapter 53:3041  第54章 Chaptet 54:3303
          第55章 Chapter 55:3074  第56章 Chapter 56:3111  第57章 Chapter 57:3091  第58章 Chapter 58:3161  第59章 Chapter 59:3041  第60章 Chapter 60:3052
          第61章 Chapter 61:3064  第62章 Chapter 62:3142  第63章 Chapter 63:3197  第64章 Chapter 64:3181  第65章 Chapter 65:3031  第66章 Chapter 66:3104
          第67章 Chapter 67:3224  第68章 Chapter 68:3082  第69章 Chapter 69:3237  第70章 Chapter 70:3159  第71章 Chapter 71:3193  第72章 Chapter 72:3071
          第73章 Chapter 73:3070  第74章 Chapter 74:3137  第75章 Chapter 75:3060  第76章 Chapter 76:3041  第77章 Chapter 77:3086  第78章 Chapter 78:3120
          第79章 Chapter 79:3109  第80章 Chapter 80:3175  第81章 Chapter 81:3054  第82章 Chapter 82:3259  第83章 Chapter 83:3088  第84章 Chapter 84:3111
          第85章 Chapter 85:3079  第86章 Chapter 86:3039  第87章 Chapter 87:3076  第88章 Chapter 88:3163  第89章 Chapter 89:3171  第90章 Chapter 90:3177
          第91章 Chapter 91:3102  第92章 Chapter 92:3072  第93章 Chapter 93:3108  第94章 Chapter 94:3110  第95章 Chapter 95:3051  第96章 Chapter 96:3049
          第97章 Chapter 97:3184  第98章 Chapter 98:3080  第99章 Chapter 99:3068  第100章 Chapter 100:3041  第101章 Chapter 101:3055  第102章 Chapter 102:3070
          第103章 Chapter 103:3238  第104章 Chapter 104:3305  第105章 Chapter 105:3106  第106章 Chapter 106:3031  第107章 Chapter 107:3125  第108章 Chapter 108:3148
          第109章 Chapter 109:3042  第110章 Chapter 110:3134  第111章 Chapter 111:3227  第112章 Chapter 112:3132  第113章 Chapter 113:3084  第114章 Chapter 114:3124
          第115章 Chapter 115:3180  第116章 Chapter 116:3092  第117章 Chapter 117:3049  第118章 Chapter 118:3140  第119章 Chapter 119:3225  第120章 Chapter 120:3060
          第121章 Chapter 121:3071  第122章 Chapter 122:3053  第123章 Chapter 123:3031  第124章 Chapter 124:3048  第125章 Chapter 125:3219  第126章 Chapter 126:3123
          第127章 Chapter 127:3053  第128章 Chapter 128:3095  第129章 Chapter 129:3144  第130章 Chapter 130:3072  第131章 Chapter 131:3031  第132章 Chapter 132:3071
          第133章 Chapter 133:3087  第134章 Chapter 134:3083  第135章 Chapter 135:3035  第136章 Chapter 136:3091  第137章 Chapter 137:3083  第138章 Chapter 138:3061
          第139章 Chapter 139:3099  第140章 Chapter 140:3112  第141章 Chapter 141:3098  第142章 Chapter 142:3119  第143章 Chapter 143:3152  第144章 Chapter 144:3063
          第145章 Chapter 145:3060  第146章 Chapter 146:3126  第147章 Chapter 147:3075  第148章 Chapter 148:3067  第149章 Chapter 149:3307  第150章 Chapter 150:3050
          第151章 Chapter 151:3142  第152章 Chapter 152（正文完）:3087  第153章 番外一[番外]:3121  第154章 番外二[番外]:3030  第155章 番外三[番外]:3104  第156章 番外四[番外]:3204
          第157章 番外五[番外]:3060  第158章 番外六[番外]:3322  第159章 番外七[番外]:4056  第160章 番外八[番外]:3047

05:39:45  逃离病娇大小姐 (叶灵秋月) [完结+番外]  142p→133章  1242KB  OK
          https://www.52shuku.net/gl/03_b/bkcWH.html
          第1章 鞭子抽打:1823  第2章 疼痛感:2309  第3章 上药:2344  第4章 清洗:2967  第5章 梳头:2871  第6章 同床:2169
          第7章 似拥:2094  第8章 工作:2468  第9章 收拾文件:2820  第10章 覃覃:2365  第11章 紧张:2523  第12章 日常:2334
          第13章 涂药:3025  第14章 想法:2896  第15章 胡思乱想:3668  第16章 夕阳似血:3211  第17章 空缺:3518  第18章 猜测:2923
          第19章 擦玻璃:3108  第20章 保持清醒:3717  第21章 再次鞭打:3766  第22章 拥抱:2070  第23章 不眠:3456  第24章 上药:2090
          第25章 胡乱猜测:3217  第26章 漫长:3292  第27章 女人:3727  第28章 吃药:3337  第29章 衣服:2714  第30章 换衣:2981
          第31章 触碰:2907  第32章 琐碎的任务:3420  第33章 打扫:4262  第34章 外出:3670  第35章 文件:4742  第36章 都脏了:2795
          第37章 黑色皮箱:4097  第38章 再次鞭打:2857  第39章 我们是一起的:2107  第40章 阶段:2174  第41章 快递:2427  第42章 小王子:2394
          第43章 日记:3486  第44章 鞭打:3514  第45章 纠葛:4602  第46章 打扫客厅:2422  第47章 新药与新规:2018  第48章 休养时:2211
          第49章 新手机:4298  第50章 喝酒:2981  第51章 试衣:2275  第52章 Chapter 52:2196  第53章 Chapter 53:2797  第54章 新衣服:2292
          第55章 新造型:4157  第56章 共浴:4422  第57章 同床共枕:3396  第58章 画展:3767  第59章 Chapter 59:4622  第60章 Chapter 60:3619
          第61章 Chapter 61:4296  第62章 Chapter 62:3224  第63章 Chapter 63:2830  第64章 Chapter 64:2228  第65章 Chapter 65:2362  第66章 Chapter 66:2752
          第67章 Chapter 67:3343  第68章 Chapter 68:2644  第69章 Chapter 69:2606  第70章 Chapter 70:2830  第71章 Chapter 71:3356  第72章 Chapter 72:3367
          第73章 新年限定篇:442  第74章 Chapter 74:3220  第75章 Chapter 75:3874  第76章 Chapter 76:4718  第77章 chapter 77:4337  第78章 chapter 78:4366
          第79章 chapter 79:2143  第80章 chapter 80:5319  第81章 Chapter 81:3683  第82章 chapter 82:3351  第83章 chapter 83:3137  第84章 chapter 84:2905
          第85章 chapter 85:3360  第86章 chapter 86:3588  第87章 chapter 87:3713  第88章 chapter 88:3126  第89章 chapter 89:3013  第90章 Chapter 90:5686
          第91章 Chapter 91:2871  第92章 chapter 92:3686  第93章 chapter 93:3394  第94章 chapter 94:2235  第95章 chapter 95:2052  第96章 chapter 96:2405
          第97章 chapter 97:5284  第98章 chapter 98:2629  第99章 chapter 99:2212  第100章 Chapter 100:2334  第101章 chapter 101:3098  第102章 chapter 102:3664
          第103章 chapter 103:2477  第104章 chapter 104:5013  第105章 chapter 105:2633  第106章 chapter 106:2725  第107章 chapter 107:2657  第108章 chapter 108:3457
          第109章 chapter 109:2909  第110章 chapter 110:2306  第111章 chapter 111:2755  第112章 chapter 112:2443  第113章 chapter 113:2819  第114章 chapter 114:2060
          第115章 chapter 115:2161  第116章 chapter 116:2504  第117章 chapter 117:2469  第118章 chapter 118:2800  第119章 chapter 119:2176  第120章 chapter 120:2213
          第121章 chapter 121:2662  第122章 chapter 122:2642  第123章 chapter 123:3727  第124章 chapter 124:2599  第125章 chapter 125:2396  第126章 chapter 126:2654
          第127章 chapter 127:2156  第128章 chapter 128:2016  第129章 chapter 129:2313  第130章 chapter 130:8275  第131章 chapter 131:2659  第132章 chapter 132:4821
          第133章 番外＃1:5153

05:41:03  快穿之我和主角抢老婆 (桐净) [完结+番外]  205p→153章  1854KB  OK
          https://www.52shuku.net/gl/03_b/bkcWG.html
          第1章 带你走进法制社会（一）:3126  第2章 带你走进法制社会（二）:3580  第3章 带你走进法制社会（三）:3613  第4章 带你走进法制社会（四）:3742  第5章 带你走进法制社会（五）:3621  第6章 带你走进法制社会（六）:3535
          第7章 带你走进法制社会（七）:3436  第8章 带你走进法制社会（八）:3519  第9章 带你走进法制社会（九）:2938  第10章 带你走进法制社会（十）:3801  第11章 带你走进法制社会（十一）:3427  第12章 带你走进法制社会（十二）:3175
          第13章 带你走进法制社会（十三）:3814  第14章 带你走进法制社会（十四）:3674  第15章 带你走进法制社会（十五）:3393  第16章 带你走进法制社会（十六）:3767  第17章 带你走进法制社会（十七）:3438  第18章 带你走进法制社会（十八）:2471
          第19章 带你走进法制社会（番外）:1420  第20章 心脏也会说慌吗（一）:3380  第21章 心脏也会说慌吗（二）:3810  第22章 心脏也会说慌吗（三）:3503  第23章 心脏也会说慌吗（四）:3556  第24章 心脏也会说慌吗（五）:3529
          第25章 心脏也会说慌吗（六）:3818  第26章 心脏也会说慌吗（七）:3975  第27章 心脏也会说慌吗（八）:3739  第28章 心脏也会说慌吗（九）:3775  第29章 心脏也会说慌吗（十）:3729  第30章 心脏也会说慌吗（十一）:3713
          第31章 心脏也会说慌吗（十二）:4438  第32章 心脏也会说慌吗（十三）:3883  第33章 心脏也会说慌吗（十四）:4039  第34章 心脏也会说慌吗（十五）:3806  第35章 心脏也会说慌吗（十六）:3818  第36章 心脏也会说慌吗（十七）:4287
          第37章 心脏也会说慌吗（十八）:3627  第38章 心脏也会说慌吗（十九）:4088  第39章 心脏也会说慌吗（番外）:3757  第40章 月亮升起前我会找到你（一）:3497  第41章 月亮升起前我会找到你（二）:3369  第42章 月亮升起前我会找到你（三）:3918
          第43章 月亮升起前我会找到你（四）:3906  第44章 月亮升起前我会找到你（五）:3872  第45章 月亮升起前我会找到你（六）:3831  第46章 月亮升起前我会找到你（七）:4373  第47章 月亮升起前我会找到你（八）:3484  第48章 月亮升起前我会找到你（九）:4333
          第49章 月亮升起前我会找到你（十）:3910  第50章 月亮升起前我会找到你（十一）:4012  第51章 月亮升起前我会找到你（十二）:3779  第52章 月亮升起前我会找到你（十三）:3974  第53章 月亮升起前我会找到你（十四）:3936  第54章 月亮升起前我会找到你（十五）:4433
          第55章 月亮升起前我会找到你（十六）:3777  第56章 月亮升起前我会找到你（十七）:3870  第57章 月亮升起前我会找到你（十八）:3847  第58章 月亮升起前我会找到你（十九）:3839  第59章 月亮升起前我会找到你（二十）:4123  第60章 月亮升起前我会找到你（番外）:2616
          第61章 我不是救世主（一）:4109  第62章 我不是救世主（二）:3994  第63章 我不是救世主（三）:3980  第64章 我不是救世主（四）:3878  第65章 我不是救世主（五）:3849  第66章 我不是救世主（六）:4064
          第67章 我不是救世主（七）:3953  第68章 我不是救世主（八）:4080  第69章 我不是救世主（九）:4151  第70章 我不是救世主（十）:4501  第71章 我不是救世主（十一）:4116  第72章 我不是救世主（十二）:4195
          第73章 我不是救世主（十三）:3897  第74章 我不是救世主（十四）:4719  第75章 我不是救世主（十五）:3066  第76章 我不是救世主（十六）:3649  第77章 我不是救世主（十七）:4105  第78章 我不是救世主（十八）:4044
          第79章 我不是救世主（十九）:2976  第80章 我不是救世主（番外）:2108  第81章 叫声姐姐带你红（一）:3808  第82章 叫声姐姐带你红（二）:4187  第83章 叫声姐姐带你红（三）:3821  第84章 叫声姐姐带你红（四）:4295
          第85章 叫声姐姐带你红（五）:3823  第86章 叫声姐姐带你红（六）:3939  第87章 叫声姐姐带你红（七）:4040  第88章 叫声姐姐带你红（八）:4067  第89章 叫声姐姐带你红（九）:3664  第90章 叫声姐姐带你红（十）:3876
          第91章 叫声姐姐带你红（十一）:3250  第92章 叫声姐姐带你红（十二）:3602  第93章 叫声姐姐带你红（十三）:3723  第94章 叫声姐姐带你红（十四）:4124  第95章 叫声姐姐带你红（十五）:4210  第96章 叫声姐姐带你红（十六）:3327
          第97章 叫声姐姐带你红（十七）:3414  第98章 叫声姐姐带你红（十八）:3009  第99章 叫声姐姐带你红（十九）:1577  第100章 叫声姐姐带你红（番外）:4516  第101章 七秒外的记忆（一）:4363  第102章 七秒外的记忆（二）:3535
          第103章 七秒外的记忆（三）:3526  第104章 七秒外的记忆（四）:3667  第105章 七秒外的记忆（五）:4454  第106章 七秒外的记忆（六）:4007  第107章 七秒外的记忆（七）:3745  第108章 七秒外的记忆（八）:3835
          第109章 七秒外的记忆（九）:4334  第110章 七秒外的记忆（十）:3915  第111章 七秒外的记忆（十一）:3644  第112章 七秒外的记忆（十二）:4018  第113章 七秒外的记忆（十三）:3951  第114章 七秒外的记忆（十四）:3591
          第115章 七秒外的记忆（十五）:3860  第116章 七秒外的记忆（十六）:3854  第117章 七秒外的记忆（十七）:4328  第118章 七秒外的记忆（十八）:3862  第119章 七秒外的记忆（十九）:3712  第120章 七秒外的记忆（番外）:2265
          第121章 等你到下一个秋天（一）:3927  第122章 等你到下一个秋天（二）:4175  第123章 等你到下一个秋天（三）:3615  第124章 等你到下一个秋天（四）:4055  第125章 等你到下一个秋天（五）:3383  第126章 等你到下一个秋天（六）:4017
          第127章 等你到下一个秋天（七）:3883  第128章 等你到下一个秋天（八）:3940  第129章 等你到下一个秋天（九）:4522  第130章 等你到下一个秋天（十）:3029  第131章 等你到下一个秋天（十一）:5358  第132章 等你到下一个秋天（十二）:3560
          第133章 等你到下一个秋天（十三）:4103  第134章 等你到下一个秋天（十四）:4397  第135章 等你到下一个秋天（十五）:4095  第136章 等你到下一个秋天（十六）:4560  第137章 等你到下一个秋天（十七）:4656  第138章 等你到下一个秋天（十八）:4098
          第139章 等你到下一个秋天（十九）:3621  第140章 等你到下一个秋天（番外）:2168  第141章 林言谨×于佳萌:4348  第142章 韩寒×温暖:10529  第143章 喻容×方珏旎:9009  第144章 萧垚×白糯糯:3874
          第145章 冷颜夏×褚蝉:5614  第146章 周雯静×卫婉:6941  第147章 灵瑶玖×颜艺凉:2522  第148章 璃鸢×叶初:9973  第149章 欧阳冉×夏知浅:6158  第150章 姜文×安希:6738
          第151章 所有小情侣集合:749  第152章 给读者的一些碎碎念:2333  第153章 新年番外:19141

05:42:04  营业cp成真了 (祈久) [完结]  170p→125章  1539KB  OK
          https://www.52shuku.net/gl/03_b/bkcW2.html
          第1章:3207  第2章:2989  第3章:4987  第4章:3116  第5章:2980  第6章:2841
          第7章:2899  第8章:2700  第9章:3586  第10章:2531  第11章:3614  第12章:2412
          第13章:2880  第14章:2175  第15章:2648  第16章:3080  第17章:3880  第18章:3206
          第19章:3062  第20章:3434  第21章:2925  第22章:2908  第23章:3415  第24章:3578
          第25章:3270  第26章:3106  第27章:5262  第28章:3047  第29章:3845  第30章:3585
          第31章:4596  第32章:4555  第33章:4879  第34章:3521  第35章:3240  第36章:3861
          第37章:3851  第38章:5885  第39章:3546  第40章:4390  第41章:5177  第42章:3577
          第43章:3674  第44章:4948  第45章:3697  第46章:3311  第47章:3842  第48章:3507
          第49章:4930  第50章:4586  第51章:4015  第52章:3013  第53章:3840  第54章:4660
          第55章:4190  第56章:3966  第57章:4395  第58章:5345  第59章:4505  第60章:4074
          第61章:3083  第62章:4578  第63章:4948  第64章:3694  第65章:3572  第66章:3176
          第67章:3602  第68章:3509  第69章:3193  第70章:3953  第71章:3418  第72章:4866
          第73章:3447  第74章:3089  第75章:3456  第76章:3600  第77章:3847  第78章:3272
          第79章:4174  第80章:4060  第81章:4046  第82章:4003  第83章:3054  第84章:3596
          第85章:4843  第86章:3689  第87章:4250  第88章:4323  第89章:3511  第90章:4431
          第91章:4694  第92章:3547  第93章:4029  第94章:4337  第95章:4651  第96章:3999
          第97章:4994  第98章:4006  第99章:3507  第100章:5195  第101章:5285  第102章:4637
          第103章:4200  第104章:4301  第105章:4283  第106章:5432  第107章:3872  第108章:5175
          第109章:4660  第110章:5910  第111章:5174  第112章:3883  第113章:4611  第114章:4991
          第115章:6130  第116章:4947  第117章:5224  第118章:6178  第119章:5856  第120章:5607
          第121章:4293  第122章:5309  第123章:4764  第124章:6924  第125章:12434

05:42:52  养鬼/死遁后相亲到了前妻 (偷颗星) [完结]  127p→112章  1105KB  OK
          https://www.52shuku.net/gl/03_b/bkcW1.html
          第1章 吉时:3148  第2章 诈尸:3457  第3章 鬼门:4015  第4章 养鬼:3443  第5章 天师:3405  第6章 月下:3054
          第7章 正缘:3164  第8章 鬼佛:3939  第9章 许愿:3076  第10章 小镇:3329  第11章 招魂:3132  第12章 召雷:3096
          第13章 试探:3061  第14章 神荼:3032  第15章 考编:3203  第16章 合作:3110  第17章 无常:3546  第18章 蛊虫:3153
          第19章 学费:3164  第20章 鬼师:2214  第21章 入v（万字更新）:10224  第22章 结案:3119  第23章 不化骨:3295  第24章 代人授艺:3058
          第25章 食五行:3198  第26章 轮回剧场:3083  第27章 小工神荼:3177  第28章 摆摊算命:3401  第29章 功德尽失:3241  第30章 报应来了:4073
          第31章 她不开窍:3354  第32章 偷寿长生:3016  第33章 喷泉石鸟:3308  第34章 报应上头:1318  第35章 东施效颦:3274  第36章 对鬼读心:3055
          第37章 一体双魂:3067  第38章 拉拉小手:3142  第39章 以前的人:3050  第40章 有你一份:3325  第41章 十一中学:3048  第42章 诡异考试:3237
          第43章 最低分:3127  第44章 镜中世界:3213  第45章 影子鬼:2470  第46章 大凶之物:3548  第47章 世界破碎:3268  第48章 破破烂烂:3017
          第49章 被鬼缠上:3145  第50章 法器瑶光:3281  第51章 祭祀祈福:3470  第52章 我想你了:3221  第53章 魇鬼:3580  第54章 别开灯:3134
          第55章 女娲石:3037  第56章 凶神恶煞:3330  第57章 七层高塔:3215  第58章 知心好友:3236  第59章 查生死簿:3051  第60章 祭奠:1605
          第61章 前世今生:3137  第62章 古战场:3268  第63章 鬼市领证:6099  第64章 枝枝老婆:5624  第65章 失败品:3213  第66章 钓鱼计划:3051
          第67章 集体自杀:3082  第68章 得偿所愿:3091  第69章 恃宠而骄:3043  第70章 亲也亲了:4761  第71章 风水宝地:3482  第72章 进寨过节:3425
          第73章 别弄丢了:3127  第74章 鬼上身:3503  第75章 起死回生:2603  第76章 纯洁白花:3652  第77章 不会死的:3350  第78章 乱葬岗怪物:2616
          第79章 祭台祭神:3120  第80章 精血招魂:3448  第81章 她回不去了:3271  第82章 又心动了:3008  第83章 它们醒了:2045  第84章 这鬼怎么这样:3440
          第85章 被讨厌了:3191  第86章 我不后悔:2189  第87章 我爱你啊:3195  第88章 心火有三:3406  第89章 忘川恶霸:3111  第90章 无能为力:3232
          第91章 执迷不悟:3041  第92章 相亲:3195  第93章 色中饿鬼＆前尘（1）:3367  第94章 前尘（2）:3081  第95章 前尘（3）:3225  第96章 前尘（4）:3114
          第97章 前尘（5）:3136  第98章 前尘（6）:2005  第99章 前尘（7）:3090  第100章 前尘（8）:5017  第101章 前尘（9）:2320  第102章 前尘（10）:3021
          第103章 前尘（11）:3024  第104章 前尘（12）:3275  第105章 拜月神:3203  第106章 身陨道消:3034  第107章 玄门古城:2302  第108章 拜月神，得永生。:3131
          第109章 云在青:2135  第110章 一起死:3307  第111章 承天意:3139  第112章 “在一起吧。”:3489

05:43:43  麒麟子 (偷颗星) [完结+番外]  130p→109章  1118KB  OK
          https://www.52shuku.net/gl/03_b/bkcW0.html
          第1章:3215  第2章:3059  第3章:3426  第4章:3068  第5章:3200  第6章:3225
          第7章:3046  第8章:3152  第9章:4945  第10章:3130  第11章:3318  第12章:3166
          第13章:3209  第14章:3495  第15章:3358  第16章:3241  第17章:3138  第18章:3144
          第19章:3158  第20章:3418  第21章:5224  第22章:5009  第23章:3077  第24章:3095
          第25章:3213  第26章:3155  第27章:3234  第28章:3414  第29章:3277  第30章:3377
          第31章:3300  第32章:3593  第33章:3509  第34章:3434  第35章:3123  第36章:3126
          第37章:3120  第38章:3788  第39章:3186  第40章:3944  第41章:3770  第42章:3394
          第43章:3729  第44章:3997  第45章:3013  第46章:3869  第47章:3556  第48章:3506
          第49章:3180  第50章:4161  第51章:3582  第52章:3133  第53章:3347  第54章:3607
          第55章:3438  第56章:3243  第57章:3270  第58章:3154  第59章:3867  第60章:3212
          第61章:3291  第62章:3415  第63章:3067  第64章:3074  第65章:3116  第66章:3531
          第67章:3390  第68章:3447  第69章:3728  第70章:3112  第71章:3328  第72章:3435
          第73章:3680  第74章:3117  第75章:3540  第76章:3287  第77章:3150  第78章:3059
          第79章:3459  第80章:3209  第81章:3461  第82章:2115  第83章:3111  第84章:3095
          第85章:3792  第86章:3086  第87章:3292  第88章:3267  第89章:3050  第90章:3088
          第91章:3098  第92章:3324  第93章:3257  第94章:3547  第95章:5070  第96章:3123
          第97章:3162  第98章:3278  第99章:2222  第100章:3280  第101章:3095  第102章:3525
          第103章:3167  第104章:3275  第105章:3112  第106章:3056  第107章:4324  第108章:2585
          第109章:4338

05:44:31  穿书后被偏执长公主缠上了 (江寄言) [完结]  131p→115章  1139KB  OK
          https://www.52shuku.net/gl/03_b/bkcWz.html
          第1章:3355  第2章:3235  第3章:3284  第4章:3102  第5章:3119  第6章:3310
          第7章:3091  第8章:3833  第9章:4108  第10章:3139  第11章:3129  第12章:3206
          第13章:4023  第14章:2115  第15章:2141  第16章:2396  第17章:3112  第18章:2714
          第19章:3233  第20章:3043  第21章:4005  第22章:9100  第23章:3073  第24章:3290
          第25章:3116  第26章:3204  第27章:3161  第28章:3305  第29章:3120  第30章:3231
          第31章:3105  第32章:3374  第33章:3084  第34章:3122  第35章:3171  第36章:3517
          第37章:2903  第38章:3174  第39章:2777  第40章:3033  第41章:3320  第42章:3208
          第43章:3400  第44章:3285  第45章:4092  第46章:3294  第47章:3075  第48章:3186
          第49章:3248  第50章:3072  第51章:3129  第52章:3074  第53章:3051  第54章:3229
          第55章:3198  第56章:3196  第57章:3207  第58章:3268  第59章:3065  第60章:3181
          第61章:3363  第62章:3070  第63章:3055  第64章:3067  第65章:3312  第66章:3164
          第67章:3164  第68章:3129  第69章:3099  第70章:3075  第71章:3158  第72章:3253
          第73章:3226  第74章:3089  第75章:3532  第76章:3191  第77章:3540  第78章:2965
          第79章:3315  第80章:3220  第81章:3043  第82章:3419  第83章:3090  第84章:3216
          第85章:3135  第86章:3306  第87章:3052  第88章:3093  第89章:3057  第90章:2936
          第91章:3084  第92章:3133  第93章:3239  第94章:3267  第95章:3380  第96章:3135
          第97章:3768  第98章:3319  第99章:3305  第100章:3143  第101章:2841  第102章:3776
          第103章:3133  第104章:3184  第105章:3119  第106章:3393  第107章:3125  第108章:3300
          第109章:3087  第110章:3095  第111章:3061  第112章:3398  第113章:3334  第114章:3116
          第115章 正文完:4653

05:46:13  怀了猫猫女帝的崽崽后 (木木很多树) [完结]  277p→110章  2292KB  OK
          https://www.52shuku.net/gl/03_b/bkcWy.html
          第1章:5596  第2章:5633  第3章:6098  第4章:4348  第5章:6935  第6章:3331
          第7章:5025  第8章:4637  第9章:3894  第10章:4312  第11章:4426  第12章:4602
          第13章:5081  第14章:11491  第15章:6770  第16章:8697  第17章:6299  第18章:3574
          第19章:7401  第20章:7803  第21章:7435  第22章:6700  第23章:5682  第24章:4387
          第25章:6323  第26章:8595  第27章:4867  第28章:9345  第29章:8646  第30章:6579
          第31章:6324  第32章:6886  第33章:10720  第34章:6907  第35章:8129  第36章:8942
          第37章:8975  第38章:6757  第39章:4256  第40章:8326  第41章:8429  第42章:8260
          第43章:8104  第44章:9272  第45章:10534  第46章:9046  第47章:8558  第48章:6716
          第49章:11165  第50章:9529  第51章:4075  第52章:7965  第53章:8120  第54章:9005
          第55章:8652  第56章:7349  第57章:7891  第58章:8060  第59章:9582  第60章:9844
          第61章:5234  第62章:6005  第63章:9694  第64章:3462  第65章:5066  第66章:11402
          第67章:4474  第68章:7420  第69章:10304  第70章:10372  第71章:3950  第72章:4411
          第73章:3746  第74章:5367  第75章:5712  第76章:6752  第77章:7304  第78章:6673
          第79章:3657  第80章:5366  第81章:7698  第82章:6091  第83章:4279  第84章:7704
          第85章:7946  第86章:7316  第87章:5499  第88章:2812  第89章:11591  第90章:8091
          第91章:8413  第92章:8242  第93章:10503  第94章:9802  第95章:5578  第96章:3220
          第97章:10938  第98章:4236  第99章:6591  第100章:6983  第101章:8202  第102章:6717
          第103章:4656  第104章:4876  第105章:4712  第106章:10335  第107章:6631  第108章:6602
          第109章:10196  第110章:6651

05:47:00  锦衣难为gl (横颐叶暮) [完结]  125p→99章  1124KB  OK
          https://www.52shuku.net/gl/02_b/bkcVA.html
          第一章:3564  第二章:3425  第三章:3365  第四章:3128  第五章:3072  第六章:3701
          第七章:2871  第八章:2964  第九章:3441  第十章:3764  第十一章:3758  第十二章:3878
          第十三章:3006  第十四章:3280  第十五章:3802  第十六章:3320  第十七章:3664  第十八章:7160
          第二十章:3555  第二十一章:3816  第二十二章:3538  第二十三章:3673  第二十四章:3652  第二十五章:3598
          第二十六章:3610  第二十七章:3573  第二十八章:3754  第二十九章:3545  第三十章:3558  第三十一章:3667
          第三十二章:4236  第三十三章:3990  第三十四章:3602  第三十五章:3757  第三十六章:3733  第三十七章:3621
          第三十八章:3821  第三十九章:3593  第四十章:3993  第四十一章:3786  第四十二章:3599  第四十三章:3659
          第四十四章:3617  第四十五章:3694  第四十六章:3498  第四十七章:3627  第四十八章:3673  第四十九章:3677
          第五十章:3765  第五十一章:3719  第五十二章:3987  第五十三章:3611  第五十四章:3606  第五十五章:3278
          第五十六章:3312  第五十七章:3458  第五十八章:3575  第五十九章:3602  第六十章:3179  第六十一章:3310
          第六十二章:3545  第六十三章:3503  第六十四章:3909  第六十五章:3522  第六十六章:3341  第六十七章:3520
          第六十八章:3210  第六十九章:3386  第七十章:3442  第七十一章:3634  第七十二章:3408  第七十三章:3121
          第七十四章:3742  第七十五章:3176  第七十六章:3193  第七十七章:3446  第七十八章:3308  第七十九章:3539
          第八十章:3461  第八十一章:3488  第八十二章:3370  第八十三章:3606  第八十四章:2980  第八十五章:3547
          第八十六章:3089  第八十七章:3169  第八十八章:3206  第八十九章:3219  第九十章:3371  第九十一章:3353
          第九十二章:3158  第九十三章:3020  第九十四章:7492  第九十六章:4178  第九十七章:4065  第九十八章:4672
          第九十九章:4312  第一百章:4719  第一百零一章:17272

05:47:30  旧影逢春 (沐屿慕) [完结]  76p→84章  664KB  OK
          https://www.52shuku.net/gl/02_b/bkcV9.html
          第1章 穿越:3169  第2章 起色:3564  第3章 初遇:5669  第4章 不忍:2590  第5章 涟漪:3370  第6章 住手！:3625
          第7章 别碰我！:2101  第8章 她怎么会在这？！:1556  第9章 月季:1841  第10章 不安:1708  第11章 怒火:2300  第12章 难道我误会她了？:2839
          第13章 受伤:2549  第14章 她真的不一样:1563  第15章 蝴蝶结:3145  第16章 怀疑:3483  第17章 做个交易:3641  第18章 跟踪:1632
          第19章 纠结:2118  第20章 我会一直盯着你的:1850  第21章 我亲自去:1929  第22章 真拿她没办法:1627  第23章 两难:3289  第24章 忽冷忽热:2231
          第25章 欲盖弥彰:2525  第26章 合作愉快:2115  第27章 再多一点:2435  第28章 博弈:3231  第29章 潜入:3009  第30章 不像那么简单:4213
          第31章 想去看看她:2754  第32章 真可爱:3191  第33章 我不能:2077  第34章 半句再见:3462  第35章 她必须赢:3066  第36章 变数是她:2761
          第37章 她…在撩我？:3821  第38章 放纵一次吧:3558  第39章 好像一场梦:2041  第40章 你辛苦了:2482  第41章 五味杂陈:3539  第42章 言襄:2157
          第43章 小雏菊:2398  第44章 慰藉:2262  第45章 不愿醒来的梦:2751  第46章 她的价值:2237  第47章 片刻的温暖:2278  第48章 梦醒了:2538
          第49章 无法释怀:2173  第50章 支离破碎的心:2009  第51章 追妻路漫漫:2135  第52章 风铃:2855  第53章 荒唐的爱:2492  第54章 这就够了:2808
          第55章 海棠铃铛:2069  第56章 沈…忆昔？:2860  第57章 傻瓜:2734  第58章 我好想你:2490  第59章 她的过去:2401  第60章 心痛:2592
          第61章 窥见她的爱:2406  第62章 恶人我来做:2481  第63章 最后一夜:2065  第64章 斩断:2231  第65章 等我:2902  第66章 主动入局:3273
          第67章 想的美:2304  第68章 酷刑:2042  第69章 子时将近:2154  第70章 救援:2223  第71章 公道:2596  第72章 报仇雪恨:2547
          第73章 好想她:2787  第74章 她走了:2019  第75章 兑现承诺:2530  第76章 重获新生:2638  第77章 念园:2455  第78章 彼此的影子:2769
          第79章 爱是亏欠:2205  第80章 白粥:2000  第81章 相信我:2009  第82章 带不回的米糕:2640  第83章 怎么办:2243  第84章 旧影逢春:2214

05:47:42  她的教案没写爱 (君炟) [完结]  25p→28章  220KB  OK
          https://www.52shuku.net/gl/02_b/bkcV8.html
          第1章 重逢:2968  第2章 前夫:2386  第3章 托管老师宁钰:2281  第4章 心声暗涌:2493  第5章 婚姻伤痕:2187  第6章 家长会:2500
          第7章 往事回响:2332  第8章 生病:3279  第9章 偏爱:3458  第10章 家:2611  第11章 相亲:2741  第12章 玩笑成真:2170
          第13章 谢凌云:2559  第14章 喝酒误人:2293  第15章 醒后彷徨:2540  第16章 胆小鬼:2369  第17章 破冰:2186  第18章 夜语:2759
          第19章 心证倒计时:2373  第20章 勇气:2149  第21章 阳光下的爱恋:2438  第22章 猝不及防的窥见:2543  第23章 摊牌:2344  第24章 决裂:3363
          第25章 最后通牒:3317  第26章 分离:3124  第27章 远离:2599  第28章 温潮:2167

05:48:56  坏女人又怎样，她老婆超爱[快穿] (十年灯灯) [完结]  197p→126章  1752KB  OK
          https://www.52shuku.net/gl/02_b/bkcV3.html
          第1章 重生:3715  第2章 荒诞:3355  第3章 猫猫探头:4016  第4章 木头开花:3013  第5章 受伤:3320  第6章 巧合:3618
          第7章 她不甘心:3259  第8章 甜点:3122  第9章 醉酒:3197  第10章 疼也:3382  第11章 嘘:3120  第12章 姐姐:3018
          第13章 牙印:2240  第14章 或者:3469  第15章 宋忱:2531  第16章 罪证:3019  第17章 悔意顿生:2348  第18章 宴会:3111
          第19章 姐姐:3114  第20章 电话:2769  第21章 三合一:10414  第22章 答案:8338  第23章 路还很长:6273  第24章 释然:7323
          第25章 终章:3178  第26章 荆棘鸟:7400  第27章 小梨涡:3491  第28章 满眼小星星:3264  第29章 保护费:7328  第30章 一捧星河:6677
          第31章 说个价吧:6195  第32章 捡垃圾:6614  第33章 分寸:6227  第34章 小骗子:4614  第35章 值得的:3015  第36章 喜欢钟言:6734
          第37章 颤:3169  第38章 谁教你的:3218  第39章 这就是命吗:6233  第40章 真烫:6223  第41章 我信钟言:6208  第42章 真的好热:6154
          第43章 肿了:6284  第44章 我不害怕:6771  第45章 白头偕老:6062  第46章 胜算五分:6310  第47章 好久不见:6223  第48章 她一定会活下来:6207
          第49章 风水轮流转:6855  第50章 鸡飞狗跳:6293  第51章 终章:6140  第52章 重生:7211  第53章 别生气啦:6821  第54章 欠一笔债:6207
          第55章 噩梦:6348  第56章 她该醒了:6425  第57章 她摸了下自己的唇:6063  第58章 可是我在乎:6139  第59章 明明触手可及:7101  第60章 他们拴不住你:6558
          第61章 你走，还是不走？:8590  第62章 唯有傅湘:7241  第63章 我们现在是什么关系:6052  第64章 拉钩:7329  第65章 有雪:7536  第66章 新岁:7650
          第67章 天高海阔:7426  第68章 终章:4299  第69章 那一剑刺穿心口:7276  第70章 我是谁？:6207  第71章 我心善:6546  第72章 我谁都不信:4246
          第73章 你叫的是云阙:5322  第74章 描眉:3195  第75章 万生镜:3961  第76章 我该如何交代:2750  第77章 前尘1:5121  第78章 前尘2:3519
          第79章 前尘3:3611  第80章 前尘4:3374  第81章 前尘5:3360  第82章 前尘6:5109  第83章 前尘7:3385  第84章 前尘8:3863
          第85章 前尘9:3682  第86章 前尘10:3281  第87章 前尘11:3900  第88章 前尘12（完）:3394  第89章 我这里也痛:3340  第90章 我教你，阿崔:3185
          第91章 不是你想要么:3512  第92章 你们，想报仇吗:3446  第93章 老牛吃嫩草:3335  第94章 你知不知道你不会说谎:3325  第95章 我欠你的，该怎么还:3689  第96章 终章:3180
          第97章 诚意:3406  第98章 本座不喜食人:3231  第99章 你不是说我很好吃:3137  第100章 我这么好吃，你舍得杀我吗:3182  第101章 监控是谁:4091  第102章 网瘾少女:4095
          第103章 人鬼殊途:3639  第104章 强人所难:3427  第105章 最适合鬼的十种职业:3550  第106章 是他的错！:3735  第107章 你还是太过良善:3099  第108章 不如我给你吃:3394
          第109章 最亲密的人:3635  第110章 洞房花烛夜:3192  第111章 联谊会是什么:3387  第112章 一妻得道:3423  第113章 因为我自卑:3356  第114章 人善被人欺（修）:4275
          第115章 要亲不亲的:3507  第116章 那要尝尝，才知道:3381  第117章 钩放的很直:3113  第118章 为爱嚼蜡:3212  第119章 黑幕:3472  第120章 神经:3225
          第121章 赌一把:3239  第122章 怎么能怪你呢:4097  第123章 反派死于话多（修）:4270  第124章 终章:3928  第125章 番外-联谊会:3225  第126章 番外-陛下打工记:3893

05:49:48  捡来的胖橘是帝国皇女 (六出轻吕) [完结]  143p→89章  1242KB  OK
          https://www.52shuku.net/gl/02_b/bkcVy.html
          第1章:3081  第2章:3078  第3章:3283  第4章:3122  第5章:3060  第6章:3087
          第7章:3054  第8章:3075  第9章:3107  第10章:3199  第11章:2113  第12章:2291
          第13章:2210  第14章:2217  第15章:2307  第16章:2120  第17章:2203  第18章:2029
          第19章:2058  第20章:2109  第21章:2140  第22章:3250  第23章:3338  第24章:6172
          第25章:6157  第26章:6087  第27章:6194  第28章:6238  第29章:6122  第30章:6080
          第31章:6140  第32章:6124  第33章:6256  第34章:6210  第35章:6054  第36章:6107
          第37章:6159  第38章:6218  第39章:6024  第40章:6064  第41章:6122  第42章:6212
          第43章:6264  第44章:6066  第45章:6130  第46章:6052  第47章:6105  第48章:6083
          第49章:6077  第50章:6720  第51章:6085  第52章:6194  第53章:6063  第54章:6267
          第55章:6064  第56章:6054  第57章:6142  第58章:6293  第59章:6095  第60章:6229
          第61章:6265  第62章:6314  第63章:6073  第64章:6127  第65章:6037  第66章:6048
          第67章:6139  第68章:6050  第69章:6030  第70章:6096  第71章:6062  第72章:4323
          第73章:2180  第74章:4232  第75章:2035  第76章:4072  第77章:2373  第78章:4109
          第79章:2107  第80章:4043  第81章:2084  第82章:4061  第83章:2130  第84章:4099
          第85章:2081  第86章:4134  第87章:2102  第88章:3679  第89章:3134

05:50:42  影后赘婿是女儿国国王 (雾山隐雪) [完结]  140p→116章  1237KB  OK
          https://www.52shuku.net/gl/02_b/bkcVp.html
          第1章 疯了:3697  第2章 气人:3338  第3章 无耻:3278  第4章 热搜:3728  第5章 蠢货:3260  第6章 搞事:3405
          第7章 好笨:3456  第8章 领证:3822  第9章 发癫:4676  第10章 套路:3667  第11章 乖乖:3657  第12章 好学:3356
          第13章 乌龙:3532  第14章 专业:3242  第15章 失策:3378  第16章 感动:3270  第17章 不行:3405  第18章 变质:3758
          第19章 刹车:3596  第20章 热吻:6359  第21章 扣钱:6236  第22章 胡闹:3765  第23章 偷懒:3546  第24章 任务:4358
          第25章 藏私:3414  第26章 约定:3333  第27章 骂战:3729  第28章 走调:3286  第29章 娇宠:3227  第30章 照顾:3278
          第31章 犁田:6280  第32章 好疼:3299  第33章 了解:3367  第34章 拆散:4083  第35章 把柄:3436  第36章 很行:3374
          第37章 无语:3635  第38章 算计:6194  第39章 很好:3272  第40章 梦魇:4068  第41章 荒诞:3528  第42章 惊喜:3378
          第43章 好烦:3291  第44章 绝了:3779  第45章 赢了:3668  第46章 红温:3820  第47章 神经:3557  第48章 失控:3406
          第49章 初恋:3403  第50章 觅食:3365  第51章 婆娘:3626  第52章 坦白:3582  第53章 名分:3434  第54章 救命:3546
          第55章 索吻:3819  第56章 闯祸:3226  第57章 胡了:3323  第58章 险胜:3369  第59章 那天:3709  第60章 醋意:3358
          第61章 风波:3568  第62章 想她:3516  第63章 上药:3220  第64章 大饼:3309  第65章 暴雨:3552  第66章 考验:3237
          第67章 难办:3400  第68章 偷拍:3321  第69章 小灶:3239  第70章 故人:3285  第71章 情敌:3480  第72章 双面:3464
          第73章 搞鬼:3248  第74章 难受:3313  第75章 秘密:3371  第76章 爆发:3257  第77章 后手:3315  第78章 倒霉:3284
          第79章 剧本:3295  第80章 意外:3716  第81章 期许:3209  第82章 玩具:3614  第83章 交锋:3396  第84章 盘算:3453
          第85章 答案:3424  第86章 搜证:3467  第87章 明月:3028  第88章 刻意:3215  第89章 车祸:3396  第90章 用刑:3362
          第91章 救人:3224  第92章 联合:3424  第93章 八卦:3289  第94章 真相:3207  第95章 偷偷:3235  第96章 想念:3393
          第97章 送礼:3202  第98章 疯癫:3619  第99章 傻驴:3492  第100章 复仇:3372  第101章 超雄:3504  第102章 庆祝:3374
          第103章 验证:3226  第104章 过年:3378  第105章 新年:3422  第106章 酸奶:3505  第107章 幻梦:3482  第108章 逗人:3240
          第109章 梦醒:3231  第110章 生产:3268  第111章 产后:3429  第112章 口粮:3276  第113章 满月:3377  第114章 直播:3382
          第115章 开荤:3226  第116章 永远:3094

05:51:34  重生后老婆找上门来了 (雾山隐雪) [完结]  143p→124章  1282KB  OK
          https://www.52shuku.net/gl/02_b/bkcVo.html
          第1章 重生第一天:3255  第2章 荒唐娃娃亲:3386  第3章 为之计深远:3160  第4章 旧事莫再提:3084  第5章 大婚起风波:3116  第6章 纯情小白兔:3064
          第7章 她定有所图:3150  第8章 洞房花烛夜:3113  第9章 初吻没章法:3074  第10章 为妻做早饭:2137  第11章 元君厨艺好:3169  第12章 嘴硬却心软:3101
          第13章 若为长久计:3259  第14章 旧事未敢忘:3097  第15章 赞天赐良缘:3077  第16章 以性命相护:3081  第17章 三朝回门日:3125  第18章 那就不原谅:3083
          第19章 她蠢得可笑:3203  第20章 与凤府相冲:3313  第21章 哪门子长辈:3190  第22章 缘何不行房:3384  第23章 从前不体面:3284  第24章 携妻逛花楼:3300
          第25章 也不是不行:3303  第26章 生命之长短:3409  第27章 反训话岳母:3447  第28章 补偿与欺负:3297  第29章 细说开国史:3299  第30章 主仆同受过:3391
          第31章 她总是这样:3392  第32章 争一时高低:3291  第33章 叹一世太短:3411  第34章 总是很亏心:3551  第35章 风波难消停:3443  第36章 命运不由人:3468
          第37章 妻妻本一体:3434  第38章 竟错择明主:3322  第39章 要你同生死:3521  第40章 好一出算计:3316  第41章 与从前不同:3333  第42章 恼她不听话:3424
          第43章 今番多变动:3344  第44章 除夕生剧变:3404  第45章 痴缠亦无妨:3503  第46章 愿苍天开眼:3272  第47章 太丧心病狂:3328  第48章 今番入京急:3404
          第49章 我自有妙计:3271  第50章 童谣传长安:3375  第51章 贺开业大吉:3909  第52章 竟意外火爆:3535  第53章 夫人辛苦了:3353  第54章 今朝登科时:3306
          第55章 这青天初现:3464  第56章 万死难赎罪:3650  第57章 副司长妙用:3376  第58章 诸多荒唐事:3344  第59章 盼君早归家:4006  第60章 今日方回城:3285
          第61章 缠人小元君:3288  第62章 你当真胡来:3315  第63章 夫人有妙计:3517  第64章 请君入瓮来:3397  第65章 为天子贺寿:3330  第66章 太大逆不道:3393
          第67章 今夜勤耕耘:3400  第68章 今生共白首:3315  第69章 麻烦找错人:3542  第70章 她怎能有事:3320  第71章 还能活几日:3381  第72章 我必报此仇:3427
          第73章 真令人羡慕:3321  第74章 一路逃与追:3396  第75章 她快要死了:3289  第76章 妻妻齐上阵:3291  第77章 养病太艰辛:3274  第78章 疑似一家人:3354
          第79章 补救已太迟:3363  第80章 万事有缘法:3389  第81章 终意外相见:3262  第82章 将过去翻篇:3304  第83章 母女终团聚:3294  第84章 暗中起波涛:3294
          第85章 好大的惊吓:3358  第86章 几番筹谋苦:3347  第87章 妻妻同努力:3319  第88章 远行始归来:3957  第89章 今生多幸福:3487  第90章 同庆贺生辰:3254
          第91章 朝堂上下惊:3368  第92章 再见是意外:3995  第93章 同商议破局:3512  第94章 亦无力相抗:3785  第95章 谁能无私心:3429  第96章 好一场谋划:3293
          第97章 问谁能得益:3667  第98章 是为何心虚:3305  第99章 故人求相助:3340  第100章 国之蛀虫多:3967  第101章 于我最重要:3337  第102章 当坦诚以待:3485
          第103章 竟这般冤枉:3341  第104章 君臣论时局:3451  第105章 静观风起时:3392  第106章 今日终为母:3905  第107章 我一直都在:3418  第108章 到底随了谁:4091
          第109章 请教育儿经:3298  第110章 亲戚找上门:3975  第111章 幽王成太女:3340  第112章 竟如此信任:3360  第113章 妻妻互交底:3400  第114章 论先见之明:3963
          第115章 宫中生巨变:3286  第116章 是谁得罪她:3258  第117章 求今生圆满:4021  第118章 惊雷冷雨夜:3463  第119章 倘若今得胜:3740  第120章 输赢成定局:3362
          第121章 新帝新景象:3545  第122章 翻脸如翻书:3392  第123章 皇帝终如愿:3562  第124章 为此生圆满:7838

05:52:33  越界心动gl (心有清欢) [完结]  155p→239章  1399KB  OK
          https://www.52shuku.net/gl/02_b/bkcVd.html
          第一章 序章:2336  第一章完:207  第二章初遇“野心家”:3163  第二章完:87  第三章沉默的倔强:3378  第三章完:0
          第四章阳光正好:3177  第四章完:0  第五章家庭氛围:2765  第五章完:0  第六章夜色中的考量:2910  第六章完:0
          第七章特别的邀请:3309  第七章完:0  第八章舞台星光:3347  第八章完:36  第九章冬日暖食:2573  第九章完:0
          第十章少女心事:3161  第十章完:0  第十一章天台事件:3214  第十一章完:0  第十二章丁一受伤:2973  第十二章完:21
          第十三章意外“家访”:3217  第十三章完:81  第十四章共处一室:3455  第十四章完:21  第十五章同床而眠:3351  第十五章完:78
          第十六章回家喝汤:2613  第十六章完:0  第十七章病毒来袭:3011  第十七章完:60  第十八章混乱梦境:2795  第十八章完:22
          第十九章 “姐妹”情深:3405  第十九章完:96  第二十章天气不好:2960  第二十章完:52  第二十一章你喜欢她:3626  第二十一章完:30
          第二十二章放假:2908  第二十二章完:75  第二十三章中二少年:3126  第二十三章完:40  第二十四章新年快乐:2775  第二十四章完:47
          第二十五章生日快乐:2984  第二十五章完:44  第二十六章烛光摇曳:3528  第二十六章完:59  第二十七章讨厌我吗:3420  第二十七章完:26
          第二十八章令人心安:3199  第二十八章完:0  第二十九章巴山夜雨:2805  第二十九章完:14  第三十章雨夜初吻:3614  第三十章完:187
          第三十一章静谧雨夜:2795  第三十一章完:31  第三十二章夏夜的礼物:4163  第三十二章完:20  第三十三章夏至未至:2489  第三十三章完:14
          第三十四章南国暖光:3307  第三十四章完:51  第三十五章空室余音:2754  第三十五章完:52  第三十六章沪上夜雨:3254  第三十六章完:33
          第三十七章关于未来:2842  第三十七章完:16  第三十八章雪落无声:4186  第三十八章完:127  第三十九章星途伊始:3013  第三十九章完:13
          第四十章蓉城旧梦:2695  第四十章完:20  第四十一章你好Dawn:3573  第四十一章完:30  第四十二章持续伪装:4363  第四十二章完:24
          第四十三章你欠我的:4110  第四十三章完:46  第四十四章礼尚往来:3032  第四十五章夜色中的叹息:4535  第四十五章完:18  第四十六章黄雀在后:4048
          第四十六章完:20  第四十七章对视:3085  第四十七章完:14  第四十八章 “欺负”姐姐:3092  第四十八章完:18  第四十九章下定决心:3294
          第四十九章完:42  第五十章你不爱我:5066  第五十章完:52  第五十一章分开以后:3734  第五十一章完:14  第五十二章风波不断:3901
          第五十二章完:0  第五十三章长夜微光:3546  第五十三章完:10  第五十四章出现转折:3083  第五十四章完:64  第五十五章荆棘花开:4249
          第五十五章完:30  第五十六章未尽的夜:3415  第五十六章完:116  第五十七章敞开心扉:5340  第五十七章完:308  第五十八章还得是年轻:4838
          第五十八章完:24  第五十九章夕阳很美:3268  第五十九章完:110  第六十章姐姐好A:3599  第六十章完:20  第六十一章暂别前的温存:3094
          第六十一章完:16  第六十二章甜蜜挂牵:4119  第六十二章完:13  第六十三章爱意交融:5532  第六十三章完:0  第六十四章事后清晨:3187
          第六十四章完:135  第六十五章慢慢来:3449  第六十五章完:49  第六十六章寻常一天:3827  第六十六章完:23  第六十七章小小访客:4118
          第六十七章完:20  第六十八章意外的夜晚:3997  第六十八章完:154  第六十九章童话日:3255  第六十九章完:23  第七十章隐秘醋意:3948
          第七十章完:70  第七十一章意外坦诚:4676  第七十一章完:180  第七十二章归家的吻:5423  第七十二章完:18  第七十三章黄昏心事:4465
          第七十三章完:0  第七十四章无声的奔赴:4656  第七十四章完:156  第七十五章生日快乐:3639  第七十六章夜色温柔:3628  第七十六章完:38
          第七十七章无声的泪:3271  第七十七章完:41  第七十八章醋意抚慰:4890  第七十八章完:53  第七十九章美好与感动:3068  第七十九章完:22
          第八十章畸形关系:2997  第八十章完:143  第八十一章归处:3882  第八十一章完:13  第八十二章共同的家:4983  第八十二章完:10
          第八十三章门扉轻叩:3635  第八十三章完:0  第八十四章都会有的:3561  第八十四章完:16  第八十五章关心则乱:4447  第八十五章完:0
          第八十六章冬日暖絮:3750  第八十六章完:18  第八十七章年末岁尾:3001  第八十七章完:44  第八十八章夜色迷影:3724  第八十八章完:11
          第八十九章偷感:4244  第八十九章完:25  第九十章春光如许:3480  第九十章完:14  第九十一章夏末午后:4330  第九十一章完:13
          第九十二章星海为证:4822  第九十二章完:28  第九十三章秋意渐近:4056  第九十三章完:25  第九十四章门内门外:3852  第九十四章完:23
          第九十五章煎熬氛围:3297  第九十五章完:46  第九十六章平静对话:4009  第九十六章完:29  第九十七章夜色迷蒙:4272  第九十七章完:23
          第九十八章心澜别哭:4287  第九十八章完:28  第九十九章渐融:5766  第九十九章完:72  第一百章初冬的弦:3121  第一百章完:33
          第一百零一章母女夜话:3708  第一百零一章完:28  第一百零二章真心动人:4038  第一百零二章完:12  第一百零三章喜极而泣:4311  第一百零三章完:33
          第一百零四章尽兴:3911  第一百零四章完:53  第一百零五章不让你难过:4435  第一百零五章完:17  第一百零六章旧物与童言:3744  第一百零六章完:43
          第一百零七章夜色惊澜（一）:4187  第一百零七章完:64  第一百零八章夜色惊澜（二）:3704  第一百零八章完:67  第一百零九章血色夜晚:3465  第一百零九章完:32
          第一百一十章她会怕的:4069  第一百一十章完:43  第一百一十一章不会食言:3616  第一百一十一章完:17  第一百一十二章我还想听:4323  第一百一十二章完:269
          第一百一十三章失而复得:4423  第一百一十三章完:27  第一百一十四章代价太大:4042  第一百一十四章完:82  第一百一十五章等待春天:3354  第一百一十五章完:19
          第一百一十六章归家:5371  第一百一十六章完:148  第一百一十七章回家吃饭:4244  第一百一十七章完:79  第一百一十八章月圆人圆:4629  第一百一十八章完:33
          第一百一十九章春日絮语:4045  第一百一十九章完:41  第一百二十章春夜:4993  第一百二十章完:529  第一百二十一章越界心动（大结局）:7182

05:53:08  恋恋记事 (周冶) [完结]  92p→205章  840KB  OK
          https://www.52shuku.net/gl/02_b/bkcVc.html
          第1章 第 1 章:1715  第2章 第 2 章:1485  第3章 第 3 章:1309  第4章 第 4 章:1255  第5章 第 5 章:1032  第6章 第 6 章:1502
          第7章 第 7 章:1180  第8章 第 8 章:1114  第9章 第 9 章:1553  第10章 第 10 章:1638  第11章 第 11 章:1552  第12章 第 12 章:1800
          第13章 第 13 章:1364  第14章 第 14 章:1842  第15章 第 15 章:1899  第16章 第 16 章:1311  第17章 第 17 章:1057  第18章 第 18 章:1142
          第19章 第 19 章:1263  第20章 第 20 章:1238  第21章 第 21 章:1132  第22章 第 22 章:1270  第23章 第 23 章:1457  第24章 第 24 章:1039
          第25章 第 25 章:1238  第26章 第 26 章:1423  第27章 第 27 章:1191  第28章 第 28 章:1028  第29章 第 29 章:1131  第30章 第 30 章:1289
          第31章 第 31 章:1318  第32章 第 32 章:1192  第33章 第 33 章:1253  第34章 第 34 章:1116  第35章 第 35 章:1185  第36章 第 36 章:1235
          第37章 第 37 章:1157  第38章 第 38 章:997  第39章 第 39 章:1169  第40章 第 40 章:1167  第41章 第 41 章:1539  第42章 第 42 章:1224
          第43章 第 43 章:1155  第44章 第 44 章:1186  第45章 第 45 章:1540  第46章 第 46 章:1162  第47章 第 47 章:1559  第48章 第 48 章:1220
          第49章 第 49 章:1039  第50章 第 50 章:1556  第51章 第 51 章:1204  第52章 第 52 章:1041  第53章 第 53 章:1551  第54章 第 54 章:933
          第55章 第 55 章:1052  第56章 第 56 章:1211  第57章 第 57 章:1223  第58章 第 58 章:1074  第59章 第 59 章:1575  第60章 第 60 章:1245
          第61章 第 61 章:1191  第62章 第 62 章:1522  第63章 第 63 章:1580  第64章 第 64 章:1743  第65章 第 65 章:1078  第66章 花拾满天星:1833
          第67章 星星点黑夜:2120  第68章 时间记忆花:1184  第69章 时间记忆花:1524  第70章 时间记忆花:1511  第71章 时间记忆花:1762  第72章 大小姐从吻:1787
          第73章 前任她姐开始追我了:2008  第74章 大小姐对从婚:2881  第75章 米蓝:1532  第76章 米蓝:1563  第77章 冒充者综合征:1520  第78章 先婚后爱文:1535
          第79章 先婚后爱文:1594  第80章 先婚后爱文:1751  第81章 我的乖乖老婆:2016  第82章 收烟:1125  第83章 顾小朋友日记:673  第84章 误入她怀抱中:1506
          第85章 误入她怀抱中:1561  第86章 下雨了be:1203  第87章 醒醒吧邢邢:1198  第88章 醒醒吧邢邢:1818  第89章 醒醒吧邢邢:1507  第90章 醒醒吧邢邢:1708
          第91章 初吻暗恋:990  第92章 初吻暗恋:1019  第93章 初吻暗恋:1695  第94章 诱捕指南录:1184  第95章 诱捕指南录:1214  第96章 诱捕指南录:1303
          第97章 小姨看看我:1166  第98章 小姨看看我:1179  第99章 小姨看看我:1667  第100章 先婚后爱:1527  第101章 先婚后爱:1652  第102章 在听云南:1173
          第103章 在听云南:1180  第104章 在听云南:1168  第105章 在听云南:1211  第106章 在听云南:941  第107章 在听云南:1348  第108章 白月光记事:1185
          第109章 白月光记事:1184  第110章 白月光记事:1107  第111章 青梅竹马是她:1196  第112章 青梅竹马是她:1173  第113章 青梅竹马是她:1085  第114章 大小姐对我从心:1129
          第115章 当玫瑰有下一个花期:1019  第116章 奇怪的客人:4696  第117章 心机坏女人她爱我:1406  第118章 大小姐偏爱:1107  第119章 大小姐与我先婚后爱:1036  第120章 大小姐暗恋日记:1035
          第121章 和她离婚之后:1133  第122章 万人迷对我偏爱:1184  第123章 大小姐她清冷偏爱:1213  第124章 暗恋隔壁姐姐后:1228  第125章 失忆后和上司同居了:1327  第126章 婚后情话:6335
          第127章 婚后动人:1044  第128章 和坏女人结婚后:1013  第129章 网恋对象是校花:1056  第130章 辣妹居然是我女朋友:1001  第131章 新婚妻子翻车后:1027  第132章 告白日记:1011
          第133章 离婚后遗症:1056  第134章 大小姐清冷:1168  第135章 爱上朋友她小姨:1128  第136章 雨季:1413  第137章 和校花同居后:1109  第138章 白月光指南:1318
          第139章 存钱罐:1012  第140章 保护壳:1111  第141章 不渴:1056  第142章 蝴蝶花开:1111  第143章 暗恋日记:1101  第144章 咸鱼遇到大小姐:1059
          第145章 晚安日记:1329  第146章 夜航船:1074  第147章 不夜城:1009  第148章 正轨:1008  第149章 一百次重遇:1029  第150章 婚后日记:1072
          第151章 半道欢喜:1091  第152章 琐清秋:584  第153章 直播间遇到老婆:590  第154章 先婚后爱的恋情:520  第155章 初恋暗示:562  第156章 暗恋指南:2556
          第157章 梦寐:697  第158章 洋娃娃:1070  第159章 渴望执着:657  第160章 步步为营:559  第161章 逾越鸿沟:728  第162章 开窍:543
          第163章 开窍:786  第164章 海螺的声音:577  第165章 梦寐:610  第166章 梧桐树的气息:646  第167章 甜蜜爱意:1801  第168章 梦寐以求:730
          第169章 死对头上门求娶:857  第170章 占有偏爱:2401  第171章 前女友求复合:640  第172章 上司她偏爱我:749  第173章 小行星:1450  第174章 梧桐树的气味:767
          第175章 青春的秘密:764  第176章 时光的轨迹:636  第177章 暗恋画家:724  第178章 小禾苗:610  第179章 降温心事:556  第180章 恋爱脑的心事:590
          第181章 夏天的风:738  第182章 姐姐的偏爱:764  第183章 姐姐看看我:722  第184章 胆小鬼:5040  第185章 婚后偏爱:4715  第186章 晚安晚安:3798
          第187章 死对头爱恋我:1033  第188章 死对头爱恋我:1617  第189章 先婚与她:1024  第190章 先婚与她:1051  第191章 青梅竹马的春天:1177  第192章 前女友后悔的二次方:1032
          第193章 青梅竹马:1060  第194章 青梅竹马:1017  第195章 青梅竹马:2705  第196章 青梅竹马:3675  第197章 青梅竹马:1549  第198章 玫瑰心事:1099
          第199章 玫瑰心事:1605  第200章 玫瑰心事:1042  第201章 晚安晚安:3798  第202章 青梅清冷:541  第203章 榛子巧克力:556  第204章 沫然梦梦:536
          第205章 絮絮蓝天:610

05:53:42  公主今天可愿嫁 (华澜君) [完结]  85p→67章  751KB  OK
          https://www.52shuku.net/gl/02_b/bkcVb.html
          第1章 惊心:2722  第2章 验证:2836  第3章 另娶:3902  第4章 拜访:4008  第5章 冲喜:3174  第6章 邀约:4040
          第7章 计谋:6521  第8章 生气:3497  第9章 提亲:2517  第10章 吃亏:2123  第11章 寿宴:3340  第12章 生疑:3013
          第13章 迟疑:3840  第14章 说服:2315  第15章 考虑:3074  第16章 同意:4217  第17章 舞剑:5610  第18章 含入v通知:1774
          第19章 惊变:3207  第20章 请缨:4228  第21章 秘密:3178  第22章 风波:3278  第23章 瘟疫:2245  第24章 夜袭:3607
          第25章 入瓮:3523  第26章 被贬:3249  第27章 截胡:4907  第28章 责问:3181  第29章 婚期:3511  第30章 大婚:8507
          第31章 坦白:2840  第32章 误会:2855  第33章 回门（三合一）:9311  第34章 爬床:2280  第35章 荒唐:2242  第36章 发现:2510
          第37章 探亲:3178  第38章 月钱:3548  第39章 初一:3250  第40章 留下:2173  第41章 （二合一）:6183  第42章 撤职:3172
          第43章 留宿:3171  第44章 同眠:4235  第45章 面首:4641  第46章 照顾:4163  第47章 生变:4072  第48章 试探:3512
          第49章 十五:5616  第50章 雪人:3266  第51章 八卦:3276  第52章 私藏:3345  第53章 心乱:3584  第54章 惊觉:3177
          第55章 往事:3502  第56章 离别:4844  第57章 暂别:3559  第58章 中毒:3559  第59章 相见:3874  第60章 亲密:4242
          第61章 亲吻:3189  第62章 回京:3195  第63章 女装:3520  第64章 一夜:5189  第65章 共浴:2844  第66章 文案:5583
          第67章 正文完结:3309

05:54:42  协约后，清冷影后全网追我 (汵月) [完结+番外]  160p→101章  1371KB  OK
          https://www.52shuku.net/gl/02_b/bkcVa.html
          第1章 招惹:3182  第2章 要和前女友报备:4183  第3章 那么，为什么（修）:4418  第4章 地下情人:3566  第5章 又是沈清:4313  第6章 讨好谁:4270
          第7章 你想祝我哪个节日快乐:3375  第8章 她都试探两次了:3371  第9章 噩梦:4036  第10章 还咬我（修）:3457  第11章 翻身仗（修）:3724  第12章 误会:3485
          第13章 共同见证什么意思:3051  第14章 亲吻之外的关系:3569  第15章 又见面了？前女友:3334  第16章 她是真的在意她:3119  第17章 离你不该碰的人远些:3223  第18章 上钓了:3337
          第19章 引诱（修）:5025  第20章 怎么，你到时候会考我:3434  第21章 以妖克妖:4100  第22章 红绳:3429  第23章 沈清和谁！:3254  第24章 合约情侣:4066
          第25章 现在玩厌了:3310  第26章 这还关系差 这还关系差:3119  第27章 你谈恋爱了？:4912  第28章 姐控:3960  第29章 你亲自教教我:3513  第30章 你以前怎么不这样:3366
          第31章 全网追:3604  第32章 诡计多端:3742  第33章 试探:4022  第34章 对吻戏，你怕了？:3332  第35章 黏人:3328  第36章 人尽皆知:3627
          第37章 护妻:4448  第38章 沈老师来接我:3724  第39章 钓:3415  第40章 你是认真的？！:4156  第41章 姐姐:3490  第42章 初见端倪:3697
          第43章 撒糖:4778  第44章 恶念:3710  第45章 小猫:3576  第46章 你别惹我:3386  第47章 吻戏:4107  第48章 答应我:4637
          第49章 亲坏了:4500  第50章 项圈:4374  第51章 关系（今天还有一更）:3599  第52章 杜遥枝女士:3821  第53章 玩脱了:4373  第54章 治她:3701
          第55章 撩拨人心:5320  第56章 赏你的:3237  第57章 艳压:3580  第58章 丝带（加更）:3805  第59章 纵容:3434  第60章 惹火:5195
          第61章 吻友:3883  第62章 暗流:3270  第63章 绝望:4001  第64章 正义:7830  第65章 欲焚玫瑰:4282  第66章 公路:4366
          第67章 跟她回家:4307  第68章 甜口的:5287  第69章 抱一会:5272  第70章 占有:7498  第71章 虚假:7547  第72章 终局:5975
          第73章 爱人:8048  第74章 永恒（三合一）:13984  第75章 教:4664  第76章 做饭（有互）:5336  第77章 理你:4728  第78章 老婆:7023
          第79章 浴缸（有互）:5157  第80章 猫:3666  第81章 手腕:5211  第82章 邀约:4991  第83章 忍吧（有互）:6087  第84章 偏爱 老师。:6072
          第85章 最远的一步:5082  第86章 海浪:5883  第87章 视后:5365  第88章 得到一切:6839  第89章 围裙:3599  第90章 未婚妻:6317
          第91章 婚前综艺1:4489  第92章 婚前综艺2:5542  第93章 婚前综艺3:3446  第94章 婚前综艺4:3384  第95章 婚前综艺5:3871  第96章 婚前综艺6:3932
          第97章 婚前综艺7:6734  第98章 婚前综艺8:4098  第99章 婚前综艺9:6654  第100章 正文完:5652  第101章 情人节·婚后番外:5195

05:55:30  恶毒小师妹下错情蛊了 (张修竹) [完结+番外]  132p→65章  1147KB  OK
          https://www.52shuku.net/gl/02_b/bkcUZ.html
          第1章:3263  第2章:3089  第3章:3759  第4章:3473  第5章:3229  第6章:4042
          第7章:2976  第8章:3132  第9章:3249  第10章:3595  第11章:2675  第12章:2468
          第13章:3977  第14章:2514  第15章:2115  第16章:1961  第17章:2161  第18章:1502
          第19章:3464  第20章:1922  第21章:2486  第22章:28660  第23章:8932  第24章:6336
          第25章:7621  第26章:6269  第27章:6339  第28章:6192  第29章:6216  第30章:6211
          第31章:6287  第32章:6340  第33章:6197  第34章:6104  第35章:6221  第36章:6285
          第37章:6537  第38章:6528  第39章:6292  第40章:6223  第41章:6367  第42章:10190
          第43章:6193  第44章:6936  第45章:6268  第46章:6746  第47章:6330  第48章:6253
          第49章:6216  第50章:6237  第51章:7200  第52章:6335  第53章:7649  第54章:6934
          第55章:6625  第56章:6338  第57章:6397  第58章:6275  第59章:6248  第60章:6573
          第61章:6236  第62章:8617  第63章:6936  第64章:6314  第65章:15244

05:56:12  穿到折辱冷艳魔尊后 (宴歌行) [完结]  111p→95章  965KB  OK
          https://www.52shuku.net/gl/02_b/bkcUY.html
          第1章 穿书:3386  第2章 忍不住想翻肚皮:2735  第3章 打屁股:3085  第4章 鸡蛋也是鸡:3059  第5章 当真是放肆至极！:3004  第6章 才没有很想吃:3005
          第7章 想吃就摇尾巴:3100  第8章 好狐狸不吃眼前亏:3096  第9章 被轻薄了:3051  第10章 媚/术？:3030  第11章 拆家:2998  第12章 你认识字？:3158
          第13章 小道士怎么这般龌龊:2948  第14章 冷:3031  第15章 小狐狸也有发//情期:3053  第16章 小道士就不懂从一而终吗？……:3036  第17章 小狐狸不是石头:2780  第18章 以身相许？:3258
          第19章 朝秦暮楚的小道士:3137  第20章 小狐狸会勾引人？:3026  第21章 不通狐性:3187  第22章 小狐狸撒娇:4297  第23章 被摸成狐饼:2306  第24章 小狐狸喜欢这样？:2178
          第25章 踩。奶:3209  第26章 小狐狸是大美人？:5190  第27章 修士都是坏的！:3000  第28章 小狐狸是母胎单身？:4239  第29章 又流鼻血了:2971  第30章 她是我的梦中情狐:3957
          第31章 小道士要下聘礼吗？:2389  第32章 沐浴:6304  第33章 情/热:2930  第34章 居然是小色狐:3100  第35章 要成亲了:3276  第36章 要杀掉灵宠？:3172
          第37章 周公之礼:3305  第38章 渡灵术:3070  第39章 怎么没穿衣服:3300  第40章 小道士喜欢被她打？:3119  第41章 修为平分？:3237  第42章 以后可以双修:3949
          第43章 变回魔尊了（文案回收）:4191  第44章 小道士，你何不与我双修？……:3246  第45章 你想何时与我成亲呀？:1938  第46章 小道士不想和她双修？！……:2899  第47章 小道士终于承认了:3270  第48章 小道士快答应呀:2210
          第49章 小道士，你在勾引我？:3233  第50章 我教你双修:3010  第51章 定情信物:3129  第52章 舔舐……:3533  第53章 双修秘籍:3257  第54章 想囚禁小道士:2374
          第55章 她想逃婚:2209  第56章 小道士快夸她呀:2944  第57章 逃婚:4577  第58章 找到你了，小道士:3118  第59章 重雪要将她囚//禁？！……:3307  第60章 既然不跑了，便洞房吧。……:3278
          第61章 要哄:3117  第62章 师姐被抓:3303  第63章 亲吻:3180  第64章 得早早圆房才是:3300  第65章 喜欢尾巴还是喜欢她:3079  第66章 圆房:3088
          第67章 当心本尊叫你下不了床:3208  第68章 若我不是这个世界的:3230  第69章 双修:3220  第70章 昨晚可还满意？:3194  第71章 古代篇正文完:3634  第72章 小鸟副cp:3007
          第73章 穿越:3523  第74章 小可爱今晚要跟我睡:3240  第75章 想要私藏小狐狸:3853  第76章 小狐狸是成精了吗:3202  第77章 要一起沐浴:3248  第78章 小道士有外室？:1856
          第79章 像女朋友:3895  第80章 狐狐赚钱养家:4600  第81章 我们以前是不是认识:3584  第82章 墙/纸/爱？:2248  第83章 多少钱都不行:3179  第84章 上门抢狐狐:3589
          第85章 绿茶狐狐:3245  第86章 解扣子:3172  第87章 一家人:4174  第88章 变成人:3182  第89章 查一下就好了:5511  第90章 狐狐吃醋:4209
          第91章 合法身份:5190  第92章 晴雪宠物医院:4878  第93章 把指//套用掉:4256  第94章 我们什么时候结婚？:4527  第95章 正文完:4305

05:56:47  穿进年代文意外标记恶毒女配 (一口星齐五) [完结]  94p→81章  828KB  OK
          https://www.52shuku.net/gl/02_b/bkcUX.html
          第1章:3727  第2章:3285  第3章:2535  第4章:3390  第5章:3502  第6章:3197
          第7章:3147  第8章:3119  第9章:3158  第10章:2353  第11章:2024  第12章:1924
          第13章:3210  第14章:2110  第15章:2202  第16章:1983  第17章:2089  第18章:2072
          第19章:2092  第20章:3068  第21章:3095  第22章:5011  第23章:3088  第24章:6101
          第25章:2980  第26章:3401  第27章:4573  第28章:3615  第29章:3077  第30章:3603
          第31章:3691  第32章:4052  第33章:3209  第34章:3646  第35章:3140  第36章:3082
          第37章:3164  第38章:3216  第39章:3574  第40章:4657  第41章:4686  第42章:3054
          第43章:3260  第44章:3088  第45章:3010  第46章:3253  第47章:3012  第48章:3646
          第49章:4999  第50章:3336  第51章:3123  第52章:3034  第53章:3592  第54章:3114
          第55章:3192  第56章:3250  第57章:3248  第58章:3054  第59章:3073  第60章:3078
          第61章:3015  第62章:5527  第63章:3022  第64章:3572  第65章:3104  第66章:3235
          第67章:2913  第68章:3185  第69章:3087  第70章:3030  第71章:3050  第72章:2961
          第73章:3707  第74章:7950  第75章:4178  第76章:4002  第77章:3037  第78章:3364
          第79章:3058  第80章:3967  第81章:7161

05:57:32  肆意占有 (水一天) [完结]  113p→64章  1000KB  OK
          https://www.52shuku.net/gl/02_b/bkcUW.html
          第1章:4140  第2章:4340  第3章:2703  第4章:4185  第5章:2535  第6章:4117
          第7章:3055  第8章:3287  第9章:2614  第10章:3506  第11章:3737  第12章:2962
          第13章:3436  第14章:2365  第15章:3236  第16章:3411  第17章:2550  第18章:2798
          第19章:3138  第20章:9721  第21章:6250  第22章:7280  第23章:6229  第24章:6935
          第25章:6616  第26章:6316  第27章:6735  第28章:6254  第29章:7296  第30章:6229
          第31章:6813  第32章:6300  第33章:6922  第34章:6242  第35章:6517  第36章:3310
          第37章:4180  第38章:3585  第39章:6557  第40章:6657  第41章:3280  第42章:6905
          第43章:6907  第44章:7004  第45章:7227  第46章:6592  第47章:6559  第48章:6970
          第49章:6363  第50章:6301  第51章:9229  第52章:6512  第53章:6229  第54章:5659
          第55章:4179  第56章:5634  第57章:3580  第58章:6923  第59章:3723  第60章:4241
          第61章:4338  第62章:3255  第63章:4757  第64章:6609

05:58:51  让疯批美人都恨我[快穿] (有仙着) [完结+番外]  184p→157章  1645KB  OK
          https://www.52shuku.net/gl/02_b/bkcUV.html
          第1章:3113  第2章:3088  第3章:3107  第4章:1779  第5章:3270  第6章:3450
          第7章:3252  第8章:3079  第9章:3215  第10章:3162  第11章:3122  第12章:3047
          第13章:3079  第14章:2094  第15章:2052  第16章:2061  第17章:2195  第18章:2098
          第19章:2046  第20章:2138  第21章:2127  第22章:2130  第23章:2415  第24章:2373
          第25章:2177  第26章:2114  第27章:2122  第28章:2481  第29章:3125  第30章:3059
          第31章:3262  第32章:8069  第33章:4189  第34章:4365  第35章:4184  第36章:3356
          第37章:4245  第38章:4198  第39章:3829  第40章:3253  第41章:3282  第42章:3309
          第43章:8074  第44章:6089  第45章:3374  第46章:4419  第47章:3181  第48章:3261
          第49章:5338  第50章:3386  第51章:3568  第52章:4537  第53章:3353  第54章:3213
          第55章:3303  第56章:4344  第57章:3247  第58章:3250  第59章:3245  第60章:3546
          第61章:3294  第62章:3352  第63章:1772  第64章:3311  第65章:6308  第66章:6198
          第67章:6466  第68章:3268  第69章:6176  第70章:3295  第71章:3510  第72章:3306
          第73章:3701  第74章:3257  第75章:4274  第76章:3270  第77章:3396  第78章:3448
          第79章:3312  第80章:3367  第81章:3236  第82章:3403  第83章:3267  第84章:3216
          第85章:3374  第86章:3215  第87章:3222  第88章:3396  第89章:3479  第90章:3171
          第91章:3319  第92章:2230  第93章:3257  第94章:3172  第95章:3265  第96章:3230
          第97章:3247  第98章:3210  第99章:3238  第100章:3282  第101章:3309  第102章:3195
          第103章:3368  第104章:4002  第105章:3226  第106章:3234  第107章:3168  第108章:3268
          第109章:3308  第110章:3182  第111章:3225  第112章:3334  第113章:3223  第114章:3253
          第115章:3249  第116章:3880  第117章:3405  第118章:3272  第119章:3239  第120章:3214
          第121章:3207  第122章:3668  第123章:3229  第124章:3322  第125章:3609  第126章:3286
          第127章:6692  第128章:3278  第129章:3219  第130章:3290  第131章:3222  第132章:3231
          第133章:3236  第134章:3343  第135章:3258  第136章:3345  第137章:3646  第138章:3338
          第139章:3185  第140章:3226  第141章:6503  第142章:6502  第143章:6567  第144章:6520
          第145章:3188  第146章:3480  第147章:3305  第148章:3045  第149章:6545  第150章:3375
          第151章:3190  第152章:3536  第153章:3250  第154章:3519  第155章:3207  第156章:4916
          第157章:1692

05:59:37  轻捂焰火 (进店玩猫) [完结+番外]  119p→106章  1056KB  OK
          https://www.52shuku.net/gl/01_b/bkcTU.html
          第1章 初见:3631  第2章 你会写汉字吗:3379  第3章 开学:3363  第4章 公放广播剧:3305  第5章 宝贝快跑:3257  第6章 进家门:3184
          第7章 第一次吃妈妈做的饭:3389  第8章 圣诞节礼物:3244  第9章 圣诞节礼物2:3126  第10章 小玉:3144  第11章 我要转学:3233  第12章 哄我，快点:3434
          第13章 当牛做马:3239  第14章 王妈回归:3326  第15章 水煮鱼之日:3074  第16章 鱼刺:3057  第17章 夜色温柔:3234  第18章 璀璨人生:3310
          第19章 普林斯顿微积分读本:3218  第20章 死神来了:3183  第21章 医院相遇:3060  第22章 怎么是你:3555  第23章 看望病人:3236  第24章 天黑黑:3295
          第25章 是她吗:3136  第26章 离她远一点:3122  第27章 生日快乐:3187  第28章 生日快乐2:3171  第29章 海蟑螂:3379  第30章 四月春游:3216
          第31章 两个宋优:3108  第32章 萤火虫:3119  第33章 暑假:3367  第34章 受伤:3184  第35章 今日免打扰:3182  第36章 小珍珠:3141
          第37章 耳洞:3225  第38章 以前的记忆:3255  第39章 小猫贴贴:3146  第40章 主动:3249  第41章 羽毛灰珍珠:3242  第42章 小约会:3398
          第43章 双子座绿玫瑰:3382  第44章 你第一次喜欢上一个人是什么时候:3363  第45章 童年照片:3226  第46章 都怪你:3487  第47章 小宝贝:3300  第48章 吃早餐:3167
          第49章 认真吗:3361  第50章 圣诞礼物:3233  第51章 添火:3232  第52章 因为我是一个小恶魔:3399  第53章 挑衅:3093  第54章 她的一小部分灵魂:3362
          第55章 爱吃铜锣烧:3417  第56章 小羽毛要去哪里呢:3142  第57章 四人行:3259  第58章 鸡蛋布丁:3673  第59章 小熊加油:3368  第60章 雨水和眼泪:3437
          第61章 first love:3200  第62章 海边烟花:3294  第63章 小春天:3265  第64章 劝分手:3096  第65章 归还:3198  第66章 应该去看动物医生:3348
          第67章 短暂的假期:3133  第68章 她走了你很高兴吧:3486  第69章 断绝关系:3236  第70章 不回来了:3470  第71章 拥有的都是侥幸:3086  第72章 失去的都是人生:3159
          第73章 小宝，毕业快乐:3114  第74章 故地重游:3103  第75章 你好啊，小无忧:3507  第76章 她的女朋友:3033  第77章 她和她的大鱼:3447  第78章 明月光:3199
          第79章 梦里什么都有:3392  第80章 未接来电:3204  第81章 别再让我找不到你:3191  第82章 海雾:3241  第83章 你是小黄油:3386  第84章 最好的时光没有之一:3265
          第85章 玻璃花:3163  第86章 你回来了:3285  第87章 你是真的吗:3300  第88章 重返西雅图:3164  第89章 帕拉塞尔苏斯的玫瑰:3140  第90章 爱像海浪追着你跑:3314
          第91章 那我怎么办:3391  第92章 她一直在担心你:3152  第93章 光照:3059  第94章 抱抱:3184  第95章 吉光:3144  第96章 片羽:3286
          第97章 要不要去看小玉:3065  第98章 去就去:3343  第99章 小飞镖:3186  第100章 隔空拥抱:4182  第101章 两种点心:3406  第102章 两种团圆:3801
          第103章 因为她叫祝开心:3422  第104章 小孩儿毕业:3308  第105章 妈妈结婚:3864  第106章 番外波妞:4985

06:00:08  我将未来，许你半程 (沧海月明珠有泪y) [完结+番外]  78p→74章  701KB  OK
          https://www.52shuku.net/gl/01_b/bkcTT.html
          第1章 第一章:4024  第2章 第二章:2095  第3章 第三章:2072  第4章 第四章:1579  第5章 第五章:3775  第6章 第六章:2018
          第7章 第七章:2308  第8章 第八章:3802  第9章 第九章:2444  第10章 第十章:2632  第11章 第十一章:3808  第12章 第十二章:2621
          第13章 第十三章:1990  第14章 第十四章:2994  第15章 第十五章:1928  第16章 第十六章:3263  第17章 第十七章:4627  第18章 第十八章:2510
          第19章 第十九章:4544  第20章 第二十章:3729  第21章 第二十一章:3833  第22章 第二十二章:2056  第23章 第二十三章:2888  第24章 第二十四章:2430
          第25章 第二十五章:2392  第26章 第二十六章:2961  第27章 第二十七章:2826  第28章 第二十八章:2421  第29章 第二十九章:3813  第30章 第三十章:3426
          第31章 第三十一章:1747  第32章 第 32 章:3115  第33章 第三十三章:3652  第34章 第 34 章:3372  第35章 第 35 章:2774  第36章 第 36 章:4242
          第37章 第 37 章:3303  第38章 第 38 章:2599  第39章 第 39 章:3126  第40章 第 40 章:2339  第41章 第 41 章:2299  第42章 第 42 章:2369
          第43章 第 43 章:4219  第44章 第 44 章:3709  第45章 第 45 章:3317  第46章 第 46 章:3072  第47章 第 47 章:2696  第48章 第 48 章:2682
          第49章 第 49 章:4043  第50章 第 50 章:3174  第51章 第 51 章:3837  第52章 第 52 章:2629  第53章 第 53 章:3500  第54章 第 54 章:2580
          第55章 第 55 章:3801  第56章 第 56 章:4815  第57章 第 57 章:3689  第58章 第 58 章:3002  第59章 第 59 章:3633  第60章 第 60 章:3896
          第61章 第 61 章:3450  第62章 第 62 章:3183  第63章 第 63 章:3071  第64章 第 64 章:1870  第65章 第 65 章:4066  第66章 第 66 章:4026
          第67章 第 67 章:3442  第68章 第 68 章:2578  第69章 第 69 章:3540  第70章 第 70 章:2546  第71章 姐姐，我是自愿吞蛊的:2744  第72章 第 72 章:4100
          第73章 番外1:4323  第74章 番外2:4269

06:01:12  入魔后白月光师姐说爱我 (沈荀文) [完结]  169p→130章  1509KB  OK
          https://www.52shuku.net/gl/01_b/bkcTO.html
          第1章 云澜宗中风雪欲来（一）:3599  第2章 云澜宗中风雪欲来（二）:3416  第3章 云澜宗中风雪欲来（三）:3257  第4章 云澜宗中风雪欲来（四）:3109  第5章 云澜宗中风雪欲来（五）:3039  第6章 诛仙台上独撼天雷（一）:3027
          第7章 诛仙台上独撼天雷（二）:3048  第8章 诛仙台上独撼天雷（三）:3055  第9章 暂忘前尘纳福迎春（一）:3028  第10章 暂忘前尘纳福迎春（二）:3074  第11章 卿赠宝剑春寒料峭（一）:3052  第12章 卿赠宝剑春寒料峭（二）:3129
          第13章 卿赠宝剑春寒料峭（三）:3040  第14章 铜雀春深往事难寻（一）:3101  第15章 铜雀春深往事难寻（二）:3147  第16章 铜雀春深往事难寻（三）:3558  第17章 铜雀春深往事难寻（四）:3118  第18章 铜雀春深往事难寻（五）:4164
          第19章 新会绝杀回天乏术（一）:4458  第20章 新会绝杀回天乏术（二）:3306  第21章 棋中人纷择破局法（一）:3481  第22章 棋中人纷择破局法（二）:3322  第23章 棋中人纷择破局法（三）:3287  第24章 棋中人纷择破局法（四）:3350
          第25章 棋中人纷择破局法（五）:3460  第26章 危墙之下柳暗花明（一）:3869  第27章 危墙之下柳暗花明（二）:3930  第28章 危墙之下柳暗花明（三）:3904  第29章 危墙之下柳暗花明（四）:3502  第30章 危墙之下柳暗花明（五）:6627
          第31章 血战力竭夺魁未果（一）:6549  第32章 血战力竭夺魁未果（二）:6666  第33章 血战力竭夺魁未果（三）:6639  第34章 入黄泉阵问众生道（一）:6606  第35章 入黄泉阵问众生道（二）:6583  第36章 千里证道心湖微漾（一）:6616
          第37章 千里证道心湖微漾（二）:6544  第38章 道中人战备武道会（一）:6559  第39章 道中人战备武道会（二）:6580  第40章 道中人战备武道会（三）:6540  第41章 初入中州受中庸道（一）:6548  第42章 初入中州受中庸道（二）:6577
          第43章 初入中州受中庸道（三）:6568  第44章 争武道亦肃清魔敌（一）:6626  第45章 争武道亦肃清魔敌（二）:6677  第46章 争武道亦肃清魔敌（三）:6561  第47章 争武道亦肃清魔敌（四）:6765  第48章 真仙谢幕疑云叠起（一）:6594
          第49章 真仙谢幕疑云叠起（二）:6755  第50章 真仙谢幕疑云叠起（三）:3258  第51章 真仙谢幕疑云叠起（四）:3241  第52章 真仙谢幕疑云叠起（五）:3343  第53章 魔障任生强定心神（一）:3261  第54章 魔障任生强定心神（二）:3288
          第55章 身陷泥沼顺势入局（一）:3281  第56章 身陷泥沼顺势入局（二）:3256  第57章 身陷泥沼顺势入局（三）:3250  第58章 盘螺自蜷唯求自保（一）:3243  第59章 盘螺自蜷唯求自保（二）:3235  第60章 盘螺自蜷唯求自保（三）:3305
          第61章 盘螺自蜷唯求自保（四）:3294  第62章 盘螺自蜷唯求自保（五）:3336  第63章 观全局解各方逐利（一）:3433  第64章 观全局解各方逐利（二）:3301  第65章 观全局解各方逐利（三）:3285  第66章 观全局解各方逐利（四）:3274
          第67章 观全局解各方逐利（五）:3288  第68章 此姊妹非彼姊妹情（一）:3256  第69章 此姊妹非彼姊妹情（二）:3340  第70章 此姊妹非彼姊妹情（三）:3314  第71章 众生道者亦是众生（一）:3331  第72章 众生道者亦是众生（二）:3390
          第73章 绝境迫得异灾宝祸（一）:3241  第74章 绝境迫得异灾宝祸（二）:3339  第75章 绝境迫得异灾宝祸（三）:3300  第76章 救卿微绝觉危卿救（一）:3301  第77章 救卿微绝觉危卿救（二）:3281  第78章 救卿微绝觉危卿救（三）:3317
          第79章 救卿微绝觉危卿救（四）:3243  第80章 姊妹间相见再剖心（一）:3266  第81章 姊妹间相见再剖心（二）:3259  第82章 姊妹间相见再剖心（三）:3242  第83章 亦缄口凝眉敛酸意（一）:3275  第84章 亦缄口凝眉敛酸意（二）:3273
          第85章 亦缄口凝眉敛酸意（三）:3240  第86章 亦缄口凝眉敛酸意（四）:3248  第87章 决意断牵挂赴澄明（一）:3276  第88章 决意断牵挂赴澄明（二）:3383  第89章 决意断牵挂赴澄明（三）:3303  第90章 入楚云临危解迷局（一）:3316
          第91章 入楚云临危解迷局（二）:3339  第92章 入楚云临危解迷局（三）:3257  第93章 于长街恶斩地头蛇（一）:3294  第94章 于长街恶斩地头蛇（二）:3307  第95章 于长街恶斩地头蛇（三）:3249  第96章 楚云雪落御魔在即（一）:3253
          第97章 楚云雪落御魔在即（二）:3276  第98章 楚云雪落御魔在即（三）:3330  第99章 楚云雪落御魔在即（四）:3246  第100章 破魔定乱心生怨怼（一）:3401  第101章 破魔定乱心生怨怼（二）:3332  第102章 破魔定乱心生怨怼（三）:3428
          第103章 见婚书误入不归路（一）:3320  第104章 见婚书误入不归路（二）:3306  第105章 见婚书误入不归路（三）:3361  第106章 众里寻她问有情果（一）:3243  第107章 众里寻她问有情果（二）:3324  第108章 众里寻她问有情果（三）:3362
          第109章 孤身入狱碎体求剑（一）:3499  第110章 孤身入狱碎体求剑（二）:3344  第111章 点钿归世再见故人（一）:3339  第112章 点钿归世再见故人（二）:3363  第113章 点钿归世再见故人（三）:3287  第114章 君子小人粉墨登场（一）:3375
          第115章 君子小人粉墨登场（二）:3304  第116章 君子小人粉墨登场（三）:3353  第117章 君子小人粉墨登场（四）:3319  第118章 仙魔正恶各怀鬼胎（一）:3304  第119章 仙魔正恶各怀鬼胎（二）:3283  第120章 仙魔正恶各怀鬼胎（三）:3267
          第121章 鸿门宴上拔剑四顾（一）:3321  第122章 鸿门宴上拔剑四顾（二）:3364  第123章 有情人尽修无情道（一）:3515  第124章 有情人尽修无情道（二）:3418  第125章 有情人尽修无情道（三）:3249  第126章 有情人尽修无情道（四）:3307
          第127章 有情人尽修无情道（五）:3356  第128章 万事归宁浮生若梦（一）:3301  第129章 万事归宁浮生若梦（二）:3267  第130章 万事归宁浮生若梦（三）:4126

06:02:21  女朋友成为我的心脏之后[无限] (木狸狸狸) [完结+番外]  187p→166章  1636KB  OK
          https://www.52shuku.net/gl/01_b/bkcTL.html
          第1章 第一个副本(一):3819  第2章 第一个副本(二):3649  第3章 第一个副本(三):3537  第4章 第一个副本(完):2342  第5章 回归:2607  第6章 第二个副本(一):2510
          第7章 第二个副本(二):2175  第8章 第二个副本(三):1738  第9章 第二个副本(四):3053  第10章 第二个副本(五):3030  第11章 第二个副本(六):2067  第12章 第二个副本(七):2119
          第13章 第二个副本(八):2803  第14章 第二个副本(九):3047  第15章 第二个副本(十):2445  第16章 第二个副本(十一):3005  第17章 第二个副本(十二):3161  第18章 第二个副本(十三):3053
          第19章 第二个副本(完):3131  第20章 房间:3773  第21章 第三个副本(一):2574  第22章 第三个副本(二):2517  第23章 第三个副本(三):3168  第24章 第三个副本(四):2808
          第25章 第三个副本(五):4059  第26章 第三个副本(六):3008  第27章 第三个副本(七):3269  第28章 第三个副本(八):3242  第29章 第三个副本(九):3600  第30章 第三个副本(十):3118
          第31章 第三个副本(十一):3372  第32章 第三个副本(十二):3074  第33章 第三个副本(十三):3208  第34章 第三个副本(十四):3098  第35章 第三个副本(十五):3128  第36章 第三个副本(十六):3143
          第37章 第三个副本(十七):3263  第38章 第三个副本(十八):3615  第39章 第三个副本(十九):3214  第40章 第三个副本(二十):3535  第41章 第三个副本(二十一):3383  第42章 第三个副本(二十二):3359
          第43章 第三个副本(二十三):3742  第44章 第三个副本(二十四):3220  第45章 第三个副本(二十五):4073  第46章 第三个副本(完):3538  第47章 阵营:3192  第48章 房间的主人:3584
          第49章 摘下面具:3334  第50章 我在你心里:3655  第51章 第四个副本(一):3173  第52章 第四个副本(二):3385  第53章 第四个副本(三):3252  第54章 第四个副本(四):3154
          第55章 第四个副本(五):3085  第56章 第四个副本(六):3178  第57章 第四个副本(七):3186  第58章 第四个副本(八):3209  第59章 第四个副本(九):5093  第60章 第四个副本(十):3619
          第61章 第四个副本(十一):3168  第62章 第四个副本(十二):3153  第63章 第四个副本(十三):3361  第64章 第四个副本(十四):3259  第65章 第四个副本(十五):3308  第66章 第四个副本(十六):3192
          第67章 第四个副本(十七):3459  第68章 第四个副本(十八):3220  第69章 第四个副本(十九):3646  第70章 第四个副本(二十):3166  第71章 第四个副本(二十一):3417  第72章 第四个副本(二十二):3299
          第73章 第四个副本(二十三):3292  第74章 第四个副本(二十四):3181  第75章 第四个副本(二十五):3275  第76章 第四个副本(二十六):3105  第77章 第四个副本(二十七):3323  第78章 第四个副本(二十八):3449
          第79章 第四个副本(二十九):3230  第80章 第四个副本(完):3909  第81章 坏人竟在我身边:3336  第82章 第五个副本(一):3485  第83章 第五个副本(二)修:3278  第84章 第五个副本(三):3322
          第85章 第五个副本(四):3543  第86章 第五个副本(五):3265  第87章 第五个副本(六):3395  第88章 第五个副本(七):3366  第89章 第五个副本(八):3270  第90章 第五个副本(九):3436
          第91章 第五个副本(十):3276  第92章 第五个副本(十一):3660  第93章 第五个副本(十二):3238  第94章 第五个副本(十三):3337  第95章 第五个副本(十四):3262  第96章 第五个副本(十五):3250
          第97章 第五个副本(十六):3370  第98章 第五个副本(十七):3278  第99章 第五个副本(十八):3692  第100章 第五个副本(十九):3004  第101章 第五个副本(二十):3254  第102章 第五个副本(二十一):3254
          第103章 第五个副本(二十二):3200  第104章 第五个副本(二十三):3672  第105章 第五个副本(二十四):3278  第106章 第五个副本(二十五):3309  第107章 第五个副本(二十六):3295  第108章 第五个副本(二十七):3055
          第109章 第五个副本(二十八):3301  第110章 第五个副本(二十九):3205  第111章 第五个副本(完):3366  第112章 隔壁阵营:3261  第113章 做客:3591  第114章 有意思:3383
          第115章 341号副本(一):3018  第116章 341号副本(二):3051  第117章 341号副本(三):3012  第118章 341号副本(四):3320  第119章 341号副本(五):3241  第120章 341号副本(六):3051
          第121章 341号副本(七):3374  第122章 341号副本(八):3274  第123章 341号副本(九):3232  第124章 341号副本(十):3180  第125章 341号副本(十一):3207  第126章 341号副本(十二):3188
          第127章 341号副本(十三):3209  第128章 341号副本(十四):3383  第129章 341号副本(十五):3282  第130章 341号副本(完):3656  第131章 第七个副本(一):3438  第132章 第七个副本(二):3189
          第133章 第七个副本(三):3117  第134章 第七个副本(四):3279  第135章 第七个副本(五):3227  第136章 第七个副本(六):3386  第137章 第七个副本(七):3226  第138章 第七个副本(八):3237
          第139章 第七个副本(九):3040  第140章 第七个副本(十):3167  第141章 第七个副本(十一):3172  第142章 第七个副本(十二):3041  第143章 第七个副本(十三):3331  第144章 第七个副本(十四):3217
          第145章 第七个副本(十五):3215  第146章 第七个副本(十六):3296  第147章 第七个副本(十七):3220  第148章 第七个副本(十八):3239  第149章 第七个副本(十九):3450  第150章 第七个副本(二十):3339
          第151章 第七个副本(二十一):3177  第152章 第七个副本(二十二):2187  第153章 第七个副本(二十三):3176  第154章 第七个副本(二十四):2146  第155章 第七个副本(完):4074  第156章 门外:3172
          第157章 灵魂值散尽:3186  第158章 欢迎进入灵魂游戏:3199  第159章 第八个副本(一):3338  第160章 第八个副本(二):3276  第161章 第八个副本(三):3520  第162章 第八个副本(四):4724
          第163章 第八个副本(五):3305  第164章 第八个副本(六):7657  第165章 番外一:3242  第166章 番外二:6188

06:03:28  老婆总是想跑路 (冰刈) [完结+番外]  177p→124章  1523KB  OK
          https://www.52shuku.net/gl/01_b/bkcTK.html
          第1章:3836  第2章:3148  第3章:3336  第4章:3194  第5章:3266  第6章:3643
          第7章:3662  第8章:3190  第9章:3112  第10章:2685  第11章:2101  第12章:2773
          第13章:2066  第14章:2492  第15章:2159  第16章:2179  第17章:3054  第18章:3106
          第19章:2141  第20章:2078  第21章:2070  第22章:2071  第23章:2080  第24章:2081
          第25章:2042  第26章:2290  第27章:3026  第28章:10014  第29章:6914  第30章:6255
          第31章:6265  第32章:6680  第33章:6238  第34章:6666  第35章:6730  第36章:7192
          第37章:7523  第38章:6364  第39章:6591  第40章:6341  第41章:6395  第42章:6595
          第43章:6199  第44章:6194  第45章:6887  第46章:6052  第47章:6270  第48章:6187
          第49章:6253  第50章:6651  第51章:6656  第52章:6026  第53章:6245  第54章:6096
          第55章:6878  第56章:6309  第57章:6257  第58章:6329  第59章:6690  第60章:4197
          第61章:2043  第62章:4068  第63章:2332  第64章:4378  第65章:2257  第66章:3631
          第67章:3299  第68章:3172  第69章:2899  第70章:3553  第71章:3177  第72章:3896
          第73章:3583  第74章:3656  第75章:3251  第76章:4577  第77章:2567  第78章:3618
          第79章:3046  第80章:3568  第81章:2543  第82章:3348  第83章:2858  第84章:4008
          第85章:3197  第86章:3246  第87章:3290  第88章:3224  第89章:3275  第90章:3253
          第91章:3432  第92章:3577  第93章:2884  第94章:3519  第95章:2913  第96章:3244
          第97章:3398  第98章:3232  第99章:3038  第100章:3229  第101章:3550  第102章:3265
          第103章:3213  第104章:3626  第105章:3198  第106章:3293  第107章:2677  第108章:3230
          第109章:3134  第110章:3583  第111章:3872  第112章:3283  第113章:3279  第114章:4043
          第115章:2957  第116章:4249  第117章:2123  第118章:3623  第119章:3658  第120章:3111
          第121章:3882  第122章:3600  第123章:4848  第124章:3618

06:04:20  兰台纪 (青湘) [完结+番外]  139p→125章  1294KB  OK
          https://www.52shuku.net/gl/01_b/bkcTA.html
          第1章 楔子:461  第2章 庙遇（1）:3885  第3章 庙遇（2）:3035  第4章 庙遇（3）:3317  第5章 省试（1）:4737  第6章 省试（2）:3828
          第7章 状首（1）:3383  第8章 状首（2）:3121  第9章 状首（3）:3036  第10章 座主（1）:3135  第11章 座主（2）:3082  第12章 座主（3）:2659
          第13章 选试（1）:3203  第14章 选试（2）:2815  第15章 选试（3）:2898  第16章 夏课（1）:3518  第17章 夏课（2）:3775  第18章 夏课（3）:3470
          第19章 正字（1）:3533  第20章 正字（2）:3332  第21章 正字（3）:3428  第22章 侍御（1）:3054  第23章 侍御（2）:4152  第24章 侍御（3）:3180
          第25章 王瑗（1）:3399  第26章 王瑗（2）:3320  第27章 王瑗（3）:3631  第28章 伴值（1）:3691  第29章 伴值（2）:3476  第30章 伴值（3）:5555
          第31章 新岁（1）:3435  第32章 新岁（2）:3077  第33章 新岁（3）:3246  第34章 仆射（1）:3362  第35章 仆射（2）:3202  第36章 仆射（3）:3532
          第37章 分歧（1）:3455  第38章 分歧（2）:3716  第39章 分歧（3）:3480  第40章 侍疾（1）:3394  第41章 侍疾（2）:3395  第42章 侍疾（3）:3800
          第43章 心迹（1）:3054  第44章 心迹（2）:3151  第45章 心迹（3）:3477  第46章 司言（1）:3212  第47章 司言（2）:3398  第48章 司言（3）:3148
          第49章 情定（1）:3084  第50章 情定（2）:4212  第51章 情定（3）:3095  第52章 田假（1）:3427  第53章 田假（2）:3439  第54章 田假（3）:4847
          第55章 寺盟（1）:3381  第56章 寺盟（2）:4473  第57章 寺盟（3）:3177  第58章 制举（1）:3317  第59章 制举（2）:3659  第60章 制举（3）:3761
          第61章 阳翟（1）:5750  第62章 阳翟（2）:3220  第63章 善才（1）:3339  第64章 善才（2）:3689  第65章 善才（3）:3593  第66章 借调（1）:3489
          第67章 借调（2）:3549  第68章 借调（3）:3516  第69章 隐忧（1）:3844  第70章 隐忧（2）:4265  第71章 隐忧（3）:4050  第72章 佳节（1）:3492
          第73章 佳节（2）:3411  第74章 佳节（3）:3670  第75章 君臣（1）:3257  第76章 君臣（2）:3636  第77章 君臣（3）:3547  第78章 家学（1）:3094
          第79章 家学（2）:3384  第80章 家学（3）:3126  第81章 秘密（1）:3609  第82章 秘密（2）:3186  第83章 秘密（3）:3346  第84章 求合（1）:3137
          第85章 求合（2）:3804  第86章 求合（3）:3807  第87章 惊悸（1）:3181  第88章 惊悸（2）:3503  第89章 惊悸（3）:3077  第90章 暗流（1）:3142
          第91章 暗流（2）:3045  第92章 暗流（3）:3389  第93章 复合（1）:3740  第94章 复合（2）:3383  第95章 复合（3）:3082  第96章 叛乱（1）:3602
          第97章 叛乱（2）:3164  第98章 叛乱（3）:3685  第99章 母女（1）:3807  第100章 母女（2）:3177  第101章 母女（3）:3417  第102章 秘辛（1）:3192
          第103章 秘辛（2）:3154  第104章 秘辛（3）:3464  第105章 人证（1）:3052  第106章 人证（2）:3149  第107章 人证（3）:3149  第108章 护符（1）:3572
          第109章 护符（2）:3550  第110章 护符（3）:3993  第111章 长别（1）:3301  第112章 长别（2）:3160  第113章 长别（3）:4150  第114章 安平（1）:3240
          第115章 安平（2）:3216  第116章 安平（3）:4367  第117章 乱平（1）:3639  第118章 乱平（2）:3504  第119章 乱平（3）:3031  第120章 女学（1）:3176
          第121章 女学（2）:3318  第122章 女学（3）:4566  第123章 尾声:3812  第124章 番外1:2971  第125章 番外2:1397

06:05:08  巫山一段云 (祁雾的猫) [完结+番外]  121p→109章  1085KB  OK
          https://www.52shuku.net/gl/01_b/bkcT9.html
          第1章进宫:4280  第2章初见:4800  第3章狩猎:2972  第4章刺杀:3215  第5章敲打:3198  第6章入府:4109
          第7章试探:3593  第8章教导:3547  第9章亲吻:3582  第10章宴会:3569  第11章计谋:4474  第12章温柔:3770
          第13章无题:7408  第14章谈话:3921  第15章幸运:3794  第16章舍弃:4075  第17章犯病:4681  第18章喝药:2523
          第19章事发:4057  第20章问责:4443  第21章商议:1245  第22章探视:7363  第23章惩治:4251  第24章绾娆:4296
          第25章恐惧:4647  第26章暗桩:5299  第27章相遇:3715  第28章游山:3602  第29章香味:2191  第30章挑衅:3672
          第31章怀疑:3674  第32章蹊跷:2118  第33章圣手:2055  第34章薄情:3243  第35章交锋:4511  第36章储君:3562
          第37章抉择:3847  第38章求娶:1731  第39章分歧:2163  第40章无情:5088  第41章察觉:1339  第42章再战:1594
          第43章撒娇:3194  第44章棋局:4503  第45章利益:3251  第46章信任:2334  第47章廉价:1947  第48章乐声:2179
          第49章上朝:1952  第50章逼迫:2598  第51章诚心:1831  第52章调情:2464  第53章心跳:1127  第54章威胁:2399
          第55章头疼:2093  第56章交心:4339  第57章真假:2488  第58章破坏:2237  第59章出山:2251  第60章落水:3513
          第61章明理:4137  第62章改变:2496  第63章线索:2971  第64章吵架:2421  第65章关系:2296  第66章晕倒:1284
          第67章生病:3460  第68章坦诚:2058  第69章坦诚:2468  第70章幼稚:2478  第71章强势:2661  第72章犯上:2739
          第73章要求:2249  第74章祭拜:3182  第75章过渡:2728  第76章诬陷:3938  第77章夜庭:4958  第78章离开:3826
          第79章虎军:5496  第80章灯会:4623  第81章受伤:3419  第82章逼宫:10266  第83章病重:3438  第84章联合:3418
          第85章私盐:3060  第86章两难:3561  第87章同意:3052  第88章浴池:2483  第89章出征:2625  第90章野心:2605
          第91章查案:3284  第92章停手:2534  第93章收敛:3229  第94章礼物:3179  第95章生辰:3243  第96章保全:3082
          第97章考量:1022  第98章上山:2173  第99章斡旋:3104  第100章意外:3208  第101章中毒:3128  第102章驾崩:3353
          第103章对峙:3195  第104章厮杀:3360  第105章登基:3096  第106章担忧:3296  第107章终章:1913  第108章完结:1525
          第109章番外:7805

06:05:46  [鬼灭之刃同人] 无惨：你才是真的鬼 (君绾1111) [完结+番外]  99p→120章  891KB  OK
          https://www.52shuku.net/gl/01_b/bkcT8.html
          第1章 惨剧:2827  第2章 日出:2410  第3章 鬼杀队:2831  第4章 三件套与血:2438  第5章 炼狱:2542  第6章 最终试炼:2465
          第7章 正式剑士:2863  第8章 日轮刀与蝴蝶:2888  第9章 异样的村庄:2524  第10章 斩下三:2317  第11章 恐惧:2268  第12章 不死川:2310
          第13章 柱合会议:2455  第14章 药剂与诅咒:2629  第15章 切磋:2102  第16章 辘轳:2633  第17章 斩杀新下叁:2005  第18章 意料之外的鬼:2336
          第19章 伏诛:2043  第20章 被打破的历史:2308  第21章 上弦齐聚:2326  第22章 解毒1:2121  第23章 解毒2:2807  第24章 道歉1:2643
          第25章 道歉2:2843  第26章 烟火1:2891  第27章 烟火2:3382  第28章 紫斑蝶:2421  第29章 木头:2373  第30章 新羽织:2256
          第31章 伊黑:2334  第32章 亲人？:2795  第33章 黑暗仍在:2683  第34章 珠世:2438  第35章 童磨:2146  第36章 守护:2377
          第37章 忍的到来:2277  第38章 苦战:2635  第39章 斩童磨:3206  第40章 抹杀:2604  第41章 紧急召回:2722  第42章 苏醒:2373
          第43章 厨房:2416  第44章 冲突:2317  第45章 别扭:2852  第46章 笑容:2427  第47章 吻:2545  第48章 特殊存在:3482
          第49章 下弦之壹（实弥/匡近专场）:2804  第50章 日常1:2126  第51章 日常2:2297  第52章 日常3:4074  第53章 下弦之肆（忍单人章）:2764  第54章 时透1:2133
          第55章 时透2:2180  第56章 时透3:3076  第57章 拥有与无限:3314  第58章 生气1:2222  第59章 生气2:3452  第60章 安抚:2021
          第61章 柱合会议:2209  第62章 风雪:2849  第63章 无惨:2288  第64章 分裂:2352  第65章 祢豆子:2074  第66章 担保:3270
          第67章 仇恨:2623  第68章 训练:2398  第69章 三小只:3569  第70章 头锤:2442  第71章 窘迫:3479  第72章 失恋（？）的善逸:2444
          第73章 复活的善逸（结果又被揍晕了）:2503  第74章 伊之助:2649  第75章 浅草:2811  第76章 狯岳:2537  第77章 离开:2262  第78章 安全:2118
          第79章 桃山:2836  第80章 真相:2415  第81章 训练:2138  第82章 无限列车:2099  第83章 梦境:2121  第84章 半天狗:2037
          第85章 克服阳光:2790  第86章 过渡章:2357  第87章 不知道取什么标题:2353  第88章 游郭:2294  第89章 华丽（诡异）:2156  第90章 分散:2171
          第91章 京极屋:2494  第92章 情报:1586  第93章 第 93 章:2303  第94章 兄妹:1795  第95章 黑死牟:2532  第96章 堕姬:2225
          第97章 妓夫太郎:1910  第98章 锻刀村:1928  第99章 温泉:2272  第100章 赖床:1969  第101章 早餐:1931  第102章 采药:2241
          第103章 又又不知道取什么标题:1896  第104章 人偶:2240  第105章 成功:1294  第106章 很混乱的柱合训练:1461  第107章 斑纹:1989  第108章 双子:1144
          第109章 未来:2978  第110章 零:1952  第111章 战前1:1615  第112章 战前2:2104  第113章 无限城1:1785  第114章 无限城2:2557
          第115章 无限城3:2990  第116章 无惨1:2101  第117章 无惨2:2417  第118章 我的爱人:2080  第119章 此后尽是黎明（完）:3158  第120章 生日快乐:3534

06:07:31  玫瑰不是雪色浓 (莫然漂) [完结]  285p→205章  2585KB  OK
          https://www.52shuku.net/gl/28_b/bkcT2.html
          第1章:3442  第2章:3256  第3章:4444  第4章:4338  第5章:5197  第6章:4111
          第7章:4358  第8章:3396  第9章:3696  第10章:3086  第11章:4653  第12章:3531
          第13章:4282  第14章:3445  第15章:3117  第16章:3987  第17章:3589  第18章:3212
          第19章:2831  第20章:3096  第21章:4516  第22章:4512  第23章:2813  第24章:3317
          第25章:3791  第26章:4755  第27章:4280  第28章:2741  第29章:4667  第30章:3624
          第31章:2974  第32章:5768  第33章:4536  第34章:4292  第35章:4861  第36章:3264
          第37章:2901  第38章:3464  第39章:3792  第40章:4141  第41章:4691  第42章:4361
          第43章:6388  第44章:5208  第45章:4640  第46章:4003  第47章:4499  第48章:3794
          第49章:4626  第50章:3357  第51章:6236  第52章:4944  第53章:4732  第54章:5304
          第55章:4186  第56章:5251  第57章:4179  第58章:6301  第59章:4579  第60章:6966
          第61章:5030  第62章:4664  第63章:6475  第64章:3444  第65章:5817  第66章:4404
          第67章:4288  第68章:4357  第69章:5234  第70章:5562  第71章:3543  第72章:3974
          第73章:3542  第74章:6652  第75章:5214  第76章:5449  第77章:4838  第78章:6456
          第79章:3811  第80章:4740  第81章:3703  第82章:3143  第83章:4961  第84章:3854
          第85章:6223  第86章:5736  第87章:5370  第88章:4681  第89章:4886  第90章:4338
          第91章:4603  第92章:4379  第93章:5480  第94章:3455  第95章:6463  第96章:4122
          第97章:4670  第98章:5173  第99章:3017  第100章:3097  第101章:4273  第102章:3750
          第103章:4473  第104章:5819  第105章:5634  第106章:3639  第107章:5935  第108章:5524
          第109章:3030  第110章:4958  第111章:3330  第112章:4687  第113章:3972  第114章:6093
          第115章:3799  第116章:4175  第117章:5489  第118章:6128  第119章:6769  第120章:5367
          第121章:4491  第122章:6363  第123章:4031  第124章:3432  第125章:3837  第126章:4216
          第127章:5262  第128章:4923  第129章:2545  第130章:4617  第131章:3695  第132章:4200
          第133章:5787  第134章:2892  第135章:3840  第136章:4173  第137章:4371  第138章:2995
          第139章:4053  第140章:3438  第141章:3416  第142章:3391  第143章:3612  第144章:3285
          第145章:4778  第146章:3405  第147章:4862  第148章:3029  第149章:3746  第150章:3256
          第151章:3802  第152章:3641  第153章:3297  第154章:6006  第155章:3629  第156章:3575
          第157章:3895  第158章:3870  第159章:4079  第160章:3443  第161章:3534  第162章:3559
          第163章:3661  第164章:4056  第165章:2875  第166章:2787  第167章:2863  第168章:2921
          第169章:3152  第170章:4101  第171章:2764  第172章:2893  第173章:3597  第174章:2925
          第175章:2713  第176章:2439  第177章:3320  第178章:2933  第179章:3203  第180章:3540
          第181章:4615  第182章:3945  第183章:3576  第184章:3541  第185章:3662  第186章:4390
          第187章:3797  第188章:3469  第189章:2423  第190章:3080  第191章:3091  第192章:3381
          第193章:3378  第194章:4697  第195章:3926  第196章:4288  第197章:4600  第198章:3802
          第199章:3329  第200章:7551  第201章:5272  第202章:3717  第203章:4217  第204章:4024
          第205章:4413

06:08:21  误标记冷艳长公主后 (云落青衫) [完结+番外]  135p→121章  1171KB  OK
          https://www.52shuku.net/gl/28_b/bkcT0.html
          第1章 旖旎梦境:3308  第2章 信香交融:3471  第3章 分化乾元:2535  第4章 梦境成真:2467  第5章 心间异样:2278  第6章 熏香为引:3213
          第7章 梦引香泄:1979  第8章 细辨信香:3371  第9章 反咬乾元:2533  第10章 相互威胁:2463  第11章 肆意张扬:3309  第12章 信香失控:3110
          第13章 明知故问:2051  第14章 天赋异禀:2577  第15章 殿下甜的:2913  第16章 殿下很甜:2012  第17章 你的样子:2571  第18章 不必视危:2515
          第19章 虚心请教:3234  第20章 主动撩人:2336  第21章 紧紧相依:3042  第22章 按摩腺体:2203  第23章 雨露将至:2217  第24章 接受主动:6075
          第25章 并不反感:3083  第26章 逼至极限:3033  第27章 满腹心机:3204  第28章 刻意报复:3029  第29章 心念杂乱:3267  第30章 无可再忍:3052
          第31章 吐露心思:3064  第32章 贪恋气息:3222  第33章 看穿心思:3222  第34章 清晰可闻:3259  第35章 欲擒故纵:3062  第36章 雨露结束:3939
          第37章 戒断反应:3089  第38章 软软好摸:4256  第39章 区别对待:3277  第40章 深闻信香:3065  第41章 促她主动:3062  第42章 一吻再吻:3213
          第43章 阿雪可爱:3238  第44章 兔兔好奇:3203  第45章 陷害谋划:4050  第46章 醋坛打翻:3219  第47章 醉酒被哄:3222  第48章 挑拨离间:4267
          第49章 刺杀落水:4010  第50章 以身降温:3523  第51章 生病纵她:3210  第52章 苦命鸳鸯:3017  第53章 坦陈梦境:3266  第54章 欺人被哄:3274
          第55章 装作病弱:3977  第56章 顺应本心:3212  第57章 腰链作响:3202  第58章 主人姐姐:3967  第59章 如此之快:3050  第60章 念起频繁:3047
          第61章 亲手画作:3097  第62章 焦躁不安:3140  第63章 身中两毒:3061  第64章 不是欺负:3187  第65章 限定喜欢:3106  第66章 你我不同:3217
          第67章 吃醋相喂:3009  第68章 娇蛮相待:3044  第69章 假山做戏:4015  第70章 万事俱备:3199  第71章 依赖结束:3052  第72章 双方行动:3223
          第73章 启程回京:3283  第74章 贪欲无厌:3282  第75章 意欲赐婚:3527  第76章 雕刻玉簪:3131  第77章 玉簪断情:4112  第78章 一伤一病:4000
          第79章 挣脱醒悟:3878  第80章 不是利用:3044  第81章 诱她逼她:3025  第82章 处境对换:3901  第83章 她的劣势:3605  第84章 变得冷淡:3003
          第85章 喜欢恶劣:3043  第86章 因爱放手:3100  第87章 红绳覆身:4273  第88章 不愿附属:3240  第89章 清理门户:4422  第90章 自立而起:3203
          第91章 身心皆念:3593  第92章 声威大震:4562  第93章 冷颜.射杀:3183  第94章 阿云忍忍:3026  第95章 清剿山匪:3139  第96章 只愿朝暮:3283
          第97章 心有归处:3293  第98章 册封驸马:3314  第99章 情之磨人:3127  第100章 太过惹眼:3033  第101章 易感期至:3008  第102章 紧密黏人:3175
          第103章 爱因欲生:3028  第104章 奔赴南境:3075  第105章 探查清晰:3052  第106章 厮杀突围:3224  第107章 东风已来:3203  第108章 清剿叛军:3033
          第109章 穿过念过:3429  第110章 晏秋复婚:3624  第111章 大婚结契:4435  第112章 IF线·现代篇（1）:假戏真做:3128  第113章 IF线·现代篇（2）:假戏真做:3033  第114章 IF线·现代篇（3）:假戏真做:3038
          第115章 IF线·现代篇（4）:假戏真做:3059  第116章 IF线·现代篇（5）:假戏真做:3084  第117章 IF线·现代篇（6）:假戏真做:2083  第118章 IF线·现代篇（完）:假戏真做:2400  第119章 正文番外·帝后篇:帝后同尊:1940  第120章 正文番外·帝后篇（2）:帝后日常:3632
          第121章 晏秋年轻篇:一见钟情:2087

06:09:19  她的航线我的歌 (时不可兮ke) [完结]  155p→110章  1392KB  OK
          https://www.52shuku.net/gl/28_b/bkcTd.html
          第1章 跑道07左，请求起飞:6730  第2章 飞行日志:3815  第3章 Mayday，Mayday，Mayday:3696  第4章 盲降风暴眼:2426  第5章 喧嚣之外的寂静:3636  第6章 拯救“学渣”（高中）:3380
          第7章 花样年华（高中）:4871  第8章 卑劣的“好学生”（高中）:3523  第9章 绝对音感:3338  第10章 谢谢班长（高中）:2832  第11章 一定是幻觉！（高中）:3143  第12章 有病和好看（高中）:3906
          第13章 明媚的秘密（高中）:4695  第14章 我保护你（高中）:3415  第15章 一定让你考上北大（高中）:3698  第16章 我是为了等你（高中）:3620  第17章 又不是给我的（高中）:3373  第18章 听你指挥（高中）:5697
          第19章 脱敏治疗:3938  第20章 而她，就是那极少数中的一员:3623  第21章 你不知道吗？:3932  第22章 期待和你通话:5544  第23章 我们是高中同学:2293  第24章 给你十秒钟:3935
          第25章 一千万，三次:4555  第26章 熟悉的陌生人:3712  第27章 你给我打电话了？:3278  第28章 对哪个飞行员感兴趣:3418  第29章 没想到在这儿还能遇到老乡:4945  第30章 你们好，我是顾悦:3610
          第31章 宁教，你真的来啦！:3566  第32章 你放心，我卖艺不卖身！:4388  第33章 差生的可乐（高中）:4083  第34章 白塔山有妖怪（高中）:4103  第35章 这件事，让我很难过（高中）:3336  第36章 吃你点零食不行啊（高中）:4547
          第37章 学霸，就是不一样（高中）:3512  第38章 我记错了:3953  第39章 可能......图我身子吧:3255  第40章 这么熟悉亲密的朋友啊:5507  第41章 她不是不喜欢顾栖悦（高中）:3378  第42章 顾栖悦，我很长情的（高中）:3686
          第43章 你喜欢音乐吗？（高中）:2817  第44章 白塔乐队（高中）:3134  第45章 我给你托底（高中）:3395  第46章 主唱大人，加油（高中）:3907  第47章 去他的第一名（高中）:2433  第48章 你能......给我签个名吗:3949
          第49章 遇到代签了:3589  第50章 宁教是不是觉得我的签名很廉价啊？:5127  第51章 唱给一个人的歌:3716  第52章 不如我们自己掌握节奏:3612  第53章 没有回头路:5127  第54章 风水轮流转:5312
          第55章 乌云在发芽:5028  第56章 她不需要别人的喜欢么？（高中）:3396  第57章 送你一本书（高中）:3521  第58章 Kiss Landing!:6448  第59章 天真，总要比成长更昂贵:3272  第60章 一场雨梦:5600
          第61章 她欺负我:4770  第62章 不会爱，更可悲:6036  第63章 其人之道，还治其人之身:6237  第64章 画上句号:3340  第65章 她又影响到了顾栖悦:4291  第66章 她很想她:4926
          第67章 放不下，也都没放下:3657  第68章 买三赠一:6070  第69章 绕不出，走不入:5295  第70章 还要她怎么爱你呢？:3830  第71章 意味着我要追你:3413  第72章 应该早些告诉我:4514
          第73章 有时候,女人会喜欢女人:6317  第74章 季札挂剑，一场留白（高中）:3377  第75章 我和你之间，太远了:3942  第76章 尔尔辞晚，朝朝辞暮:6424  第77章 什么样的太阳唤醒了你？:4049  第78章 把我拐姐折腾成这样:3757
          第79章 谢谢你的好运气:5152  第80章 在谵妄中拼命挣扎:3823  第81章 牡蛎永远记得潮汐:4242  第82章 很荣幸...被你占有:4558  第83章 我不滚:3459  第84章 要不要一起？:3588
          第85章 脆弱不该羞愧:5670  第86章 早晨，阿辞BB:3556  第87章 一朵云，正在马不停蹄:4528  第88章 你知道积云层吗:4765  第89章 PPT实名举报:5600  第90章 昨晚的‘犯罪证据:4665
          第91章 没人不喜欢听情话:5472  第92章 音乐和她，我都要:4203  第93章 全都拿回来:5531  第94章 等你降落在我的时区:3835  第95章 这是什么鸟:5833  第96章 生命，高于一切:6044
          第97章 求求了，宁辞…:4658  第98章 她在等我，马上回家:5423  第99章 信里......写的什么:3634  第100章 回忆不需要立碑:4427  第101章 爱意如昼，天长地久:5793  第102章 你就是我的巴塞罗那:3961
          第103章 宁机长今天打算教什么:3653  第104章 太不解风情了:3230  第105章 宁机长，今晚要玩什么吖:4035  第106章 宁机长，你好有魅力:4637  第107章 她女朋友，就是我:3763  第108章 别打主意，自留款:4472
          第109章 你会亲吻我吗:4407  第110章 白塔山上没有妖怪:7005

06:09:55  平芜春山晚GL (神北行) [完结]  91p→200章  853KB  OK
          https://www.52shuku.net/gl/28_b/bkcTc.html
          第1章 玉腰奴:0  第1章:3211  第2章 笑:0  第2章:2987  第3章 君竹:0  第3章:2853
          第4章 背叛:0  第4章:2901  第5章 坦白:0  第5章:2988  第6章 挑战:0  第6章:2874
          第7章 萧弦:0  第7章:3781  第8章 加冕:0  第8章:2793  第9章 幸福:0  第9章:2620
          第10章 逐风鹤:0  第10章:2889  第11章 荷包:0  第11章:2838  第12章 醉欢:0  第12章:2948
          第13章 冷淡:0  第13章:3331  第14章 局:0  第14章:2742  第15章 自尊:0  第15章:2634
          第16章 为什么:0  第16章:2748  第17章 离开:0  第17章:2613  第18章 夜谈:0  第18章:2627
          第19章 磨镜之好:0  第19章:2683  第20章 与风:0  第20章:2753  第21章 灯:0  第21章:2999
          第22章 较真:0  第22章:2500  第23章 留下来:0  第23章:2797  第24章 风车:0  第24章:2539
          第25章 雨:0  第25章:2866  第26章 醉里归:0  第26章:2739  第27章 想你:0  第27章:2686
          第28章 常相见:0  第28章:2644  第29章 应酬:0  第29章:2746  第30章 祝福:0  第30章:3748
          第31章 雪:0  第31章:2741  第32章 凤求凰:0  第32章:2731  第33章 有所思:0  第33章:2585
          第34章 夜归人:0  第34章:2727  第35章 吻:0  第35章:3411  第36章 变故:0  第36章:2687
          第37章 杀:0  第37章:2979  第38章 婚礼:0  第38章:2676  第39章 开战:0  第39章:3434
          第40章 鏖战:0  第40章:2827  第41章 决战:0  第41章:2838  第42章 终局:0  第42章:2626
          第43章 夜:0  第43章:4454  第44章 次日:0  第44章:2596  第45章 归去:0  第45章:2617
          第46章 许愿:0  第46章:2765  第47章 发难:0  第47章:3623  第48章 不哭:0  第48章:2823
          第49章 逝去:0  第49章:2692  第50章 礼魂:0  第50章:2996  第51章 落花:0  第51章:2574
          第52章 痛:0  第52章:2660  第53章 长恨歌:0  第53章:2763  第54章 春光:0  第54章:2679
          第55章 再见:0  第55章:2673  第56章 别走:0  第56章:3134  第57章 回答我:0  第57章:2726
          第58章 心碎:0  第58章:2700  第59章 入膏肓:0  第59章:2530  第60章 医仙:0  第60章:2532
          第61章 无常:0  第61章:2515  第62章 转机:0  第62章:2630  第63章 众口:0  第63章:2452
          第64章 俱灰:0  第64章:2631  第65章 回心:0  第65章:2578  第66章 花环:0  第66章:2680
          第67章 醉:0  第67章:2651  第68章 虚无:0  第68章:2576  第69章 雨落:0  第69章:2828
          第70章 为营:0  第70章:2602  第71章 归去来兮:0  第71章:3036  第72章 未来:0  第72章:2419
          第73章 徐醉欢:0  第73章:2713  第74章 禅让:0  第74章:2714  第75章 取船:0  第75章:2499
          第76章 渔夫:0  第76章:2576  第77章 林家:0  第77章:2470  第78章 幻术:0  第78章:2851
          第79章 暂歇:0  第79章:2496  第80章 等待:0  第80章:2783  第81章 婚礼:0  第81章:2434
          第82章 启程:0  第82章:2559  第83章 跪下去:0  第83章:2628  第84章 不治:0  第84章:3045
          第85章 药方:0  第85章:2615  第86章 心愿:0  第86章:2366  第87章 足够了:0  第87章:2713
          第88章 再塑:0  第88章:2500  第89章 心上人:0  第89章:2494  第90章 回家:0  第90章:2433
          第91章 新屋:0  第91章:2571  第92章 采莲归:0  第92章:2822  第93章 夏天:0  第93章:2630
          第94章 猫:0  第94章:2513  第95章 糯米团:0  第95章:2453  第96章 生辰:0  第96章:3398
          第97章 不见:0  第97章:3012  第98章 梦:0  第98章:2759  第99章 错:0  第99章:2536
          第100章 终:0  第100章:2298

06:10:13  饲养玫瑰 (时炽) [完结+番外]  40p→42章  334KB  OK
          https://www.52shuku.net/gl/28_b/bkcTb.html
          第1章001:3048  第2章002:3110  第3章003:2384  第4章004:2298  第5章005:3096  第6章006:3026
          第7章007:2266  第8章008:2486  第9章009:2437  第10章010:3036  第11章011:3306  第12章012:2056
          第13章013:2063  第14章014:2045  第15章015:3011  第16章016:2092  第17章017:2443  第18章018:2020
          第19章019:2211  第20章020:2508  第21章021:2313  第22章022:2307  第23章023:2277  第24章024:2424
          第25章025:2352  第26章026:2533  第27章027:2247  第28章028:2221  第29章029:3935  第30章030:3527
          第31章031:3008  第32章032:2392  第33章033:2311  第34章034:2233  第35章035:2174  第36章036:2535
          第37章037:2200  第38章038:2323  第39章039:3296  第40章040:2735  第41章正文完:4255  第42章 番外 全文完:2148

06:11:07  和偏执大佬协议结婚后 (黎栀之) [完结+番外]  147p→86章  1225KB  OK
          https://www.52shuku.net/gl/27_b/bkcRT.html
          第1章 怕？你还招惹我？:3204  第2章 婚，我会结:3113  第3章 联姻的人换成她:3266  第4章 不同意，就是拒绝:3299  第5章 可，还是会委屈:3068  第6章 看她掉眼泪，算欺负吗？:3014
          第7章 三个月后举办婚礼:3125  第8章 她要就给她:5141  第9章 你……娶我好不好？:3028  第10章 可我已经跟她“求婚”了:3117  第11章 晚上就想‘睡我’了？:3348  第12章 我感觉你很难过:3178
          第13章 又是勾绕又是吮吸:3246  第14章 挺喜欢你的:3390  第15章 送她去医院:3247  第16章 希望你能幸福:3959  第17章 你抱得太用力了:4092  第18章 主动索吻:3645
          第19章 吻得比先前还要深，还要重:3268  第20章 我娶苏黎:3878  第21章 入V万更:10142  第22章 喜欢你那样亲我:10115  第23章 姐姐不要捏，痒……:3264  第24章 舌尖在女孩唇上舔舐:7574
          第25章 看着又纯，又惹人怜惜:6056  第26章 她就是来睡我的:6053  第27章 姐姐分明就是想亲我。:6152  第28章 苏黎，转过头来，看着我。:6191  第29章 你自己说说，最近你乖吗？:6637  第30章 所以……现在能抱着我了吗？:6327
          第31章 今晚……我们试试？:6535  第32章 陪妻子买咖啡而已:6598  第33章 病危通知书:3067  第34章 我会惩罚不乖的你:3366  第35章 收取合理的报酬:3192  第36章 郁清雪喜欢上小黎了？:9365
          第37章 姐姐想跟我做真正的……妻妻？:3120  第38章 你说——你喜欢郁清雪:3309  第39章 至少你是她亲自选的:3235  第40章 清醒着沉沦:4307  第41章 姐姐，别在车里……:4071  第42章 别怕，我在。:6385
          第43章 尽管很想很想把人关在家里。:6215  第44章 都只是在演戏:3164  第45章 姐姐……是不是喜欢我？:3169  第46章 我想亲自为你挑选婚纱:3096  第47章 坐到我腿上来:3096  第48章 亲姐姐不能解渴:8053
          第49章 又是蹭又是亲:3236  第50章 这样亲，姐姐喜欢吗？:4078  第51章 轻点，她怕疼:6211  第52章 我帮你洗:4111  第53章 彻底惹怒了郁清雪。:3108  第54章 是想做我的妻子，还是想做‘郁太太’:6237
          第55章 低头吻了上去。:7315  第56章 姐姐的吻是薄荷味的:3071  第57章 故意弄哭她:3063  第58章 侧过身把女孩捞进怀里:3154  第59章 吃醋的姐姐更霸道:3225  第60章 这里……不能亲吗？:6292
          第61章 这婚……我们不结了:3121  第62章 婚礼:3065  第63章 温柔又充满怜惜:3161  第64章 一夜荒唐【顾VS梁】:9096  第65章 她从小就知道怎么撒娇哄人【顾VS梁】:9171  第66章 指尖抚上她的唇瓣:6079
          第67章:3126  第68章 因为我抢婚了【顾VS梁】:6082  第69章 榕榕，你还有我……【顾VS梁】:3115  第70章 这辈子，就你了。【顾VS梁】:3591  第71章 郁姐姐宠妻1:3279  第72章 郁姐姐宠妻2【文案】:8049
          第73章 正文完结:5600  第74章 番外1:阿雪未必和苏砚合得来:3622  第75章 番外2:春-梦:4127  第76章 番外3:那声“姐姐”又软又甜。:3588  第77章 番外4:你都喊我姐姐了，不是吗？:3160  第78章 番外5:苏黎，跟我谈恋爱吧:10172
          第79章 番外6:这样的我，你为什么不喜欢？:8072  第80章 番外7:心烦……是跟我有关:6270  第81章 番外8:抱歉，老婆太可爱了，没忍住。:3233  第82章 番外9:像棉花糖一样，很软:6115  第83章 番外10:喜欢一个人是必然:6163  第84章 福利番外1:结婚纪念日:3406
          第85章 福利番外2:相濡以沫:3121  第86章 福利番外 3:阿雪妈妈更爱黎妈妈:3999

06:11:57  雾中观花 (千龛灯语) [完结]  128p→111章  1125KB  OK
          https://www.52shuku.net/gl/27_b/bkcRE.html
          第1章 前任显灵(修):3288  第2章 调研受阻:3266  第3章 共处一室:3603  第4章 初步了解:3163  第5章 自作多情:3043  第6章 美色误人:3378
          第7章 爱情傀儡:3220  第8章 卷土重来:3103  第9章 剑拔弩张:3213  第10章 浓情苦意:3151  第11章 既往余生:3170  第12章 心安港湾:3038
          第13章 衣服碎片:3225  第14章 暴露于市:3359  第15章 登门拜访:3300  第16章 偷香成功:3318  第17章 一起做饭:3275  第18章 回忆大学:3350
          第19章 当局者迷:3210  第20章 情意浓浓:3195  第21章 进丛林1:3011  第22章 进丛林2:3303  第23章 进丛林3:3142  第24章 进丛林4:3218
          第25章 进丛林5:3141  第26章 进丛林6:3099  第27章 进丛林7:3306  第28章 走出丛林:3033  第29章 灯影救梯:3218  第30章 心安吾乡:3142
          第31章 爱人养花:3228  第32章 两情久时:3385  第33章 菩提花雨:3262  第34章 镜照天烛:3062  第35章 初见疑云:3137  第36章 只道寻常:3172
          第37章 芙蓉轻雷:3221  第38章 棠棣之华:3222  第39章 刺猬玫瑰:3268  第40章 旧恨新愁:3179  第41章 雪松之势:3102  第42章 触目皆思:3183
          第43章 人间一趟:3272  第44章 人间至味:3148  第45章 时间隔阂:3151  第46章 镜花水月:3389  第47章 好戏开场:3374  第48章 风雨无晴:3262
          第49章 花谢花开:3185  第50章 失而复得:3234  第51章 荔枝玫瑰:3193  第52章 弱肉强食:3294  第53章 话里有话:3268  第54章 深藏不露:3434
          第55章 一花两开:3115  第56章 坐看云起:3263  第57章 幕后推手(修):3622  第58章 拨云见日:3293  第59章 生来高山:3202  第60章 花开四季:3145
          第61章 日常争宠:3229  第62章 泉眼深处:3300  第63章 水墨氤氲:3283  第64章 冠以妻姓:3192  第65章 蒙在鼓里:3260  第66章 靠近危险:3396
          第67章 同性之好:3405  第68章 幽兰共鸣:3208  第69章 人类极限:3269  第70章 循序渐进:3197  第71章 提线木偶:3354  第72章 雪川皎洁:3348
          第73章 宽衣解带:3377  第74章 秋雷乍响:2851  第75章 去污名化:3193  第76章 吾侪生色:3403  第77章 寻常人家:3679  第78章 倒贴入赘:3539
          第79章 搁浅自救:3093  第80章 得心应手:3106  第81章 不自量力:3475  第82章 女子之能:3470  第83章 承上启下:3242  第84章 寻踪觅迹:3647
          第85章 春夏秋冬:3317  第86章 情深缘浅:3562  第87章 单打独斗:4223  第88章 雾中观花:3756  第89章 徐徐图之:3241  第90章 母娘阿祖:3784
          第91章 遵纪守法:3095  第92章 水木之誓:3611  第93章 浴火重生:3427  第94章 自惭形秽:3207  第95章 以身试险:3503  第96章 英雌主义:3609
          第97章 成瘾行为:2460  第98章 摈弃原则:3630  第99章 佳偶天成:3613  第100章 喜极攻心:3801  第101章 千秋永诀:4054  第102章 身不由己:3351
          第103章 一别两宽:3307  第104章 幡然醒悟:3175  第105章 纸短情长:4046  第106章 恒我之名:3492  第107章 与生同死:3147  第108章 神隐觅境:3282
          第109章 人间理想:3594  第110章 万无一失:3587  第111章 百花齐放(正文完):6168

06:12:14  阿莉莎不明白 (木久颂song) [完结]  45p→40章  403KB  OK
          https://www.52shuku.net/gl/27_b/bkcRD.html
          第1章 流言:3598  第2章 涉险:3497  第3章 不是你没死啊！！！:3694  第4章 收养:2809  第5章 替身[加更]:3552  第6章 尴尬:2484
          第7章 审问:3281  第8章 私奔:2900  第9章 导游:3139  第10章 术石:3292  第11章 雪山:3246  第12章 日出:2651
          第13章 归期[加更]:3389  第14章 悸动:3544  第15章 王宫:3427  第16章 冲突[加更]:3453  第17章 母女:2580  第18章 迷阵:2451
          第19章 游记:3033  第20章 老师:3766  第21章 宴会:3714  第22章 星月:3204  第23章 归家:3122  第24章 感念:3380
          第25章 断绝:3274  第26章 拉扯:3593  第27章 对峙:4069  第28章 亲吻:3275  第29章 开赌:3333  第30章 坠落[补更]:3031
          第31章 山崩:3313  第32章 阴谋:3839  第33章 离别:2348  第34章 女爵:3813  第35章 惊吓:3301  第36章 觉悟:3351
          第37章 探查:3321  第38章 对策:3211  第39章 残阳:3540  第40章 同归:4862

06:12:49  被粘人精倒打一耙了 (掌残灯) [完结]  89p→83章  799KB  OK
          https://www.52shuku.net/gl/27_b/bkcRC.html
          第1章 交织:3203  第2章 找娘子:3140  第3章 始乱终弃:3256  第4章 可明明被……是她:3049  第5章 约法三章:3239  第6章 以味识人:3139
          第7章 万般源于心念:3241  第8章 约法三章再加一条:3230  第9章 认主:3316  第10章 甩掉粘人精:3114  第11章 想要了解更多:3103  第12章 犯错:3162
          第13章 贫嘴:3201  第14章 丢:3380  第15章 寻到:3067  第16章 留下:3219  第17章 耳红:3221  第18章 浮萍归处:3131
          第19章 惊马:3112  第20章 湿衣:3010  第21章 失温:3199  第22章 无情、慈悲:3170  第23章 经妖司:3028  第24章 吃“醋”:3096
          第25章 护食:3582  第26章 叩墙:3069  第27章 意外:3444  第28章 夜查:3162  第29章 小蓝花:3086  第30章 山神:3012
          第31章 摸摸:3071  第32章 意外之喜:3183  第33章 窥见:3097  第34章 临川商埠:3038  第35章 “老实”:3177  第36章 回程:3016
          第37章 冲突:3021  第38章 人与妖:3434  第39章 再一次:3115  第40章 夜很长:3021  第41章 大好事:3093  第42章 安慰:3118
          第43章 离:3076  第44章 了断:3125  第45章 吻泪:3287  第46章 梦:3013  第47章 旧事:3042  第48章 理由:3019
          第49章 错觉:3230  第50章 疾行:3211  第51章 玄阴:3315  第52章 筹码:3142  第53章 入阵:3495  第54章 疯子:3083
          第55章 破阵:3213  第56章 气绝:3586  第57章 逢生:3071  第58章 执守:3189  第59章 苏醒:3112  第60章 细刺:3198
          第61章 醋意:3137  第62章 归宿:3116  第63章 会面:3203  第64章 通情理:3310  第65章 归途:3013  第66章 肉麻:3068
          第67章 迟早:3331  第68章 来日方长:3539  第69章 启程:3312  第70章 雪原:3088  第71章 雪魄莲:3078  第72章 倚仗:3235
          第73章 置换:3111  第74章 破障:3054  第75章 双途:3062  第76章 重逢:3163  第77章 险坡:3186  第78章 成全:3070
          第79章 好事将近:3187  第80章 名堂:3031  第81章 礼前:3044  第82章 礼成:3175  第83章 浮萍生根:4383

06:13:12  mommy你怎么会有触手 (emo加载失败) [完结]  53p→48章  466KB  OK
          https://www.52shuku.net/gl/27_b/bkcRB.html
          第1章 见面:3612  第2章 说坏话:3223  第3章 隐瞒:3178  第4章 字迹:3274  第5章 被觊觎了:3667  第6章 俘获诡异芳心:3485
          第7章 故意:3562  第8章 被拒之门外:3417  第9章 触手:4088  第10章 帮忙:3740  第11章 做梦:3843  第12章 补一个群聊后续:1095
          第13章 遇见:3503  第14章 鬼屋:3353  第15章 在鬼屋遇见鬼:3526  第16章 养小人类好麻烦的:3288  第17章 别害怕:3438  第18章 球球:3750
          第19章 挑食被揍:3282  第20章 囚笼:4349  第21章 抓包:3343  第22章 撒娇:3321  第二十章怎么都放不出来，我已经将它改的面目全非了[小丑]，今天也是被锁的一天，结果我刚刚看的时候发现它竟然解锁了，好神奇。:0  第23章 发现:3313
          第24章 冷战:3249  第25章 矛盾:3243  第26章 四中升学副本:3356  第27章 土皇帝:3481  第28章 遵守规则:3256  第29章 土皇帝哭了:3297
          第30章 窥探:3526  第31章 想念:3226  第32章 乔沐不见了！:3259  第33章 她想家了:3548  第34章 未婚妻:3253  第35章 找到你了:3256
          第36章 玩偶:3254  第37章 胆怯弱小的她:2867  第38章 撒娇:3852  第39章 带回家:3277  第40章 跟我走:3260  第41章 冷时简:3174
          第42章 宝贝自己过来:3282  第43章 想mommy了:3256  第44章 抢夺:3313  第45章 回家:3265  第46章 搬家:2705  第47章 完结撒花:1743

06:13:56  氪金后我发现女友是真人 (一只猫的独白) [完结+番外]  116p→104章  1033KB  OK
          https://www.52shuku.net/gl/27_b/bkcRA.html
          第1章 加载前:3643  第2章 加载中:3924  第3章 温柔的初见:2853  第4章 第 4 章:2309  第5章 第 5 章:3789  第6章 第 6 章:3728
          第7章 第 7 章:3225  第8章 极为懊悔:3130  第9章 第 9 章:4208  第10章 第 10 章:2824  第11章 第 11 章:3157  第12章 第 12 章:2336
          第13章 第 13 章:3385  第14章 第 14 章:2502  第15章 第 15 章:2553  第16章 第 16 章:2197  第17章 第 17 章:2528  第18章 第 18 章:1914
          第19章 第 19 章:2449  第20章 第 20 章:2587  第21章 第 21 章:4534  第22章 第 22 章:2376  第23章 第 23 章:3388  第24章 第 24 章:2542
          第25章 第 25 章:4048  第26章 第 26 章:3813  第27章 第 27 章:2737  第28章 第 28 章:4571  第29章 第 29 章:3373  第30章 第 30 章:2912
          第31章 第 31 章:2555  第32章 第 32 章:2399  第33章 第 33 章:3170  第34章 第 34 章:2601  第35章 第 35 章:3223  第36章 第 36 章:2578
          第37章 第 37 章:2759  第38章 第 38 章:3579  第39章 第 39 章:4174  第40章 第 40 章:2984  第41章 第 41 章:3149  第42章 第 42 章:2207
          第43章 第 43 章:2879  第44章 第 44 章:2632  第45章 第 45 章:4922  第46章 第 46 章:3548  第47章 第 47 章:4068  第48章 第 48 章:4475
          第49章 第 49 章:8827  第50章 第 50 章:5367  第51章 第 51 章:2849  第52章 第 52 章:3627  第53章 第 53 章:3849  第54章 第 54 章:3092
          第55章 第 55 章:2660  第56章 第 56 章:2200  第57章 第 57 章:3519  第58章 第 58 章:3727  第59章 第 59 章:2983  第60章 第 60 章:3038
          第61章 第 61 章:4321  第62章 第 62 章:2868  第63章 第 63 章:4025  第64章 第 64 章:3013  第65章 第 65 章:3497  第66章 下雪了:4737
          第67章 第 67 章:4791  第68章 第 68 章:3274  第69章 第 69 章:2475  第70章 第 70 章:3320  第71章 第 71 章:2288  第72章 第 72 章:2905
          第73章 日常:3882  第74章 第 74 章亲一下试试:3670  第75章 第 75 章算是接吻吗:3073  第76章 第 76 章什么都做过:4917  第77章 第 77 章:3285  第78章 第 78 章重要的人:3219
          第79章 第 79 章微涩:3462  第80章 第 80 章替身:4300  第81章 第 81 章炸成烟花了:4363  第82章 第 82 章:3320  第83章 第 83 章哪有这样的姐姐:2023  第84章 第 84 章猜疑:2602
          第85章 温姐姐的幽暗心思:1674  第86章 我帮你？:3414  第87章 第 87 章那还不如亲我:1963  第88章 非常合理:3123  第89章 无法逃离:3572  第90章 星星:2744
          第91章 温知雪:2308  第92章 现实:5256  第93章 游戏:2530  第94章 无望的等待:2985  第95章 温书仪:2210  第96章 留在这里，不好吗:2184
          第97章 无关紧要吗:2460  第98章 结局:3503  第99章 还没到结局呢:3659  第100章 欢迎回来:3087  第101章 番外，甜的:4092  第102章 番外，大概是甜的吧:4518
          第103章 番外，不甜不涩:3136  第104章 番外，以后还有很多很多的明天:2959

06:14:35  春风不改旧时波 (鲜衣怒马魅妖兽) [完结]  102p→90章  898KB  OK
          https://www.52shuku.net/gl/27_b/bkcR9.html
          第1章再相遇:2774  第2章见面礼:1498  第3章纸老虎:3728  第4章我不会:3945  第5章我教你:3272  第6章小别离:3075
          第7章小脆弱:2857  第8章抽丝剥:3301  第9章问与答:3020  第10章新认识:2993  第11章故意的:2499  第12章被表白:3313
          第13章酒意浓:3329  第14章立家规:3105  第15章不发威:3112  第16章失身酒:3797  第17章立中宵:2713  第18章都不许:3167
          第19章睡客房:3189  第20章恋爱权:3157  第21章到不了:2672  第22章问情吻:3189  第23章怎么补:3947  第24章另一面:3091
          第25章爱无声:2891  第26章完整的:2930  第27章太用力:3989  第28章打老虎:3674  第29章见青山:3054  第30章谁更好:2551
          第31章节前约:3061  第32章情两难:3275  第33章见家长:3578  第34章意料中:2668  第35章小丫头:3863  第36章一重波:3860
          第37章岁月浅:3099  第38章管不了:3815  第39章尽清欢:3315  第40章下决心:3802  第41章不失望:3894  第42章奖与罚:3573
          第43章不讲理:3459  第44章俗世里:3925  第45章复入山:3757  第46章新世界:3831  第47章诉衷情:3492  第48章墨菲说:3404
          第49章不成熟:3869  第50章求生欲:3617  第51章心上雪:3852  第52章被子呀:2603  第53章我们家:3843  第54章碎玻璃:3610
          第55章节南山:3524  第56章定下来:3750  第57章除夕夜:3416  第58章交学费:3304  第59章二重波:3789  第60章银戒指:3534
          第61章破釜沉:3712  第62章绷不住:3556  第63章凶什么:3349  第64章羞不羞:2766  第65章猫虎兽:3296  第66章不敢了:3393
          第67章坦白局:3145  第68章小女人:3297  第69章我太太:3651  第70章火与冰:3585  第71章杀手锏:2462  第72章女人心:2979
          第73章怎么选:3575  第74章女先知:3581  第75章太委屈:3666  第76章能服软:3743  第77章还欠债:3267  第78章人长久:3194
          第79章共此时:3674  第80章说了算:3764  第81章后遗症:3580  第82章会介意:3514  第83章向着谁:3387  第84章馊主意:3279
          第85章知道了:2916  第86章凡尘中:2712  第87章咏叹调:2931  第88章三重波:2672  第89章算旧账:2759  第90章下辈子:1704

06:14:42  冰山女友是神婆 (麦洛镝) [完结+番外]  14p→15章  125KB  OK
          https://www.52shuku.net/gl/27_b/bkcR8.html
          第1章十号计划:1634  第2章结下梁子:3240  第3章大师您好:2401  第4章母胎SOLO:1809  第5章美丽意外:2683  第6章有情况了:3273
          第7章大师救我:3291  第8章阿May套餐:2946  第9章看你表现:4239  第10章二次约会:3011  第11章好巧不巧:3541  第12章0的突破:3683
          第13章大师是你:2288  第14章试用期:1857  第15章番外:2000

06:15:06  我予卿安 (天下无双z) [完结+番外]  56p→50章  488KB  OK
          https://www.52shuku.net/gl/27_b/bkcR7.html
          第1章 你还回来吃饭吗:4057  第2章 发烧:4040  第3章 回忆:4036  第4章 原生家庭:4017  第5章 变动:4039  第6章 重逢:4004
          第7章 外婆:3333  第8章 可是你还记得吗:3138  第9章 少女心事:3860  第10章 合租生活:3802  第11章 生日喝醉:3002  第12章 共眠:3028
          第13章 我们能不能和好:3085  第14章 此刻在身边:3108  第15章 回到小院:3003  第16章 你别怕:3003  第17章 果汁:3010  第18章 愿我如星君如月:3009
          第19章 除夕:3196  第20章 何时是晴天:3046  第21章 我想要的你给不了:3038  第22章 分手:3024  第23章 或许，你们本就不合适:3014  第24章 风吹向那朵花:3003
          第25章 爱真好啊:3081  第26章 疼吗:3013  第27章 那我愿意病入膏肓:3097  第28章 鲜花:3026  第29章 这是我们的秘密:3017  第30章 每一天都是晴天:3026
          第31章 不是枯萎是重生:4146  第32章 七年:3213  第33章 终是大梦一场空:3004  第34章 忽而已秋:3003  第35章 夏琳姐，我又学到了:3002  第36章 眼角痣:3256
          第37章 她是我老婆，不是我嫂子:3038  第38章 思念变质:3077  第39章 爱与自由:3015  第40章 可不可以:3000  第41章 幸福占据心脏:3116  第42章 沈禾，你是不是傻逼？！:3040
          第43章 你保护我好不好:3003  第44章 时间的泪眼撕去我伪装:3187  第45章 妈，回来吧:3001  第46章 一辈子的恋爱:3000  第47章 我喜欢你:3001  第48章 日记:3911
          第49章 我予卿安:3388  第50章 番外 娃娃亲:897

06:15:40  被Omega继姐诱哄后 (再睡拍死) [完结]  88p→74章  768KB  OK
          https://www.52shuku.net/gl/26_b/bkcRs.html
          第1章  姐姐:3533  第2章  失控:3066  第3章  咬痕:3040  第4章  围观:2752  第5章  喜欢:3009  第6章  亡母旧照:3105
          第7章  楚细语:3053  第8章  单相思:3085  第9章  醉酒:3044  第10章  暧昧:3079  第11章  卑劣:3011  第12章  淋雨:2314
          第13章  小狗:2529  第14章  成绩:3152  第15章  噩梦:3057  第16章  亲密关系:1752  第17章  试探:1940  第18章  引诱:3115
          第19章  生父:1274  第20章  礼物:3094  第21章  她的omega:2606  第22章  疏远接近:3075  第23章  要把心脏腾空:2041  第24章:9102
          第25章:3393  第26章:4119  第27章:3169  第28章:3092  第29章:3144  第30章:3087
          第31章:4030  第32章:3212  第33章:4337  第34章:5127  第35章:3104  第36章:2134
          第37章:3279  第38章:6068  第39章:3099  第40章:6083  第41章:3061  第42章:3325
          第43章:3390  第44章:3116  第45章:3098  第46章:10295  第47章:3225  第48章:3464
          第49章:3279  第50章:3177  第51章:3151  第52章:3373  第53章:5130  第54章:4047
          第55章:3181  第56章:3185  第57章:3323  第58章:6170  第59章:3425  第60章:3547
          第61章:2145  第62章:3311  第63章:3349  第64章:3408  第65章:3239  第66章:3277
          第67章:3615  第68章:3149  第69章:3225  第70章:3088  第71章:3214  第72章:3181
          第73章:3239  第74章:3331

06:16:08  非血缘样本 (尹赛) [完结]  69p→51章  613KB  OK
          https://www.52shuku.net/gl/26_b/bkcRr.html
          第1章 99337:3157  第2章 凝固:3039  第3章 脱骨:4081  第4章 死角:4168  第5章 夜灯:3006  第6章 错位:3121
          第7章 偶遇:2805  第8章 熄灭:6092  第9章 距离:5069  第10章 掷金:5260  第11章 假面:4764  第12章 温水:6356
          第13章 沉没:6059  第14章 写意:4971  第15章 缓冲:4179  第16章 雨季:3650  第17章 撞破:3275  第18章 刺骨:3543
          第19章 凋零:3905  第20章 逼仄:3459  第21章 重组:3580  第22章 荒野:3280  第23章 打结:4127  第24章 陷落:3253
          第25章 午夜:3770  第26章 问答:4616  第27章 夜奔:3908  第28章 笔触:4273  第29章 盛放:3201  第30章 半垂:3852
          第31章 无常:4037  第32章 颠倒:3254  第33章 阴影:3144  第34章 流转:4340  第35章 雾退:3765  第36章 常理:3252
          第37章 深处:3619  第38章 缠绕:4292  第39章 战栗:4466  第40章 雪烬:4321  第41章 逆流:3461  第42章 融化:4845
          第43章 浓夜:3538  第44章 并行:5094  第45章 果实:4668  第46章 除夕:4962  第47章 碎裂:4693  第48章 遮天:3595
          第49章 DV:3448  第50章 发条:3861  第51章 HE:2074

06:16:35  [老友记] 秋日情书 (九载长歌) [完结+番外]  67p→52章  596KB  OK
          https://www.52shuku.net/gl/26_b/bkcRp.html
          第1章 初来乍到:3820  第2章 新的开始:2103  第3章 纽约夜话:2910  第4章 欢迎来到现实世界:3330  第5章 瑞秋的第一份工作:3266  第6章 逐渐融入:5750
          第7章 见巴瑞:3733  第8章 咖啡馆闲叙:2734  第9章 汽水瓶中的大拇指:4160  第10章 莫妮卡分手:3061  第11章 坦白局:2252  第12章 瑞秋的第一份工资:3185
          第13章 睡衣派对:5989  第14章 洗衣店事件:5139  第15章 莫妮卡的强迫症:5034  第16章 纽约大停电（上）:3343  第17章 纽约大停电（下）:5124  第18章 突闻噩耗:3757
          第19章 葬礼前夕:2304  第20章 表白:3684  第21章 同床:2405  第22章 感恩节前的安排:3363  第23章 感恩节:6022  第24章 第一次约会:3874
          第25章 恋情公开:2648  第26章 圣诞节（上）:4056  第27章 圣诞节（下）:4627  第28章 宾太太:3606  第29章 前女友来电:4229  第30章 接机:3257
          第31章 春节:2740  第32章 情人节（上）:2527  第33章 情人节（下）:2343  第34章 莫妮卡求职记（上）:3998  第35章 莫妮卡求职记（下）:3505  第36章 厄休拉:2231
          第37章 见色忘友的乔伊:3795  第38章 圣诞彩灯引起的事故:3472  第39章 菲比庆生:3966  第40章 瑞秋的求职信:2968  第41章 扑克大战（上）:4338  第42章 扑克大战（中）:3105
          第43章 扑克大战（下）:3743  第44章 寻猴记:4626  第45章 巴瑞与明蒂:4264  第46章 告别马塞尔:4209  第47章 本的诞生:5271  第48章 瑞秋生日（上）:4110
          第49章 瑞秋生日（下）:3177  第50章 朱莉:3771  第51章 瑞秋独白（第一视角）:4871  第52章 番外 第二个圣诞节:7351

06:18:03  与君愿 (俞千音) [完结+番外]  238p→192章  2051KB  OK
          https://www.52shuku.net/gl/26_b/bkcQW.html
          第1章 归京:2313  第2章 心结:2347  第二章嘻嘻*^_^*:353  第3章 晚膳:2766  第4章 将军凯旋，意气风发:2488  第5章 梅林重逢:3703
          第6章 御南王:2385  第7章 九龙司:3153  第8章 暗卫——江隶—偿还者:2102  第9章 心上人:2264  第10章 墨枝阁:1965  第11章 对峙:2704
          第12章 胁迫:2719  第13章 诗谜:2333  第14章 突发变故:2324  第15章 苏醒:2631  第16章 针锋:3501  第17章 苗疆少年:3745
          第18章 春日宴（上）:3741  第19章 春日宴（中）:4724  第20章 春日宴（下）:4175  第21章 分歧:3211  第22章 生疑:3475  第23章 知晓:3760
          第24章 会面:2869  第25章 顾爻曦:2606  第26章 歌谣:2449  第27章 梦:3839  第28章 日记:2775  第29章 求生不得，求死不能:2726
          第30章 从天而降的贺礼:3124  第31章 假戏:2917  第32章 父女商谈解心结:3011  第33章 直面:3800  第34章 逛街:3021  第35章 挑衅:5614
          第36章 禁足:2747  第37章 赴约:2950  第38章 发觉:3898  第39章 得知真相:4291  第40章 答应驱蛊:2293  第41章 竟是她:2806
          第42章 登门拜访:2740  第43章 坦白:3605  第44章 回家:2515  第45章 诊治:4679  第46章 断肠草:3044  第47章 麻雀与凤凰:2304
          第48章 夜谈:4482  第49章 解签:3093  第50章 驱蛊与进青楼:3423  第51章 竺昀:2564  第52章 吻:2315  第53章 守护:2076
          第54章 请假通知:104  第55章 前世篇 左凌云（一）:9410  第56章 前世篇 左凌云（二）:10047  第57章 前世篇 左凌云（三）:8247  第58章 前世篇 左凌云（四）:8958  第59章 前世篇左凌云（五）:8664
          第60章 前世篇左凌云（六）:7840  第61章 前世篇 左凌云（七）:7783  第62章 前世篇 左凌云（八）:7427  第63章 前世篇 左凌云（九）:9385  第64章 前世篇 左凌云（十）:10665  第65章 前世篇 左凌云（完）:12775
          第66章 前世篇花似锦（一）:9578  第67章 前世篇花似锦（二）:9335  第68章 前世篇花似锦（三）:9456  第69章 前世篇花似锦（四）:8374  第70章 前世篇花似锦（五）:9219  第71章 前世篇花似锦（六）:5591
          第72章 前世篇连衍（一）:10814  第73章 前世篇连衍（二）:9602  第74章 前世篇连衍（三）:9676  第75章 前世篇连衍（四）:11135  第76章 前世篇连衍（五）:10207  第77章 前世篇连衍（六）:6258
          第78章 成长:3479  第79章 突如其来的拜访:2300  第80章 黄鼠狼登门，不安好心:2069  第81章 萌动:1818  第82章 大鱼上钩:2063  第83章 赏花宴:4016
          第84章 欺压:4278  第85章 合作:4021  第86章 姐弟:2399  第87章 游玩:2286  第88章 偶遇:3033  第89章 单蠢状元万晓清:2381
          第90章 韩子琦回京:3313  第91章 试探:2918  第92章 桃花簪:2205  第93章 仲太傅:3698  第94章 狩猎宴前夕:3245  第95章 狩猎宴（一）:3903
          第96章 狩猎宴（二）:2528  第97章 狩猎宴（三）:4136  第98章 狩猎宴（四）:2314  第99章 狩猎宴（五）:4337  第100章 狩猎宴（六）:2395  第101章 等你，娶我:2269
          第102章 刺杀:2164  第103章 迷晕:2431  第104章 绝望:2063  第105章 不会取名的章节名:1706  第106章 下手:3143  第107章 行动:2253
          第108章 追:2301  第109章 陷阱:2809  第110章 因果:2711  第111章 我回来了:2968  第112章 后续:3202  第113章 神啊，你是谁呢？:2052
          第114章 文契:2708  第115章 乞巧节定情（一）:2408  第116章 乞巧节定情（二）:3708  第117章 礼物:2370  第118章 杀人灭口:1920  第119章 什么，你说人被救走了？:3144
          第120章 “帮忙”:2159  第121章 我不应该逃走:2555  第122章 姐弟:4859  第123章 珠玉:1910  第124章 秋棠:2317  第125章 姐妹:3528
          第126章 往前走:1847  第127章 油盐不进，小姐天下第一好:2003  第128章 新生:2350  第129章 上山:2370  第130章 劫杀:3403  第131章 朝堂风波:2776
          第132章 臣，心悦于舞阳郡主:2747  第133章 御南王，非一人:2644  第134章 一个极善，一个极恶:2128  第135章 命中无缘:2178  第136章 瘟疫:2961  第137章 出发:2773
          第138章 抵达荆楚:2453  第139章 宁文茵:1696  第140章 瘟疫真相:1981  第141章 活着，也只会更痛苦而已:3647  第142章 咸宁县主:2252  第143章 贪婪的下场:1911
          第144章 天花爆发！:2496  第145章 是他吗？:1737  第146章 书房:1878  第147章 粮食告急:3073  第148章 异变突起:2699  第149章 围杀:3241
          第150章 重伤:2921  第151章 找人（一）:2307  第152章 找人（二）:2089  第153章 找到:3603  第154章 么，我都会活着回来见你”:3252  第155章 牛痘，武陵郡有救了！:2792
          第156章 方疏，返程:2828  第157章 全天下都会承认，她是她的妻:2703  第158章 京城:2014  第159章 柳大人…您真的没事吗:2375  第160章 怀笙锦书:1919  第161章 他不会被骗了，因为有人会拉住他:2938
          第162章 对弈:2004  第163章 前往潇湘:1996  第164章 招赘婿:1843  第165章 新郎新娘双双逃婚:2753  第166章 交易:2033  第167章 “我生来便是与别人不同的”:2073
          第168章 归老爷子寿宴:2192  第169章 交锋:2022  第170章 神女舞剑:2931  第171章 琳琅阁阁主楼明珵:3514  第172章 分别:2113  第173章 归京:2850
          第174章 巧言破局，风雨欲来:3269  第175章 过渡:2049  第176章 怀疑:1863  第177章 这条命，他该还了:1910  第178章 鱼死网破:3331  第179章 大结局:3957
          第180章 番外：大婚:3338  第181章 番外：恩爱日常:3194  第182章 番外：女恩科:2038  第183章 番外友情篇：姚明洵:3685  第184章 番外：司空狄:3651  第185章 番外：长乐，长乐，长安久乐:3484
          第186章 番外：春和:1880  第187章 番外：江隶韩白露:1870  第188章 番外：姚明洵步之棠:1250  第189章 番外：白寒临:1790  第190章 新年特辑:1410  第191章 最后一点番外+完结感言:1852

06:18:21  猫猫捡回小狗妹 (爱吃披萨的cc) [完结]  39p→65章  342KB  OK
          https://www.52shuku.net/gl/26_b/bkcQV.html
          第1章 第 1 章:1670  第2章 第 2 章:1623  第3章 第 3 章:1639  第4章 第 4 章:1367  第5章 第 5 章:2013  第6章 第 6 章:1871
          第7章 第 7 章:1611  第8章 第 8 章:1301  第9章 第 9 章:1558  第10章 非论坛体:2067  第11章 第 11 章:1853  第12章 第 12 章:1445
          第13章 非论坛体:1656  第14章 非论坛体:1617  第15章 第 15 章:1395  第16章 第 16 章:1735  第17章 第 17 章:1904  第18章 第 18 章:1806
          第19章 第 19 章:1048  第20章 第 20 章:1874  第21章 空巢御姐日记（一）:1230  第22章 空巢御姐日记（二）:1995  第23章 第 23 章:1427  第24章 第 24 章:1216
          第25章 第 25 章:1121  第26章 第 26 章:1795  第27章 第 27 章:1712  第28章 非论坛体:1698  第29章 非论坛体:1144  第30章 非论坛体:1107
          第31章 非论坛体:1289  第32章 非论坛体:2770  第33章 第 33 章:1518  第34章 第 34 章:1641  第35章 第 35 章:1075  第36章 第 36 章:1288
          第37章 非论坛体:1566  第38章 非论坛体:1328  第39章 非论坛体:1882  第40章 非论坛体:1073  第41章 非论坛体:3833  第42章 第 42 章:2395
          第43章 第 43 章:2219  第44章 第 44 章:1779  第45章 非论坛体:2593  第46章 第 46 章:1686  第47章 第 47 章:1776  第48章 第 48 章:2452
          第49章 第 49 章:1077  第50章 非论坛体:1994  第51章 非论坛体:1702  第52章 第 52 章:3073  第53章 非论坛体:3107  第54章 非论坛体:4310
          第55章 非论坛体:1600  第56章 非论坛体:1506  第57章 第 57 章:1383  第58章 第 58 章:1101  第59章 非论坛体:1238  第60章 非论坛体:1661
          第61章 非论坛体:1521  第62章 第 62 章:1415  第63章 非论坛体:1343  第64章 非论坛体:3294  第65章 第 65 章:1393

06:18:31  伪装斯德哥尔摩 (颜文字烧) [完结]  23p  (无章节标记)  199KB  OK
          https://www.52shuku.net/gl/26_b/bkcQU.html
          全文: 66758字

06:18:58  白月光竟是我自己 (蓝桉与槐鸟) [完结]  66p→57章  596KB  OK
          https://www.52shuku.net/gl/26_b/bkcQT.html
          第1章 再遇:3219  第2章 交谈:3965  第3章 不敢:3589  第4章 同学会:3513  第5章 暗恋:3569  第6章 那个女孩（一）:3508
          第7章 那个女孩（二）:3261  第8章 那个女孩（三）:3588  第9章 那个女孩（四）:3104  第10章 那个女孩（五）:3726  第11章 玩笑:3330  第12章 距离:3517
          第13章 游玩:3446  第14章 谎言:3352  第15章 冷淡:3151  第16章 明晰:3171  第17章 破碎:3055  第18章 愧疚:3252
          第19章 直问:3422  第20章 仙女棒:3690  第21章 带回家:3380  第22章 醉吻:3265  第23章 回暖:3204  第24章 兔子:3275
          第25章 心漾:3859  第26章 面试:3689  第27章 捂住双眼:3485  第28章 同床共枕:3342  第29章 念念:4206  第30章 问题解决？:3131
          第31章 再一次:3096  第32章 原因:3365  第33章 暴露:3593  第34章 接近:3665  第35章 重拾:3441  第36章 告白:3442
          第37章 和好:3249  第38章 同居:3643  第39章 浴室:3616  第40章 入职:3620  第41章 昼夜:3352  第42章 坦然:3387
          第43章 争辩:3374  第44章 浴室:3381  第45章 爬山:3529  第46章 约定:3352  第47章 预感:3324  第48章 闲聊:3409
          第49章 沉默:3315  第50章 忐忑:3087  第51章 出发:3605  第52章 笨拙:3340  第53章 退潮:3498  第54章 搁浅:3172
          第55章 承认:3499  第56章 告别:3513  第57章 雨过天晴:4219

06:19:34  穿书？不就是换个地方学习嘛 (叶灵秋月) [完结+番外]  92p→64章  773KB  OK
          https://www.52shuku.net/gl/26_b/bkcQS.html
          第1章 chapter 1:2168  第2章 chapter 2:1720  第3章 chapter 3:1792  第4章 chapter 4:4760  第5章 chapter 5:5836  第6章 Chapter 6:4615
          第7章 Chapter 7:4851  第8章 Chapter 8:4523  第9章 Chapter 9:4304  第10章 Chapter 10:3804  第11章 Chapter 11:3700  第12章 Chapter 12:3816
          第13章 Chapter 13:3609  第14章 Chapter 14:4244  第15章 Chapter 15:4126  第16章 Chapter 16:3645  第17章 Chapter 17:4530  第18章 Chapter 18:3651
          第19章 Chapter 19:3279  第20章 Chapter 20:3713  第21章 Chapter 21:4446  第22章 Chapter 22:3288  第23章 Chapter 23:3309  第24章 Chapter 24:3639
          第25章 Chapter 25:4773  第26章 Chapter 26:3966  第27章 Chapter 27:4088  第28章 Chapter 28:3967  第29章 Chapter 29:3577  第30章 Chapter 30:3860
          第31章 Chapter 31:3973  第32章 Chapter 32:3531  第33章 Chapter 33:3845  第34章 Chapter 34:3396  第35章 Chapter 35:3714  第36章 Chapter 36:3718
          第37章 Chapter 37:4093  第38章 Chapter 38:3630  第39章 Chapter 39:3688  第40章 Chapter 40:3704  第41章 Chapter 41:3752  第42章 Chapter 42:3207
          第43章 Chapter 43:3378  第44章 Chapter 44:2373  第45章 Chapter 45:3783  第46章 Chapter 46:3375  第47章 Chapter 47:3894  第48章 Chapter 48:3977
          第49章 Chapter 49:5703  第50章 Chapter 50:5121  第51章 Chapter 51:5460  第52章 Chapter 52:4392  第53章 Chapter 53:5112  第54章 Chapter 54:4536
          第55章 Chapter 55:5111  第56章 Chapter 56:4227  第57章 妻妻相性一百问＃上:4664  第58章 妻妻相性一百问＃下:4689  第59章 新年限定篇:442  第60章 番外＃1:3491
          第61章 番外＃2:4839  第62章 番外＃3:6613  第63章 番外＃4:4849  第64章 番外＃5:6038

06:20:12  大姐自重，我是你弟妹 (未满十八岁) [完结]  101p→101章  882KB  OK
          https://www.52shuku.net/gl/25_b/bkcP3.html
          第1章 形婚？:3306  第2章 合适的理由:3733  第3章 酸梅汤:2857  第4章 第 4 章:2634  第5章 独角戏:4366  第6章 润物细无声:2862
          第7章 维护:3325  第8章 回应？:2898  第9章 虽苦但甜！:3748  第10章 激动的金手指:2951  第11章 她愿意相信！:3579  第12章 许个愿:3506
          第13章 可别暴露了:4013  第14章 夫君的心上人登场:3523  第15章 他觉得我有意思！！:3776  第16章 出丑到无法孔雀开屏吧:3480  第17章 渣男回归:2140  第18章 精准捅刀:2554
          第19章 表白失败:2337  第20章 比被拒绝了还惨:2096  第21章 先干了再说:2197  第22章 “恩爱”夫妻:3911  第23章 私奔:3276  第24章 恩爱模范:3836
          第25章 第 25 章:2320  第26章 守洞爱丽丝:3901  第27章 真的……不一样了:3053  第28章 肌肤相触！！:2601  第29章 弄巧成拙:3520  第30章 亲亲:3376
          第31章 如何是好:3646  第32章 桂花糖糕:2750  第33章 得寸进尺:3417  第34章 神机妙算:3885  第35章 不全是坏事:2019  第36章 共浴？:2389
          第37章 落荒而逃:3368  第38章 农奴翻身把歌唱:3072  第39章 逛青楼:2786  第40章 好奇害死猫:2708  第41章 这锅，我不背:2827  第42章 还算轻车熟路:2297
          第43章 怎么赖不掉呢？:3071  第44章 你出来，我们谈谈:3401  第45章 什么破烂笔:3093  第46章 玩大了:3151  第47章 简直胡闹:2348  第48章 我可以:2291
          第49章 第二春？:2843  第50章 找个更好的气死她:2767  第51章 寻春之旅:3445  第52章 我是有底线的！！:3190  第53章 认菜:2035  第54章 母女情:3284
          第55章 纸鸢:2759  第56章 暖床:2810  第57章 龌龊:2251  第58章 解释:2045  第59章 解释:2673  第60章 真的不在试了:2748
          第61章 润物，需细无声:2090  第62章 不一样的一面:2800  第63章 做大做强:3226  第64章 合作:2585  第65章 第一次商议:2685  第66章 图纸……不能湿:2567
          第67章 恰巧的背后:2778  第68章 不要重蹈覆辙:2206  第69章 不敢:2151  第70章 收起来吧:2503  第71章 顺其自然:2341  第72章 庆功宴:2675
          第73章 喝酒……果然误事:2515  第74章 直球:2105  第75章 更加密切的合作:3197  第76章 无法拒绝的借口:3071  第77章 看清楚了吗？！:3162  第78章 就去就去:2512
          第79章 可还觉得好？:2758  第80章 戒酒:2793  第81章 屏障:2772  第82章 定论:2513  第83章 秦雪:2403  第84章 这情说移就移了？:2895
          第85章 他乡遇故知:2737  第86章 心动？:2323  第87章 什么身份？:2540  第88章 这南墙，在是在？:2834  第89章 再不伸手，她就走远了。:2892  第90章 为什么不能是我？:2445
          第91章 无福消受:3376  第92章 醋得不轻:2636  第93章 这酒量……:2380  第94章 酒量……真是差:2417  第95章 问策:2866  第96章 再次告白:2357
          第97章 死嘴，快拒绝:2737  第98章 不可以:2631  第99章 柳暗花明:3538  第100章 下次更好:2756  第101章 宋知远躺枪:1817

06:20:35  暴富人生 (怕指甲的阿挠) [完结]  62p→62章  559KB  OK
          https://www.52shuku.net/gl/25_b/bkcP2.html
          第1章 天降遗产:5157  第2章 大平层:3343  第3章 美容:3395  第4章 任溪:3332  第5章 暗恋:4112  第6章 偶遇:3460
          第7章 爱情骗子:3305  第8章 一千万到账:3227  第9章 姬圈天菜:3133  第10章 豪车:3320  第11章 质问:3274  第12章 前女友:3034
          第13章 梦:3555  第14章 意外的吻:2775  第15章 火锅:3327  第16章 创业雏形:3643  第17章 如果传媒:3720  第18章 腰疼:3097
          第19章 交换衣服:3312  第20章 夜宵:3302  第21章 柔弱:3201  第22章 同住:3533  第23章 晨光:3318  第24章 不速之客:3186
          第25章 危机感:1708  第26章 送钱:2663  第27章 27:3440  第28章 亲吻:2923  第29章 沟通:2245  第30章 习惯:2528
          第31章 想念:2276  第32章 32:2867  第33章 发烧:2329  第34章 同床共枕:2761  第35章 表白:3198  第36章 真正的吻:3159
          第37章 37:2713  第38章 38:3026  第39章 39:2150  第40章 40:2528  第41章 41:2817  第42章 42:3029
          第43章 43:2861  第44章 第四十四章:2518  第45章 不可以:2549  第46章 撞破:3556  第47章 出国:2006  第48章 留学生:2992
          第49章 回家:2590  第50章 新朋友:2565  第51章 偶遇:2136  第52章 报复:3073  第53章 53:1911  第54章 54:3104
          第55章 55:3272  第56章 56:2566  第57章 撞见:2785  第58章 58:3103  第59章 59:3769  第60章 60:3049
          第61章 61:2800  第62章 第62章:1129

06:20:53  朱朗云[民国] (自得圆满) [完结]  38p  (无章节标记)  354KB  OK
          https://www.52shuku.net/gl/25_b/bkcP1.html
          全文: 119944字

06:21:10  阿诺 (自得圆满) [完结]  44p→1章  421KB  OK
          https://www.52shuku.net/gl/25_b/bkcP0.html
          第二章:137816

06:21:39  利己主义 (安然子N) [完结]  73p→63章  644KB  OK
          https://www.52shuku.net/gl/25_b/bkcPu.html
          第1章 01缘起:3523  第2章 02开局:3400  第3章 03夜话:3704  第4章 04引力:3353  第5章 05野心:3237  第6章 06怀中:4226
          第7章 07酒店:3210  第8章 08吻痕:3516  第9章 09姐姐:3116  第10章 10喜欢:3608  第11章 11求助:3510  第12章 12动心:3029
          第13章 13度假:3329  第14章 14觊觎:3040  第15章 15告白:3454  第16章 16酥麻:3075  第17章 17害羞:3333  第18章 18亲吻:3429
          第19章 19排演:3473  第20章 20换装:3245  第21章 21首演:3088  第22章 22不安:3170  第23章 23实习:3195  第24章 24过往:3444
          第25章 25神明:3093  第26章 26爱欲:3089  第27章 27节制:3218  第28章 28海风:3111  第29章 电影1《阿林》[番外]:2594  第30章 29助理:3272
          第31章 30家长:3186  第32章 31亲密:3174  第33章 32意外:3427  第34章 33愿望:3075  第35章 34故事:3243  第36章 35戒指:3441
          第37章 36夏梦:4517  第38章 37隐藏:3181  第39章 38规划:3086  第40章 39分离:3379  第41章 40真爱:3132  第42章 41女儿:3123
          第43章 42首秀:4921  第44章 43获奖:3625  第45章 44奖励:3046  第46章 45惩戒:4485  第47章 电影2《彼岸花开》上[番外]:4250  第48章 电影2《彼岸花开》下[番外]:3542
          第49章 46探班:3367  第50章 47小兽:3293  第51章 48远程:3120  第52章 49行程:3623  第53章 50收官:3233  第54章 51告别:3011
          第55章 52毕业:3203  第56章 53幻觉:3093  第57章 54深海:3000  第58章 55清算:3065  第59章 56一年:3411  第60章 57录制（1）:3958
          第61章 58录制（2）:3375  第62章 59录制（3）:5003  第63章 60终章:3240

06:22:08  被病美人O觊觎的瞎子A (IFROFKVS) [完结]  71p→58章  638KB  OK
          https://www.52shuku.net/gl/24_b/bkcNK.html
          第1章:5918  第2章:3461  第3章:3351  第4章:3669  第5章:3104  第6章:3217
          第7章:3098  第8章:3135  第9章:3037  第10章:3302  第11章:3275  第12章:3658
          第13章:3120  第14章:3278  第15章:3368  第16章:3208  第17章:3058  第18章:3043
          第19章:5447  第20章:9708  第21章:3039  第22章:3328  第23章:3235  第24章:3484
          第25章:3599  第26章:3260  第27章:3094  第28章:3256  第29章:6156  第30章:3185
          第31章:3110  第32章:3243  第33章:3078  第34章:3557  第35章:3183  第36章:3252
          第37章:3365  第38章:3203  第39章:3267  第40章:6039  第41章:6715  第42章:3741
          第43章:3547  第44章:3240  第45章:3562  第46章:3043  第47章:6132  第48章:3329
          第49章:3337  第50章:3238  第51章:3691  第52章:3323  第53章:3238  第54章:3580
          第55章:3346  第56章:3039  第57章:3335  第58章:4013

06:23:02  给豪门病娇当家教 (廿廿呀) [完结]  138p→72章  1222KB  OK
          https://www.52shuku.net/gl/19_b/bkcML.html
          第1章:3213  第2章:3201  第3章:4146  第4章:3292  第5章:3983  第6章:4028
          第7章:6396  第8章:3541  第9章:3021  第10章:4037  第11章:3787  第12章:3535
          第13章:2913  第14章:2416  第15章:3390  第16章:3459  第17章:3375  第18章:3047
          第19章:9438  第20章:6925  第21章:6010  第22章:6191  第23章:6341  第24章:6009
          第25章:6572  第26章:6389  第27章:6262  第28章:6216  第29章:6313  第30章:6162
          第31章:6095  第32章:6058  第33章:6264  第34章:6318  第35章:6037  第36章:6197
          第37章:6018  第38章:6096  第39章:6249  第40章:6635  第41章:6056  第42章:6102
          第43章:6446  第44章:6230  第45章:6257  第46章:6654  第47章:6364  第48章:6365
          第49章:6293  第50章:6117  第51章:6852  第52章:6510  第53章:6504  第54章:6096
          第55章:6133  第56章:6135  第57章:6044  第58章:6198  第59章:6583  第60章:6351
          第61章:6088  第62章:6343  第63章:6533  第64章:6074  第65章:6915  第66章:6048
          第67章:6265  第68章:6276  第69章:6337  第70章:6209  第71章:6069  第72章:6218

06:23:41  待君久不至 (姐姐攻) [完结]  103p→75章  902KB  OK
          https://www.52shuku.net/gl/19_b/bkcMK.html
          第1章 权佞:4808  第2章 真心:3091  第3章 修甲:5659  第4章 如梦:4429  第5章 玉笛:3639  第6章 巴掌:4187
          第7章 玉碎:3085  第8章 弥补:2705  第9章 白衣:3537  第10章 败露:2948  第11章 毒誓:3172  第12章 乱心:2884
          第13章 尸骨:3365  第14章 求情:2696  第15章 柴房:3195  第16章 药瓶:4030  第17章 争吵:2729  第18章 无药:3462
          第19章 亲昵:3409  第20章 难忍:3103  第21章 真相:3218  第22章:10716  第23章 毒酒:4275  第24章 兴致:2573
          第25章 委屈:3398  第26章 名分:3170  第27章 字条:3328  第28章 狼崽:3804  第29章 出门:3624  第30章 坦白:4172
          第31章 受着:3463  第32章 梦魇:3703  第33章 站住:5712  第34章 金笼:3432  第35章 自由:8011  第36章 破防:4575
          第37章 找人:2701  第38章 老师:3663  第39章 遇见:4401  第40章 又见:3609  第41章 无力:6770  第42章 死去:7865
          第43章 下葬:3588  第44章 钝刀:4793  第45章 复生:5942  第46章 尸骨:3259  第47章 携阳:4385  第48章 想念:3262
          第49章 雷雨:4283  第50章 发现:3994  第51章 纠葛:4844  第52章 虚假:3333  第53章 演戏:3348  第54章 逃脱:3434
          第55章 起热:4291  第56章 姑姑:3445  第57章 无耻:2407  第58章 耍赖:3269  第59章 雨势:2414  第60章 水患:3709
          第61章 死讯:3869  第62章 遗骸:3628  第63章 报应:3366  第64章 转机:5312  第65章 中计:3340  第66章 暖手:4838
          第67章 桌下:5392  第68章 来客:3388  第69章 爱意:3273  第70章 甘心:3332  第71章 蛊毒:3369  第72章 相配:3756
          第73章 女孩:3376  第74章 热闹:4792  第75章 结局:7804

06:25:04  相思重上小红楼 (姐姐攻) [完结]  223p→188章  2041KB  OK
          https://www.52shuku.net/gl/19_b/bkcMJ.html
          第1章:3029  第2章:3108  第3章:3147  第4章:3178  第5章:3148  第6章:4779
          第7章:4248  第8章:3625  第9章:2767  第10章:2520  第11章:3352  第12章:2166
          第13章:2531  第14章:2267  第15章:2920  第16章:2185  第17章:2292  第18章:3830
          第19章:2485  第20章:3075  第21章:2796  第22章:2454  第23章:2649  第24章:10258
          第25章:3427  第26章:3655  第27章:3705  第28章:3618  第29章:3267  第30章:3367
          第31章:3230  第32章:4911  第33章:3254  第34章:3653  第35章:5576  第36章:3249
          第37章:3378  第38章:3627  第39章:3961  第40章:3530  第41章:3867  第42章:3589
          第43章:3229  第44章:3315  第45章:3306  第46章:3702  第47章:3510  第48章:3650
          第49章:3315  第50章:3901  第51章:3393  第52章:3263  第53章:3665  第54章:3618
          第55章:3584  第56章:3703  第57章:3672  第58章:3865  第59章:3321  第60章:3632
          第61章:3565  第62章:3626  第63章:3543  第64章:3926  第65章:3314  第66章:3878
          第67章:4847  第68章:3731  第69章:4258  第70章:3730  第71章:3577  第72章:3643
          第73章:4279  第74章:3864  第75章:3967  第76章:3339  第77章:3219  第78章:3234
          第79章:3561  第80章:3354  第81章:3319  第82章:3659  第83章:3750  第84章:3579
          第85章:3366  第86章:3370  第87章:4544  第88章:3512  第89章:3746  第90章:3327
          第91章:3218  第92章:3550  第93章:3743  第94章:3238  第95章:4270  第96章:3291
          第97章:3928  第98章:3760  第99章:3638  第100章:3335  第101章:3220  第102章:3232
          第103章:3298  第104章:4336  第105章:3400  第106章:3634  第107章:3387  第108章:3222
          第109章:3258  第110章:3759  第111章:3729  第112章:3928  第113章:3575  第114章:3542
          第115章:3300  第116章:3217  第117章:3234  第118章:3184  第119章:2883  第120章:3247
          第121章:3328  第122章:3544  第123章:3355  第124章:3406  第125章:3194  第126章:3243
          第127章:3321  第128章:3322  第129章:3291  第130章:3249  第131章:3358  第132章:3533
          第133章:4199  第134章:3266  第135章:3322  第136章:3620  第137章:3302  第138章:3549
          第139章:3540  第140章:3669  第141章:3613  第142章:3610  第143章:4219  第144章:3599
          第145章:3595  第146章:3884  第147章:4275  第148章:3883  第149章:5311  第150章:3679
          第151章:3764  第152章:5352  第153章:3585  第154章:3630  第155章:4531  第156章:3706
          第157章:3581  第158章:3232  第159章:3577  第160章:3185  第161章:3545  第162章:4359
          第163章:3238  第164章:3224  第165章:3605  第166章:3388  第167章:4621  第168章:3292
          第169章:3228  第170章:3247  第171章:3240  第172章:3603  第173章:3629  第174章:3526
          第175章:3293  第176章:3944  第177章:3924  第178章:3660  第179章:3295  第180章:5555
          第181章:3209  第182章:3679  第183章:4250  第184章:3552  第185章:3861  第186章:4199
          第187章:3574  第188章:7850

06:25:42  独守心动 (柏拉路) [完结+番外]  97p→12章  840KB  OK
          https://www.52shuku.net/gl/19_b/bkcMD.html
          第70章 番外一:3463  第71章 番外二:3369  第72章 番外三:2731  第73章 番外四:3158  第74章 if线:2608  第75章 if线:2965
          第76章 if线:3328  第77章 if线:3956  第78章 if线:3283  第79章 if线:3315  第80章 if线完:2908  第81章 婚后:3030

06:26:38  白月光Omega总是在钓我 (春归昼) [完结+番外]  146p→102章  1246KB  OK
          https://www.52shuku.net/gl/19_b/bkcM7.html
          第1章 01:3364  第2章 02:3963  第3章 03:2948  第4章 04:2349  第5章 05:2285  第6章 06:2576
          第7章 07:2046  第8章 08:2328  第9章 09:2544  第10章 10:1600  第11章 11:1488  第12章 12:3107
          第13章 13:1571  第14章 14:2958  第15章 15:3415  第16章 16:2284  第17章 17:2190  第18章 18:3076
          第19章 19:2239  第20章 20:3617  第21章 21:4490  第22章 22:2862  第23章 23:2327  第24章 24:2816
          第25章 25:2606  第26章 26:2325  第27章 27:2905  第28章 28:1974  第29章 29:10288  第30章 30:4044
          第31章 31:6203  第32章 32:6268  第33章 33:6372  第34章 34:6588  第35章 35:6664  第36章 36:3333
          第37章 37:3611  第38章 38:6257  第39章 39:3235  第40章 40:3565  第41章 41:3250  第42章 42:3559
          第43章 43:4531  第44章 44:3671  第45章 45:3257  第46章 46:2654  第47章 47:3505  第48章 48:5069
          第49章 49:3256  第50章 50:2307  第51章 51:5517  第52章 52:3567  第53章 53:4885  第54章 54:7850
          第55章 55:3549  第56章 56:3516  第57章 57:3550  第58章 58:3653  第59章 59:4556  第60章 60:4556
          第61章 61:3287  第62章 62:5057  第63章 63:5226  第64章 64:3606  第65章 65:3610  第66章 66:3866
          第67章 67:5627  第68章 68:5836  第69章 69:3538  第70章 70:4607  第71章 71:3645  第72章 72:4866
          第73章 73:6541  第74章 74:3565  第75章 75:5676  第76章 76:3588  第77章 77:3610  第78章 78:3260
          第79章 79:4196  第80章 80:3206  第81章 81:3590  第82章 82:4073  第83章 83:5599  第84章 84:3274
          第85章 85:3909  第86章 86:3570  第87章 87:3886  第88章 88:9645  第89章 89:3824  第90章 90:4828
          第91章 91:7221  第92章 92:5185  第93章 93:3210  第94章 94:3344  第95章 95:4602  第96章 96:4908
          第97章 97:5193  第98章 98:5948  第99章 99 正文完:6376  第100章 番外一:4470  第101章 番外二:3344  第102章 番外三:7594

06:27:14  改钓清冷美人后反被撩了 (春归昼) [完结]  97p→72章  820KB  OK
          https://www.52shuku.net/gl/19_b/bkcM6.html
          第1章:2803  第2章:2845  第3章:2967  第4章:2522  第5章:2102  第6章:1953
          第7章:1663  第8章:2223  第9章:1676  第10章:2133  第11章:2542  第12章:1719
          第13章:1525  第14章:2167  第15章:2725  第16章:2143  第17章:1522  第18章:2861
          第19章:2410  第20章:2476  第21章:2611  第22章:2888  第23章:2412  第24章:1917
          第25章:1816  第26章:1780  第27章:1728  第28章:2292  第29章:2097  第30章:1667
          第31章:1736  第32章:2662  第33章:2102  第34章:3433  第35章:2956  第36章:2587
          第37章:4243  第38章:3556  第39章:3369  第40章:2567  第41章:4501  第42章:6628
          第43章:6453  第44章:6729  第45章:6853  第46章:5590  第47章:4771  第48章:4509
          第49章:6507  第50章:5181  第51章:5280  第52章:5186  第53章:4544  第54章:5033
          第55章:3615  第56章:4202  第57章:4654  第58章:6271  第59章:5327  第60章:4644
          第61章:4828  第62章:5513  第63章:5805  第64章:6298  第65章:7112  第66章:6280
          第67章:5273  第68章:5532  第69章:5032  第70章:5208  第71章:7248  第72章:4473

06:27:43  万人迷说她怀了我的孩子 (谢寻欢) [完结]  74p→51章  633KB  OK
          https://www.52shuku.net/gl/16_b/bkcMq.html
          第1章:3709  第2章:3965  第3章:3658  第4章:3701  第5章:3564  第6章:3502
          第7章:3191  第8章:3296  第9章:4084  第10章:4027  第11章:3555  第12章:3935
          第13章:3019  第14章:3209  第15章:3103  第16章:3595  第17章:6537  第18章:8434
          第19章:3689  第20章:4976  第21章:4555  第22章:4297  第23章:3632  第24章:4094
          第25章:4358  第26章:3801  第27章:4056  第28章:3451  第29章:5520  第30章:4669
          第31章:4728  第32章:4004  第33章:3761  第34章:3465  第35章:4109  第36章:3816
          第37章:3755  第38章:4447  第39章:4718  第40章:4489  第41章:4693  第42章:4371
          第43章:4517  第44章:4300  第45章:4910  第46章:3706  第47章:4216  第48章:4141
          第49章:3123  第50章:3902  第51章:2996

06:29:11  赛博世界开服后被死敌捡回家 (唐小海) [完结]  237p→157章  2094KB  OK
          https://www.52shuku.net/gl/16_b/bkcMn.html
          第1章 极寒之夜:4460  第2章 死亡序章:4024  第3章 游戏开服:3607  第4章 被捡回家:4029  第5章 当年遗书:4269  第6章 医生闻鹤:3540
          第7章 银面之人:3760  第8章 揭开面具:2969  第9章 黄铜怀表:2918  第10章 装模做样:3442  第11章 半夜洗狗:3371  第12章 捏捏捏捏:2209
          第13章 兜兜转转:2368  第14章 精神茧房:3376  第15章 普通任务:3512  第16章 全息管家:2316  第17章 直贯靶心:3465  第18章 再见银面:4149
          第19章 交易达成:3770  第20章 是生是死:4536  第21章 雨日劫杀:7312  第22章 正式开服:2950  第23章 故人重逢:4186  第24章 当年往事:3192
          第25章 七点十五:5264  第26章 小狗脾气:4610  第27章 数据虚空:3095  第28章 全知领域:4776  第29章 蚂蚁蜜糖:3450  第30章 副本坍缩:4509
          第31章 生物病毒:5774  第32章 暗通款曲:4300  第33章 养狗心得:3382  第34章 结算完成:3699  第35章 趁机灭口:4272  第36章 不速之客:3588
          第37章 再上一课:5285  第38章 谢谢关心:4256  第39章 半支香烟:3561  第40章 回家吃饭:3558  第41章 再回审讯:3873  第42章 天川家主:3238
          第43章 小狗之家:4511  第44章 奶油蛋糕:3564  第45章 明月心心:3958  第46章 死亡名单:3196  第47章 薄雪方衡:2869  第48章 东窗事发:3306
          第49章 异世灵魂:4003  第50章 生死互搏:3347  第51章 逃出生天:3589  第52章 身在何处:2951  第53章 心满意足:3272  第54章 所谓活着:4349
          第55章 我想造反:4064  第56章 从前种种:3605  第57章 究竟是谁:3071  第58章 不会说话:3376  第59章 蛋糕厨师:3109  第60章 数据中心:3108
          第61章 黑影劫掠:3313  第62章 狂奔追逐:3703  第63章 老板回信:3699  第64章 营救计划:3492  第65章 夜色基地:4060  第66章 大功告成:5254
          第67章 势在必得:4214  第68章 绝对掌控:3827  第69章 感官交换:6158  第70章 突如其来:3558  第71章 隐藏潮气:3915  第72章 拜托拜托:4028
          第73章 原是风动。:3894  第74章 天行工厂:4073  第75章 唯一答案:4430  第76章 阻断干扰:3619  第77章 喜不喜欢:3091  第78章 摩肩擦踵:2915
          第79章 没谈恋爱:3277  第80章 瞬间爆炸:3916  第81章 最后条件:3577  第82章 再探工厂:3611  第83章 地下溶洞:3041  第84章 虚假逃生:6938
          第85章 中转冷库:4628  第86章 初始意志:6042  第87章 一切答案:4057  第88章 小狗帽子:3636  第89章 的确糟糕:3163  第90章 谢谢出现:5954
          第91章 为什么呢:3129  第92章 想入非非:3427  第93章 不回消息:3086  第94章 毫无长进:3834  第95章 动摇之心:3209  第96章 并不知情:3663
          第97章 何谓喜欢:3015  第98章 互相揭发:6570  第99章 窥见曙光:3099  第100章 地下重逢:2304  第101章 卖惨拐骗:6795  第102章 晕晕乎乎:3240
          第103章 恋爱对象:6448  第104章 天赐良机:5852  第105章 凌晨白家:3568  第106章 薄荷蛋糕:3183  第107章 一枚狗饼:3312  第108章 一个报复:8046
          第109章 交易结算:3933  第110章 半个真相:6203  第111章 继承遗志:4749  第112章 荡然无存:3016  第113章 暴乱前夕:3393  第114章 一马当先:3862
          第115章 1111号:3279  第116章 诚意合作:3786  第117章 随机扭曲:3287  第118章 不愧是你:3807  第119章 精神崩溃:5803  第120章 生死之赌:3602
          第121章 璀璨夺目:4954  第122章 再见当年:4579  第123章 颓然无助:4848  第124章 A区封锁:3658  第125章 你还好吗:3538  第126章 谋划刺杀:3198
          第127章 一月一日:3468  第128章 潜入A区:7024  第129章 白氏大厦:8211  第130章 热刀黄油:5113  第131章 夜杀追捕:5722  第132章 命运来客:5818
          第133章 再不回头:9560  第134章 不再介怀:7238  第135章 再访D区:7543  第136章 知晓名姓:7270  第137章 夜色角斗:10106  第138章 如梦初醒:7590
          第139章 莫名其妙:7529  第140章 新铸榫金:8067  第141章 所谓朋友:10206  第142章 掉马:8924  第143章 文案1:7268  第144章 异度世界:10360
          第145章 何去何从:6790  第146章 抉择时刻:6825  第147章 空无一人:7913  第148章 自由边缘:8629  第149章 既定命运:4127  第150章 文案2:4522
          第151章 吃药吃药:5037  第152章 最大骗局:4698  第153章 马上回家:4052  第154章 版本更新:3567  第155章 螳螂捕蝉:4736  第156章 世界尽头:3789
          第157章 正文完结:5687

06:29:25  你看镜头，我在看你 (举头三尺有甲方) [完结]  27p  (无章节标记)  226KB  OK
          https://www.52shuku.net/gl/16_b/bkcMe.html
          全文: 75485字

06:29:43  逢场作戏[娱乐圈] (七进客) [完结]  47p→48章  432KB  OK
          https://www.52shuku.net/gl/16_b/bkcMd.html
          第1章 直女卖姬:3096  第2章 逢场作戏:3039  第3章 演得逼真:4570  第4章 商务站台:3256  第5章 营业百态:3433  第6章 是真是假:3064
          第7章 意料之外:2833  第8章 剧组开机:3584  第9章 暧昧界限:3327  第10章 回到以前:3067  第11章 手下留情:3306  第12章 小心翼翼:3026
          第13章 自欺欺人:2942  第14章 靠近一点:2981  第15章 别装可怜:3061  第16章 杂志拍摄:3243  第17章 口是心非:3274  第18章 行程冲突:2898
          第19章 关系微妙:2196  第20章 眼中的她:2921  第21章 那不是爱:2883  第22章 掌后强吻:3054  第23章 依赖与爱:2857  第24章 撩完就跑:3024
          第25章 轻舔慢揉:3260  第26章 爱与不安:3131  第27章 冷眼旁观:2788  第28章 呜咽不止:3152  第29章 还了人情:3117  第30章 欲壑难填:3036
          第31章 互换身份:3147  第32章 借机炒作:2999  第33章 一见钟情:2762  第34章 心有不满:2817  第35章 纯属巧合:2925  第36章 不动声色:2581
          第37章 羞耻诱哄:1521  第38章 同游被遇:2600  第39章 番位之争:2636  第40章 车库偷拍:2739  第41章 家庭聚餐:2876  第42章 合约到期:2855
          第43章 一丝恍惚:2887  第44章 欲言又止:2981  第45章 限播危机:3002  第46章 身不由己:3121  第47章 和平解约:3109  第48章 真相是真:1719

06:29:59  最佳拍档[娱乐圈] (七进客) [完结+番外]  36p→36章  319KB  OK
          https://www.52shuku.net/gl/16_b/bkcMc.html
          第1章 初次见面:3329  第2章 入住小屋:3275  第3章 私人空间:3549  第4章 快问快答:3230  第5章 成员来访:3185  第6章 主动邀约:2869
          第7章 手滑点赞:3033  第8章 密室逃脱:3020  第9章 网友辣评:2400  第10章 退团风波:2287  第11章 交换组队:3016  第12章 轻蹭耳尖:2046
          第13章 目光迷离:1186  第14章 直女微拉:3082  第15章 私人领地:2893  第16章 暧昧痕迹:3022  第17章 尝试反攻:3055  第18章 剧本围读:2311
          第19章 录制结束:2416  第20章 四场吻戏:3032  第21章 深度捆绑:2871  第22章 酒店探班:2566  第23章 全网被黑:3015  第24章 剧组探班:2984
          第25章 双女主剧:3102  第26章 好事将近:3045  第27章 两人争吵:3535  第28章 划清界限:3192  第29章 直女卖姬:3154  第30章 两人公开:3324
          第31章 救什么火:3052  第32章 小心翼翼:3108  第33章 看同人文:2482  第34章 哭腔讨饶:2989  第35章 蒙眼反攻:3336  第36章 厨子跑了:3086

06:30:30  相交的平行线 (君绾青禾) [完结]  78p→68章  704KB  OK
          https://www.52shuku.net/gl/16_b/bkcMb.html
          第1章 重逢:3322  第2章 治疗:4129  第3章 住院:2829  第4章 心疾:3512  第5章 微信:2821  第6章 出院:3685
          第7章 随行:3305  第8章 念宝:3207  第9章 南京:4421  第10章 听话:3778  第11章 照顾:3622  第12章 恢复:3289
          第13章 计划:2444  第14章 暂离:3209  第15章 上海:4017  第16章 酒局:3636  第17章 吵架:2904  第18章 离开:2545
          第19章 当年:3954  第20章 化疗:3039  第21章 乔芸:3363  第22章 师门:2836  第23章 心碎:2908  第24章 心死:2948
          第25章 麻木:2807  第26章 心声:3902  第27章 直播:4108  第28章 准备:3888  第29章 告别:2326  第30章 逃避:3400
          第31章 热搜:2911  第32章 虚言:2806  第33章 决心:2643  第34章 医闹:3670  第35章 安静:2531  第36章 急救:3940
          第37章 病因:4277  第38章 苏醒:2945  第39章 初见:2684  第40章 无事:3635  第41章 拢心:2980  第42章 交谈:4321
          第43章 解心:3677  第44章 回心:2514  第45章 再现:3788  第46章 再见:3703  第47章 苏城:2725  第48章 起诉:3119
          第49章 妈妈:1849  第50章 回京:3813  第51章 天台:4584  第52章 回归:4340  第53章 劝心:2442  第54章 重归:3136
          第55章 陪伴:3103  第56章 大四:3809  第57章 互关:2866  第58章 坦白:3360  第59章 满足:4686  第60章 网红:3659
          第61章 失名:3655  第62章 调查:4709  第63章 复名:2914  第64章 解约:5696  第65章 保护:3938  第66章 求愿:3932
          第67章 诺诺:3655  第68章 念诺:4309

06:31:20  今祈长安 (君绾青禾) [完结+番外]  134p→140章  1212KB  OK
          https://www.52shuku.net/gl/16_b/bkcMa.html
          第1章 【京州篇】寒冬故人归:3442  第2章 【京州篇】春雨没情丝:3354  第3章 【京州篇】血溅大朝会:3087  第4章 【京州篇】吾念少年情:3091  第5章 【京州篇】一报还一报:2718  第6章 【京州篇】风起意难平:2121
          第7章 【京州篇】雪夜探真心:2121  第8章 【京州篇】吾心意难决:2291  第9章 【京州篇】何为忠与义:2938  第10章 【京州篇】锋芒初露:2146  第11章 【京州篇】棋局初现:2592  第12章 【京州篇】少年初遇:1873
          第13章 【京州篇】顽石裂缝:3781  第14章 【京州篇】引蛇出洞:2864  第15章 【西凉篇】西凉景:3624  第16章 【西凉篇】恩与怨:3930  第17章 【西凉篇】双生子:2176  第18章 【清风观】朝贡礼:2333
          第19章 【清风观】星空愿:2900  第20章 【京州篇】祸水东引:2103  第21章 【京州篇】朝上非议:2499  第22章 【京州篇】寿宴难关:2332  第23章 【京州篇】冤情难诉:3506  第24章 【雍州篇】少年不再:3132
          第25章 【雍州篇】血夜亲情:2432  第26章 【雍州篇】三年衷情:2220  第27章 【京州篇】少女心事:2129  第28章 【京州篇】一别两宽:2627  第29章 【京州篇】最后机会:2115  第30章 【京州篇】明皓公主:3073
          第31章 【京州篇】冬至家宴:3252  第32章 【京州篇】真相不真:3314  第33章 【京州篇】我保护你:2623  第34章 【京州篇】今年除夕:3310  第35章 【陈州篇】陈州之行:3151  第36章 【陈州篇】李代桃僵:2404
          第37章 【陈州篇】顽疾难医:2604  第38章 【陈州篇】母女之憾:3132  第39章 【陈州篇】正面交锋:2046  第40章 【京州篇】不速之客:2368  第41章 【京州篇】迷局再解:2585  第42章 【桓王府】面具之下:2768
          第43章 【桓王府】真情假意:2694  第44章 【西凉篇】命运多舛:2876  第45章 【西凉篇】姐妹重逢:2594  第46章 【京州篇】证据齐:2432  第47章 【京州篇】风波起:2405  第48章 【京州篇】定战局:2619
          第49章 【京州篇】念卿安:3432  第50章 【京州篇】生死命:3038  第51章 【京州篇】垂髫交:2366  第52章 【桓王府】计中计:2493  第53章 【京州篇】清水竹畔:3042  第54章 【京州篇】沉冤昭雪:2270
          第55章 【京州篇】生死相许:2671  第56章 【京州篇】战至终章:2527  第57章 【京州篇】解仇叹何恩怨了:3675  第58章 【北境篇】北境风霜故人旧:2557  第59章 【北境篇】患难与共付真心:4106  第60章 【京州篇】两情相悦定终生:2445
          第61章 【京州篇】故人不归恨不解:2152  第62章 【京州篇】海棠春深危机现:3467  第63章 【京州篇】风雨已来愁满绪:3063  第64章 【京州篇】两边抉择难上难:2248  第65章 【京州篇】十里红妆不为我:4083  第66章 【京州篇】破月簪别勿思念:3565
          第67章 【京州篇】白发人送黑发人:2135  第68章 【京州篇】白衣素服祭吾妻:3377  第69章 【姑苏篇】江南游:2371  第70章 【姑苏篇】枯树情:2474  第71章 【姑苏篇】千里觅:2892  第72章 【姑苏篇】见卿卿:3252
          第73章 【姑苏篇】心意明:4137  第74章 【江州篇】江州之战:2957  第75章 【江州篇】南江水战:2136  第76章 【江州篇】江上邀约:3753  第77章 【江州篇】两国之盟:2605  第78章 【姑苏篇】黄昏落暮:2077
          第79章 【姑苏篇】七日闲居:2468  第80章 【姑苏篇】希望之花:2861  第81章 【建康篇】月媃月媃:3430  第82章 【建康篇】东宫日常:2204  第83章 【建康篇】王储之争:3413  第84章 【南诏篇】金殿弹劾:3502
          第85章 【南诏篇】六郡叛变:3042  第86章 【南诏篇】江南之乱:3695  第87章 【南诏篇】城门之殇:3238  第88章 【南诏篇】爹爹羞羞:3075  第89章 【建康篇】余生付卿怀:3185  第90章 【建康篇】生辰喜乐宴:2378
          第91章 【建康篇】遥寄东海明:3374  第92章 【建康篇】除夕花灯愿:4158  第93章 【建康篇】血书寄旧年:2768  第94章 【建康篇】一念续枯荣:2160  第95章 【建康篇】残躯立风骨:2991  第96章 【建康篇】剑峰逆生死:2238
          第97章 【建康篇】孤舟赴天涯:2291  第98章 【建康篇】怜语慰卿卿:2596  第99章 【北辰篇】归途尽，绝希冀:2879  第100章 【北辰篇】心中恨，爱难抵:3059  第101章 【北辰篇】父母恩，怎么还:2522  第102章 【北辰篇】主帅覆，征程起:2451
          第103章 【北辰篇】故人面，无颜见:2223  第104章 【北辰篇】走马灯，心神碎:2806  第105章 【北辰篇】魂祭了，泪潸然:3357  第106章 【北辰篇】自弃了，怎能战:2788  第107章 【北辰篇】旭日升，战况变:2296  第108章 【北辰篇】唇难言，心存殇:3708
          第109章 【北辰篇】亲笔信，社稷变:2358  第110章 【北辰篇】孤身客，赴迷途:2173  第111章 【皇宫篇】回京:2262  第112章 【皇宫篇】面对:2656  第113章 【皇宫篇】问心:2113  第114章 【皇宫篇】裂痕:2368
          第115章 【皇宫篇】破冰:2681  第116章 【皇宫篇】真相:3419  第117章 【帝后篇】帝怒:2958  第118章 【帝后篇】情断:2730  第119章 【帝后篇】凤唳:2386  第120章 【皇宫篇】夺权:4292
          第121章 【皇宫篇】父母:2728  第122章 【皇宫篇】谈判:2284  第123章 【皇宫篇】流言:2579  第124章 【皇宫篇】死战:2911  第125章 【皇宫篇】廷怒:2918  第126章 【皇宫篇】伏诛:4167
          第127章 【皇宫篇】还债:2755  第128章 【今祈篇】选择:2655  第129章 【今祈篇】婚礼:5542  第130章 【今祈篇】再见:2411  第131章 【今祈篇】来生:2884  第132章 【今祈篇】执念:2333
          第133章 【今祈篇】女帝:2925  第134章 【今祈篇】皇后:5133  第135章 作者有话说:1632  第136章 帝后日常（秋）:3031  第137章 帝后日常（冬）:4751  第138章 少年篇:2798
          第139章 少年事:2221  第140章 今祈长安:3503

06:32:48  占为己有 (一只花夹子) [完结+番外]  237p→146章  2096KB  OK
          https://www.52shuku.net/gl/16_b/bkcLN.html
          第1章:4584  第2章:4424  第3章:4400  第4章:4792  第5章:3141  第6章:3739
          第7章:3720  第8章:4030  第9章:3589  第10章:3720  第11章:3711  第12章:3746
          第13章:4281  第14章:3541  第15章:4431  第16章:1966  第17章:9030  第18章:6428
          第19章:3419  第20章:4362  第21章:3723  第22章:4942  第23章:5122  第24章:4891
          第25章:6246  第26章:3620  第27章:4213  第28章:4590  第29章:5300  第30章:4300
          第31章:4018  第32章:4893  第33章:4555  第34章:5299  第35章:5526  第36章:5432
          第37章:6058  第38章:6982  第39章:4922  第40章:5313  第41章:6738  第42章:5597
          第43章:5922  第44章:5015  第45章:3705  第46章:4664  第47章:4602  第48章:5381
          第49章:5986  第50章:4590  第51章:5003  第52章:5279  第53章:4778  第54章:5602
          第55章:5045  第56章:4721  第57章:4940  第58章:5233  第59章:3624  第60章:2967
          第61章:4913  第62章:4977  第63章:4733  第64章:4889  第65章:5609  第66章:4703
          第67章:4295  第68章:3609  第69章:5918  第70章:4059  第71章:5225  第72章:5620
          第73章:5681  第74章:5627  第75章:5300  第76章:3776  第77章:2069  第78章:3569
          第79章:3027  第80章:3711  第81章:5943  第82章:3336  第83章:5756  第84章:5590
          第85章:5056  第86章:6264  第87章:6932  第88章:4935  第89章:4936  第90章:5615
          第91章:6364  第92章:5623  第93章:5978  第94章:5660  第95章:5317  第96章:2575
          第97章:5745  第98章:7451  第99章:5627  第100章:5400  第101章:6677  第102章:5232
          第103章:5344  第104章:4308  第105章:5539  第106章:6947  第107章:5355  第108章:5283
          第109章:5320  第110章:5299  第111章:5279  第112章:6237  第113章:6957  第114章:5352
          第115章:5597  第116章:5252  第117章:5656  第118章:6360  第119章:6580  第120章:3295
          第121章:2321  第122章:6419  第123章:4986  第124章:6663  第125章:10114  第126章 画:3219
          第127章 酒:3229  第128章 想:3177  第129章 愿:3267  第130章 if高一就递出校服（1）:3286  第131章 if高一就递出校服（2）:3625  第132章 if高一就递出校服（3）:3227
          第133章 if高一就递出校服（4）:3277  第134章 if高一就递出校服（5）:3243  第135章 if高一就递出校服（6）:3285  第136章 if高一就递出校服（7）:3252  第137章 if高一就递出校服（8）:3226  第138章 if高一就递出校服（9）:3930
          第139章 if高一就递出校服（10）:3193  第140章 if高一就递出校服（11）:3962  第141章 if高一就递出校服（12）:3352  第142章 if高一就递出校服（完）:3258  第143章 约定（1）:3324  第144章 约定（2）:3208
          第145章 约定（3）:3193  第146章 全文完:3276

06:33:23  蝴蝶飞过冬天 (浧落) [完结]  88p→69章  764KB  OK
          https://www.52shuku.net/gl/15_b/bkcK4.html
          第1章 秋以为期:3630  第2章 余情未了:3579  第3章 习惯使然:3649  第4章 通风报信:3623  第5章 过度理解:3579  第6章 欢喜冤家:3579
          第7章 营养均衡:3579  第8章 爱是克制:3646  第9章 人心易变:3579  第10章 飞来横祸:3676  第11章 星火燎燎:3622  第12章 生旦净丑:3597
          第13章 梵文隐约:3579  第14章 蝴蝶纹身:3738  第15章 沼泽幻想:3579  第16章 欲说还休:3579  第17章 沧海细浪:3579  第18章 睚眦必报:3579
          第19章 冬天伊始:3579  第20章 抠搜老板:3579  第21章 浪逐白鲸:3579  第22章 魏晋旧影:3596  第23章 分子情侣:3601  第24章 恨屋及乌:3579
          第25章 难姐难妹:3579  第26章 演技置换:3579  第27章 风雨潇潇:3579  第28章 蒸的煮的:3579  第29章 青提茉莉:3579  第30章 飞蛾逐火:3579
          第31章 吊桥效应:3641  第32章 祸水东引:3579  第33章 水乡落雪:3579  第34章 扮演情深:3579  第35章 黑白通吃:3662  第36章 光的时差:3579
          第37章 亲我一下:3579  第38章 后悔过吗:3579  第39章 万野冷绿:3579  第40章 夏夜私奔:3579  第41章 放假料屋:3651  第42章 蓝色气球:3723
          第43章 事前事后:3579  第44章 红墙庙宇:3838  第45章 勉为其难:3579  第46章 晴雨绯云:3657  第47章 双键氢键:3579  第48章 十指交握:3579
          第49章 亲亲抱抱:3621  第50章 广寒浸月:5823  第51章 白山莹雪:5272  第52章 绫罗稻草:3579  第53章 没空营业:3579  第54章 《长夏永昼》:3579
          第55章 谈地下恋:3650  第56章 异国跨年:3579  第57章 天水一色:3627  第58章 锦绣枯骨:3579  第59章 中秋快乐:3579  第60章 合奏潮汐:3579
          第61章 正负电极:3686  第62章 真心假意:3579  第63章 《永生花》:3579  第64章 抬头看我:3579  第65章 日落鲜花:3579  第66章 我也爱你:3610
          第67章 最是登对:3579  第68章 是亲亲怪:3579  第69章 春日蝴蝶:3623

06:33:33  为了活命花样攻略她[星际] (喵布里) [完结]  24p→25章  205KB  OK
          https://www.52shuku.net/gl/15_b/bkcK3.html
          第1章Chapter1:2750  第2章Chapter2:2272  第3章Chapter3:2344  第4章Chapter4:2317  第5章Chapter5:2464  第6章Chapter6:2060
          第7章Chapter7:2096  第8章Chapter8:2149  第9章Chapter9:3134  第10章Chapter10:3089  第11章Chapter11:3162  第12章Chapter12:2893
          第13章Chapter13:2134  第14章Chapter14:4413  第15章Chapter15:4617  第16章Chapter16:4124  第17章Chapter17:3207  第18章Chapter18:2222
          第19章Chapter19:3084  第20章Chapter20:3668  第21章Chapter21:3135  第22章Chapter22:1392  第23章Chapter23:1369  第24章Chapter24:1873
          第25章Chapter25:1272

06:34:14  欢迎光临发财宠物店 (叹空) [完结+番外]  107p→100章  966KB  OK
          https://www.52shuku.net/gl/14_b/bkcJF.html
          第一章:3412  第二章:3258  第三章:3084  第四章:3224  第五章:3251  第六章:3158
          第七章:3076  第八章:3098  第九章:3212  第十章:3330  第十一章:3322  第十二章:3537
          第十三章:3096  第十四章:3212  第十五章:3175  第十六章:3130  第十七章:3228  第十八章:3321
          第十九章:3395  第二十章:3354  第二十一章:3167  第二十二章:3178  第二十三章:3108  第二十四章:3225
          第二十五章:3094  第二十六章:3246  第二十七章:3247  第二十八章:3304  第二十九章:3271  第三十章:3138
          第三十一章:3238  第三十二章:3307  第三十三章:3130  第三十四章:3125  第三十五章:3280  第三十六章:3151
          第三十七章:3062  第三十八章:3051  第三十九章:3143  第四十章:3257  第四十一章:3198  第四十二章:3351
          第四十三章:3173  第四十四章:3345  第四十五章:3111  第四十六章:3230  第四十七章:3135  第四十八章:3066
          第四十九章:3215  第五十章:3012  第五十一章:3266  第五十二章:3165  第五十三章:3147  第五十四章:3577
          第五十五章:3080  第五十六章:3188  第五十七章:3079  第五十八章:3201  第五十九章:3072  第六十章:3108
          第六十一章:3132  第六十二章:3183  第六十三章:3262  第六十四章:3209  第六十五章:3218  第六十六章:3032
          第六十七章:3108  第六十八章:3078  第六十九章:3140  第七十章:3131  第七十一章:3065  第七十二章:3151
          第七十三章:3192  第七十四章:3295  第七十五章:3382  第七十六章:3039  第七十七章:3182  第七十八章:3282
          第七十九章:3191  第八十章:3241  第八十一章:3073  第八十二章:3093  第八十三章:3386  第八十四章:3262
          第八十五章:3108  第八十六章:3105  第八十七章:3216  第八十八章:3075  第八十九章:3177  第九十章:3196
          第九十一章:3305  第九十二章:3186  第九十三章:3278  第九十四章:3161  第九十五章:3143  第九十六章:3344
          第九十七章:3129  第九十八章:3029  第九十九章:3450  第一百章 番外两则:3069

06:34:55  我的乌托邦之年 (鹿以寻) [完结+番外]  106p→91章  980KB  OK
          https://www.52shuku.net/gl/14_b/bkcJp.html
          第1章 楔子:3611  第2章 二月绀香（一）初遇:3917  第3章 二月绀香（二）书架:3773  第4章 二月绀香（三）食堂:3304  第5章 二月绀香（四）暑假:3023  第6章 二月绀香（五）新星:3477
          第7章 二月绀香（六）德语:5584  第8章 三月桃良（一）冰酒:3228  第9章 三月桃良（二）诗歌:4167  第10章 三月桃良（三）借还:4887  第11章 三月桃良（四）相亲:4740  第12章 三月桃良（五）梵高:3256
          第13章 三月桃良（六）电影:4512  第14章 四月槐序（一）暴雨:3590  第15章 四月槐序（二）古筝:4278  第16章 四月槐序（三）春雷:3375  第17章 四月槐序（四）爬山:5127  第18章 四月槐序（五）牵手:6195
          第19章 四月槐序（六）接吻:6077  第20章 五月起夏（一）假期:5327  第21章 五月起夏（二）节后:3130  第22章 五月起夏（三）对质:3130  第23章 五月起夏（四）告白:3232  第24章 五月起夏（五）告白:3124
          第25章 五月起夏（六）恋爱:4655  第26章 五月起夏（七）比赛:3063  第27章 五月起夏（八）分手:3186  第28章 六月玉绳（一）吵架:3209  第29章 六月玉绳（二）吵架:3039  第30章 六月玉绳（三）车站:3098
          第31章 六月玉绳（四）和好:3438  第32章 六月玉绳（五）浴室:2579  第33章 六月玉绳（六）霸总:3164  第34章 六月玉绳（七）不熟:3092  第35章 六月玉绳（八）拯救:3765  第36章 七月流火（一）暑期:4786
          第37章 七月流火（二）重庆:2880  第38章 七月流火（三）暴雨:2674  第39章 七月流火（三）偶遇:3111  第40章 七月流火（五）蝴蝶:3104  第41章 七月流火（六）音乐:3137  第42章 八月未央（一）家人:3355
          第43章 八月未央（二）聚会:3068  第44章 八月未央（三）生日:5531  第45章 九月霜序（一）离婚:3538  第46章 九月霜序（二）迷离:3362  第47章 十月始冰（一）上课:3065  第48章 十月始冰（二）前任:3030
          第49章 十月始冰（三）罅隙:3339  第50章 冬月广寒（一）同居:3005  第51章 冬月广寒（二）诋毁:3355  第52章 冬月广寒（三）秘书:3565  第53章 腊月穷节（一）出国:3685  第54章 腊月穷节（二）寻常:3839
          第55章 腊月穷节（三）生日:3034  第56章 腊月穷节（四）分手:3633  第57章 腊月穷节（五）分手:2352  第58章 罗尔的信:3544  第59章 时间空白:3336  第60章 五年以后:3459
          第61章 是玩笑吗:4490  第62章 约她见面:3398  第63章 医院偶遇:4564  第64章 指导专家:3410  第65章 小修罗场:3028  第66章 涉嫌抄袭:3347
          第67章 干她丫的:3579  第68章 峰回路转:3289  第69章 刻舟求剑:3231  第70章 有点空虚:3332  第71章 游船解谜:3617  第72章 小鹿老师:3104
          第73章 阳台对话:3937  第74章 工厂读书:3102  第75章 读书活动:3299  第76章 乡村学校:3474  第77章 各奔东西:3172  第78章 深夜偶遇:3106
          第79章 答应你咯:3167  第80章 吊桥效应:4831  第81章 深夜深夜:3130  第82章 晨光熹微:3238  第83章 围炉煮茶:3363  第84章 闻名遐迩:3082
          第85章 着力即差:3355  第86章 偶遇婚礼:3106  第87章 参加半马:3194  第88章 完成比赛:3132  第89章 罗尔出走:3051  第90章 番外：夜色撩人:5766
          第91章 番外2：德国街头:2019

06:35:23  引诱邻居表白了 (野火续昼) [完结]  69p→60章  601KB  OK
          https://www.52shuku.net/gl/14_b/bkcJo.html
          第1章:3883  第2章:2972  第3章:3055  第4章:3632  第5章:3392  第6章:3357
          第7章:2563  第8章:3074  第9章:3165  第10章:3847  第11章:3188  第12章:3748
          第13章:3351  第14章:5123  第15章:3078  第16章:3434  第17章:3111  第18章:3634
          第19章:3265  第20章:3455  第21章:4151  第22章:3191  第23章:3064  第24章:3103
          第25章:3717  第26章:3063  第27章:3169  第28章:3058  第29章:3520  第30章:3843
          第31章:3025  第32章:3844  第33章:3293  第34章:3153  第35章:3669  第36章:3275
          第37章:3338  第38章:3127  第39章:3022  第40章:3140  第41章:3109  第42章:3835
          第43章:3068  第44章:3142  第45章:3185  第46章:3194  第47章:3066  第48章:3027
          第49章:3130  第50章:3049  第51章:3146  第52章:3065  第53章:3181  第54章:3340
          第55章:3035  第56章:3042  第57章:3008  第58章:3098  第59章:3007  第60章:3486

06:37:05  反派才是真绝色[快穿] (已书) [完结+番外]  271p→145章  2295KB  OK
          https://www.52shuku.net/gl/09_b/bkcIB.html
          第1章 美人鱼01:3072  第2章 美人鱼02:3577  第3章 美人鱼03:3342  第4章 美人鱼03:3170  第5章 美人鱼05:4047  第6章 美人鱼06:4049
          第7章 美人鱼07:3009  第8章 美人鱼08:3314  第9章 美人鱼09:2070  第10章 美人鱼10:2217  第11章 美人鱼临:2418  第12章 美人鱼12:2709
          第13章 美人鱼13:2051  第14章 美人鱼14:1989  第15章 美人鱼15:2352  第16章 美人鱼16:2023  第17章 美人鱼17:2713  第18章 美人鱼18:2600
          第19章 美人鱼19:2661  第20章 美人鱼20:2525  第21章 美人鱼21:2739  第22章 美人鱼22:9232  第23章 美人鱼:6367  第24章 美人鱼24:4290
          第25章 美人鱼25:6168  第26章 美人鱼26:6178  第27章 美人鱼27:9255  第28章 美人鱼28:6198  第29章 美人鱼29:6206  第30章 美人鱼30:6512
          第31章 表小姐:6167  第32章 表小姐02:6749  第33章 表小姐03:6220  第34章 表小姐04:3293  第35章 表小姐05:3232  第36章 表小姐06:3211
          第37章 表小姐07:6259  第38章 表小姐08:3278  第39章 表小姐09:4208  第40章 表小姐10:3269  第41章 表小姐11:4705  第42章 表小姐12:3180
          第43章 表小姐13:4252  第44章 表小姐14:3551  第45章 表小姐15:1924  第46章 表小姐16:6210  第47章 表小姐17:6230  第48章 表小姐18:6449
          第49章 表小姐19:6268  第50章 表小姐20:6225  第51章 表小姐21:7583  第52章 表小姐22:6187  第53章 表小姐23:6236  第54章 表小姐24:3239
          第55章 表小姐25:3168  第56章 表小姐26:3242  第57章 表小姐27:3625  第58章 表小姐28:3642  第59章 堕神尊01:3225  第60章 堕神尊02:3621
          第61章 堕神尊03:4283  第62章 堕神尊04:3192  第63章 堕神尊05:3239  第64章 堕神尊06:3233  第65章 堕神尊07:3218  第66章 堕神尊08:3305
          第67章 堕神尊09:3187  第68章 堕神尊10:3299  第69章 堕神尊11:3258  第70章 堕神尊12:3237  第71章 堕神尊13:3242  第72章 堕神尊14:3230
          第73章 堕神尊15:3251  第74章 堕神尊16:3315  第75章 堕神尊17:3280  第76章 堕神尊18:3230  第77章 堕神尊19:3242  第78章 堕神尊20:3208
          第79章 堕神尊21:3181  第80章 堕神尊22:4167  第81章 堕神尊23:3256  第82章 堕神尊24:3219  第83章 堕神尊25:3683  第84章 堕神尊26:3323
          第85章 死对头01:5539  第86章 死对头02:3193  第87章 死对头03:3209  第88章 死对头04:8231  第89章 死对头05:7225  第90章 死对头06:6243
          第91章 死对头07:10348  第92章 死对头08:5268  第93章 死对头09:8288  第94章 死对头10:10712  第95章 死对头11:12361  第96章 死对头12:12332
          第97章 死对头13:12213  第98章 死对头14:9253  第99章 死对头15:9263  第100章 死对头16:10307  第101章 死对头17:10245  第102章 死对头18:11231
          第103章 死对头19:13286  第104章 大小姐01:11237  第105章 大小姐02:12247  第106章 大小姐03:10342  第107章 大小姐04:6308  第108章 大小姐05:10264
          第109章 大小姐06:6256  第110章 大小姐07:7651  第111章 大小姐08:6267  第112章 大小姐09:6605  第113章 大小姐10:6227  第114章 大小姐11:6221
          第115章 大小姐12:6209  第116章 大小姐13:6948  第117章 大小姐14:6347  第118章 大小姐15:6322  第119章 大小姐16:6268  第120章 大小姐17:6301
          第121章 大小姐18:6237  第122章 大小姐19:6540  第123章 大小姐20:6209  第124章 大小姐21:6253  第125章 大小姐22:6292  第126章 大小姐23:6274
          第127章 大小姐24:6599  第128章 大小姐25:6252  第129章 大小姐26:6270  第130章 大小姐27:10630  第131章 颜朝变成蛇了:5222  第132章 颜朝变成蛇了:6597
          第133章 颜朝变成蛇了:3203  第134章 颜朝变成蛇了:3262  第135章 颜朝变成蛇了:6255  第136章 颜朝变成蛇了:3242  第137章 颜朝变成蛇了:3358  第138章 颜朝变成蛇了:7755
          第139章 那只小猫是我的:3295  第140章 那只小猫是我的:3215  第141章 那只小猫是我的:7513  第142章 （￣^￣）：丝袜被撕开……:1816  第143章 （￣^￣）：“老婆，别咬这么紧。”:1850  第144章 （￣^￣）：挑衅的后果是被爆*:1392
          第145章 （￣^￣）：“她们在床上打架。”:1153

06:38:11  [暮光之城同人] 我拐走了吸血鬼王族的掌上明珠 (叭啦叭叭叭) [完结]  172p→164章  1541KB  OK
          https://www.52shuku.net/gl/09_b/bkcI6.html
          第1章 追债牛牛，不怕困难:3582  第2章 美色误人，屡教不改:2719  第3章 前债已销，后债将至:3017  第4章 托梦求救，再起疑心:3152  第5章 相聚离开，都有时候:3075  第6章 时间诅咒，长生代价:2693
          第7章 黄泉路远，赠花送别:3272  第8章 贪欲误人，借刀傀儡:3141  第9章 于无人处，浴火成凶:3427  第10章 蛮横王族，祸事加身:3113  第11章 记忆丝线，惑心低语:2762  第12章 黑暗天赋，疑似重复:2380
          第13章 长老亲问，记忆锁匠:2430  第14章 她逃她追，他追他追:3995  第15章 审判开启，升堂清算:3499  第16章 噩梦初醒，生杀落定:3494  第17章 苟命残喘，弱肉强食:3622  第18章 弄巧成拙，受制于人:2813
          第19章 成为一名沃尔图里（1）:3332  第20章 成为一名沃尔图里（2）:3449  第21章 成为一名沃尔图里（3）:2891  第22章 成为一名沃尔图里（4）:3348  第23章 成为一名沃尔图里（5）:3431  第24章 成为一名沃尔图里（6）:3067
          第25章 成为一名沃尔图里（7）:3393  第26章 成为一名沃尔图里（8）:2763  第27章 成为一名沃尔图里（9）:2746  第28章 成为一名沃尔图里（10）:2916  第29章 成为一名沃尔图里（11）:3314  第30章 送房是恋爱的标配:3664
          第31章 胆小的梦想里有什么:2270  第32章 残酷的神与心软的人:3643  第33章 清零的关系:2423  第34章 你似乎有些雏鸟情结:2743  第35章 索菲斯，你爱我！:3394  第36章 风花雪月和血猎:2766
          第37章 血族真是好日子过久了:3003  第38章 北欧族群好大的惊喜:2585  第39章 午夜静默时:2614  第40章 束心的谎言:3005  第41章 谎言蒙心:3162  第42章 一百件礼物之约:2870
          第43章 宴席散去:2971  第44章 为回礼努力:3967  第45章 树叶游戏:2884  第46章 黑暗天赋:3059  第47章 心的天堑:2906  第48章 计谋暴露:3340
          第49章 弱者的反抗:3080  第50章 监护人更换:3286  第51章 血族餐厅:2866  第52章 不可自欺:3012  第53章 在这样的场景下:2538  第54章 无声对峙:2721
          第55章 小可怜:3028  第56章 剥夺记忆的能力:3449  第57章 血族秘辛:3103  第58章 快跑，逃过命运:3314  第59章 阴云:2458  第60章 如愿:3173
          第61章 卫队任务:2308  第62章 挖坟挖到瓜:2981  第63章 流浪者加勒特:4620  第64章 月心草:3893  第65章 返程:3712  第66章 黑屋:3110
          第67章 画地为牢:2754  第68章 密室逃脱后:3623  第69章 落日狂花:3158  第70章 沦陷:4461  第71章 爱尔兰族群:2938  第72章 心想事成:3540
          第73章 简发来一份入职邀请:3684  第74章 出门参会:3057  第75章 玫瑰，玫瑰:3636  第76章 小舅子的责备:3982  第77章 齿痕×手环:3193  第78章 夫人的宝库:3330
          第79章 噩耗:3660  第80章 【上卷完】:3137  第81章 圣诞节准备:3690  第82章 槲寄生的混乱:2963  第83章 爱德华·卡伦:2589  第84章 卡伦家的妹妹:3130
          第85章 预言家:2761  第86章 妒火:3270  第87章 我用什么才能留住你？:4210  第88章 福克斯欢迎会:3803  第89章 绯闻辟谣:2862  第90章 狼人雅各布:3088
          第91章 谎言拆穿:3011  第92章 新婚贺礼:3354  第93章 无处可逃:3879  第94章 沃尔图里的叛徒:2594  第95章 沃尔图里的追捕者:2689  第96章 血色情话:2995
          第97章 离家出走邀请:4059  第98章 德纳利家族:3370  第99章 新生儿军团:3245  第100章 雪地失温的人:3006  第101章 对路人的预言:2805  第102章 爱德华与贝拉的婚礼:4586
          第103章 卡伦家内讧:3445  第104章 重返沃尔图里:2334  第105章 芳心纵火犯:2454  第106章 读心者对峙:2970  第107章 阿罗的心思你别猜:3972  第108章 你们皇族怎么就喜欢逼婚:2971
          第109章 傲娇打直球真要命:2871  第110章 求婚大作战:3778  第111章 拌嘴:2371  第112章 年上？年下？:2947  第113章 调阅卷宗:3070  第114章 巧了是熟人:2530
          第115章 嗵嗵:3180  第116章 进食:2710  第117章 藏品:2773  第118章 纵火犯:2771  第119章 不答应结婚就不能出去的地方:3401  第120章 阿罗的藏书室:3438
          第121章 罪罚同担:3643  第122章 前奏:2962  第123章 未婚妻:3156  第124章 艾瑞娜:3463  第125章 隐情:3994  第126章 吸血鬼聚会:3679
          第127章 混血婴儿:3145  第128章 大雪之前:2285  第129章 罗马尼亚族群:3004  第130章 决战前夕:2231  第131章 暗夜王族:3456  第132章 告发者:3235
          第133章 证人:3216  第134章 休战审判:3149  第135章 长老投票:2084  第136章 爱丽丝漫游未来:2450  第137章 休战:3203  第138章 来自远方的邀约:2417
          第139章 赴约:2767  第140章 爱人没错过:2259  第141章 “火葬场”:2143  第142章 特殊“报酬”:3154  第143章 表白:2571  第144章 苏醒:2630
          第145章 启程探亲:2505  第146章 Lightning:2287  第147章 冰柜里的人:3116  第148章 “歌者”:2726  第149章 天罚:4826  第150章 黑屋:2923
          第151章 金丝雀:3904  第152章 卡莱尔来信:3486  第153章 春三月:3424  第154章 订婚:2302  第155章 算账:3549  第156章 所有的“不准”里都是爱:2787
          第157章 滴水入海:2827  第158章 雪夜重逢:2485  第159章 亚力克，危。:2511  第160章 血猎二三事:2408  第161章 沃尔图里之殇:2809  第162章 追踪:2978
          第163章 血猎之死:2143  第164章 结局:3584

06:38:42  从别后 (一勺一个清水白桃) [完结+番外]  81p→55章  746KB  OK
          https://www.52shuku.net/gl/09_b/bkcI5.html
          第1章 梦里出现的人醒来...:3180  第2章 醒来，醒来要如何再见她:3863  第3章 我来带你回家:3711  第4章 你和我说过的话，我什么时候忘记过？:2126  第5章 她叫我阿清:2829  第6章 这一招我屡试不爽:3299
          第7章 圣诞番外：2022年12月24日:3325  第8章 晚安:3665  第9章 三条腿的蛤蟆好找:3414  第10章 我很开心，很久没有这么开心过了:3718  第11章 养猪致富:3199  第12章 顾晚霖，下雪了:4098
          第13章 第一个告诉你下雪的人:2137  第14章 圣诞番外：2023年12月24日:5005  第15章 不然你耳朵红什么:3121  第16章 我给你堆了个雪人:4087  第17章 我想和她一起高兴:4741  第18章 你还回来做什么:6824
          第19章 你求我也留不下来:3643  第20章 把别人赶回家过年，自己一个人偷偷哭是吧:3618  第21章 有很长的时间，我都在想你:2322  第22章 是我自己选的:4897  第23章 顾晚霖，求你了:4124  第24章 最重要的人，竟然出现在人生最初的阶段:6504
          第25章 老师，顾晚霖想上黑板上做题！:3964  第26章 偷偷努力，然后惊艳所有人:3927  第27章 人不如狗:3709  第28章 春天真好啊:3887  第29章 一切都会如你所想所愿的:3623  第30章 我永远对她有信心:3584
          第31章 这事儿就这么定了！:1895  第32章 你坐我腿上来:4364  第33章 顾晚霖，有很多人喜欢你:4791  第34章 在线等，挺急的:3568  第35章 心里的那个人回来了是吧:4399  第36章 她真的也爱我吗:3178
          第37章 我又将失去她，第二次:3233  第38章 就这最后一次了，求你了:3301  第39章 人生无常，我们先享受当下:4316  第40章 2024年5月20日:1923  第41章 2024年梅雨季 1/2:4691  第42章 2024年梅雨季 2/2:2503
          第43章 2024年夏:8075  第44章 2024年秋 1/2:4781  第45章 2024年秋 2/2:4133  第46章 圣诞番外：2024年12月24日:5460  第47章 2025年初 深冬 1/3:6679  第48章 2025年初 深冬 2/3:6585
          第49章 2025年初 初春 3/3:11408  第50章 2025年春末:7874  第51章 2025年夏:12608  第52章 2026年春（尾声）1/2:6947  第53章 2026年春（尾声）2/2:5037  第54章 经常请吃饭的漂亮姐姐 1:6834
          第55章 经常请吃饭的漂亮姐姐 2:6486

06:39:17  [神雕] 浮生一梦 (柏木火火) [完结]  89p  (无章节标记)  774KB  OK
          https://www.52shuku.net/gl/08_b/bkcHK.html
          全文: 259191字

06:39:49  宿敌姐怎么又在撩我 (宴空巷) [完结]  74p→68章  679KB  OK
          https://www.52shuku.net/gl/08_b/bkcHJ.html
          第1章 明天是她的祭日:3037  第2章 你后不后悔:3229  第3章 重逢:3689  第4章 脑电波和谵妄:3265  第5章 烂尾楼:3049  第6章 退一万步讲:3013
          第7章 幸运的豪门大小姐:3160  第8章 和她扯上关系不是什么好事情:3219  第9章 谁是抖m？反正我不是:3053  第10章 我只要你一个:3041  第11章 钩着林素雁的心:3067  第12章 难道我们活该低人一等吗:3001
          第13章 她和她和她:3005  第14章 “别让我失望”:3014  第15章 心猿意马:3086  第16章 誓言:3298  第17章 忙里偷闲:3014  第18章 只是意乱情迷了一瞬:3062
          第19章 我会永远站在你那边:2587  第20章 我们都亲过了:3012  第21章 谁家小孩:2708  第22章 未卜先知还是早有预谋:3041  第23章 假性结合热:4714  第24章 那你还爱她吗:3087
          第25章 我的问题:3938  第26章 维护:3210  第27章 事与愿违:2600  第28章 原来你记得:4536  第29章 仇杀？:3052  第30章 万顷波中得自由:4113
          第31章 她……是你前女友？:3043  第32章 被迫分开:3057  第33章 挑眉:3179  第34章 黛玉倒拔垂杨柳:2007  第35章 情侣大盗:3826  第36章 风雨欲来啊:3399
          第37章 分化？！:2600  第38章 因缘际会:2663  第39章 徽记:2036  第40章 真相是假:3189  第41章 真相是真:4038  第42章 重逢:7338
          第43章 调令:3286  第44章 月亮很亮:3176  第45章 精神链接:3458  第46章 要我抱你吗:1426  第47章 种果无果:3591  第48章 枪击:3558
          第49章 突变:3691  第50章 打劫:3370  第51章 难为你还记得:3654  第52章 回你家啊:3412  第53章 泄露:3585  第54章 一别多年，老师......:3657
          第55章 本来就是死路一条:3865  第56章 警报:3607  第57章 精神图景:3574  第58章 执念愈深:3645  第59章 金蔷薇:3444  第60章 我一见你就觉欢喜:3523
          第61章 一体两面:3656  第62章 summer camp:3738  第63章 栓根绳？:3343  第64章 第二卷完:3348  第65章 过来给我摸摸:3743  第66章 被催眠的小孩:3617
          第67章 注意师生关系:3525  第68章 我来带你出去:3262

06:40:49  天才转生重回新手村 (荔枝酥山) [完结+番外]  163p→139章  1361KB  OK
          https://www.52shuku.net/gl/08_b/bkcHI.html
          第1章 第一章:3221  第2章 第二章:3393  第3章 第三章:3185  第4章 第四章:3227  第5章 第五章:3183  第6章 第六章:3195
          第7章 第七章:3235  第8章 第八章:3173  第9章 第九章:3190  第10章 第十章:3204  第11章 第十一章:3205  第12章 第十二章:3177
          第13章 第十三章:3186  第14章 第十四章:3217  第15章 第十五章:3178  第16章 第十六章:3188  第17章 第十七章:3192  第18章 第十八章:3183
          第19章 第十九章:3181  第20章 第二十章:3209  第21章 第二十一章:3180  第22章 第二十二章:3173  第23章 第二十三章:3174  第24章 第二十四章:3226
          第25章 第二十五章:3203  第26章 第二十六章:3182  第27章 第二十七章:3178  第28章 第二十八章:3174  第29章 第二十九章:3200  第30章 第三十章:3169
          第31章 第三十一章:3176  第32章 第三十二章:3183  第33章 第三十三章:3180  第34章 第三十四章:3178  第35章 第三十五章:3178  第36章 第三十六章:3176
          第37章 第三十七章:3187  第38章 第三十八章:3178  第39章 第三十九章:3196  第40章 第四十章:3177  第41章 第四十一章:3259  第42章 第四十二章:3196
          第43章 第四十三章:3219  第44章 第四十四章:3200  第45章 第四十五章:3178  第46章 第四十六章:3186  第47章 第四十七章:3173  第48章 第四十八章:3184
          第49章 第四十九章:3183  第50章 第五十章:3179  第51章 第五十一章:3174  第52章 第五十二章:3173  第53章 第五十三章:3182  第54章 第五十四章:3185
          第55章 第五十五章:3186  第56章 第五十六章:3191  第57章 第五十七章:3181  第58章 第五十八章:3192  第59章 第五十九章:3191  第60章 第六十章:3184
          第61章 第六十一章:3176  第62章 第六十二章:3185  第63章 第六十三章:3180  第64章 第六十四章:3182  第65章 第六十五章:3191  第66章 第六十六章:3174
          第67章 第六十七章:3178  第68章 第六十八章:3176  第69章 第六十九章:3175  第70章 第七十章:3180  第71章 第七十一章:3178  第72章 第七十二章:3190
          第73章 第七十三章:3386  第74章 第七十四章:3181  第75章 第七十五章:3184  第76章 第七十六章:3189  第77章 第七十七章:3180  第78章 第七十八章:3184
          第79章 第七十九章:3195  第80章 第八十章:3175  第81章 第八十一章:3188  第82章 第八十二章:3175  第83章 第八十三章:3198  第84章 第八十四章:3173
          第85章 第八十五章:3188  第86章 第八十六章:3175  第87章 第八十七章:3173  第88章 第八十八章:3186  第89章 第八十九章:3178  第90章 第九十章:3189
          第91章 第九十一章:3182  第92章 第九十二章:3170  第93章 第九十三章:3177  第94章 第九十三四章:3184  第95章 第九十五章:3183  第96章 第九十六章:3186
          第97章 第九十七章:3187  第98章 第九十八章:3186  第99章 第九十九章:3174  第100章 第一百章:3183  第101章 第一百零一章:3182  第102章 第一百零二章:3176
          第103章 第一百零三章:3211  第104章 第一百零四章:3185  第105章 第一百零五章:3178  第106章 第一百零六章:3171  第107章 第一百零七章:3180  第108章 第一百零八章:3173
          第109章 第一百零九章:3183  第110章 第一百一十章:3175  第111章 第一百一十一章:3185  第112章 第一百一十二章:3189  第113章 第一百一十三章:3179  第114章 第一百一十四张:3188
          第115章 第一百一十五章:3179  第116章 第一百一十六章:3173  第117章 第一百一十七章:3179  第118章 第一百一十八章:3183  第119章 第一百一十九章:3215  第120章 第一百二十章:3173
          第121章 第一百二十一章:3175  第122章 第一百二十二章:3196  第123章 第一百二十三章:3184  第124章 第一百二十四章:3174  第125章 第一百二十五章:3184  第126章 第一百二十六章:3178
          第127章 第一百二十七章:3177  第128章 第一百二十八章:3171  第129章 第一百二十九章:3190  第130章 第一百三十章:3175  第131章 第一百三十一章:3178  第132章 第一百三十二章:3246
          第133章 番外一:3184  第134章 番外二:3187  第135章 番外三:3237  第136章 IF线1:3180  第137章 IF线2:3181  第138章 IF线3:3521
          第139章 IF线4:3315

06:41:11  她不乖 (今夜雪迟) [完结+番外]  48p→37章  399KB  OK
          https://www.52shuku.net/gl/07_b/bkcGT.html
          第1章 001:4651  第2章 002:4189  第3章 003:3417  第4章 004:3683  第5章 005:3819  第6章 006:4040
          第7章 007:3954  第8章 008:3868  第9章 009:3816  第10章 010:3253  第11章 011:3471  第12章 012:3824
          第13章 013:3325  第14章 014:4069  第15章 015:3265  第16章 016:3295  第17章 017:3826  第18章 018:3415
          第19章 019:3919  第20章 020:4119  第21章 021:4014  第22章 022:3139  第23章 023:3736  第24章 024:3035
          第25章 025:3440  第26章 额头吻:3762  第27章 许父去世:2537  第28章 离婚协议:3330  第29章 察觉心意:3459  第30章 极光之旅:2117
          第31章 挪威的雪夜:2190  第32章 她的告白:1942  第33章 求婚:1507  第34章 番外一：私人影院的“惩罚”:1389  第35章 番外二：醉酒后的“真心话”:3812  第36章 番外三：早安吻（作者有话说含福利番外）:4773
          第37章 番外四：执手白头（作者有话说含福利番外）:7036

06:42:14  冰山前妻不想拿我be剧本 (鸽子不会咕咕咕) [完结+番外]  167p→121章  1430KB  OK
          https://www.52shuku.net/gl/06_b/bkcGK.html
          第1章:4689  第2章:5456  第3章:5361  第4章:3562  第5章:4244  第6章:3136
          第7章:2473  第8章:2995  第9章:2894  第10章:2707  第11章:3753  第12章:3199
          第13章:2600  第14章:1836  第15章:3072  第16章:3293  第17章:2983  第18章:2695
          第19章:2527  第20章:1633  第21章:10532  第22章:4545  第23章:3925  第24章:3606
          第25章:3638  第26章:4623  第27章:3577  第28章:3944  第29章:3190  第30章:5208
          第31章:6290  第32章:6232  第33章:3686  第34章:3610  第35章:3571  第36章:6538
          第37章:4582  第38章:3915  第39章:2574  第40章:3549  第41章:3527  第42章:3883
          第43章:3860  第44章:3532  第45章:3599  第46章:4917  第47章:3912  第48章:6281
          第49章:4546  第50章:3542  第51章:4522  第52章:3928  第53章:3586  第54章:2591
          第55章:3943  第56章:3862  第57章:4169  第58章:2883  第59章:3243  第60章:3531
          第61章:4583  第62章:3903  第63章:4695  第64章:5512  第65章:4905  第66章:2879
          第67章:3618  第68章:3980  第69章:3608  第70章:4574  第71章:3566  第72章:3869
          第73章:2578  第74章:4211  第75章:3649  第76章:3573  第77章:3200  第78章:4865
          第79章:3202  第80章:3899  第81章:3937  第82章:4190  第83章:4236  第84章:3269
          第85章:4837  第86章:3520  第87章:3182  第88章:3545  第89章:3187  第90章:6211
          第91章:3676  第92章:3558  第93章:3224  第94章:3629  第95章:3513  第96章:6979
          第97章:3848  第98章:3935  第99章:3577  第100章:3844  第101章:3946  第102章:4184
          第103章:3607  第104章:3538  第105章:4198  第106章:3276  第107章:3193  第108章:3221
          第109章:3207  第110章:5191  第111章:3576  第112章:3229  第113章:3903  第114章:3183
          第115章:3690  第116章:3633  第117章:4190  第118章:4257  第119章:4911  第120章:2280
          第121章:3534

06:43:29  我真没想把黑莲花O捡回家 (鸽子不会咕咕咕) [完结+番外]  203p→131章  1736KB  OK
          https://www.52shuku.net/gl/06_b/bkcGJ.html
          第1章:3670  第2章:3783  第3章:4184  第4章:4465  第5章:4678  第6章:3889
          第7章:4331  第8章:2856  第9章:3659  第10章:2431  第11章:2998  第12章:2580
          第13章:3487  第14章:2976  第15章:3396  第16章:3069  第17章:3276  第18章:2249
          第19章:2469  第20章:10201  第21章:3651  第22章:3418  第23章:4748  第24章:7298
          第25章:6722  第26章:3649  第27章:3566  第28章:4237  第29章:5671  第30章:4348
          第31章:7726  第32章:3618  第33章:3646  第34章:3593  第35章:3892  第36章:4305
          第37章:4528  第38章:4906  第39章:6734  第40章:4697  第41章:6959  第42章:3888
          第43章:3929  第44章:4237  第45章:4253  第46章:6207  第47章:4322  第48章:4911
          第49章:7692  第50章:3639  第51章:3696  第52章:4948  第53章:3977  第54章:3700
          第55章:3240  第56章:3662  第57章:4617  第58章:3946  第59章:3309  第60章:3965
          第61章:3252  第62章:6603  第63章:4254  第64章:3208  第65章:3635  第66章:2925
          第67章:6236  第68章:4837  第69章:3890  第70章:3287  第71章:3916  第72章:3337
          第73章:4295  第74章:3598  第75章:4325  第76章:3873  第77章:3917  第78章:3595
          第79章:3363  第80章:6913  第81章:3973  第82章:6223  第83章:3899  第84章:3904
          第85章:4298  第86章:6938  第87章:4531  第88章:6564  第89章:3984  第90章:6578
          第91章:3291  第92章:3600  第93章:5980  第94章:3596  第95章:6631  第96章:4211
          第97章:4664  第98章:6197  第99章:4305  第100章:3378  第101章:3920  第102章:4537
          第103章:5647  第104章:4614  第105章:4553  第106章:3778  第107章:3611  第108章:7788
          第109章:4560  第110章:4547  第111章:3596  第112章:3693  第113章:8015  第114章:4230
          第115章:3922  第116章:3564  第117章:3693  第118章:4322  第119章:4300  第120章:3614
          第121章:4910  第122章:5246  第123章:4199  第124章:5618  第125章:3539  第126章:3913
          第127章:3934  第128章:3609  第129章:4282  第130章:3590  第131章:3009

06:44:37  隐婚日记 (齐娜eris) [完结+番外]  178p→151章  1610KB  OK
          https://www.52shuku.net/gl/06_b/bkcGI.html
          第1章 4月14日:3206  第2章 2年前Veyras City:3312  第3章 4月16日:3205  第4章 4月16日:3211  第5章 4月17日:3362  第6章 4月17日:3238
          第7章 4月19日:3265  第8章 4月21日:3276  第9章 4月21日:3267  第10章 温煦白番外1:3385  第11章 5月5日:3356  第12章 5月12日:3254
          第13章 5月12日:3283  第14章 5月13日:3249  第15章 5月13日:3432  第16章 5月13日:3234  第17章 5月21日:3297  第18章 5月23日:3340
          第19章 6月7日:3206  第20章 温煦白番外2:3234  第21章 6月6日:3320  第22章 6月8日:3395  第23章 6月8日:3236  第24章 6月8日:3263
          第25章 6月9日:3331  第26章 6月9日:3552  第27章 6月9日:3272  第28章 6月27日:3261  第29章 6月27日:3225  第30章 温煦白番外3:3511
          第31章 6月27日:3282  第32章 6月27日:3241  第33章 6月27日:3251  第34章 7月5日:3410  第35章 7月5日:3253  第36章 7月5日:3383
          第37章 7月5日:3230  第38章 7月12日:3263  第39章 7月12日:3395  第40章 温煦白番外4:3377  第41章 7月12日:3409  第42章 7月16日:3264
          第43章 7月17日:3264  第44章 7月19日:3297  第45章 7月19日:3272  第46章 7月24日:3599  第47章 7月24日:3273  第48章 7月24日:3377
          第49章 7月24日:3542  第50章 温煦白番外5:3605  第51章 7月26日:3517  第52章 7月29日:3453  第53章 7月29日:3371  第54章 7月29:3292
          第55章 7月29日:3533  第56章 7月29日:3387  第57章 7月30日:3440  第58章 7月30日:5230  第59章 7月31日:3614  第60章 温煦白番外6（二合一）:6399
          第61章 8月15日:3617  第62章 8月15日:3330  第63章 8月16日:3521  第64章 8月16日:3251  第65章 8月16:3344  第66章 8月24日:3368
          第67章 8月24日:3309  第68章 8月24日:3535  第69章 8月24日:3559  第70章 温煦白番外7:3513  第71章 9月1日:3504  第72章 9月1日:3275
          第73章 9月1日:3535  第74章 9月2日:3629  第75章 9月3日:3375  第76章 9月15日:3529  第77章 9月16日:3486  第78章 9月16日:3550
          第79章 9月16日:3598  第80章 温煦白番外8:6866  第81章 9月16日:3577  第82章 9月16日:3563  第83章 9月16日:3579  第84章 9月17日:3349
          第85章 9月21日:3592  第86章 9月27日:3582  第87章 9月28日:3514  第88章 10月9日:3508  第89章 10月9日:3523  第90章 温煦白番外9:3547
          第91章 10月10日:3876  第92章 10月10日:3580  第93章 10月10日:8667  第94章 10月12日:3357  第95章 10月12日:3205  第96章 12月2日:3325
          第97章 12月2日:3344  第98章 12月2日:3247  第99章 12月17日:3595  第100章 1月5日:3248  第101章 1月6日:3576  第102章 1月23日:3302
          第103章 1月23日:3506  第104章 2月2日:3242  第105章 2月12日:3598  第106章 2月12日:3558  第107章 2月12日:3588  第108章 2月12日:3206
          第109章 2月13日:3623  第110章 温煦白番外11:3527  第111章 2月21日:3231  第112章 2月22日:3522  第113章 2月25日:3530  第114章 3月16日:3555
          第115章 3月16日:3607  第116章 3月16日:3517  第117章 3月18日:3573  第118章 3月28日:3606  第119章 3月29日:3516  第120章 温煦白番外12:3333
          第121章 5月17日:3525  第122章 5月17:3570  第123章 5月17日:4669  第124章 5月17日:3946  第125章 5月17日:3782  第126章 5月17:3811
          第127章 5月18日:3769  第128章 5月18日:3521  第129章 5月18日:3729  第130章 温煦白番外13:3596  第131章 5月26日:3561  第132章 5月26日:3563
          第133章 5月27日:3536  第134章 5月27日:3237  第135章 5月28日:3732  第136章 5月28日:3513  第137章 5月28日:3528  第138章 5月30日:3548
          第139章 5月30日:3280  第140章 6月1日:3606  第141章 温煦白番外14:3516  第142章 6月2日:3596  第143章 6月2日:3554  第144章 6月7日:3502
          第145章 6月8日:3626  第146章 6月8日:3300  第147章 7月29:3292  第148章 8月29日:3505  第149章 8月29日:3638  第150章 11月15日:4743
          第151章 番外1.《辛漪》:10344

06:45:35  今天感化反派成功了吗 (鸽子不会咕咕咕) [完结+番外]  161p→100章  1386KB  OK
          https://www.52shuku.net/gl/06_b/bkcGH.html
          第1章:5083  第2章:3694  第3章:4795  第4章:4220  第5章:4295  第6章:3651
          第7章:3166  第8章:3819  第9章:3626  第10章:3048  第11章:2719  第12章:3042
          第13章:3557  第14章:3278  第15章:4051  第16章:3307  第17章:3426  第18章:3254
          第19章:10643  第20章:3835  第21章:3887  第22章:3872  第23章:3852  第24章:3918
          第25章:4579  第26章:3903  第27章:3513  第28章:4168  第29章:3543  第30章:3905
          第31章:3842  第32章:3860  第33章:3967  第34章:3848  第35章:4220  第36章:3586
          第37章:3941  第38章:3524  第39章:3976  第40章:4835  第41章:3644  第42章:4917
          第43章:4645  第44章:3930  第45章:5559  第46章:3655  第47章:4553  第48章:3945
          第49章:3848  第50章:3967  第51章:3600  第52章:3941  第53章:4292  第54章:4958
          第55章:4211  第56章:3536  第57章:3559  第58章:3199  第59章:4188  第60章:3513
          第61章:4250  第62章:3619  第63章:4566  第64章:3630  第65章:3921  第66章:4631
          第67章:3846  第68章:3297  第69章:6252  第70章:6674  第71章:7255  第72章:6225
          第73章:6251  第74章:3853  第75章:5509  第76章:6537  第77章:5669  第78章:7225
          第79章:7507  第80章:7531  第81章:3904  第82章:5939  第83章:6181  第84章:5527
          第85章:6310  第86章:6192  第87章:5938  第88章:6508  第89章:4207  第90章:4974
          第91章:6232  第92章:6519  第93章:6913  第94章:5899  第95章:6318  第96章:5873
          第97章:4286  第98章:3555  第99章:3547  第100章:3861

06:46:22  魔尊是负心人 (明小十) [完结]  116p→73章  938KB  OK
          https://www.52shuku.net/gl/06_b/bkcGF.html
          第1章 心很痛:3665  第2章 夜归雪:2270  第3章 难怪被负心:3323  第4章 申离:2779  第5章 “原来魔尊还懂感情。”:2417  第6章 醉酒？:2839
          第7章 “那我就再杀你一次。”:3220  第8章 条件:3762  第9章 以其人之道还治其人之身:3918  第10章 沈无悠:2429  第11章 荒山:3551  第12章 沈戾必死无疑:4037
          第13章 逢春花:3203  第14章 剑声:4572  第15章 挣扎:3658  第16章 四方宗:3464  第17章 又是刺杀？:4043  第18章 围杀？:3393
          第19章 对峙:3283  第20章 还给你:9619  第21章 酒后乱性？:4004  第22章 杀她的刀:6723  第23章 一对？:4113  第24章 充满爱意:5860
          第25章 冷血无情？:5035  第26章 扇子:3931  第27章 器灵？:2692  第28章 为她舞剑:5262  第29章 堕魔的画师:4341  第30章 帮她克服魔障:5905
          第31章 虚假的喜欢:4117  第32章 血脉相连:3867  第33章 她师尊当年血洗魔族王宫:5740  第34章 质问:4646  第35章 梦红尘:5330  第36章 夜不忍:5381
          第37章 一颗心:5585  第38章 不是想见你:5590  第39章 玄光剑印:4525  第40章 替身？:5678  第41章 查申离:4117  第42章 无情剑:5217
          第43章 审家:3451  第44章 禁地:4045  第45章 灵妖:3462  第46章 诅咒:4546  第47章 我不会负你:4474  第48章 我不让:3537
          第49章 漫天飞雪:4987  第50章 血脉:3994  第51章 转移诅咒:3165  第52章 去魔界:3250  第53章 杀夜归雪:4879  第54章 不是无情剑:5256
          第55章 确认:1908  第56章 真相:5484  第57章 毁灭:5053  第58章 原因:4894  第59章 暂息:4020  第60章 囚笼:3904
          第61章 沉默:3662  第62章 不宁:3561  第63章 庆典开始:3183  第64章 “她死了。”:5722  第65章 苏浮尘死:3691  第66章 结束:3415
          第67章 回溯石:4313  第68章 安慰:3777  第69章 嫁祸:3922  第70章 不变:3625  第71章 剑意失控:4420  第72章 信任？:3221
          第73章 此生不离:5107

06:46:46  追杀叛徒，但她闪避拉满 (水火火) [完结+番外]  65p→60章  579KB  OK
          https://www.52shuku.net/gl/06_b/bkcGz.html
          第1章 城主嫁女:3681  第2章 求仙拜道:3426  第3章 仙人降世:3237  第4章 顽石立庙:2805  第5章 脱壳金蝉:3389  第6章 身焦肉贵:3388
          第7章 蝴蝶振翅:3097  第8章 苍阆秘境:3174  第9章 交易:3420  第10章 第 10 章:3069  第11章 第 11 章:3212  第12章 第 12 章:3534
          第13章 第 13 章:3128  第14章 第 14 章:3519  第15章 你喜欢我:3067  第16章 枯木逢春:3190  第17章 我信她:3078  第18章 赤诚的傻子:3241
          第19章 第 19 章:3109  第20章 第 20 章:3292  第21章 第 21 章:3262  第22章 第 22 章:3286  第23章 第 23 章:3076  第24章 疗伤:3238
          第25章 疗伤二:3005  第26章 浪荡海:3077  第27章 浪荡海二:3098  第28章 一碗面条:3342  第29章 两碗面条:3106  第30章 三碗面条:3183
          第31章 启北道君:3104  第32章 启北道君二:3016  第33章 人间话·前引:3312  第34章 人间话一:3025  第35章 人间话二:3662  第36章 人间话三:3021
          第37章 她化神了:3138  第38章 道侣:3325  第39章 执念:3129  第40章 灯下黑:3100  第41章 正一玄门:3059  第42章 正一玄门二:3394
          第43章 变动:3029  第44章 南及峰上:3387  第45章 固执:3180  第46章 牺牲品:3147  第47章 一日为期:3012  第48章 赌徒:3032
          第49章 疯子:3027  第50章 补全:3158  第51章 叹息:3148  第52章 因果:3170  第53章 相救:3063  第54章 万象皆虚:3044
          第55章 择日不如撞日:3129  第56章 结契:3070  第57章 难眠:3132  第58章 晨光:3205  第59章 踏秋:3210  第60章 番外 洛风-启北-慎-:3448

06:47:35  她好凶 (一口钢牙) [完结]  122p→108章  1055KB  OK
          https://www.52shuku.net/gl/06_b/bkcGy.html
          第1章:3066  第2章:3037  第3章:4004  第4章:3011  第5章:3068  第6章:3274
          第7章:3274  第8章:2091  第9章:2306  第10章:2184  第11章:2132  第12章:3056
          第13章:2197  第14章:2315  第15章:2365  第16章:2440  第17章:1600  第18章:1609
          第19章:3396  第20章:3096  第21章:3155  第22章:2807  第23章:3127  第24章:10927
          第25章:3282  第26章:3532  第27章:3186  第28章:3332  第29章:3295  第30章:3268
          第31章:3230  第32章:3217  第33章:3271  第34章:3191  第35章:3256  第36章:3216
          第37章:3252  第38章:3212  第39章:3222  第40章:3235  第41章:3200  第42章:3358
          第43章:4192  第44章:3277  第45章:3189  第46章:3217  第47章:3223  第48章:3233
          第49章:3417  第50章:3213  第51章:3195  第52章:3242  第53章:3273  第54章:3185
          第55章:3199  第56章:3184  第57章:3322  第58章:3194  第59章:3208  第60章:3248
          第61章:3188  第62章:3183  第63章:3250  第64章:3377  第65章:3221  第66章:3192
          第67章:3215  第68章:3301  第69章:3217  第70章:3206  第71章:3311  第72章:3276
          第73章:3266  第74章:3291  第75章:3245  第76章:3175  第77章:3239  第78章:3281
          第79章:3234  第80章:3270  第81章:3274  第82章:3191  第83章:3193  第84章:3206
          第85章:3197  第86章:3185  第87章:3215  第88章:3189  第89章:3233  第90章:3178
          第91章:3203  第92章:3161  第93章:3212  第94章:3278  第95章:3390  第96章:3200
          第97章:3219  第98章:3197  第99章:3182  第100章:3178  第101章:3206  第102章:3173
          第103章:3209  第104章:3271  第105章:3225  第106章:3189  第107章:3190  第108章:6321

06:48:41  我怎么有个废柴师尊 (火少食反) [完结+番外]  175p→149章  1521KB  OK
          https://www.52shuku.net/gl/06_b/bkcGx.html
          第1章:4075  第2章:3136  第3章:3001  第4章:3176  第5章:3132  第6章:3402
          第7章:3446  第8章:3347  第9章:3686  第10章:3205  第11章:3136  第12章:3480
          第13章:3341  第14章:3121  第15章:3538  第16章:3445  第17章:3906  第18章:3553
          第19章:3291  第20章:3144  第21章:3523  第22章:3389  第23章:3093  第24章:3322
          第25章:3048  第26章:3000  第27章:3009  第28章:3001  第29章:3434  第30章:3034
          第31章:3717  第32章:3226  第33章:3030  第34章:3075  第35章:3654  第36章:3019
          第37章:3172  第38章:3525  第39章:3224  第40章:3593  第41章:3168  第42章:3252
          第43章:3085  第44章:3236  第45章:3040  第46章:3168  第47章:3627  第48章:3331
          第49章:3007  第50章:3068  第51章:3193  第52章:3171  第53章:3234  第54章:3111
          第55章:3010  第56章:3043  第57章:3164  第58章:3038  第59章:3087  第60章:3379
          第61章:3087  第62章:3473  第63章:3178  第64章:3624  第65章:3229  第66章:4380
          第67章:3460  第68章:3116  第69章:3701  第70章:3349  第71章:3261  第72章:3150
          第73章:3316  第74章:3052  第75章:3232  第76章:3258  第77章:3230  第78章:3146
          第79章:3245  第80章:3333  第81章:3172  第82章:3373  第83章:3101  第84章:3099
          第85章:3005  第86章:3033  第87章:3067  第88章:3222  第89章:3034  第90章:3073
          第91章:3061  第92章:3154  第93章:3226  第94章:3491  第95章:3256  第96章:3063
          第97章:3062  第98章:3013  第99章:3095  第100章:3372  第101章:3068  第102章:3021
          第103章:3118  第104章:3052  第105章:3046  第106章:3059  第107章:3068  第108章:3171
          第109章:3029  第110章:3124  第111章:3566  第112章:3150  第113章:3217  第114章:3072
          第115章:3231  第116章:3262  第117章:3017  第118章:3189  第119章:3060  第120章:3042
          第121章:3257  第122章:3201  第123章:3307  第124章:3059  第125章:3069  第126章:3325
          第127章:3464  第128章:3165  第129章:3049  第130章:3279  第131章:3231  第132章:3319
          第133章:3231  第134章:3479  第135章:3531  第136章:3473  第137章:3570  第138章:3239
          第139章:3291  第140章:3360  第141章:3529  第142章:3081  第143章:3669  第144章:4011
          第145章:12259  第146章:5144  第147章:3358  第148章:3592  第149章:8069

06:49:25  炮灰女配攻略了反派魔尊 (红月星河) [完结+番外]  116p→77章  986KB  OK
          https://www.52shuku.net/gl/06_b/bkcGw.html
          第1章:3487  第2章:3258  第3章:3095  第4章:3244  第5章:3227  第6章:3665
          第7章:3117  第8章:3046  第9章:4062  第10章:3639  第11章:3022  第12章:3015
          第13章:3033  第14章:3161  第15章:3074  第16章:3061  第17章:3114  第18章:3209
          第19章:3158  第20章:3114  第21章:3141  第22章:3300  第23章:3365  第24章:4873
          第25章:6227  第26章:5882  第27章:5831  第28章:5808  第29章:5992  第30章:5951
          第31章:5802  第32章:3383  第33章:3037  第34章:5870  第35章:6233  第36章:5528
          第37章:6254  第38章:6584  第39章:6464  第40章:3313  第41章:2936  第42章:3077
          第43章:2855  第44章:6057  第45章:5878  第46章:6586  第47章:5658  第48章:6127
          第49章:6385  第50章:6585  第51章:6391  第52章:5734  第53章:5988  第54章:2984
          第55章:3805  第56章:3911  第57章:2071  第58章:4064  第59章:2142  第60章:3283
          第61章:5383  第62章:3145  第63章:3013  第64章:3787  第65章:4522  第66章:4550
          第67章:4068  第68章:3582  第69章:3721  第70章:3729  第71章:3454  第72章:4098
          第73章:4846  第74章:3601  第75章:5533  第76章:3160  第77章:3043

06:49:55  疯执妹妹今天也在以下犯上 (码头豆橛子) [完结]  73p→46章  651KB  OK
          https://www.52shuku.net/gl/06_b/bkcGu.html
          第1章 。:1598  第2章:3955  第3章:3599  第4章:3905  第5章:3469  第6章:5013
          第7章:3391  第8章:3000  第9章:4887  第10章:3820  第11章:3126  第12章:4266
          第13章:3789  第14章:4651  第15章:3497  第16章:4113  第17章:3195  第18章:3400
          第19章:3875  第20章:2893  第21章:6401  第22章:3887  第23章:4270  第24章:4419
          第25章:4003  第26章:3804  第27章:6451  第28章:8576  第29章:4016  第30章:3251
          第31章:5004  第32章:4523  第33章:6023  第34章:4034  第35章:5665  第36章:10024
          第37章:9478  第38章:3891  第39章:6740  第40章:4060  第41章:8279  第42章:5456
          第43章:6109  第44章:4025  第45章:3650  第46章:6958

06:50:41  限时忠犬 (过审) [完结+番外]  124p→100章  1011KB  OK
          https://www.52shuku.net/gl/06_b/bkcGt.html
          第1章 非正常执行:3364  第2章 无预期回馈:3041  第3章 邪恶白兔:3091  第4章 过分要求与合理请求:3363  第5章 非我愿侵犯:3157  第6章 冻奶油甜品:3093
          第7章 二选一绑架:3276  第8章 一次爱到腻:3094  第9章 她较爱神更胜一筹:3214  第10章 超配额规训:3625  第11章 格式化:3253  第12章 吃瓜比紧急任务更重要:3190
          第13章 玩:2222  第14章 染:2911  第15章 追:3049  第16章 逾期结算:3170  第17章 兔子的后路:3275  第18章 戒毒:3171
          第19章 失物何处招领:3214  第20章 寻欢:3275  第21章 下饵:3270  第22章 医病:3171  第23章 宰割:3012  第24章 七夕番外·重生之日:3067
          第25章 扑火:3614  第26章 见面礼:3071  第27章 囹圄:3049  第28章 试:3165  第29章 撩拨:3388  第30章 课:3702
          第31章 习得性无助:3233  第32章 无预期回馈（二）:3254  第33章 空窗期:3244  第34章 叩问:3295  第35章 医病（二）:3235  第36章 戏份:3466
          第37章 应得:3061  第38章 坏:3119  第39章 捡:3012  第40章 无非:3095  第41章 认输:3235  第42章 补:3169
          第43章 尾随:3147  第44章 安慰:3031  第45章 亵渎:3670  第46章 一箭双雕·豪门家书:1522  第47章 遣:3168  第48章 还好回来得早:3045
          第49章 替身:3097  第50章 复合:3103  第51章 立场合法性:3354  第52章 反方向设防:3307  第53章 水晶吊坠盒:3120  第54章 名与爱悖论:3581
          第55章 概率性告白:3058  第56章 认爱:3189  第57章 无保留恩宠:3178  第58章 逃:3118  第59章 换:3287  第60章 失陷:3107
          第61章 学习:3336  第62章 坦白:3211  第63章 错认:3273  第64章 戏耍:3284  第65章 无能之爱:2116  第66章 靶场和酥皮饼:3113
          第67章 着迷:3322  第68章 莱契尔的宝藏（一）:3186  第69章 莱契尔的宝藏（二）:3077  第70章 西科林森行程表:3141  第71章 越过白雪的列车:3178  第72章 甜品达人:3051
          第73章 舞会（回忆一）:3185  第74章 舞会（回忆二）:3786  第75章 海与顶奢小姐:3075  第76章 海与珊瑚收藏家:3088  第77章 庙会:3104  第78章 挖墙脚和美人计:3228
          第79章 忠诚度测试:3442  第80章 折纸永生花:3163  第81章 接机:3224  第82章 楚歌·Turing总部:3480  第83章 楚歌·戴克里先:3210  第84章 楚歌·游乐园:3086
          第85章 楚歌·伪造夏天:3423  第86章 楚歌·夏夜:3286  第87章 楚歌·逃:3166  第88章 阿瑞斯（一）:3243  第89章 阿瑞斯（二）:3221  第90章 阿瑞斯（三）:3115
          第91章 阿瑞斯（四）:3456  第92章 阿瑞斯（五）:3220  第93章 阿瑞斯（六）:3429  第94章 阿瑞斯（七）:3238  第95章 阿瑞斯（八-十一）:12350  第96章 阿瑞斯（十二）:3035
          第97章 阿瑞斯（十三）:3159  第98章 生气:3311  第99章 猫与败犬赢家:5520  第100章 校友会·甜坏前调:6617

06:51:05  给我来个玛丽苏 (萧离英) [完结]  55p→60章  485KB  OK
          https://www.52shuku.net/gl/05_b/bkcFb.html
          第1章 名字很长的女孩:3518  第2章 认知错误？:3928  第3章 我的灵感缪斯:3334  第4章 为什么不会消失呢？:4107  第5章 飞咯~飞咯~:3589  第6章 哦~我的神奇朋友~:3267
          第7章 摸不着头脑:3744  第8章 生不如死:5011  第9章 长命百岁:3024  第10章 不一样的世界:3039  第11章 听~~~~~~:3381  第12章 命运:3379
          第13章 有人在等我:3263  第14章 你看见我的脸了吗:2254  第15章 我的后路:2233  第16章 像风一样的你:2162  第17章 我明白了！:1542  第18章 特别的礼物:3110
          第19章 多了个孩子:2129  第20章 不可置信的倪素:2034  第21章 越大越好:2749  第22章 又一张脸？:2176  第23章 偷脸:2211  第24章 姑却女:2197
          第25章 感谢相遇:3039  第26章 迷雾大冒险（1）:1996  第27章 迷雾大冒险（2）:1175  第28章 迷雾大冒险（3）:2885  第29章 你眼中的我:3215  第30章 我们相握的手:2224
          第31章 你是谁？:2367  第32章 你给我的勇气:2449  第33章 我们失去的东西:2335  第34章 也会难过的:1361  第35章 想要找回我们:3337  第36章 并非错觉:2140
          第37章 盒子里的她:3070  第38章 拼图:3034  第39章 罕见的真实:2086  第40章 玉枝金叶:2120  第41章 真实的你，真实的我:3056  第42章 取代:1058
          第43章 我同意了。:2246  第44章 给全世界种满香菜！:1895  第45章 我技术很差吗？:2106  第46章 亲亲:2400  第47章 我一生的故事:2714  第48章 没有明天的我:2034
          第49章 出口成章还是出口成脏？:2916  第50章 护犊子的世界意识:2415  第51章 我想要你能拥有你想要的自由:1936  第52章 风中的故事:2139  第53章 请把我的思念带给她:3009  第54章 世界意识的蛊惑之言:4000
          第55章 “对不起”“对不起”“对不起”:2933  第56章 你的世界不会再有她了:2441  第57章 没有你的世界:2242  第58章 救命稻草？救命船只？:2016  第59章 风中的思念:1973  第60章 重逢:3014

06:51:31  都是情债惹的祸 (来去几舟) [完结+番外]  71p→61章  615KB  OK
          https://www.52shuku.net/gl/05_b/bkcEZ.html
          第1章 欠债不还:3324  第2章 艾香驱妖:3402  第3章 仙妖盗梦:3222  第4章 幻梦窥心:3224  第5章 情劫断缘:3367  第6章 橘香醒脑:3458
          第7章 婙天破魂:3351  第8章 是人是鬼:3464  第9章 剖胸取心:3570  第10章 换衣:3169  第11章 对不起:3083  第12章 滚水:3106
          第13章 跪下:3236  第14章 背叛:3244  第15章 很痛:3267  第16章 我成仙了:3253  第17章 谢谢水水:3282  第18章 太素涧（一）:3274
          第19章 太素涧（二）:3269  第20章 太素涧（三）:3381  第21章 太素涧（四）:3208  第22章 太素涧（五）:3350  第23章 太素涧（六）:3125  第24章 鬼哭塬:3262
          第25章 不:3209  第26章 山神水鬼:3333  第27章 酸意:3299  第28章 云水、水仙:3363  第29章 驱鬼:3381  第30章 红白撞煞:3256
          第31章 千嶂宗:3354  第32章 跟踪:3391  第33章 欺骗:3348  第34章 历劫:3097  第35章 杀了阿允:3118  第36章 女子书院闹鬼事件:3205
          第37章 走走，停停:3182  第38章 不可动情:3128  第39章 摩挲:3119  第40章 我们:3158  第41章 不语林:3215  第42章 抛下:3274
          第43章 阿允动情:3130  第44章 引诱:3119  第45章 相见:3133  第46章 心脉受损:3159  第47章 我心悦你:3105  第48章 逼迫:3072
          第49章 忘记:3125  第50章 双修:3275  第51章 结束:3164  第52章 恢复记忆:3214  第53章 躲着我:3184  第54章 我错了:3222
          第55章 别怪她:3287  第56章 水水:3228  第57章 你知道的:3163  第58章 任务:3208  第59章 她不要我了:3170  第60章 我爱你:4262
          第61章 番外 师长与书生:5926

06:52:13  主角竟是我自己 (长夜来袭) [完结]  103p→90章  897KB  OK
          https://www.52shuku.net/gl/05_b/bkcEW.html
          第1章 龙卷风:4280  第2章 哥斯拉:3161  第3章 玄罡宗:3441  第4章 美女子:3437  第5章 鸡兔同笼:3152  第6章 被罚抄书:3225
          第7章 炼气入体:3213  第8章 凝神聚气:3423  第9章 易物阁:3169  第10章 灵草:3260  第11章 对练:3150  第12章 剑穗:3429
          第13章 寻剑:3139  第14章 灵根测试（一）:3513  第15章 灵根测试（二）:3394  第16章 灵根测试（三）:3129  第17章 灵根测试（四）:3317  第18章 拜师:3472
          第19章 炎热:3396  第20章 冷泉:3245  第21章 偏心:3460  第22章 剑修木偶:3147  第23章 美好:3092  第24章 生日:3081
          第25章 着迷:3056  第26章 剑术一阶（一）:3353  第27章 剑术一阶（二）:3205  第28章 剑术一阶（三）:3392  第29章 剑术一阶（四）:3325  第30章 弱者:3127
          第31章 共眠:3190  第32章 无可比拟:3216  第33章 擂台赛（一）:3110  第34章 擂台赛（二）:3182  第35章 擂台赛（三）:3176  第36章 擂台赛（四）:3662
          第37章 宗门任务（一）:3290  第38章 宗门任务（二）:3024  第39章 宗门任务（三）:3179  第40章 宗门任务（四）:3605  第41章 想撒娇:3587  第42章 想师姐:3432
          第43章 邀请:3203  第44章 生辰宴（一）:3489  第45章 生辰宴（二）:3222  第46章 商议:3299  第47章 闭关:3171  第48章 突破:3290
          第49章 启程:3415  第50章 宗门大赛（一）:3297  第51章 宗门大赛（二）:3586  第52章 宗门大赛（三）:3135  第53章 宗门大赛（四）:3947  第54章 宗门大赛（五）:3721
          第55章 宗门大赛（六）:3374  第56章 难道:3105  第57章 御剑:3387  第58章 快点:3208  第59章 剑来:3171  第60章 追魄:3433
          第61章 探查:3248  第62章 生变:3381  第63章 奇怪:3274  第64章 狐族（一）:3236  第65章 狐族（二）:3123  第66章 狐族（三）:3295
          第67章 狐族（四）:3178  第68章 狐族（五）:3110  第69章 镇妖塔（一）:3171  第70章 镇妖塔（二）:3110  第71章 镇妖塔（三）:3180  第72章 魔族:3216
          第73章 月盈草:3070  第74章 清醒:3583  第75章 相见:3305  第76章 复活（一）:3445  第77章 复活（二）:3380  第78章 重生（一）:3043
          第79章 重生（二）:3116  第80章 想念:3410  第81章 秘密:3268  第82章 真相:3341  第83章 喜欢:3708  第84章 甜味:3299
          第85章 龙骨:3507  第86章 偷:3341  第87章 妙:3339  第88章 对峙:3330  第89章 决战（一）:3474  第90章 决战（二）:3567

06:53:26  废土小领主被蓄意招惹后 (大猫追月) [完结]  196p→135章  1715KB  OK
          https://www.52shuku.net/gl/05_b/bkcER.html
          第1章 去往领地:2556  第2章 半道货郎:2358  第3章 入住领地:3407  第4章 可食用笋:3018  第5章 装盖篷布:3120  第6章 叶氏姐妹:2906
          第7章 可食用兔:3104  第8章 论坛初见:3885  第9章 33号领主:2844  第10章 三花到家:3076  第11章 是叶风晚:2437  第12章 壹基地长:3129
          第13章 无主之城:2913  第14章 小雨小花:2726  第15章 是姐宝女:2728  第16章 伸缩手臂:3433  第17章 姐姐生病:2777  第18章 偷蜜小贼:3103
          第19章 阿元送货:2263  第20章 蜜汁排骨:3231  第21章 救人行动:2806  第22章 将归出手:2923  第23章 三章合一:10130  第24章 放飞自我:3628
          第25章 突然难过:1684  第26章 以一敌多:3500  第27章 是叶风晚:2918  第28章 宿舍来贼:4118  第29章 姐姐的废物:4311  第30章 山药素汤:5033
          第31章 没回信息:3333  第32章 小气鬼:4871  第33章 都很及时:3563  第34章 十五年前:5088  第35章 想去找你:4327  第36章 今夜留宿:3922
          第37章 探查地形:5018  第38章 驭兽异能:4501  第39章 给你送饭:3929  第40章 来个保镖:3148  第41章 送点东西:3811  第42章 变异鳄鱼:5417
          第43章 分鳄鱼肉:5100  第44章 东西送到:4363  第45章 吃肉肉咯:3835  第46章 一个多月:3512  第47章 母鸡下蛋:3258  第48章 滑草经验:4596
          第49章 草莓尖尖:3520  第50章 吃鸡蛋羹:4546  第51章 整理衣服:4032  第52章 原来是你:4853  第53章 没有不爱:3838  第54章 备注老婆:4557
          第55章 惊心一夜:4238  第56章 小怪物呀:3910  第57章 买个冰柜:4797  第58章 嘴唇上药:3373  第59章 仙桃成熟:3783  第60章 瑜回来了:5312
          第61章 曲武之死:4539  第62章 安装监控:4060  第63章 剪指甲:3786  第64章 将归来:4066  第65章 好自为之:3801  第66章 姐妹重逢:4350
          第67章 摇头晃脑:4354  第68章 会记得吗:3403  第69章 来家吃饭:3361  第70章 嗅嗅香味:3307  第71章 夜半抓贼:4655  第72章 热浪来袭:4484
          第73章 妈妈好看:3586  第74章 将计就计:3778  第75章 小晚回归:3808  第76章 一起吃饭:4058  第77章 告别姐姐:4347  第78章 检测结果:4237
          第79章 妻妻种地:4455  第80章 万般怜爱:4012  第81章 种植土豆:3230  第82章 柏星来了:4089  第83章 放下她！:3215  第84章 苏醒过来:3951
          第85章 芝芝表妹:4072  第86章 针锋相对:3308  第87章 仙桃丰收:4668  第88章 不是巧合:3672  第89章 蹦不起来:5972  第90章 先除刘义:5351
          第91章 更爱哪个:4739  第92章 早点回家:3403  第93章 禁区狩猎:5309  第94章 恋人相见:4885  第95章 花我积分:3179  第96章 你是宝贝:3687
          第97章 报父母仇:5779  第98章 小坏蛋:3783  第99章 哪种人:5039  第100章 陪你两天:3090  第101章 我只爱你:5855  第102章 银色头盔:3663
          第103章 讨厌的人:3253  第104章 谈条件:4837  第105章 回壹基地:4641  第106章 我也喜欢:4698  第107章 萍村狩猎:4689  第108章 宝贝回家:3933
          第109章 煮野鸡汤:3403  第110章 姳儿救母:8289  第111章 安全撤离:5463  第112章 回到家裏:4462  第113章 检查身体:3486  第114章 衣服棉被:4576
          第115章 收获土豆:5110  第116章 烤羊肉串:7572  第117章 烧烤之后:2229  第118章 有我担着:7569  第119章 围着她转:3162  第120章 将归竞选:5327
          第121章 留下吃饭:7219  第122章 将归生气:6731  第123章 帮你剥虾:4638  第124章 任打任骂:6075  第125章 庭审现场:6515  第126章 新基地长:6569
          第127章 我们谈谈:3859  第128章 她是我的:4851  第129章 出其不意:8133  第130章 奋力一击:4627  第131章 放心有我:5908  第132章 酒鬼花生:4084
          第133章 亲人回归:4869  第134章 青禾出院:2446  第135章 我爱你（完结）:3640

06:55:04  穿为帝国皇女的渣A前妻 (醉后应见我) [完结]  268p→170章  2316KB  OK
          https://www.52shuku.net/gl/05_b/bkcEM.html
          第1章 穿成渣A:3413  第2章 我恨你:4023  第3章 亲吻与逃亡:3366  第4章 被捡回家:3442  第5章 误会:4323  第6章 饿了？:3790
          第7章 喂饱老婆是第一要务！:3949  第8章 剎那心动:4396  第9章 柔弱不能自理的前妻姐:3874  第10章 嘴硬心软:3832  第11章 醉酒:4286  第12章 惩罚:3518
          第13章 吃醋:4336  第14章 情敌:4168  第15章 她的尾巴。:4311  第16章 够了么:4305  第17章 是妻子:5432  第18章 交易:4761
          第19章 错位告白（已修）:4677  第20章 好痛:15106  第21章 她的龙:8578  第22章 易感期:4944  第23章 失控与放纵:6478  第24章 主权:4294
          第25章 偷猫的鱼:4407  第26章 探病:3566  第27章 空洞（修）:5533  第28章 妻子（修）:8250  第29章 食物（修）:4567  第30章 睡美人:4727
          第31章 契约:4383  第32章 强撑罢了:4583  第33章 软饭协议:3795  第34章 密保:4375  第35章 玫瑰:4480  第36章 信息素:4007
          第37章 睡觉（修）:5445  第38章 春天的梦:3397  第39章 秘密:3283  第40章 骑士与偏爱:4437  第41章 真乖:4723  第42章 余力:3703
          第43章 补偿:3487  第44章 木头开花:4233  第45章 民政局:4970  第46章 偏爱:4619  第47章 工具人:4877  第48章 侵略性:3862
          第49章 恶犬:4270  第50章 睡了一觉？:4514  第51章 口腹之欲:5080  第52章 克制:4342  第53章 求她:3974  第54章 够了:3787
          第55章 意外:4269  第56章 过分:3833  第57章 包庇:4401  第58章 偏差:3336  第59章 暴露:4448  第60章 代价:3371
          第61章 替身:5284  第62章 挖墙脚:5192  第63章 吻痕陷阱:4838  第64章 巴掌:4223  第65章 自由:3593  第66章 妥协:4323
          第67章 事后:5200  第68章 水下吻:4006  第69章 挑衅:3851  第70章 选择:3642  第71章 答应:4195  第72章 不允许:3462
          第73章 是你的（修）:4298  第74章 比她更了解（修）:5215  第75章 机甲研发（修）:3633  第76章 流言:3607  第77章 指令:3872  第78章 间谍:3305
          第79章 纵容:5586  第80章 爱，利用:6531  第81章 逼迫:4765  第82章 危险:4246  第83章 死讯:4125  第84章 真相:3821
          第85章 节哀:3296  第86章 妈妈:3665  第87章 往事:3721  第88章 副作用:3180  第89章 恨:4224  第90章 寡妇:5048
          第91章 受伤:4984  第92章 不配:4824  第93章 标记（修）:5545  第94章 两清（修）:3904  第95章 死心:3682  第96章 离开（修）:4222
          第97章 缺席:3540  第98章 失踪（修）:4253  第99章 还给你:3725  第100章 债务:3838  第101章 修罗场:5824  第102章 教她:3761
          第103章 偿还:4867  第104章 别走（修）:3823  第105章 我爱你（修）:3570  第106章 余温:3424  第107章 接近真相:3915  第108章 破碎（修）:4766
          第109章 秘密（修）:3944  第110章 身世曝光:3557  第111章 后悔:4219  第112章 惩罚:3596  第113章 家:3331  第114章 酒吧（修）:4229
          第115章 被抓到:3447  第116章 委屈(修）:5085  第117章 自尊（修）:4341  第118章 宿命:3425  第119章 心软了:4382  第120章 做饭:3457
          第121章 选择你:3662  第122章 拒绝:4472  第123章 示弱（修）:4008  第124章 觊觎:4003  第125章 愤怒:3702  第126章 孩子:4343
          第127章 困境:5535  第128章 哺育（修）:3983  第129章 冰块消肿（修）:5870  第130章 向前走（修）:3959  第131章 被迫许诺:3691  第132章 威胁:3681
          第133章 揭开伤疤:3809  第134章 吃醋（修）:4040  第135章 只是朋友（修）:4078  第136章 受伤:3831  第137章 你配吗（修）:4867  第138章 蛇蝎美人（修）:4358
          第139章 深陷（修）:4207  第140章 怀孕（修）:4395  第141章 蛋！（修）:4384  第142章 天降:3589  第143章 绑架:3638  第144章 帝国皇女（修）:5470
          第145章 隐瞒:4498  第146章 假象（修）:3893  第147章 恨意（修）:4287  第148章 生蛋（修）:4741  第149章 琉璃蛋:3416  第150章 难生恨（修）:4565
          第151章 离婚协议（修）:4541  第152章 带蛋跑（修）:4339  第153章 危险（修）:10226  第155章 贯穿（修）:4728  第156章 禁锢与反击（修）:4512  第157章 强制孵蛋（修）:3948
          第158章 筑巢期:5109  第159章 生病:5048  第160章 囚禁（二合一）:7498  第161章 圣人私心（修）:5353  第162章 项圈（二合一）:7756  第163章 合影（修）:4976
          第164章 二选一:6739  第165章 圣母暴君:3833  第166章 说谎:4493  第167章 交心（二合一）:6870  第168章 平静（修）:5375  第169章 暴风雨前（修）:5716
          第170章 新生（修）:7389  第171章 正文完:8169

06:55:54  捡来的大小姐O揣了我的崽 (玩橙) [完结+番外]  138p→93章  1183KB  OK
          https://www.52shuku.net/gl/04_b/bkcDS.html
          第1章:4107  第2章:4059  第3章:3571  第4章:3063  第5章:3854  第6章:2956
          第7章:3269  第8章:3198  第9章:3337  第10章:3018  第11章:4307  第12章:1873
          第13章:3235  第14章:2645  第15章:4006  第16章:3154  第17章:1825  第18章:2750
          第19章:2730  第20章:6561  第21章:6761  第22章:3681  第23章:4301  第24章:6995
          第25章:3515  第26章:3563  第27章:6958  第28章:3664  第29章:5559  第30章:3950
          第31章:3655  第32章:5920  第33章:3633  第34章:3849  第35章:3992  第36章:5392
          第37章:7500  第38章:6564  第39章:4321  第40章:3905  第41章:3342  第42章:4733
          第43章:4331  第44章:4265  第45章:4302  第46章:4247  第47章:5181  第48章:3914
          第49章:3851  第50章:3340  第51章:6722  第52章:3657  第53章:2516  第54章:4922
          第55章:4916  第56章:3608  第57章:3907  第58章:3059  第59章:3177  第60章:3842
          第61章:3011  第62章:3006  第63章:4238  第64章:4731  第65章:3906  第66章:8271
          第67章:3185  第68章:4216  第69章:4187  第70章:5714  第71章:4225  第72章:4861
          第73章:3954  第74章:2862  第75章:6776  第76章:5051  第77章:6204  第78章:3666
          第79章:4801  第80章:5855  第81章:4336  第82章:5678  第83章:5142  第84章:6184
          第85章:1508  第86章:3296  第87章:4644  第88章 后记1 这裏……也要。:3178  第89章 后记2 天天穿给你看。:4104  第90章 后记3 一夜春宵。:4624
          第91章 后记4 妻子。女儿。:4709  第92章 养崽日常 欢迎回家，昭昭。:3547  第93章 养崽日常 这孩子到底像谁……:3641

06:57:00  成为清冷影后的抚慰A (青钱万选) [完结+番外]  174p→129章  1430KB  OK
          https://www.52shuku.net/gl/04_b/bkcDR.html
          第1章:3041  第2章:3557  第3章:3880  第4章:3488  第5章:3485  第6章:3662
          第7章 （修）:3402  第8章:3624  第9章:3091  第10章:3158  第11章:3265  第12章:2347
          第13章:2692  第14章 （修）:2486  第15章:2491  第16章:3105  第17章:2292  第18章:2525
          第19章:2179  第20章:3449  第21章:2470  第22章:3518  第23章:5033  第24章:3796
          第25章:3590  第26章:3381  第27章:4305  第28章:3048  第29章:3062  第30章:4206
          第31章:3649  第32章:3430  第33章:4204  第34章:3917  第35章:3397  第36章:4386
          第37章:3623  第38章:3895  第39章:3434  第40章:4523  第41章:3930  第42章:1611
          第43章:2421  第44章:3398  第45章:3513  第46章:3267  第47章:4160  第48章:3067
          第49章:3559  第50章:3861  第51章:3533  第52章:3787  第53章:3914  第54章:3509
          第55章:4078  第56章:4379  第57章:4181  第58章:3279  第59章:3941  第60章:3604
          第61章:3927  第62章:3534  第63章:4374  第64章:3110  第65章:3420  第66章:3651
          第67章:3889  第68章:3621  第69章:3607  第70章:3313  第71章:3677  第72章:3244
          第73章:3208  第74章:3840  第75章:3316  第76章:3940  第77章:3824  第78章:3829
          第79章:4854  第80章:3917  第81章:3840  第82章:3762  第83章:3943  第84章:4007
          第85章:3772  第86章:3562  第87章:3496  第88章:3444  第89章:3598  第90章:3100
          第91章:3739  第92章:3821  第93章:3937  第94章:4146  第95章:5259  第96章:3765
          第97章 （修结尾！）:4761  第98章:3791  第99章:3800  第100章:3800  第101章:4029  第102章:3959
          第103章:3474  第104章:4009  第105章:3750  第106章:3480  第107章:3926  第108章:3970
          第109章:4380  第110章:3841  第111章:3614  第112章:4447  第113章:5548  第114章:4125
          第115章:3812  第116章:3383  第117章:3730  第118章:3810  第119章:3659  第120章:3892
          第121章:3663  第122章:3457  第123章:3913  第124章:4872  第125章:4672  第126章:3899
          第127章:5088  第128章:5171  第129章 番外一:3993

06:57:50  想做你女朋友很久了 (祈艾) [完结]  132p→103章  1160KB  OK
          https://www.52shuku.net/gl/04_b/bkcDP.html
          第1章 重逢:3091  第2章 治疗:3503  第3章 按摩:3743  第4章 失忆:2427  第5章 特殊:2606  第6章 失控:2380
          第7章 争吵:2386  第8章 和好:2478  第9章 出院:2574  第10章 曾经:2623  第11章 拒绝:2491  第12章 回家:2309
          第13章 同居:2536  第14章 当年:2263  第15章 体贴:2458  第16章 情敌:2548  第17章 完爆:2137  第18章 醉酒:2375
          第19章 偷看:2295  第20章 醉话:2406  第21章 散步:2547  第22章 扫墓:2181  第23章 拎走:2118  第24章 态度:2229
          第25章 和好:2484  第26章 交心:11013  第27章 生气:3555  第28章 猫腻:3587  第29章 过去:4015  第30章 礼物:3865
          第31章 眼熟:3596  第32章 本事:3567  第33章 头疼:3558  第34章 沉香:3890  第35章 上门:3864  第36章 审讯:3864
          第37章 难耐:4300  第38章 难受:3917  第39章 陪伴:3582  第40章 交锋:3537  第41章 失控:3557  第42章 崩溃:3554
          第43章 拒绝:3549  第44章 改变:3693  第45章 底气:3853  第46章 堵人:3874  第47章 谈心:3877  第48章 好奇:3924
          第49章 摸头:4262  第50章 柔软:3852  第51章 聚会:4308  第52章 心疼:3888  第53章 医援:4300  第54章 热的:3841
          第55章 绝交:4210  第56章 仇人:4217  第57章 逼问:4828  第58章 哄人:4278  第59章 勾引:4287  第60章 艺术:4931
          第61章 传承:3931  第62章 喜欢:4368  第63章 吃饭:4578  第64章 逼迫:4917  第65章 亲密:4359  第66章 带感:4904
          第67章 默契:3606  第68章 真相:4645  第69章 真假:4546  第70章 复苏:4590  第71章 迷题:4257  第72章 满意:4710
          第73章 广阔:3861  第74章 坦白:4983  第75章 坦诚:4686  第76章 爱你:3962  第77章 拿捏:3901  第78章 回家:3298
          第79章 恋人:3912  第80章 瞎子:3253  第81章 端倪:3885  第82章 吵架:4310  第83章 恋爱:3635  第84章 强撑:3229
          第85章 碰面:4904  第86章 意外:3224  第87章 传家:4933  第88章 祝福:4622  第89章 刺激:4539  第90章 烂牌:3580
          第91章 记忆:3858  第92章 恢复:3500  第93章 不安:4238  第94章 报复:3540  第95章 生病:3694  第96章 失踪:3970
          第97章 暴露:5326  第98章 手术:4019  第99章 拯救:3671  第100章 破局:3594  第101章 安好:4692  第102章 咬人:3901
          第103章 终章:3595

06:58:55  协议离婚前我失忆了 (祈艾) [完结+番外]  174p→120章  1456KB  OK
          https://www.52shuku.net/gl/04_b/bkcDO.html
          第1章 失忆:3989  第2章 抢救:3860  第3章 有钱:3149  第4章 回家:2885  第5章 相处:3135  第6章 谈心 老婆:3108
          第7章 违约:3698  第8章 不爱:3151  第9章 醉酒:3300  第10章 强吻:2222  第11章 热搜:2419  第12章 打脸:2146
          第13章 安慰:2841  第14章 工作:2503  第15章 扶贫:3049  第16章 片场:2078  第17章 靠山:2274  第18章 听话:2687
          第19章 中意:2875  第20章 初遇:2455  第21章 义务:3413  第22章 浴室:8454  第23章 量身:5044  第24章 容貌:4413
          第25章 心疼:4303  第26章 喜愁:4328  第27章 出发:4658  第28章 美景:5310  第29章 房间:4331  第30章 白食:4670
          第31章 齐聚:5259  第32章 坦白:5339  第33章 唱歌:4726  第34章 甜美:5031  第35章 温润:4249  第36章 初恋:4390
          第37章 委屈:4549  第38章 不醋:4595  第39章 嫉妒:4683  第40章 CP:5107  第41章 美丽:4929  第42章 亲吻:3641
          第43章 热情:3911  第44章 我怕:4896  第45章 不饶:5441  第46章 情侣:3599  第47章 走心:4985  第48章 洗澡:4338
          第49章 女人:3649  第50章 当然:4362  第51章 迷人:4542  第52章 关心:3539  第53章 发难:3567  第54章 撑腰:3649
          第55章 摊牌:5141  第56章 喜欢:4617  第57章 表白:4302  第58章 亲的:3918  第59章 不怪:3711  第60章 干事:3591
          第61章 义务:4227  第62章 谁上:4303  第63章 找人:3585  第64章 回家:3397  第65章 和好:4631  第66章 粘人:3919
          第67章 暧昧:3272  第68章 协议:4272  第69章 激烈:3584  第70章 温馨:3729  第71章 洗浴:3735  第72章 妈妈:3307
          第73章 交易:3408  第74章 坦诚:3738  第75章 信任:3948  第76章 按捺:3253  第77章 亲人:3361  第78章 背叛:3916
          第79章 要挟:3557  第80章 威慑:4381  第81章 开花:3564  第82章 进组:3900  第83章 解决:3399  第84章 假的:3352
          第85章 挚爱:4141  第86章 打击:3351  第87章 合作:4266  第88章 渣女:4293  第89章 聊聊:3565  第90章 记忆:3722
          第91章 真相:3917  第92章 清白:3574  第93章 告诉:3741  第94章 盛世:3356  第95章 相似:3682  第96章 无知:3307
          第97章 相信:3973  第98章 杀青:3661  第99章 目光:3671  第100章 支开:3688  第101章 危机:4891  第102章 原谅:4978
          第103章 以后:5604  第104章 上映:4735  第105章 偷窥:5108  第106章 追妻:4410  第107章 困住:4698  第108章 和好:10547
          第109章 正文完:4548  第110章 番外1:3696  第111章 番外2:3648  第112章 番外3:3317  第113章 番外4:3613  第114章 番外5:3779
          第115章 番外6:3542  第116章 番外7:3346  第117章 番外8:3690  第118章 番外9:5263  第119章 番外10:5369  第120章 番外11:4608

07:00:37  变成怪物后被觊觎[快穿] (守月奴) [完结+番外]  274p→209章  2392KB  OK
          https://www.52shuku.net/gl/04_b/bkcDM.html
          第1章:3472  第2章:3323  第3章:2712  第4章:3161  第5章:3344  第6章:3289
          第7章:2031  第8章:3413  第9章:2775  第10章:3223  第11章:4541  第12章:2354
          第13章:3554  第14章:2276  第15章:2567  第16章:3026  第17章:3216  第18章:3031
          第19章:3591  第20章:2449  第21章:10216  第22章:6302  第23章:6206  第24章:6554
          第25章:6267  第26章:3360  第27章:6306  第28章:6682  第29章:5270  第30章:3250
          第31章:3594  第32章:6261  第33章:5356  第34章:4727  第35章:5438  第36章:3290
          第37章:4195  第38章:6225  第39章:6247  第40章:5220  第41章:3212  第42章:6207
          第43章:5235  第44章:4919  第45章:4941  第46章:4356  第47章:4301  第48章:3356
          第49章:4347  第50章:5241  第51章:3865  第52章:4811  第53章:6396  第54章:3339
          第55章:4881  第56章:3900  第57章:4280  第58章:3881  第59章:5336  第60章:3330
          第61章:6178  第62章:4224  第63章:3561  第64章:4651  第65章:3848  第66章:3928
          第67章:4264  第68章:3928  第69章:3231  第70章:3291  第71章:3632  第72章:3243
          第73章:3342  第74章:3349  第75章:4229  第76章:3221  第77章:3205  第78章:3924
          第79章:6343  第80章:4293  第81章:4232  第82章:3272  第83章:4581  第84章:4215
          第85章:4359  第86章:2296  第87章:3233  第88章:3251  第89章:3206  第90章:3302
          第91章:4315  第92章:3207  第93章:3263  第94章:3276  第95章:3857  第96章:3238
          第97章:3258  第98章:3354  第99章:3219  第100章:3285  第一百章 !发个红包吧!:0  第101章:3379
          第102章:3277  第103章:4300  第104章:6283  第105章:3561  第106章:3243  第107章:3371
          第108章:3269  第109章:3213  第110章:3194  第111章:3226  第112章:3237  第113章:3256
          第114章:3264  第115章:3691  第116章:3273  第117章:3893  第118章:3286  第119章:3227
          第120章:3288  第121章:3217  第122章:4707  第123章:4938  第124章:3236  第125章:3253
          第126章:4294  第127章:4252  第128章:3225  第129章:3234  第130章:3347  第131章:3271
          第132章:3260  第133章:3618  第134章:3279  第135章:3680  第136章:3221  第137章:3185
          第138章:3168  第139章:3201  第140章:3276  第141章:3235  第142章:3656  第143章:3278
          第144章:3238  第145章:3595  第146章:3270  第147章:3370  第148章:5560  第149章:5394
          第150章:3214  第151章:3206  第152章:3292  第153章:3256  第154章:3315  第155章:3336
          第156章:3224  第157章:3591  第158章:3208  第159章:3226  第160章:3276  第161章:3255
          第162章:3327  第163章:3290  第164章:3340  第165章:3247  第166章:3858  第167章:3241
          第168章:3891  第169章:3239  第170章:3270  第171章:3590  第172章:3274  第173章:3208
          第174章:3247  第175章:3195  第176章:3332  第177章:3255  第178章:3321  第179章:5775
          第180章:5213  第181章:3563  第182章:3712  第183章:3274  第184章:3366  第185章:3647
          第186章:3247  第187章:3294  第188章:3351  第189章:3242  第190章:3640  第191章:3228
          第192章:3194  第193章:3201  第194章:3212  第195章:3250  第196章:3308  第197章:3224
          第198章:3223  第199章 正文完结:4392  第200章 狼的番外一:3271  第201章 狼的番外二:3208  第202章 狼的番外三【上】:3204  第203章 狼的番外三【下】:3251
          第204章 狼的番外四:3284  第205章 小章鱼番外四:3228  第206章 小章鱼番外五:3226  第207章 章鱼番外六:3287  第208章 魅魔番外三:3296

07:01:30  钓系天后她扶腰追妻 (守月奴) [完结+番外]  142p→103章  1220KB  OK
          https://www.52shuku.net/gl/04_b/bkcDL.html
          第1章:3368  第2章:3671  第3章:3142  第4章:2622  第5章:2924  第6章:3452
          第7章:3083  第8章:3566  第9章:2689  第10章:2292  第11章:2415  第12章:2731
          第13章:3086  第14章:3104  第15章:2704  第16章:3901  第17章:3147  第18章:3148
          第19章:2741  第20章:2490  第21章:10207  第22章:6232  第23章:6509  第24章:3216
          第25章:5202  第26章:4171  第27章:5254  第28章:5188  第29章:3582  第30章:5294
          第31章:4566  第32章:5915  第33章:3556  第34章:3175  第35章:3192  第36章:3591
          第37章:5357  第38章:3174  第39章:5181  第40章:4193  第41章:4843  第42章:4203
          第43章:5250  第44章:4570  第45章:4902  第46章:5219  第47章:4373  第48章:3165
          第49章:3261  第50章:4226  第51章:4929  第52章:4242  第53章:3335  第54章:3262
          第55章:3400  第56章:3534  第57章:3638  第58章:6351  第59章:3292  第60章:4672
          第61章:3513  第62章:4541  第63章:3664  第64章:3361  第65章:6509  第66章:3532
          第67章:3517  第68章:3171  第69章:3168  第70章:3517  第71章:3298  第72章:3411
          第73章:3208  第74章:3276  第75章:3511  第76章:3185  第77章:3222  第78章:3713
          第79章:3654  第80章:3817  第81章:3658  第82章:3308  第83章:3283  第84章:3174
          第85章:3316  第86章:4217  第87章:3896  第88章:4241  第89章:4292  第90章:3537
          第91章:3659  第92章:3652  第93章:4185  第94章:5631  第95章:5377  第96章:5570
          第97章:3392  第98章:3241  第99章:6216  第100章:4338  第101章:5070  第102章:1403
          第103章:1525

07:02:16  宿敌总想拯救我 (君椿) [完结+番外]  115p  (无章节标记)  964KB  OK
          https://www.52shuku.net/gl/04_b/bkcDI.html
          全文: 320637字

07:03:04  刺猬的肚皮 (君椿) [完结+番外]  129p→4章  1125KB  OK
          https://www.52shuku.net/gl/04_b/bkcDH.html
          第100章:5411  第101章 番外一:6733  第102章 番外二:4427  第103章 番外三 罗黛儿X叶南乔:5432

07:03:32  不讨论关系 (林城木森) [完结]  68p→20章  605KB  OK
          https://www.52shuku.net/gl/04_b/bkcDG.html
          第1章 纪存真·真真:9535  第2章 纪存真·十七岁:9823  第3章 纪存真·朋友:6107  第4章 纪存真·夏:9473  第5章 纪存真·云:9261  第6章 纪存真·湖:10001
          第7章 纪存真·海城:10276  第8章 纪存真·瞬间:11887  第9章 纪存真·心:14569  第10章 纪存真·梦章:11304  第11章 何梦章·梦章:8482  第12章 何梦章·十八岁:10572
          第13章 何梦章·朋友:6589  第14章 何梦章·冬:10393  第15章 何梦章·雪:8121  第16章 何梦章·风:11461  第17章 何梦章·北城:11341  第18章 何梦章·永远:10576
          第19章 何梦章·眼:9484  第20章 何梦章·真真:13966

07:03:45  半透明关系 (羲和安) [完结]  32p→31章  284KB  OK
          https://www.52shuku.net/gl/04_b/bkcDF.html
          第1章 chapter 1:3090  第2章 chapter 2:3068  第3章 chapter 3:3105  第4章 chapter 4:3039  第5章 chapter 5:3211  第6章 chapter 6:3055
          第7章 chapter 7:3062  第8章 chapter 8:3089  第9章 chapter 9:2735  第10章 chapter 10:2757  第11章 chapter 11:3049  第12章 chapter 12:3074
          第13章 chapter 13:3038  第14章 chapter 14:3063  第15章 chapter 15:3116  第16章 chapter 16:3060  第17章 chapter 17:3022  第18章 chapter 18:3014
          第19章 chapter 19:3059  第20章 chapter 20:3215  第21章 chapter 21:3116  第22章 chapter 22:3007  第23章 chapter 23:3027  第24章 chapter 24:3030
          第25章 chapter 25:3007  第26章 chapter 26:3062  第27章 chapter 27:3060  第28章 chapter 28:3152  第29章 chapter 29:3010  第30章 chapter 30:3234
          第31章 chapter 31:2261

07:04:15  不眠夜 (韦二竹) [完结+番外]  74p→55章  614KB  OK
          https://www.52shuku.net/gl/03_b/bkcDp.html
          第1章:3501  第一章 的钟医生是指钟母嗷，应该写的是很明显的。:22  第2章:3606  第3章:3148  第4章:4937  第5章:3395
          第6章:3663  第7章:4099  第8章:3170  第9章:3384  第10章:2930  第11章:3031
          第12章:2451  第13章:2023  第14章:2912  第15章:2895  第16章:2141  第17章:3464
          第18章:3462  第19章:3641  第20章:9548  第21章:4889  第22章:4555  第23章:4900
          第24章:3218  第25章:5945  第26章:5584  第27章:5671  第28章:3634  第29章:4227
          第30章:4634  第31章:3844  第32章:3213  第33章:3563  第34章:3180  第35章:4207
          第36章:3542  第37章:3247  第38章:3243  第39章:3547  第40章:3636  第41章:3896
          第42章:3227  第43章:4216  第44章:3536  第45章:3268  第46章:3322  第47章:3324
          第48章:3543  第49章:3236  第50章:3277  第51章:3877  第52章:5218  第53章 正文完:4255
          第54章 福利番外:2037

07:05:07  办公室内禁止调情 (韦二竹) [完结]  130p→82章  1134KB  OK
          https://www.52shuku.net/gl/03_b/bkcDo.html
          第1章:3843  第2章:3745  第3章:5289  第4章:4183  第5章:3409  第6章:3107
          第7章:3146  第8章:3846  第9章:2591  第10章:2701  第11章:2687  第12章:2737
          第13章:3093  第14章:2584  第15章:2342  第16章:3115  第17章:2437  第18章:2646
          第19章:2317  第20章:1989  第21章:10328  第22章:8575  第23章:5954  第24章:5627
          第25章:5615  第26章:4251  第27章:5212  第28章:5913  第29章:5932  第30章:3215
          第31章:4943  第32章:6250  第33章:4716  第34章:3838  第35章:4924  第36章:4846
          第37章:3811  第38章:5545  第39章:3585  第40章:5964  第41章:3977  第42章:3602
          第43章:4544  第44章:3539  第45章:3264  第46章:4569  第47章:3900  第48章:4902
          第49章:4897  第50章:5566  第51章:3567  第52章:3554  第53章:5543  第54章:6227
          第55章:6244  第56章:5993  第57章:6964  第58章:6222  第59章:4938  第60章:5980
          第61章:4911  第62章:5875  第63章:6224  第64章:5246  第65章:5595  第66章:5596
          第67章:6975  第68章:4575  第69章:3213  第70章:4190  第71章:4314  第72章:4226
          第73章:6216  第74章:4881  第75章:4930  第76章:4269  第77章:4266  第78章:5225
          第79章:4886  第80章:3715  第81章:3287  第82章:5280

07:05:55  秘密关系 (韦二竹) [完结+番外]  127p→80章  1076KB  OK
          https://www.52shuku.net/gl/03_b/bkcDn.html
          第1章 “愿意跟我走吗?”:3450  第2章 赌:3231  第3章 无底线的宠爱:3045  第4章 惹她生气:4163  第5章 惩罚与甜蜜:3200  第6章 摸摸看:3314
          第7章 害怕的事情:3729  第8章 她的缺点:3282  第9章 明裏暗裏……:3391  第10章 像条尾巴的红绳吊坠:2408  第11章 独属于她一人:2142  第12章 她才不要离开她:2322
          第13章 主动让步:2571  第14章 “你不应该问问我疼不疼吗……?”:2156  第15章 亲自让她撒气:2258  第16章 “我们时纾比什么都重要。”:3063  第17章 狐假虎威:2359  第18章 友人的女儿:2288
          第19章 反败为胜的感觉:2416  第20章 时纾喜欢的就是最珍贵的:2425  第21章 “你跑到天涯海角，我都得把你抓回来。”:2071  第22章 “时纾，一直留在我身边吧。”:2193  第23章 怀疑:10279  第24章 留在沈清岚身边的只能是她:5226
          第25章 “做你想做的事情。”:5208  第26章 她替代了她:4837  第27章 她只是被女人利用的一把刀:4234  第28章 最漂亮的公主和最般配的情人:3536  第29章 隐瞒很久的真相:7202  第30章 “你会离开我吗?”:3555
          第31章 绑在身边的借口:3579  第32章 逃跑前的准备计划:7513  第33章 做好被抓回来的准备:3566  第34章 狗狗:4535  第35章 自我防线崩溃:7689  第36章 她想要再次相信她:5846
          第37章 新的离开办法:5935  第38章 没有直说的怒意:3885  第39章 久违的时家人:5170  第40章 “姐姐，喜欢你……”:5515  第41章 假死计划:8180  第42章 《离别》:7242
          第43章 女人的衬衫:7171  第44章 耍诈:5837  第45章 罗津津:7191  第46章 异常的彙款:4929  第47章 暴露:4518  第48章 离间:5123
          第49章 她想要得到时纾的嫉妒:6192  第50章 心疼:3589  第51章 频繁来往的书信:4519  第52章 身份败露:4862  第53章 她相信自己的直觉:3932  第54章 时纾的报应:5852
          第55章 又是离间:5548  第56章 昔日青梅，如今势不两立:3880  第57章 “时纾，好久没见。”:3192  第58章 “跟我回家吧，好不好?”:5266  第59章 妥协:3512  第60章 “看我心情吧。”:4227
          第61章 她想要吻这样善良的她:6518  第62章 心口不一:7566  第63章 本能的关怀:7167  第64章 最后一件坏事:7189  第65章 “姐姐，我只有你了……”:6839  第66章 她庆幸着能够拥有她:5171
          第67章 “你的血管裏留着我的血。”:3938  第68章 “姐姐，我永远都不会离开你。”:3653  第69章 正文完:“要一起看海吗?”:3374  第70章 if线:抓回来:4175  第71章 if线:电流:4551  第72章 if线:只剩下她一人:4529
          第73章 if线:恳求:3519  第74章 if线:新本领:3517  第75章 if线:习惯陪伴:3394  第76章 甜蜜日常(一):亲吻:7901  第77章 甜蜜日常(二):烟花:3569  第78章 甜蜜日常(三):“我会永远爱你。”:3589
          第79章 福利番外:无数次的温柔爱抚:1067  第80章 福利番外:“下辈子，做我的女儿吧……”:2170

07:06:54  我和我那个高冷女友 (太古季叶人) [完结]  153p→125章  1369KB  OK
          https://www.52shuku.net/gl/03_b/bkcDm.html
          第1章 准备上大学:3266  第2章 上大学准备中:3634  第3章 还是在准备:3365  第4章 报到中:3356  第5章 想当家长:3132  第6章 拒绝:3048
          第7章 第一天:3044  第8章 申请宿舍:3130  第9章 想你:4086  第10章 试图约饭:3140  第11章 言语攻击:3107  第12章 开辟灵海:3029
          第13章 修炼方向:3070  第14章 小小把戏:3094  第15章 古巫的能力:3089  第16章 还在生气:3080  第17章 去看藤螺花:3213  第18章 她们一直这样？:3025
          第19章 山貍子生日快乐:3105  第20章 不要骄傲:4238  第21章 真想成为巫师啊:4235  第22章 万年前的剑修:4595  第23章 关于这次比试:4571  第24章 比试开始:3636
          第25章 开会研究:3908  第26章 深受刺激:3898  第27章 入秋了:3239  第28章 志愿者:3927  第29章 各自的修行:3662  第30章 互相思念:3583
          第31章 又是思念的一天:3900  第32章 满足好奇心:4030  第33章 祈求神灵:3517  第34章 神在显灵:3522  第35章 晚安:3584  第36章 定身符:3902
          第37章 嘲笑山貍子:4285  第38章 简单游皇宫:3239  第39章 期末:4221  第40章 宽州下雪:3853  第41章 和你一起:4171  第42章 神像与溶溶:3895
          第43章 新年祈福:3895  第44章 汪汪汪！:3878  第45章 等下就过去敷衍你:4327  第46章 北堡山狩猎:3904  第47章 捡到储物戒:3866  第48章 俞縧的生日:3934
          第49章 改进功法:4558  第50章 单身狗的时间:3887  第51章 不当人:3853  第52章 山貍子看上的碗:4269  第53章 抵达现场:4267  第54章 发现禁制波动:4221
          第55章 棘手的事:3613  第56章 九阶强者:4216  第57章 宁怀溶生日:3568  第58章 一拳一个人类:3280  第59章 京都土特产:3250  第60章 飞行术:3586
          第61章 带女朋友去飞:3661  第62章 带山貍子逛街:3538  第63章 你应该抱住我的腰:3274  第64章 担忧:3259  第65章 比赛开始:3222  第66章 对战姜佩尤:3199
          第67章 嗑瓜子:3536  第68章 你从窗户进来:3184  第69章 兵器库:3919  第70章 新的赛场:3528  第71章 古老部落:3227  第72章 又赢了一场:3591
          第73章 玩被子的人类:3530  第74章 一顿饭:3533  第75章 红包:3541  第76章 上山寻宝:3511  第77章 采到灵草:3941  第78章 求签的:3680
          第79章 勾起回忆:3899  第80章 怀疑山貍子揣崽了:3612  第81章 需要抗揍的人:3847  第82章 窥视感:3909  第83章 我来看你:3539  第84章 中断修行:3915
          第85章 变成人了:3572  第86章 吃醋的人:3914  第87章 万教授带来的消息:4281  第88章 睡不着:4199  第89章 假期安排:3223  第90章 各自的任务:3178
          第91章 联系不上女朋友:3255  第92章 有危险！:3543  第93章 灵气灌体:3545  第94章 视频通话:3871  第95章 任务结束:3531  第96章 做噩梦:3578
          第97章 山貍子的困惑:3921  第98章 感受你的感受:3270  第99章 这次是真当家长了:3242  第100章 溶溶又闭关了:4540  第101章 压抑的情绪:4595  第102章 不可以打架:3960
          第103章 联系不上了:4175  第104章 山貍子不见了:3218  第105章 是吉签诶:4605  第106章 关于双修:4602  第107章 门与边界:3211  第108章 需要考虑时间:3521
          第109章 八阶强者:3235  第110章 重回人间:3309  第111章 气氛温馨:3265  第112章 是因为我:3213  第113章 期末考试:3586  第114章 打雪仗:3215
          第115章 飞回去:3222  第116章 神庙的秘密:3246  第117章 终于找到你:3580  第118章 异界来客:3235  第119章 后面有人跟着我:3222  第120章 你来回答:3530
          第121章 三个问题:3215  第122章 抉择:3226  第123章 万姜回来了:3048  第124章 更坏的情况:3212  第125章 正文完结:3863

07:07:17  恶人自有恶人磨 (原味奶酪棒) [完结]  61p→60章  543KB  OK
          https://www.52shuku.net/gl/03_b/bkcDl.html
          第1章 游戏:3574  第2章 女友:3271  第3章 共枕:3530  第4章 表白:3046  第5章 骗子:3143  第6章 咬我:3167
          第7章 小丑:3127  第8章 真心:3042  第9章 筹码:3155  第10章 谣传:2202  第11章 傀儡:2036  第12章 老鼠:2316
          第13章 道歉:2302  第14章 承诺:2112  第15章 露馅:2304  第16章 诱惑:2112  第17章 礼服:1922  第18章 姐姐:2069
          第19章 愚弄:2181  第20章 安抚:2096  第21章 幻觉:2380  第22章 礼物:2052  第23章 欺骗:2229  第24章 香水:2124
          第25章 三合一:10303  第26章 信任:3183  第27章 难养:3174  第28章 同舟:3232  第29章 租房:3177  第30章 女儿:3253
          第31章 初恋:3024  第32章 吃醋:3039  第33章 母校:3036  第34章 审讯:3022  第35章 真相:3072  第36章 决绝:3023
          第37章 宣判:3203  第38章 签字:3067  第39章 拒绝:3014  第40章 出事:3031  第41章 消失:3124  第42章 蛰伏:3030
          第43章 勉强:3084  第44章 放弃:3035  第45章 留下:3057  第46章 小偷:3036  第47章 领证:3042  第48章 假的:3145
          第49章 妈妈:3050  第50章 离婚:3058  第51章 小丑:3116  第52章 凶手:3176  第53章 回家:3012  第54章 游戏:3284
          第55章 认错:3054  第56章 纠缠:3150  第57章 撕碎:3101  第58章 疯子:3037  第59章 路过:3278  第60章 终章:3014

07:08:06  抢夺继妹白月光O (凛冬白菜) [完结+番外]  118p→101章  1051KB  OK
          https://www.52shuku.net/gl/03_b/bkcDd.html
          第1章 邂逅:3305  第2章 追求:3292  第3章 副卡:3342  第4章 跳舞:3318  第5章 相册:3107  第6章 攻击:3145
          第7章 身世:3596  第8章 戒指:3164  第9章 麻烦:3279  第10章 争吵:3108  第11章 欧泊:3411  第12章 房间:3587
          第13章 开门:3559  第14章 落日:4181  第15章 晚宴:3720  第16章 诚意:3392  第17章 海风:3573  第18章 院落:3110
          第19章 别墅:3286  第20章 加密:3650  第21章 购物:3412  第22章 坦白:3281  第23章 原因:3694  第24章 健身:3422
          第25章 圆环:3330  第26章 灯光:3769  第27章 草莓:3250  第28章 绿茶:3124  第29章 资料:3108  第30章 电影:3316
          第31章 夜灯:3914  第32章 热搜:3770  第33章 愿望:3193  第34章 真心:3207  第35章 茶室:3130  第36章 基因:3421
          第37章 要求:3518  第38章 野史:3149  第39章 变化:3233  第40章 目录:3037  第41章 阴天:3120  第42章 甜头:3478
          第43章 开会:3262  第44章 草莓:3453  第45章 夜景:3416  第46章 认账:3352  第47章 从前:3564  第48章 误会:3016
          第49章 午餐:3114  第50章 床底:3503  第51章 打牌:3473  第52章 谎言:3235  第53章 飞行:3343  第54章 星空:3540
          第55章 矿场:3212  第56章 东风:3253  第57章 原因:3548  第58章 资助:3368  第59章 身世:3063  第60章 浪潮:3604
          第61章 假药:3304  第62章 失眠:3330  第63章 铃铛:3621  第64章 花期:3179  第65章 聚会:3235  第66章 剧本:3299
          第67章 随时:3286  第68章 谣言:3651  第69章 时间:3404  第70章 标记:3423  第71章 姐姐:4090  第72章 仓库:3638
          第73章 分化:3432  第74章 初见:3560  第75章 复杂:3426  第76章 别哭:3295  第77章 夕阳:3594  第78章 覆盖:3855
          第79章 新手:3668  第80章 长辈:3082  第81章 报告:3268  第82章 假人:3581  第83章 共犯:3559  第84章 缺陷:3404
          第85章 织网:3455  第86章 手术:3273  第87章 上位:4044  第88章 总裁:3296  第89章 交心:3028  第90章 袖扣:3680
          第91章 风景:3627  第92章 温养:4035  第93章 咖啡:3462  第94章 赌徒:3198  第95章 意愿:3801  第96章 方案:3176
          第97章 初始:4406  第98章 所得:4008  第99章 解释:4192  第100章 结局:5633  第101章 番外:3304

07:08:32  玻璃心 (meditari) [完结+番外]  72p→64章  650KB  OK
          https://www.52shuku.net/gl/03_b/bkcDc.html
          第1章 殊途:3028  第2章 迟到:3289  第3章 怪人:3208  第4章 偷拍:3091  第5章 警局:3049  第6章 伤痕:3030
          第7章 汇演:3832  第8章 雷雨:3055  第9章 争执:3051  第10章 生日:3370  第11章 招新:3194  第12章 赞助:3010
          第13章 团建:3460  第14章 黑白:3279  第15章 选择:3771  第16章 假期:3101  第17章 平安:3553  第18章 前奏:3056
          第19章 南下:3253  第20章 地震:3447  第21章 混乱:3295  第22章 余波:3475  第23章 血染:3154  第24章 生死:3349
          第25章 常人:3430  第26章 喜欢:3214  第27章 确定:3766  第28章 所愿:5175  第29章 如年:3986  第30章 隐忧:3335
          第31章 返校:3538  第32章 同游:3114  第33章 过春:3101  第34章 打断:3048  第35章 掠影:3052  第36章 租房:3553
          第37章 同居:3371  第38章 实习:3266  第39章 未来:3292  第40章 冷水:3424  第41章 偶遇:3542  第42章 消失:3031
          第43章 等待:3373  第44章 交锋:4674  第45章 决定:3106  第46章 为止:3147  第47章 成灰:4946  第48章 如流:3394
          第49章 取消:3313  第50章 聚会:3405  第51章 再吻:3213  第52章 其他:3302  第53章 登对:3054  第54章 狠心:3153
          第55章 旧波:3088  第56章 重游:3738  第57章 从头:3175  第58章 歧路:3334  第59章 突发:3115  第60章 解铃:3086
          第61章 重生:3152  第62章 同归:3651  第63章 番外 wonderland:3299  第64章 番外 细辛:3209

07:09:05  春日梦想家 (辞暮年) [完结+番外]  82p→66章  721KB  OK
          https://www.52shuku.net/gl/03_b/bkcDb.html
          第1章 金海附中:3762  第2章 认识一下:3537  第3章 新朋友:3166  第4章 包子:3218  第5章 口是心非:3205  第6章 有点眼熟:3469
          第7章 意外:3229  第8章 探病:3117  第9章 新房:3567  第10章 礼物:3371  第11章 我罩着你:3280  第12章 复习:3537
          第13章 期中考:3311  第14章 扯平了:3263  第15章 回忆:3646  第16章 小饼干:3358  第17章 你猜:3251  第18章 小喇叭:4233
          第19章 叽叽喳喳:3328  第20章 火药味:3742  第21章 争锋:3410  第22章 植物园:3834  第23章 阿婆:3527  第24章 田野:3938
          第25章 永别:3606  第26章 写作业:3467  第27章 黑板报:3563  第28章 小白鼠:3658  第29章 邀约:3677  第30章 好闺蜜:3672
          第31章 编头发:3259  第32章 家长会:3508  第33章 点燃:4181  第34章 她哭了:3634  第35章 陪陪我吧:3530  第36章 牛肉面:3500
          第37章 陪伴:3671  第38章 蜜桃:3550  第39章 谣言:3663  第40章 真相:3173  第41章 住宿:3373  第42章 夜晚:3187
          第43章 期末:3587  第44章 犹豫:3612  第45章 出发:3564  第46章 长青街:4102  第47章 追日落:3567  第48章 照片:3647
          第49章 开学:3684  第50章 笑一个:3709  第51章 我喜欢你:4007  第52章 烤红薯:3338  第53章 生日:3663  第54章 平安扣:3592
          第55章 春日梦想家:3575  第56章 春节:3533  第57章 立春:3628  第58章 成人礼:3702  第59章 高考:3673  第60章 毕业:3673
          第61章 初雪:3546  第62章 来年春:3988  第63章 阿绛:6617  第64章 番外 故地重游:3602  第65章 番外 一去不返:3789  第66章 番外 同居:3418

07:09:23  我等你十五年 (辞暮年) [完结+番外]  39p→35章  339KB  OK
          https://www.52shuku.net/gl/03_b/bkcDa.html
          第1章 认识自己:3212  第2章 村姑和龙傲天:3024  第3章 附中F4组队成功:3220  第4章 幼柠的甜品店:3026  第5章 上街游荡:3060  第6章 放学之后:3067
          第7章 最好的幼柠:3040  第8章 孟无恙:3039  第9章 冬日降临:3038  第10章 不可告人的秘密:3025  第11章 新年放烟花:3216  第12章 沈乐清的大别墅:3051
          第13章 寒假生活:3042  第14章 阿柠阿令:3042  第15章 儿童失踪案:3139  第16章 幼柠的18岁生日:3051  第17章 住一晚吧:3072  第18章 妈妈回来了:3062
          第19章 消失的她:3025  第20章 还原案件:3033  第21章 别来烦我了:3026  第22章 找到你了:3090  第23章 悲剧的开端:3003  第24章 心理愈疗:3061
          第25章 绚烂的曾经:3062  第26章 她不会原谅我了:3060  第27章 随烨的梦想:3027  第28章 我不是原罪:3016  第29章 我们回家:3124  第30章 双凤玉佩:3355
          第31章 走入春天:3817  第32章 番外 张添余视角（上）:3054  第33章 番外 张添余视角（下）:4008  第34章 番外 求婚:3705  第35章 番外 高考:4351

07:10:01  你好，宋同学 (迦南之野) [完结]  99p→64章  887KB  OK
          https://www.52shuku.net/gl/03_b/bkcCZ.html
          第1章:5534  第2章:4496  第3章:4746  第4章:3697  第5章:3918  第6章:4345
          第7章:3788  第8章:3889  第9章:3978  第10章:3775  第11章:4466  第12章:3948
          第13章:3506  第14章:4449  第15章:4236  第16章:5720  第17章:5219  第18章:5943
          第19章:5403  第20章:6426  第21章:5150  第22章:5839  第23章:5990  第24章:5905
          第25章:6313  第26章:3514  第27章:3896  第28章:4616  第29章:6170  第30章:5873
          第31章:6150  第32章:3127  第33章:3883  第34章:4149  第35章:3820  第36章:3678
          第37章:5964  第38章:3728  第39章:5784  第40章:5023  第41章:3420  第42章:3508
          第43章:3147  第44章:6892  第45章:5473  第46章:5816  第47章:3450  第48章:4395
          第49章:5605  第50章:5295  第51章:3666  第52章:3441  第53章:5372  第54章:6113
          第55章:4100  第56章:3045  第57章:3931  第58章:4637  第59章:3591  第60章:3544
          第61章:3970  第62章:4078  第63章:3375  第64章:5156

07:10:11  如果我沉默 (集身川) [完结+番外]  23p→25章  197KB  OK
          https://www.52shuku.net/gl/03_b/bkcCY.html
          第1章:2755  第2章:1740  第3章:3729  第4章:3945  第5章:2112  第6章:3157
          第7章:3315  第8章:3602  第9章:3570  第10章:2294  第11章:2813  第12章:2110
          第13章:3026  第14章:3135  第15章:2172  第16章:2332  第17章:2922  第18章:2123
          第19章:2130  第20章:2242  第21章:2110  第22章:2194  第23章:2289  第24章 番外:952
          第25章 完本感言:2652

07:10:33  退休大佬靠甜品爆红诡异界 (葬心未亡人) [完结]  51p→65章  428KB  OK
          https://www.52shuku.net/gl/03_b/bkcCT.html
          第1章:1878  第2章:2414  第3章:2005  第4章:3458  第5章:2095  第6章:2026
          第7章:2069  第8章:1420  第9章:2010  第10章:2120  第11章:2081  第12章:1865
          第13章:2050  第14章:2092  第15章:2794  第16章:2036  第17章:2649  第18章:2109
          第19章:2336  第20章:2004  第21章:2030  第22章:1319  第23章:2034  第24章:1965
          第25章:2014  第26章:2404  第27章:2075  第28章:2034  第29章:1891  第30章:2062
          第31章:2027  第32章:1368  第33章:2159  第34章:3216  第35章:2086  第36章:2754
          第37章:1894  第38章:2888  第39章:2079  第40章:2010  第41章:2049  第42章:2020
          第43章:2059  第44章:2048  第45章:2035  第46章:2009  第47章:2071  第48章:2068
          第49章:2022  第50章:2173  第51章:2095  第52章:2055  第53章:2071  第54章:2090
          第55章:2003  第56章:2076  第57章:1562  第58章:2046  第59章:2133  第60章:2125
          第61章:2076  第62章:2047  第63章:2090  第64章:2161  第65章 终:3332

07:11:17  让你保护她，没让你把她拐走啊 (椰羊牛奶) [完结+番外]  114p→144章  972KB  OK
          https://www.52shuku.net/gl/03_b/bkcCP.html
          第1章 初相识:2137  第2章 任性林婉如:2177  第3章 一杯奶茶:2044  第4章 专业哄人林梓涵:2410  第5章 专业飙车:2722  第6章 同桌的你:2840
          第7章 数学是门高深学问:1689  第8章 血滴子:2279  第9章 关于吃冰淇淋这件事:2897  第10章 争锋:1963  第11章 血瞳紫罗兰:2370  第12章 影子:1971
          第13章 一场数学课引发的惨案:2378  第14章 她在开挂:1749  第15章 小蛋糕:2652  第16章 半块馒头:2212  第17章 出门一定要报备:2425  第18章 她是谁:2158
          第19章 关于暗号:2516  第20章 生日:1794  第21章 两杯就倒林梓涵:2381  第22章 专业打脸:1712  第23章 手感不错:2493  第24章 再起波澜:2188
          第25章 不平静的夜晚:2091  第26章 别让我失望啊～:2457  第27章 神秘的狙击手:2830  第28章 血灵:2211  第29章 呆木头林梓涵:2981  第30章 一个雪人:2171
          第31章 你是我的神:1894  第32章 关于沐浴露:2442  第33章 居家必备林梓涵:2036  第34章 谈判:1844  第35章 叶菲菲:2128  第36章 午夜的抽泣:2137
          第37章 隔阂:2889  第38章 没什么是一顿饭哄不好的:1655  第39章 愿以我身，护你周全。:2799  第40章 别让她手上染血:1322  第41章 出动:2083  第42章 十六年前:3892
          第43章 再遇白素:2203  第44章 刺杀:2353  第45章 生养之恩，百世难还:2324  第46章 中弹:2431  第47章 所谓报仇:2763  第48章 论如何让两个人吃醋:1892
          第49章 你是不是在吃醋:1540  第50章 林婉如式投喂:1928  第51章 留一发子弹:2177  第52章 飞机上的杀手:1913  第53章 洗澡得锁门:2264  第54章 除夕来电:2100
          第55章 新手机:1671  第56章 晚安:1460  第57章 一起睡觉:2449  第58章 郁金香:2398  第59章 关于夹子:1618  第60章 大家在忙时不要摸鱼:2135
          第61章 又睡一起了:2491  第62章 不必加深，一直呆萌:1743  第63章 关于梓涵和抱枕的取舍:2097  第64章 论怎么对付耍小脾气的女孩（过渡章）:1584  第65章 给，吃虾:1982  第66章 醉酒:2466
          第67章 我的答案:1786  第68章 银行卡:1962  第69章 家庭低位:2125  第70章 林老师:1665  第71章 代号战:1633  第72章 云鹤:1738
          第73章 审讯:2878  第74章 香水:1692  第75章 抓包:1851  第76章 上药:1371  第77章 血影:1692  第78章 破纪录:2016
          第79章 山雨欲来:1789  第80章 风满楼:2074  第81章 祸不单行:1283  第82章 婉如的担忧:2251  第83章 我叫血瞳:3110  第84章 梓涵来电:1710
          第85章 是她？:2105  第86章 争执:1848  第87章 内鬼:2256  第88章 答应过你，三天回来:3159  第89章 打架:1488  第90章 软肋:2037
          第91章 林俊苏醒:2572  第92章 她生，我生:1792  第93章 暗桩:1980  第94章 锋芒:1754  第95章 夜深:2237  第96章 她舍不得:2328
          第97章 血滴子成员:2159  第98章 叶菲菲的留言:2343  第99章 骗子:2265  第100章 新任:1994  第101章 不速之客:2102  第102章 薛梓琳:2011
          第103章 婉如现总部:2251  第104章 开枪:2116  第105章 抉择:2371  第106章 计划:2435  第107章 见面:2260  第108章 孤:2475
          第109章 叛徒:2173  第110章 遗憾:2614  第111章 微风里的哭泣:1679  第112章 林浩瀚:2298  第113章 捡垃圾的白素:1650  第114章 决战（一）:2758
          第115章 决战（二）:2231  第116章 决战（三）:2580  第117章 决战（四）:2434  第118章 决战（五）:2140  第119章 和零见面:2044  第120章 找嫂子撑腰～:1728
          第121章 异常:2666  第122章 叛主:2700  第123章 图穷:2224  第124章 匕见:2727  第125章 黑色礼帽:2442  第126章 魔术师:2429
          第127章 赌约:2934  第128章 文武双全林梓涵:2020  第129章 新年快乐:1970  第130章 演技不错:2492  第131章 缘啊:2129  第132章 真情:2626
          第133章 结婚（正文完）:2713  第134章 番外 紫影双魅（一）:2450  第135章 番外 紫影双魅（二）:2277  第136章 番外 紫影双魅（三）:2569  第137章 番外 紫影双魅（四）:2131  第138章 番外 紫影双魅（五）:2259
          第139章 番外 紫影双魅（六）:2289  第140章 番外 紫影双魅 （七）:1976  第141章 番外 紫影双魅 （八）:2193  第142章 番外 紫影双魅 （九）:2162  第143章 番外 白素回归:2374  第144章 番外 新生活:3690

07:11:47  姐姐又不乖呢 (天空下的细雨) [完结]  73p→89章  665KB  OK
          https://www.52shuku.net/gl/03_b/bkcCH.html
          第1章 偏执荆棘鸟:4479  第2章 归来的千金:4268  第3章 “你，哪儿也别想去”:3099  第4章 这太危险了:2178  第5章 “姐姐是真的，把我忘了”:2485  第6章 你的手……怎么回事？:3525
          第7章 默认，成了此刻唯一的答案:2832  第8章 你以为你是谁？:1677  第9章 “那……姐姐帮我上药”:2142  第10章 而自己，又该如何面对她？:1941  第11章 你到底有什么目的？:2332  第12章 越来越看不懂古轻柠了:2512
          第13章 不知道自己会做出什么事来:2349  第14章 她该怎么办？:1947  第15章 我走就是了:1875  第16章 她竟然…… 在这里等她:1943  第17章 “所以，我才不能碰了？”:1460  第18章 “姐姐现在，明白了吗？”:1148
          第19章 “古轻柠！你给我滚出去”:1423  第20章 她逃不开 也……救不了:2644  第21章 她不知道，该如何跨越:2991  第22章 你在这里做什么？:2425  第23章 “姐姐可以回去了吗？”:2008  第24章 教她什么？:1534
          第25章 古轻柠……你先放开我:1463  第26章 “姐姐……我洗好了”:1992  第27章 “不是这样”:2342  第28章 她不知道那是什么:2571  第29章 这条路的尽头，到底是什么？:2474  第30章 “你只能是我的”:2435
          第31章 “姐姐，开开门”:1701  第32章 “除了姐姐，我谁也不要”:1351  第33章 对我而言，还有什么意义？:2079  第34章 “来不及了”:2012  第35章 “没人能逼我嫁人了”:1478  第36章 还想从我这里，得到什么？:1666
          第37章 “果然……还是……不行吗……”:1615  第38章 姐姐一定会恨死她了:2548  第39章 “越快越好”:1587  第40章 “从你回来的那一天起，一切就都错了”:1784  第41章 “把刀……放下”:1527  第42章 我不会走了:1877
          第43章 “所以……你满意了吧？”:2652  第44章 令人绝望的……囚禁:5005  第45章 那晚的姐姐很好看:4470  第46章 想对她好一点？:2210  第47章 令人心悸的平静:2817  第48章 只要……你能让我，留在你身边:2127
          第49章 暴风雨，快要来了:1461  第50章 足以照亮整个余生:2583  第51章 用一生的时间，慢慢等:1887  第52章 有些东西，已经不一样了:2150  第53章 “不准靠过来”:1967  第54章 似乎已经……不想回去了:1816
          第55章 乖别动:2274  第56章 她终于……回家了:1915  第57章 “不会再让你害怕”:1884  第58章 你……你这简直是在玩火！:3320  第59章 姐姐后悔吗？:2740  第60章 格外刺耳和惊心:3728
          第61章 “和姐姐没有关系”:2203  第62章 这让她如何成全？:1571  第63章 真是冤孽啊:1629  第64章 她不会放手:2147  第65章 哪怕……这会伤筋动骨:2298  第66章 别吓我……求你了…:2183
          第67章 伤人也伤己:1871  第68章 至少……没有走到最坏的那一步:4160  第69章 “以后……有我”:2083  第70章 她知道齐吟诗一定在找她:3422  第71章 微弱星光:5086  第72章 这就够了:1925
          第73章 未来会怎样，依旧无人知晓:1763  第74章 “让柠柠……悠着点”:1927  第75章 “今年，我们在一起过”:1963  第76章 圣诞快乐:2649  第77章 温暖而真实的确定:1629  第78章 新的一年，新的开始:2451
          第79章 她的世界，一片安宁:2067  第80章 人间烟火，与细水长流:2239  第81章 某个瞬间想起了她:3168  第82章 更加亲密，更加漫长:1348  第83章 我们古大小姐……‘功不可没:2722  第84章 你会不会，比现在过得轻松一些？:3753
          第85章 余生交付，荆棘同路:3699  第86章 誓言已立，余生绑定:2966  第87章 余生很长，荆棘或许遍地:6962  第88章 夜还很长，余生也是:4209  第89章 “我想去看极光”:3707

07:12:21  让我听见你的声音 (不住空) [完结]  87p→101章  781KB  OK
          https://www.52shuku.net/gl/02_b/bkcBM.html
          第1章 分手:2640  第2章 可笑:2387  第3章 初见:2259  第4章 自闭:2507  第5章 崇拜:2266  第6章 改观:2259
          第7章 追求:2742  第8章 成长:2376  第9章 连麦:2506  第10章 重要:2052  第11章 吻戏:2307  第12章 教学:2175
          第13章 算数:2315  第14章 饭局:2181  第15章 长情:2343  第16章 留宿:2580  第17章 共眠:2304  第18章 心跳:2342
          第19章 思念:2164  第20章 偶遇:2324  第21章 误会:2283  第22章 不去:2356  第23章 误会:2544  第24章 五杀:2264
          第25章 热烈:2139  第26章 接吻:2196  第27章 心疼:2185  第28章 刚好:2331  第29章 未知面:2264  第30章 心意:2675
          第31章 广袤:2626  第32章 出发:2268  第33章 醉酒:2349  第34章 溪梦:2142  第35章 沦陷:2382  第36章 心动:2295
          第37章 教我:2156  第38章 滑雪:2274  第39章 表白:2274  第40章 脱单:2478  第41章 欲望:2198  第42章 坦途:2886
          第43章 生日:2628  第44章 分歧:2322  第45章 永远:2256  第46章 挂件:2657  第47章 家长:2344  第48章 谈话:2757
          第49章 回家:2142  第50章 苦涩:2356  第51章 说明:2769  第52章 亏欠:3032  第53章 害怕:2478  第54章 决定:2286
          第55章 割舍:2642  第56章 偏爱:2174  第57章 望好:2259  第58章 不该:2547  第59章 懂她:2256  第60章 通话:3012
          第61章 窒息:2164  第62章 再遇:2296  第63章 转机:2346  第64章 等待:2855  第65章 小鸟:4321  第66章 本心:2169
          第67章 连麦:3251  第68章 回家:2616  第69章 相见:2014  第70章 钥匙:2437  第71章 重逢:2181  第72章 简单:3345
          第73章 素面:2069  第74章 宴会:2708  第75章 计划:2756  第76章 拍卖:2471  第77章 手段:2179  第78章 恋人:2289
          第79章 和好:2688  第80章 迷路:3336  第81章 哄好:2410  第82章 声音:3245  第83章 好看:2562  第84章 愤怒:2894
          第85章 意外:3036  第86章 得救:3025  第87章 希望:2427  第88章 松松:3556  第89章 上药:2580  第90章 二搭:2312
          第91章 要强:2791  第92章 石膏:2180  第93章 衔光:2049  第94章 安慰:3156  第95章 指套:2348  第96章 杀青:3121
          第97章 释然:3512  第98章 肯定:3149  第99章 签名:2680  第100章 魅魔:3109  第101章 声音:5624

07:13:13  求主母疼我 (胡33) [完结]  141p→103章  1235KB  OK
          https://www.52shuku.net/gl/02_b/bkcBL.html
          第1章 反正是做妾，给谁做不是做。:4036  第2章 进来。:3257  第3章 求主母怜惜。:2781  第4章 让妾好好服侍您。:3097  第5章 我缠了她两次呢。:3188  第6章 她需要讨好侍奉的只有主母。:3629
          第7章 主母，求您了。:3185  第8章 提壶温水来。:3092  第9章 就你事情多。:2084  第10章 粉牡丹鲜艳欲滴。:2204  第11章 主母奖励我回来的。:2320  第12章 求主母责罚。:2386
          第13章 主母可还舒服？:2329  第14章 眼尾泪痣都透着股异样风情。:2315  第15章 那几天主母用李月儿用的勤。:2156  第16章 还以为您今日不让奴婢过来了呢。:2151  第17章 床单娇贵碰不得水。:2303  第18章 你穿过我还怎么穿。:2308
          第19章 好好的一个人长了张不实用的嘴。:2592  第20章 那她今天再吹吹耳旁风。:2219  第21章 坐都坐了。:2373  第22章 奴家分明是主母的妾。:2176  第23章 敢跑我就把你锁在床上。:2478  第24章 我都想了。:2231
          第25章 一朵又一朵的湿润水花。:11714  第26章 纵容她贪欢一次又一次。:3334  第27章 怕您不高兴时会弄的太深。:3566  第28章 这得做到什么时候！:4348  第29章 分明是主母在上。:3746  第30章 她月事今天结束。:3703
          第31章 今晚想求主母开小竈。:3698  第32章 七进七出。:3287  第33章 累坏她了。:4559  第34章 主母在马车裏安静的等了她许久。:4969  第35章 我答应你。:3303  第36章 不准叫。:3234
          第37章 才没弄到床上过。:3881  第38章 书房裏不要亲亲我我的。:3566  第39章 原来是病情相投啊。:4064  第40章 当妾的本就该伺候老爷跟主母。:4003  第41章 那主母奖励我吧。:5315  第42章 自然是用手量过。:3943
          第43章 隐隐合不拢。:3611  第44章 求主母疼我~:3579  第45章 让她进又要她出的。:4236  第46章 狠狠的弄哭我。:6655  第47章 骑到主母头上作威作福。:3292  第48章 今夜主母想吃我的吗。:5093
          第49章 还有半个时辰结束。:3709  第50章 看到车厢晃了一下。:4058  第51章 你可愿赎身出来。:4371  第52章 亲热都不避着点人了。:3315  第53章 月事干净了。:4562  第54章 小月儿。:4970
          第55章 主母肯定喜欢她！:3621  第56章 三人的温泉挤的不行。:3439  第57章 低声些，别叫。:6806  第58章 流动的活水。:4297  第59章 时仪居然是姑娘！:4104  第60章 我就没打算要。:3935
          第61章 朝暮与共，行至天光。:3971  第62章 我要主母的心。:6725  第63章 无意识的主动迎合。:3617  第64章 可不能让李月儿爬到主子们的头上。:3613  第65章 被枝叶包裹托扶的粉牡丹。:5661  第66章 比撬开蚌壳还难。:5311
          第67章 正经下藏着不正经。:3324  第68章 太胀了不要了。:3592  第69章 软磨硬泡了一晚上。:4345  第70章 再馋今天也吃不到了。:3975  第71章 甜不甜？:3644  第72章 谁让我惯会哄小孩呢。:4248
          第73章 你可曾想过我？:3728  第74章 不能太惯着她。:4298  第75章 主母定是想她了。:5006  第76章 主母赏我一文钱如何？:4100  第77章 被主母吸空吃掉了吧。:4322  第78章 炭火最旺，热意正浓。:3953
          第79章 全是水声。:5955  第80章 求主母，好好疼我。:3721  第81章 日后曲家，将由我做主。:6945  第82章 我有经验的很。:3377  第83章 求家主教教我。:4239  第84章 李月儿，你是我的妻。:4890
          第85章 生死契阔。:4225  第86章 晚半天都不行。:3667  第87章 把我压在箱子上——:5608  第88章 微凉体温跟热情的撩拨。:3540  第89章 明日去书院。:4548  第90章 夜裏流水。:3967
          第91章 是进去还是出来？:4246  第92章 在主母身上嗅了一夜的冷梅香。:5537  第93章 本就是她连走带跑的奔赴主母。:4129  第94章 那你奖励我。:5280  第95章 水全部吃进肚子裏。:4326  第96章 全都笑纳了。:3093
          第97章 那求主母，今夜疼疼我。:3694  第98章 你找到你的身契了？:4674  第99章 一枚铜板。:3954  第100章 天生一对，契合的很。:4597  第101章 日后姐姐疼你。:4315  第102章 做个人吧。:3618
          第103章 银钱一文，真心一颗。（正文完结）:4889

07:14:45  归瑕 (月本渡) [完结]  245p→216章  2195KB  OK
          https://www.52shuku.net/gl/02_b/bkcBK.html
          第1章 挟持:2141  第2章 渡江:2297  第3章 带上:2503  第4章 胁从:2633  第5章 围堵:4012  第6章 遇险:3387
          第7章 逃:2284  第8章 坠谷:3061  第9章 烧:3029  第10章 天真:3362  第11章 继承:2671  第12章 戚岚:2155
          第13章 故事:2776  第14章 洞穴:3116  第15章 说谎:4218  第16章 出山:5146  第17章 见过:4919  第18章 梦话:2318
          第19章 惹恼:4070  第20章 下贱:3645  第21章 亲我:4053  第22章 认不出:2361  第23章 杀你:2651  第24章 耽搁:3061
          第25章 咬:3798  第26章 喝药:4143  第27章 搜寻:3250  第28章 坦白:3880  第29章 狡诈:3548  第30章 跳江:3234
          第31章 身世:3332  第32章 曲意逢迎:3041  第33章 为你:2483  第34章 喜欢:5221  第35章 明显:2629  第36章 跑:3556
          第37章 旧事:3048  第38章 身亡:3870  第39章 不喜欢:2270  第40章 药蛊:3041  第41章 圣女:3176  第42章 偷跑:2954
          第43章 胡闹:2591  第44章 好事:1888  第45章 承诺:2781  第46章 帮您:2276  第47章 罚:3264  第48章 找我:2475
          第49章 骗我:2855  第50章 无意:3032  第51章 怜悯:3068  第52章 漂亮:3539  第53章 要是:3962  第54章 偶遇:2867
          第55章 伤疤:3221  第56章 吊命:5308  第57章 找:2535  第58章 有愧:3924  第59章 讨厌:3813  第60章 毒:3157
          第61章 谈话:3024  第62章 怎么办:3239  第63章 舍不得:3461  第64章 仇怨:2880  第65章 进庄:3152  第66章 交易:4772
          第67章 帮忙:2654  第68章 两下:2631  第69章 流氓:2527  第70章 抓到:3125  第71章 混账:2410  第72章 祠堂:2927
          第73章 不死不休:2213  第74章 自私:2367  第75章 求救:2759  第76章 登云鹤:5559  第77章 失踪:3283  第78章 认出:4600
          第79章 死因:2538  第80章 锁住:2419  第81章 感受:3270  第82章 认错:3461  第83章 报备:3206  第84章 前夜:2908
          第85章 兵分两路:2973  第86章 寻:2876  第87章 该死:3878  第88章 人鬼:3362  第89章 别离:4883  第90章 空欢喜:3552
          第91章 地图:3531  第92章 医者:3577  第93章 剑法:3556  第94章 夜庙:2195  第95章 夜庙（2）:2786  第96章 交换:2369
          第97章 家:3218  第98章 应约:2588  第99章 相逢:4200  第100章 谈一谈:3073  第101章 春天:3204  第102章 交易:2888
          第103章 一下:3306  第104章 送剑:3567  第105章 惩罚:3409  第106章 热:2539  第107章 主动:3296  第108章 师祖:3542
          第109章 礼物:2832  第110章 试药:5198  第111章 誓言:2079  第112章 安慰:3231  第113章 变数:2914  第114章 生气:3611
          第115章 逗趣:3040  第116章 吞没:2303  第117章 起床气:3223  第118章 散财:3698  第119章 药箱:3397  第120章 武威:2535
          第121章 三渡坡:3293  第122章 入市:3596  第123章 雨中刀:3669  第124章 宝贝:2628  第125章 解药:4376  第126章 夜行:3582
          第127章 姐妹:3674  第128章 害怕:2677  第129章 酒:3962  第130章 怀疑:3690  第131章 巧合:3333  第132章 摸:3286
          第133章 再摸:3548  第134章 师傅:3241  第135章 亏欠:3334  第136章 糟心:3614  第137章 劫财:4202  第138章 吹吹:3869
          第139章 辛苦:3917  第140章 绑走:3429  第141章 裂痕:3370  第142章 秘密:4246  第143章 劫后:3747  第144章 抱:3261
          第145章 瑕瑕:3353  第146章 且末之夜:5955  第147章 且末之夜2:3197  第148章 离开:3101  第149章 俱伤:3230  第150章 争论:3040
          第151章 到家:3493  第152章 回来:3416  第153章 札记:3637  第154章 争吵:3584  第155章 发疯:3716  第156章 不改:3838
          第157章 出师:3237  第158章 族群:3322  第159章 约定:3157  第160章 晒月亮:3822  第161章 雪:3454  第162章 不速之客:3727
          第163章 巧计:3233  第164章 敢不敢:3297  第165章 晚安:3327  第166章 惊喜:3833  第167章 抛下:3574  第168章 哪裏:3487
          第169章 妥协:3180  第170章 死路:3297  第171章 名字:3296  第172章 路:3206  第173章 毒药:3322  第174章 冲散:3524
          第175章 转折点:3646  第176章 不接受:3343  第177章 验证:3386  第178章 庇护:3304  第179章 震动:3490  第180章 深谷:2923
          第181章 抢人:3749  第182章 幻觉:3310  第183章 地宫:3160  第184章 不忍:3188  第185章 有病:2751  第186章 娘:3230
          第187章 真情:3097  第188章 攻击:3312  第189章 中招:3228  第190章 秘籍:3245  第191章 崩塌:3439  第192章 看海:2929
          第193章 寻枝:3152  第194章 外乡人:3457  第195章 外乡人2:3583  第196章 外乡人3:5204  第197章 外乡人4:7386  第198章 失乡人:3520
          第199章 救人:3358  第200章 出路:3432  第201章 出路2:3178  第202章 刺客:3456  第203章 晚瑛:3232  第204章 邪功:3554
          第205章 冒牌货:4750  第206章 弱点:3089  第207章 相残:5409  第208章 闭嘴:3905  第209章 爱你:3807  第210章 终了:2449
          第211章 明天:3140  第212章 回家:3483  第213章 怨怼:3014  第214章 清平:2936  第215章 重逢:5238  第216章 走喽:5822

07:16:30  低温灼伤 (真是兔了) [完结+番外]  269p→167章  2244KB  OK
          https://www.52shuku.net/gl/02_b/bkcBJ.html
          第1章 目标人物:4286  第2章 我终于找到你了:3402  第3章 真是让我好找啊，叶舸:3467  第4章 咬人的狗不叫:3039  第5章 我的礼，马上到:3093  第6章 过来倒酒:3192
          第7章 细高跟，不轻不重地踩碾:3578  第8章 想将她弄坏:3382  第9章 那你过来一点，我给你:3063  第10章 够吗？还要吗？:3236  第11章 我很喜欢:2251  第12章 抱歉，我把你弄脏了:3012
          第13章 舔啊，不是爱玩吗？:3304  第14章 第二个任务:3485  第15章 你到底瞒了我多少东西:2885  第16章 鼓手阿辞请求添加好友:3260  第17章 玩到你失控为止:3274  第18章 你是在找我吗？:3058
          第19章 我今晚缺条不出声的狗:3157  第20章:5066  第21章 又被我抓到了呢:5148  第22章 咬那么紧做什么（一更）:3126  第23章 下一步该干什么？:3068  第24章 把我搞成这样，你不准备负责吗？（一更）:4944
          第25章 你的活儿，真烂:6059  第26章 你们为什么会在这裏:6085  第27章 今晚不只要帮我揉脚哦（一更）:4656  第28章 叫你进来是来伺候我洗澡的:9320  第29章 再来一次:4862  第30章 我好像，找到你的弱点了:3048
          第31章 你，在害羞？:4185  第32章 暗流涌动:4953  第33章 我对你很感兴趣:3573  第34章 我不想你为难:3347  第35章 今晚跟我回家好不好？:4180  第36章 为她挡酒:6415
          第37章 竟敢耍她:3729  第38章 合作愉快:6741  第39章 危机感:3062  第40章 我教你:6573  第41章 我不跟生意伙伴当情人的:4125  第42章 我更想吃你，怎么办？:3875
          第43章 别怕:9244  第44章 叶舸，你最好不要再消失:9400  第45章 嘘，不要发出声音哦:6680  第46章 我腿软了（一更）:4916  第47章 我在跟踪你（二更）:4578  第48章 把你交给我吧:3627
          第49章 倒酒:3709  第50章:11150  第51章 吃醋:3646  第52章 第52章:耍赖:3212  第53章 你好幼稚:3136  第54章 螳螂捕蝉:3136
          第55章 让我想想，怎么奖励你:3196  第56章 今晚别想下床:3289  第57章 你死定了！:3717  第58章 让你下不了床:3335  第59章 门外有人在听:3755  第60章 狐貍踩奶:3299
          第61章 打够了吗，跪下来回答我:3254  第62章 装可怜:5107  第63章 都湿透了:5532  第64章 任务失败了:3539  第65章 我不会撤离的:7442  第66章 这不是云九纾的味道:4171
          第67章 谁欺负你，我给你出气:3031  第68章 叶舸，去死吧:5139  第69章:3198  第70章 好可惜，就差一点:3204  第71章 九老板回来了:3774  第72章 做局:3156
          第73章 故意洗澡给我看？:3407  第74章 听不清话，只想吻她:4370  第75章 叫妈妈:3257  第76章 叶舸，我们做吧:4075  第77章 骗人的小孩，是要被惩罚的:3294  第78章 你是不是有事情在骗我？:3607
          第79章 你不能再骗我了:4091  第80章 人不在房间，也没带手机:4036  第81章 狗，跑了:5883  第82章 不详的预感:3236  第83章 您要找的人是回来了吗？:3216  第84章 看见她了:4776
          第85章 叶舸是假名字:3551  第86章 已经失联十六个小时了:3183  第87章 倒在血色中...:8085  第88章 她还活着吗？（一更）:3297  第89章 云记涉嫌售卖三水，请配合调查（二更）:4685  第90章 她在故意隐瞒:6234
          第91章 云老板，我的上级想见您:3604  第92章 终于有了接近你的机会:3307  第93章 她在洗澡，你找谁？:6178  第94章 （一更）:3480  第95章 叶舸的真实资料:3082  第96章 云潇，我知道你的秘密:3986
          第97章 把你找出来，挫骨扬灰:6393  第98章 我好像出现幻觉，看见她了:10160  第99章 你是在找我吗？:4837  第100章 （文案）:4598  第101章 恨总比遗忘好:4084  第102章 一更:3277
          第103章 二更:6935  第104章 你怎么这么能忍？:4163  第105章 我叫宜程颂:3196  第106章 宜程颂，你去死吧:3217  第107章 别想，别想甩开我了云九纾:3042  第108章 别恨错人，云九纾:3277
          第109章 你是她的克星:3134  第110章 不能:3156  第111章 我不喜欢你给她打电话:3070  第112章 吃饱了吗:10271  第113章 狗咬狗:4581  第114章 九老板，虚惊一场:6266
          第115章 宜程颂！你在干什么:6276  第116章 你在我心裏三年前就已经死了:3374  第117章 心脏处的疤:3272  第118章 就算是恨，她也要做云九纾最恨的那个:8248  第119章 那就讨好我吧:3057  第120章 以小狗名义要奖励:3294
          第121章 好久不见九老板:3719  第122章 开业大吉:3749  第123章 可能真的要提前了:4416  第124章 诺野是个鱼饵:5153  第125章 赵云津的目的又是什么呢？:6612  第126章 我要云九纾这辈子都忘不了我:7661
          第127章 感谢富婆山外青山的加更:血色对峙:9419  第128章 以身入局:3110  第129章 就得弄死她:3092  第130章 富婆小张加更一:叶舸，去死吧:4622  第131章 富婆小张加更:去云潇生母的墓园:9331  第132章 抓到诺野了:6033
          第133章 录音笔和信笺:7143  第134章 赵云津有秘密:3672  第135章 云潇的真面目:4049  第136章 山水摆件:5136  第137章 举报信:9603  第138章 在背后推动一切的人是谁？:7127
          第139章 云九纾，快来医院:6053  第140章 遗物:4059  第141章 吾妻亲启:5032  第142章 病人脱离危险了:5660  第143章 阿纾，别哭:4282  第144章 我比我想象中还要爱你:3549
          第145章 接吻，我慢慢教你:3170  第146章 我是阿纾的累赘:3051  第147章 被甩的第三次:4051  第148章 好好补偿我:4135  第149章 正文完:我爱你:2599  第150章 长夜如此安静:4239
          第151章 if线:拥抱自由:4175  第152章 if线:支付点利息:5189  第153章 if线:别再让我看见你！:3471  第154章 if线:给我个惊喜:5207  第155章 if线:给你放假:3229  第156章 if线:我们私奔，丢下全世界:7857
          第157章 if线:绝对自由:4294  第158章 if结束:拥有一切:3785  第159章 吃醋:2840  第160章 口欲期:2657  第161章 不乖的小尾巴:2268  第162章 没喝够:2086
          第163章 宜程颂，我好爱你:3681  第164章 去窗边:2282  第165章 宜程颂，你有孩子了:4471  第166章 要复仇还是要江宜:3554  第167章 有家了:2889

07:17:18  被偏执白月光缠上了 (原味奶酪棒) [完结+番外]  132p→90章  1169KB  OK
          https://www.52shuku.net/gl/02_b/bkcBH.html
          第1章 你好香:3431  第2章 离婚律师:3112  第3章 骗子:3670  第4章 你变了:3030  第5章 甜头:3021  第6章 狡辩:3013
          第7章 疯狗:2990  第8章 乐不思蜀:3020  第9章 八卦:3085  第10章 她的:3024  第11章 醋坛子:2057  第12章 挑拨:2447
          第13章 一个不留:2108  第14章 见家长:1988  第15章 女朋友:2010  第16章 唯一:2251  第17章 不乖:2138  第18章 生病:2000
          第19章 喜欢:2183  第20章 由爱生恨:2240  第21章 道歉:2664  第22章 回避:2424  第23章 抓包:2098  第24章 三合一:10888
          第25章 有惊无险:3502  第26章 威逼:3840  第27章 故技重施:3835  第28章 撬锁:3202  第29章 剖心:3171  第30章 甜蜜回忆:3914
          第31章 生日:3526  第32章 戒指:3515  第33章 误会:3546  第34章 二合一（含营养液加更）:6507  第35章 二合一（含营养液加更）:6508  第36章 杀青:3507
          第37章 调虎离山:3506  第38章 威胁:3576  第39章 冷静一下:3511  第40章 信任:3168  第41章 二合一（含营养液加更3）:6582  第42章 二合一（含营养液加更4）:6190
          第43章 后悔:3002  第44章 狗叫:3069  第45章 温泉:3542  第46章 难过:2998  第47章 生日礼物:4200  第48章 二合一（营养液加更5）:6217
          第49章 二合一（营养液加更6）:6518  第50章 情感黑洞:3027  第51章 旅行:3072  第52章 巧遇:3049  第53章 假结婚:3491  第54章 手账本:2999
          第55章 二合一（营养液加更7）:6503  第56章 二合一（营养液加更8）:6070  第57章 二合一（营养液加更9）:6179  第58章 离婚:6149  第59章 谢总:6198  第60章 清醒克制:6058
          第61章 爆料:6000  第62章 失眠:6041  第63章 动摇:6025  第64章 事故:6192  第65章 答案:6232  第66章 我爱你:3811
          第67章 女朋友:2417  第68章 登堂入室:6014  第69章 我相信你:6177  第70章 链子:6089  第71章 别不要我:5998  第72章 原型:6007
          第73章 撞南墙:6156  第74章 偷窥:6167  第75章 忍耐:6253  第76章 只对你乖:6043  第77章 秘方:6166  第78章 葬礼:6525
          第79章 爱人:6305  第80章 你是自由的:6208  第81章 终章:2130  第82章 番外一：婚礼:3940  第83章 番外二（if线）：重返18岁（一）:6117  第84章 番外二（if线）：重返18岁（二）:6053
          第85章 番外二（if线）：命运回响（一）:6047  第86章 番外二（if线）：命运回响（二）:6175  第87章 番外三：婚后日常之开车:3011  第88章 番外四（if线）：老婆变小狗（一）:3005  第89章 番外四（if线）：老婆变小狗（二）:3234  第90章 番外五：蜜月旅行:2819

07:18:10  风起皇梁 (唐西洲) [完结+番外]  127p→120章  1165KB  OK
          https://www.52shuku.net/gl/02_b/bkcBG.html
          第1章前奏:1202  第2章你叫扬子洛:2937  第3章我叫扬子洛:2032  第4章周合萌:1783  第5章出门1:4272  第6章出门2:3474
          第7章陆府1:2598  第8章陆府2:3004  第9章知己:3351  第10章离家出走:2655  第11章蒙安阳:3749  第12章酒醒:3363
          第13章成何体统:3322  第14章重阳节:2620  第15章爱上你了:3504  第16章救人:2573  第17章子洛是我的女儿:3095  第18章吃醋:2823
          第19章我从未小看子洛:2557  第20章我亦在意她:2543  第21章言真散:2971  第22章情史:3923  第23章疏离:2991  第24章清平观:3270
          第25章秘密:2864  第26章唐西洲也是扬子洛？:2524  第27章生日快乐:3778  第28章回府:3728  第29章风寒吻:2920  第30章女朋友:3679
          第31章也就你能欺负我了:3513  第32章宜洞房:3167  第33章旧事:2491  第34章一家人:3641  第35章陆祁:3118  第36章友情？:3399
          第37章道歉:2810  第38章深爱是一个人自愿奔赴的沉沦:3049  第39章我会想你的:3639  第40章南风赠礼:2646  第41章遇袭:2506  第42章暗卫营:3424
          第43章云清和:4044  第44章教习课:2664  第45章报复:3140  第46章挨打:3656  第47章我不理你了:2548  第48章养伤:2869
          第49章把你藏好，予你安乐:2623  第50章梦:2588  第51章念念不忘，必有回响:2656  第52章朋友？:2589  第53章挑衅:3823  第54章书房:2880
          第55章误会:3139  第56章听候调遣:4314  第57章刺客？:2574  第58章试探:2516  第59章宫宴:3005  第60章愿耐寒冬，宜春厮守:2620
          第61章聊天:2366  第62章我不是她:2932  第63章留下:2636  第64章你愿意吗:3262  第65章虚实:2371  第66章阔英:2960
          第67章回家:2412  第68章告别:3188  第69章真正的保护是成全:2954  第70章拿捏:3153  第71章求婚:3181  第72章欢迎子洛大人回家:3260
          第73章我想守护的是你:3146  第74章陆祁和蒙安阳？:3051  第75章过年了:3142  第76章想你:2983  第77章陆槿是我的全部:2965  第78章交换:3164
          第79章我有新女朋友了:4052  第80章分手:3523  第81章救她:3034  第82章风起皇梁:3075  第83章受刑:4032  第84章我不许你死:3597
          第85章愿我惊鸿冠日长:4042  第86章俞州:3819  第87章等我回去:3001  第88章及时收手吧:3371  第89章故人归来:3074  第90章寒毒发作:3197
          第91章原谅:3044  第92章回朝:3716  第93章一别两宽:3329  第94章洲洲:3811  第95章我想重新追求你:3686  第96章你就是这么照顾自己的吗:3479
          第97章全心交付，束手无策:3024  第98章和离:4224  第99章见岳父:4035  第100章狩猎:3206  第101章乖~:3271  第102章西洲会很乖的:3332
          第103章吃错醋了:3862  第104章这次是我提的:3504  第105章你在春天回来，我在春天等你:3841  第106章乖，不怕:4044  第107章塞翁失马焉知非福:3815  第108章我们再谈一次恋爱吧:3166
          第109章唐西洲的陆槿:3713  第110章只此一世，爱她一人，终此一生:3519  第111章互道早安，互相说我爱你:4228  第112章暗卫营集议:4185  第113章你和安恬都是我妹妹:3554  第114章去做唐西洲，忘记扬子洛:4039
          第115章我还没跟你过够呢:3076  第116章报仇:3005  第117章我好想你啊:4272  第118章番外(1):4111  第119章番外(2):3936  第120章番外3:4119

07:18:58  长公主总在装穷装弱 (南樵渔人) [完结+番外]  130p→117章  1127KB  OK
          https://www.52shuku.net/gl/02_b/bkcBE.html
          第1章 我不上你的当!:3389  第2章 我不信你的邪!:3342  第3章 我打死你个狗!:3164  第4章 茍活吧。:3349  第5章 她没有牵挂。:3158  第6章 送走:3046
          第7章 祁路遥也在回望她:6565  第8章 “我不疼。”:3229  第9章 还有点，可爱。:2738  第10章 祁路遥躺在床上，等闻宁……:1979  第11章 垂死病中惊坐起:2631  第12章 “那晚安啦。”……:3215
          第13章 祁路遥偏头，脸颊都红了……:3194  第14章 连糖人都没有吃过。……:3392  第15章 哄姑娘:3223  第16章 第16章 我想和你做朋友:3161  第17章 好馋人:2266  第18章 只有魔法才能打败魔法。……:3372
          第19章 心想事成金手指，假的……:3086  第20章 路老六:2429  第21章 周老七:3324  第22章 就决定是你了:3429  第23章 平淡生活裏的一颗刺……:4230  第24章 白天想，夜裏哭，做梦都……:3243
          第25章 求生欲:2517  第26章 对不起:2121  第27章 我养你啊:3031  第28章 没钱害了她:2726  第29章 不能转卖:3213  第30章 阿遥还是个人吗?……:2841
          第31章 感情骗子与绝世妖妃:4787  第32章 闻氏法则，一个也别想逃……:3964  第33章 暗中较劲:2058  第34章 至少不是她所知道的那个……:3113  第35章 不请自来:3291  第36章 身世:2510
          第37章 告状:3143  第38章 祁路遥笑容肆意耀眼:3082  第39章 渐渐灼热:3695  第40章 舟舟干的事，怎么能叫偷……:3191  第41章 见见青山:3215  第42章 人还在:5455
          第43章 打人不打脸:3153  第44章 伉俪情深个pee:1961  第45章 闻宁舟一说话，顿时就不……:3191  第46章 想见她:2139  第47章 欲言又止，止言又欲:2323  第48章 天赋技能:3122
          第49章 为这个家裏付出了太多!……:2630  第50章 祁路遥暗中勾起了嘴角……:3067  第51章 破晓:2453  第52章 一般般的亏:2341  第53章 保证:3397  第54章 一骑绝尘:2632
          第55章 短小预警:1077  第56章 “恭喜。”:3604  第57章 镀万丈金身:2096  第58章 扛谁谁是我妻子:3115  第59章 今天阿遥坦白了吗?:2101  第60章 富可敌国:1775
          第61章 蒙圈:2491  第62章 不如睡觉:4134  第63章 绝色:2415  第64章 暧昧:2933  第65章 不知己皮闻宁舟:4019  第66章 东方睡美人:3285
          第67章 祁路遥的真身:3689  第68章 远路归人:2535  第69章 问号缠脖:2185  第70章 命格:3502  第71章 站队:4119  第72章 舟的报恩:3443
          第73章 深刻学习:3506  第74章 管家找我，我超抠:3521  第75章 送菜:3763  第76章 菜的只有她一个:4171  第77章 生日:3225  第78章 回京:4700
          第79章 情敌见面分外眼红:3604  第80章 我不是来破坏你们，我是……:2300  第81章 闹人精:2061  第82章 下次还要:3926  第83章 求婚:3960  第84章 小变态:3375
          第85章 她的人形金手指:3093  第86章 隔空对话:3783  第87章 肥鸽传书:1799  第88章 猜到了开头，却猜不中结……:2587  第89章 原来瞎的竟是她自己。……:2690  第90章 冲喜:3805
          第91章 蠢东西:3555  第92章 到不了的御花园:3532  第93章 气到死:2592  第94章 香不香:3251  第95章 黑虎掏心的背叛滋味:3108  第96章 小太阳:3139
          第97章 逮住打死:3568  第98章 你戴上面具，我照样认识……:3539  第99章 尘埃落定:3053  第100章 疯了有段时间:4078  第101章 冷面公主:3469  第102章 见面:3625
          第103章 活了过来:5091  第104章 傲娇公主:3136  第105章 骗人眼泪:3387  第106章 同榻而眠:4708  第107章 灵魂拷问:2688  第108章 作威作福:3213
          第109章 她们的关系还有这一层……:3530  第110章 杂草藏在园中，不是挺……:3284  第111章 于事无补:3259  第112章 杀鸡儆猴:2787  第113章 借刀杀人:3468  第114章 冷面撒娇精:3176
          第115章 传下去，新帝惧内:3112  第116章 普天同庆:4620  第117章 番外一 送子汤消暑水:2891

07:20:21  我还想她[重生] (低绿枝) [完结+番外]  216p→156章  1908KB  OK
          https://www.52shuku.net/gl/02_b/bkcBD.html
          第1章 方如练死了:3488  第2章 第七天:3535  第3章 方如练悔悟了:3740  第4章 “我……我是你姐！”:3313  第5章 “怎么瘦了那么多?”:2486  第6章 方知意偏头躲开。:2210
          第7章 此刻她又想吻上去了。:3566  第8章 手指的茧磨得她生疼。:3266  第9章 心猿意马。:4629  第10章 “我给你当妈妈行不行?”:3663  第11章 可方如练不甘心。:2987  第12章 无人知晓的隐秘角落:2809
          第13章 一如过去的每一次:3379  第14章 她怎么敢?:2940  第15章 欲念滋生。:3332  第16章 算了吧。:3039  第17章 暧昧吻痕:2276  第18章 “喜欢。”:2147
          第19章 冥冥之中，命中注定:2872  第20章 若隐若现:3643  第21章 “姐姐喜欢我吗？”:9658  第22章 隔靴搔痒似的难受。:4400  第23章 “你出去。”:3300  第24章 罪名成立。:3103
          第25章 越痛苦，越欢愉。:6252  第26章 “你干什么?”:2885  第27章 “是妹妹啦。”:4613  第28章 肆意妄为:4101  第29章 怎么就无可挽回了:3317  第30章 “还有内衣呢？”:5767
          第31章 “热，别抱。”:3986  第32章 姐姐也是女同性恋吗？:4339  第33章 “小骗子。”:4371  第34章 你在干什么？:4528  第35章 陪我一晚上好吗？:5515  第36章 下意识回吻。:4594
          第37章 超级妹控。:5339  第38章 她怎么舍得丢下她的小意。:3201  第39章 我想你。:3617  第40章 趁人之危。:3467  第41章 勒令她含着。:3985  第42章 我一点也不喜欢你。:3866
          第43章 在悔改吗？在忏悔吗？:3339  第44章 近在咫尺的吻。:6535  第45章 在她姐脸上亲了一口。:3499  第46章 我也会伺候姐姐的。:3669  第47章 邀请方知意亲吻。:3257  第48章 “你吃中药调理好了？”:4457
          第49章 “舔干净。”:3432  第50章 她的恶劣:3595  第51章 讨甜头。:3055  第52章 方如练有点想她。:4900  第53章 就这一次。:3276  第54章 侵入的，缠绵的。:3283
          第55章 小意不会，小意爱我。:3864  第56章 是春｜梦吗？:4462  第57章 “想去喝酒吗？”:3297  第58章 “不是亲的吧？”:3593  第59章 “小意，有点热……”:3625  第60章 我永远爱你。:3710
          第61章 近到暧昧的视角。:3353  第62章 “栓我。”:3190  第63章 她不敢说。:4865  第64章 居心不良。:3670  第65章 你想现在兑现吗？:3179  第66章 家人而已。:3338
          第67章 现在也想。:3349  第68章 想抱她。:3173  第69章 “只有热吗？”:4453  第70章 妹大避姐。:3491  第71章 “她很漂亮?”:3178  第72章 还没到给她哭坟的时候。:3173
          第73章 姐姐疼吗？:3162  第74章 梦到你了。:3245  第75章 卑劣的方如练大获全胜。:3971  第76章 得偿所愿也有憾。:2134  第77章 “方知意。”:3253  第78章 奔向她。:3219
          第79章 “我手劲不行。”:3268  第80章 “我是吸血鬼吗？”:3507  第81章 姐睡了吗？:3180  第82章 小意，别闹。:3553  第83章 是……妹妹啊。:3190  第84章 像私奔。:3194
          第85章 姐姐也会跟她接吻吗？:3505  第86章 去房间吗？:3212  第87章 亲密无间。:3476  第88章 “我漱好口了。”:3128  第89章 谁教你这样的？:3082  第90章 是不是可以更过分些？:2699
          第91章 她是居心不良的变态。:3179  第92章 喜欢的人要小心翼翼珍藏。:3245  第93章 胸腔裏升腾的渴望。:3171  第94章 说谎鼻子会变长。:2525  第95章 这完全是个始料未及的吻。:3217  第96章 方知意，我爱你。:4014
          第97章 我爱你。:3269  第98章 她说她喜欢我。:3810  第99章 我……我不行。:2643  第100章 太晚了。:2763  第101章 穆老师是好人。:3179  第102章 意犹未尽。:3176
          第103章 不可能。:3181  第104章 “过来。”:2952  第105章 花养得很好。:4032  第106章 她不能一错再错。:2643  第107章 “像婚纱。”:3110  第108章 “不是同性恋。”:4751
          第109章 成长还是叛逆？:6466  第110章 “她是你姐。”:5247  第111章 “你、做、梦。”:6010  第112章 从前种种，譬如昨日死。:2576  第113章 洗手。:3333  第114章 快要站不住。:4577
          第115章 “你找死？”:3407  第116章 “骗、你、的。”:4667  第117章 小满:2848  第118章 亲妹妹。:3046  第119章 我有说要帮你吗？:4976  第120章 “……姓林？”:3629
          第121章 “姐，你当不成圣人了。”:6014  第122章 “你总是对我格外残忍。”:5640  第123章 失控:3745  第124章 总好过漫长的凌迟。:6503  第125章 是你引诱我！:9910  第126章 或许我不是个好妈妈。:3503
          第127章 隐形的要挟。:5172  第128章 “怕那就一辈子都别回来了。”:3672  第129章 是个有点钱的混账。:6669  第130章 无声无息地被埋葬了。:3643  第131章 她或许是真的很渴。:4911  第132章 “恋人之间应该忠诚。”:3937
          第133章 “你下药了。”:5661  第134章 “我确确实实，执迷不悟了。”:4796  第135章 恨有这么烫吗？:3236  第136章 “不许穿。”:7419  第137章 “现在，是惩罚。”:6664  第138章 “我是自愿的。”:5836
          第139章 你不许碰她！:5067  第140章 “方如练，我们私奔吧。”:7357  第141章 爱意再不相见。:1468  第142章 “我要和姐姐一起幸福。”:13542  第143章 番外:瑞雪兆丰年:2160  第144章 番外:热烘烘的。:2955
          第145章 番外:那火反而越烧越旺了。:3621  第146章 番外:“我可都记仇。”:3024  第147章 番外:“摸摸。”:3698  第148章 番外:“你本事大了。”:3212  第149章 番外:戒糖:5494  第150章 番外:戒断反应:3000
          第151章 番外:葡萄:3617  第152章 番外:小意警官:8658  第153章 if 番外:如果方如练是妹妹:6606  第154章 if 番外:“这就没了？”:12602  第155章 全订福利番外:“在想你。”:3738  第156章 全订福利番外:婚礼:3223

07:20:31  [神雕同人] 神雕莫愁GL (七月岸) [完结]  24p→24章  221KB  OK
          https://www.52shuku.net/gl/02_b/bkcBB.html
          第1章 入古墓:3045  第2章 入古墓:3080  第3章 入古墓:3034  第4章 入古墓:3043  第5章 入古墓:3062  第6章 入古墓:3024
          第7章 入古墓:3120  第8章 下山去:3024  第9章 下山去:3227  第10章 下山去:3068  第11章 下山去:3064  第12章 下山去:3076
          第13章 下山去:3209  第14章 下山去:3118  第15章 回古墓:3082  第16章 回古墓:3030  第17章 回古墓:3090  第18章 绝情谷:3136
          第19章 绝情谷:3133  第20章 襄阳城:3029  第21章 襄阳城:3082  第22章 绝情谷:3076  第23章 绝情谷:3170  第24章 相见欢:2326

07:20:51  [希腊神话] 北国有燕 (梦里呓语) [完结+番外]  55p→35章  500KB  OK
          https://www.52shuku.net/gl/02_b/bkcBA.html
          第1章 Chapter 1:4444  第2章 Chapter 2:2684  第3章 Chapter 3:3594  第4章 Chapter 4:3005  第5章 Chapter 5:4478  第6章 Chapter 6:3129
          第7章 Chapter 7:2694  第8章 Chapter 8:5072  第9章 Chapter 9:2522  第10章 Chapter 10:4814  第11章 Chapter 11:7134  第12章 Chapter 12:2825
          第13章 Chapter 13:8282  第14章 Chapter 14:5479  第15章 Chapter 15:7289  第16章 Chapter 16:6005  第17章 Chapter 17:5070  第18章 Chapter 18:4318
          第19章 Chapter 19:4156  第20章 Chapter 20:2424  第21章 Chapter 21:3748  第22章 Chapter 22:3710  第23章 Chapter 23:3600  第24章 Chapter 24:3679
          第25章 Chapter 25:6842  第26章 Chapter 26:7782  第27章 Chapter 27:6599  第28章 Chapter 28:5730  第29章 Chapter 29:5304  第30章 Chapter 30:4202
          第31章 Chapter 31:4130  第32章 Chapter 32:2184  第33章 Chapter 33:6795  第34章 Extra·Swallow:8871  第35章 Extra·Artemis:4220

07:21:01  [综神话] 双月传说 (梦里呓语) [完结+番外]  14p→14章  124KB  OK
          https://www.52shuku.net/gl/02_b/bkcB9.html
          第1章 神之颜:1544  第2章 永寂之海:3102  第3章 陈年往事:3391  第4章 夜原:3317  第5章 孤身出征:2906  第6章 应允:2717
          第7章 阿弗洛狄忒:2829  第8章 誓约:2465  第9章 赫准斯托斯:2784  第10章 黄泉之门:4026  第11章 来去匆匆:2671  第12章 怀疑:3204
          第13章 暗月之主:3379  第14章 无双:2181

07:22:01  致章重锦 (唐西洲) [完结+番外]  163p→133章  1470KB  OK
          https://www.52shuku.net/gl/02_b/bkcB7.html
          第1章 大家好，我叫乐雨声:3996  第2章小仙人掌？:3249  第3章不可爱了:3291  第4章年轻还是挺好的:3261  第5章再给一次机会吧:3637  第6章我恨你:3149
          第7章谢谢重锦小朋友:3251  第8章喜欢的感觉:4201  第9章失眠:3357  第10章回礼:3238  第11章成年人的约定:3768  第12章章重锦的家:3106
          第13章体贴:3060  第14章玫瑰和雨声:3799  第15章难过:3025  第16章吵架:4005  第17章生气:3182  第18章姜思蛮:3127
          第19章冷战:3038  第20章失眠患者:3339  第21章和好:3411  第22章傲娇鬼章重锦:3156  第23章韩雨言，你不可以谈恋爱:3479  第24章过敏:3189
          第25章你是我的骄傲啊:3571  第26章晚饭:3784  第27章玫瑰花开:3140  第28章陪着她长大:4161  第29章你不好:3612  第30章那你要不要收留我？:4174
          第31章不跟男的结婚就会死吗:3424  第32章我养你啊:4345  第33章小甜心:4056  第34章十六班的运动会:4431  第35章不能喜欢你吗:4371  第36章少年不妨梦摘星:4131
          第37章失约:3268  第38章明天帮你批评她:2993  第39章七年:3507  第40章章重锦，你是不是有病啊:3793  第41章巨婴章重锦:4031  第42章初吻:3710
          第43章陪你睡觉:3140  第44章结束:2970  第45章游戏:3320  第46章同居:3151  第47章家长会:4192  第48章教乐雨声同学这样的学生是件快乐的事情。:4623
          第49章奖励:3521  第50章生日快乐:3696  第51章我会藏好的:3395  第52章我肯定在几百年前就说过爱你:3018  第53章妈，妈，妈:3559  第54章红糖姜茶:3396
          第55章自责:3594  第56章我要一个人过清净日子:3256  第57章我只是你的班主任:3879  第58章姜思蛮，你喝多了吧:3920  第59章你也想谈恋爱吗:3594  第60章章重锦，我就是喜欢你:3562
          第61章章重锦，我真的好喜欢你:3430  第62章是老师替我讨的公道:3699  第63章闪闪发光的乐雨声:3621  第64章小哭包:3733  第65章希望这个决定不是错的:4173  第66章跟我谈恋爱吧:3471
          第67章安全感，幸福感，认同感:4214  第68章以后都不会不要你了:3710  第69章翻篇:3396  第70章我和思蛮，谁比较重要:3976  第71章章老师的男朋友:4303  第72章少儿不宜:3089
          第73章新的约法三章:4187  第74章会弹钢琴的章重锦:3944  第75章很御很欲:3720  第76章庆功宴:4061  第77章晚霞:4167  第78章新年快乐:3227
          第79章出国:3608  第80章我们又没错:3076  第81章循着光的方向:4203  第82章我好后悔啊:3116  第83章怎么？变成小哑巴了:4218  第84章私奔，流浪地球:3099
          第85章原来她在骗我:3716  第86章再见，章重锦:3295  第87章星星的故事:3327  第88章结婚:3069  第89章她不好:3077  第90章重逢:3425
          第91章重逢后的章重锦:4517  第92章迷茫:4260  第93章是因为我吗:3462  第94章夜路:4466  第95章不经吓:3983  第96章说你错了，会改:4057
          第97章做我女朋友:4088  第98章草莓牛奶味:4319  第99章重锦阿姨？:3547  第100章重锦妈妈:3623  第101章我养你啊:3252  第102章及时哄:3482
          第103章孤家寡人:3005  第104章惩罚:3317  第105章久病成医:4130  第106章别跟着我了:3245  第107章等我的小朋友:3184  第108章要结婚领证:4106
          第109章重锦小朋友:3109  第110章重锦妈妈是我的宝贝:3336  第111章都要保护我:3857  第112章妈妈变成重锦妈妈了:4351  第113章我特别特别喜欢重锦:3242  第114章重锦姐姐可以宠坏:4141
          第115章奶狗？:3463  第116章小草莓:3495  第117章婚宴:4193  第118章分手吧:3429  第119章这是吃醋？:3961  第120章她是解药:3553
          第121章老师，重锦姐姐:3057  第122章声声宝贝，声声老婆:3148  第123章兑换:3409  第124章奶油花猫:3540  第125章同款亲亲:3360  第126章求婚:3277
          第127章录像:4094  第128章度蜜月:4679  第129章章重锦，我会一辈子对你好的:4342  第130章番外1–老婆孩子的生日:3992  第131章番外2–偷偷喜欢你:5597  第132章番外3说谎:5379
          第133章番外4-归来做少年:5680

07:22:54  东山之志 (江一水) [完结]  133p→118章  1161KB  OK
          https://www.52shuku.net/gl/31_b/bkcBl.html
          第1章 楔子:1114  第2章:3566  第3章:3602  第4章:2961  第5章:2955  第6章:2974
          第7章:3425  第8章:3807  第9章:3118  第10章:3343  第11章:3420  第12章:3581
          第13章:3460  第14章:3434  第15章:3720  第16章:3418  第17章:3177  第18章:3338
          第19章:3258  第20章:3600  第21章:3255  第22章:3553  第23章:3242  第24章:3251
          第25章:3648  第26章:3258  第27章:3291  第28章:3343  第29章:3243  第30章:3506
          第31章:3601  第32章:4039  第33章:3164  第34章:3086  第35章:3505  第36章:3264
          第37章 第八章:封魔:3503  第38章:3279  第39章:3187  第40章:3123  第41章:3587  第42章:3443
          第43章:3549  第44章:3536  第45章:3411  第46章:3360  第47章:3112  第48章:3248
          第49章:3691  第50章:3224  第51章:3214  第52章:3156  第53章:3109  第54章:3185
          第55章:3515  第56章:3070  第57章:3154  第58章:3062  第59章:3207  第60章:3179
          第61章:3194  第62章:3233  第63章:3155  第64章:3088  第65章:3182  第66章:3157
          第67章:3225  第68章:3106  第69章:3250  第70章:3152  第71章:3198  第72章:3206
          第73章:3351  第74章:3219  第75章:3054  第76章:3147  第77章:3135  第78章:3225
          第79章:3342  第80章:3439  第81章:4417  第82章:3301  第83章:3261  第84章:3264
          第85章:3579  第86章:3474  第87章:3226  第88章:3084  第89章:2911  第90章:1692
          第91章:1485  第92章:1794  第93章:1627  第94章:1438  第95章:1578  第96章:2699
          第97章:3487  第98章:3126  第99章:3574  第100章:3215  第101章:3718  第102章:3047
          第103章:3873  第104章:3425  第105章:3762  第106章:5210  第107章:4959  第108章:3115
          第109章:3131  第110章:5111  第111章:3072  第112章:4637  第113章:3267  第114章:3499
          第115章:2945  第116章:4057  第117章:4798  第118章 全文完:3403

07:24:04  系统说我攻略错了对象 (昨夜未归) [完结]  188p→97章  1641KB  OK
          https://www.52shuku.net/gl/31_b/bkcBk.html
          第1章 穿越:3075  第2章 钓她:3185  第3章 人体降温:3012  第4章 生气:3162  第5章 失踪:3175  第6章 疯批:3167
          第7章 偷偷摸:3074  第8章 小衣:2838  第9章 藏起:2924  第10章 偷窥:2889  第11章 偷听:3032  第12章 偷亲:3103
          第13章 偷画:3039  第14章 跟踪:3040  第15章 亲吻:3048  第16章 梦境:2997  第17章 喜欢:3168  第18章 刺杀:2951
          第19章 情趣:2958  第20章 脚铃:3158  第21章:9600  第22章 发现:6261  第23章 亲她:6229  第24章 八岁:6236
          第25章 册子:6231  第26章 抢亲:6218  第27章 刺杀:6208  第28章 反杀:6206  第29章 亲她:6278  第30章 求娶:6227
          第31章 别摸:6245  第32章 发现:6203  第33章 生气:6221  第34章 亲密:6207  第35章 哄她:6188  第36章 喜欢:6216
          第37章 画册:6201  第38章 清醒:6241  第39章 跪算盘:6210  第40章 发烧:6226  第41章 错了:6200  第42章 可耻:6223
          第43章 卑微:6214  第44章 宫变:6208  第45章 元笙:6262  第46章 故人:6237  第47章 未婚妻:6198  第48章 怀疑:6202
          第49章 偷换:6215  第50章 半夜:6212  第51章 招魂:6246  第52章 秀恩爱:6252  第53章 成亲:6216  第54章 掳进宫:6235
          第55章 还魂:6224  第56章 端倪:6245  第57章 绝食:6309  第58章 大病:6218  第59章 入宫:6223  第60章 药浴:6234
          第61章 控制:6189  第62章 对抗:6249  第63章 色胚:6201  第64章 羞耻:6180  第65章 勾.引:6209  第66章 逼疯:6209
          第67章 上面:6216  第68章 人命:6209  第69章 新人:6208  第70章 宣战:6232  第71章 受伤:6219  第72章 死亡:6193
          第73章 杀人:6211  第74章 死了:6197  第75章 下药:6235  第76章 挨揍:6204  第77章 酒醉:6246  第78章 酒后:6606
          第79章 色诱:6230  第80章 婚期:6217  第81章 哄她:6199  第82章 玩物:6215  第83章 修罗场:6108  第84章 母亲:6207
          第85章 夜晚:6193  第86章 成亲:6185  第87章 大婚:6216  第88章 真相:6191  第89章 囚禁:6235  第90章 脸红:6227
          第91章 后果:6209  第92章 登基:6217  第93章 三日:6206  第94章 纵欲:6235  第95章 最后:6208  第96章 回去:6207
          第97章 正文完结:6225

07:25:08  小猫鬼靠什么吓人 (一天八杯水) [完结]  170p→121章  1484KB  OK
          https://www.52shuku.net/gl/31_b/bkcBj.html
          第1章:3146  第2章:3529  第3章:3196  第4章:3400  第5章:3061  第6章:3142
          第7章:3413  第8章:3450  第9章:3018  第10章:3165  第11章:3499  第12章:2027
          第13章:2220  第14章:2006  第15章:2272  第16章:2180  第17章:2087  第18章:2370
          第19章:3072  第20章:3131  第21章:3163  第22章:3676  第23章:10145  第24章:4409
          第25章:5234  第26章:4320  第27章:4423  第28章:4413  第29章:4460  第30章:4512
          第31章:4632  第32章:4489  第33章:4685  第34章:4546  第35章:4110  第36章:5096
          第37章:5032  第38章:4610  第39章:4545  第40章:4406  第41章:4521  第42章:4715
          第43章:4622  第44章:4089  第45章:4520  第46章:4368  第47章:4369  第48章:4367
          第49章:4729  第50章:4784  第51章:4169  第52章:4663  第53章:3576  第54章:4340
          第55章:4181  第56章:4553  第57章:4250  第58章:3233  第59章:3540  第60章:3724
          第61章:3638  第62章:4567  第63章:4459  第64章:4267  第65章:3376  第66章:4036
          第67章:4078  第68章:4156  第69章:5244  第70章:4105  第71章:4255  第72章:4308
          第73章:3369  第74章:4817  第75章:4363  第76章:4224  第77章:4220  第78章:4265
          第79章:4242  第80章:3604  第81章:3385  第82章:3338  第83章:3856  第84章:3942
          第85章:4224  第86章:4415  第87章:4292  第88章:4024  第89章:3369  第90章:3210
          第91章:4099  第92章:3333  第93章:3192  第94章:3314  第95章:3280  第96章:4506
          第97章:4767  第98章:5005  第99章:8326  第100章:8207  第101章:4125  第102章:4254
          第103章:5291  第104章:4507  第105章:4801  第106章:4127  第107章:5282  第108章:5119
          第109章:5125  第110章:5264  第111章:3126  第112章:3203  第113章:3184  第114章:3253
          第115章:3063  第116章:3094  第117章:3184  第118章:3474  第119章:3280  第120章:3450
          第121章:3400

07:25:55  说好拯救反派我比反派更疯了 (来个上上签) [完结]  122p→83章  1072KB  OK
          https://www.52shuku.net/gl/31_b/bkcAO.html
          第1章:4659  第2章:5119  第3章:6102  第4章:5284  第5章:2806  第6章:5628
          第7章:6279  第8章:3955  第9章:5601  第10章:4781  第11章:5117  第12章:4324
          第13章:3579  第14章:5280  第15章:5053  第16章:4773  第17章:3835  第18章:4334
          第19章:3816  第20章:5757  第21章:3776  第22章:3720  第23章:4413  第24章:4631
          第25章:5529  第26章:5819  第27章:4329  第28章:5295  第29章:4136  第30章:4167
          第31章:4468  第32章:3980  第33章:4725  第34章:4634  第35章:3704  第36章:3891
          第37章:4078  第38章:3821  第39章:4121  第40章:3905  第41章:3862  第42章:3657
          第43章:3017  第44章:5350  第45章:3604  第46章:4366  第47章:3640  第48章:4641
          第49章:3546  第50章:3938  第51章:3866  第52章:3554  第53章:3477  第54章:4030
          第55章:4165  第56章:3156  第57章:3783  第58章:3653  第59章:3995  第60章:3311
          第61章:4271  第62章:3214  第63章:4732  第64章:4551  第65章:3406  第66章:4281
          第67章:3454  第68章:4286  第69章:3327  第70章:4092  第71章:4389  第72章:2860
          第73章:4188  第74章:3885  第75章:5419  第76章:4221  第77章:4585  第78章:5431
          第79章:5790  第80章:4107  第81章:4107  第82章:3927  第83章:5551

07:27:26  霓虹烂片 (文笃) [完结]  246p→87章  2097KB  OK
          https://www.52shuku.net/gl/31_b/bkcAI.html
          第1章 「二零二三」:6086  第2章 「二零二三」:5999  第3章 「二零二三」:3139  第4章 「二零二三」:3855  第5章 「二零二三」:3305  第6章 「二零一三」:4743
          第7章 「二零二三」:4239  第8章 「二零二三」:4522  第9章 「二零二三」:3448  第10章 「二零二三」:2940  第11章 「二零二三」:2771  第12章 「二零二三」:2987
          第13章 「二零二三」:2711  第14章 「二零二三」:3961  第15章 「二零二三」:4556  第16章 「二零二三」:3282  第17章 「二零二三」:4922  第18章 「二零一三」:3425
          第19章 「二零一三」:5506  第20章 「二零二三」:17238  第21章 「二零二三」:8565  第22章 「二零二三」:8194  第23章 「二零二三」:8231  第24章 「二零二三」:7890
          第25章 「二零一三」:7641  第26章 「二零一三」:7368  第27章 「二零一三」:10253  第28章 「二零二三」:6884  第29章 「二零二三」:10254  第30章 「二零二三」:7549
          第31章 「二零二三」:7206  第32章 「二零二三」:10576  第33章 「二零一三」:7614  第34章 「二零一三」:6951  第35章 「二零一三」:11551  第36章 「二零二三」:7895
          第37章 「二零二三」:8540  第38章 「二零二三」:7900  第39章 「二零二三」:8541  第40章 「二零二三」:7210  第41章 「二零二三」:9566  第42章 「二零二三」:8211
          第43章 「二零二三」:8268  第44章 「二零一三」:7901  第45章 「二零一三」:11214  第46章 「二零一三」:7976  第47章 「二零一三」:15628  第48章 「二零二三」:8577
          第49章 「二零二三」:7916  第50章 「二零二三」:7866  第51章 「二零二三」:8214  第52章 「二零二三」:11541  第53章 「二零二三」:9947  第54章 「二零二三」:15592
          第55章 「二零二三」:9235  第56章 「二零一三」:8263  第57章 「二零一三」:7965  第58章 「二零一三」:11959  第59章 「二零一三」:8620  第60章 「二零二三」:8232
          第61章 「二零二三」:8228  第62章 「二零二三」:8884  第63章 「二零二三」:9941  第64章 「二零二三」:7859  第65章 「二零二三」:7196  第66章 「二零二三」:7195
          第67章 「二零二三」:9233  第68章 「二零一三」:10553  第69章 「二零一三」:9211  第70章 「二零一三」:7877  第71章 「二零一三」:13892  第72章 「二零一三」:18667
          第73章 「二零二三」:8902  第74章 「二零二三」:8882  第75章 「二零二三」:8217  第76章 「二零二三」:9538  第77章 「二零二三」:6893  第78章 「二零二三」:7253
          第79章 「二零二三」:6931  第80章 「二零二三」:8239  第81章 「二零二三」:8579  第82章 「二零二三」:7891  第83章 「二零二三」:6235  第84章 「二零二三」:8881
          第85章 「二零二三」:6581  第86章 「正文完结」:9265  第87章 「彩蛋」:9990

07:28:41  围观隔壁宗门师徒虐恋 (雾外山) [完结]  202p→177章  1779KB  OK
          https://www.52shuku.net/gl/30_b/bkcA5.html
          第1章 着急回去揍徒弟:3169  第2章 顺毛哄都不管用:3081  第3章 她简直坏透了！:3219  第4章 嘲笑死谢怀雪！:3267  第5章 破掉仙尊无情道:2890  第6章 剑尊的命也是命:2792
          第7章 预料之中的事情:2907  第8章 没有要是这个词:3148  第9章 命中注定的宿敌:2876  第10章 一如既往的好啊:2737  第11章 本尊去看看清霄:3252  第12章 孽畜该进畜生道:3035
          第13章 总是得寸进尺。:2907  第14章 现在可以说了吗:2960  第15章 你不要心存侥幸:2971  第16章 近距离观察清霄:3043  第17章 仙尊如果求求我:3067  第18章 你要不要讨好她:3090
          第19章 万一就开窍了呢:2985  第20章 还是当初的味道:3177  第21章 提剑就打上门了:9188  第22章 清霄心悦诚服。:3228  第23章 只想损人不利己:3233  第24章 睁着眼睛说瞎话:3319
          第25章 哪壶不开提哪壶:3219  第26章 清霄，你如何说:3214  第27章 是我先猜到的！:3286  第28章 你和我同流合污:3312  第29章 小东西挺好玩的:3198  第30章 她又不是故意的:3574
          第31章 还望剑尊赏脸。:4520  第32章 无情道中的例外:3317  第33章 你是我的未婚妻:3189  第34章 未婚妻可看不得:3534  第35章 你真是好样的。:3515  第36章 不得让人家心疼:3228
          第37章 夫子是夫人妻子:3244  第38章 我也极为欢喜。:3535  第39章 霸占谢怀雪的床:3278  第40章 你想到办法了吗:4201  第41章 不能想渴这个字:3554  第42章 你什么时候来的:3583
          第43章 为师还有旁的事:3228  第44章 决定为民除害。:3536  第45章 她心虚个什么劲:3215  第46章 有念头呼之欲出:3544  第47章 生出了情爱之心:3558  第48章 我总是偏心你的:4547
          第49章 加入她们这个家:3593  第50章 消化正反面经验:3530  第51章 她们怎么能这样:3645  第52章 求求剑尊原谅我:3593  第53章 就是你正经一点:3177  第54章 可有意向同本尊:3616
          第55章 仙尊也无需自责:3537  第56章 姻缘结契之事。:3231  第57章 剑尊可需要我喂:3234  第58章 你和她很相熟？:3571  第59章 自然也是想的。:3218  第60章 等着被喊师娘吧:3268
          第61章 剑尊的经验之谈:3267  第62章 师傅何故先降！:3227  第63章 此后为我道侣。:3232  第64章 极烬剑尊胁迫？:3535  第65章 这孩子心直口快:3282  第66章 是清霄得天之幸:3257
          第67章 神异的一对奇葩:3184  第68章 驴唇不对马嘴。:3320  第69章 “我永远信你。”:3335  第70章 之所以是师傅。:3607  第71章 这俩要重温过往:3228  第72章 我们烬安长大了:3220
          第73章 听我把旧话重说:3250  第74章 要本尊亲亲你吗:3242  第75章 看到你的那一刻。:3225  第76章 你不知道就对了:3256  第77章 哪有如今的好日子:3185  第78章 没给她们打死吧:3263
          第79章 聚众看这种东西:3254  第80章 竟然在私相授受！:3513  第81章 仙尊倒追的剑尊:3225  第82章 学习这门手艺。:3184  第83章 擅长奖励自己。:3267  第84章 徒儿可以解释的:3702
          第85章 不希望有人打搅:3186  第86章 怎么办啊姐姐。:3178  第87章 给我师傅名分吗:3241  第88章 清剿墨蛟一族。:3527  第89章 未来发生的事。:3205  第90章 尊上太妄自菲薄:3246
          第91章 就是我说了算。:3187  第92章 那就是助益双修:3247  第93章 不许偷看我的。:3208  第94章 我不想给人当狗:3530  第95章 就这么约定好了:3191  第96章 算是谢怀雪长情:3233
          第97章 这边也要亲一下:3258  第98章 历史再次重演。:3220  第99章 无形之中玩弄。:3189  第100章 是很有必要的。:3224  第101章 我们不要分开。:3224  第102章 你欺负我们安安:3200
          第103章 回到了旧账现场:3252  第104章 剑修真是可爱。:3510  第105章 去烦江枫眠吧！:3251  第106章 宗主也真是的。:3202  第107章 哄哄你好不好？:3317  第108章 和奶娃娃谈恋爱:3243
          第109章 可爱成这个样子:3221  第110章 那么重要的事情:3283  第111章 我是问谢怀雪呢:3217  第112章 你还真不愿意啊:3249  第113章 又让我猜对了。:3268  第114章 下一次心跳之际:3333
          第115章 我不会欺负你。:3196  第116章 真是人不可貌相:3234  第117章 就不再是秘密了:3205  第118章 需要我亲亲你吗:3284  第119章 明明都是一个人:3188  第120章 我喜欢你就够了:3172
          第121章 我一会会很喜欢:3311  第122章 一家人有零有整:3206  第123章 我猜你应该不信:3280  第124章 怎么来得那么全:3244  第125章 区区百年而已。:3238  第126章 前往事故高发地:3214
          第127章 你少膈应本座！:3252  第128章 就是小人得志！:3237  第129章 元君让我带了话:3184  第130章 输给你一次也好:3235  第131章 她替我受到夸奖:3211  第132章 凌虚？竖子而已:3238
          第133章 我不和你客气。:3272  第134章 表达关心的方式:3205  第135章 还好我甘之如饴:3255  第136章 七十九女即位。:3322  第137章 只是春和景明。:3204  第138章 给你闻闻就得了:3228
          第139章 你突破了大乘期:3189  第140章 好一个极烬剑尊:3213  第141章 浓墨重彩的一笔:3197  第142章 你们看到了什么:3254  第143章 你们师傅出来了:3174  第144章 你好小气不孝啊:3249
          第145章 就是故意且不改:3206  第146章 你少欺负怀雪！:3196  第147章 以后有样学样？:3212  第148章 我从未失忆过。:3222  第149章 各有各的讨厌。:3251  第150章 我说了算才是。:3253
          第151章 再信我最后一次:3212  第152章 一个人赢了两次:3214  第153章 杀出个朗朗乾坤:3204  第154章 眼睛看不过来了:3265  第155章 鸠占鹊巢的货色:3225  第156章 只能迎难而上。:3368
          第157章 到底怎么回事？:3262  第158章 挽回已逝斯人。:3243  第159章 会比我做得更好:3194  第160章 那么大的事情。:3211  第161章 带着谢怀雪私奔:3292  第162章 各有各的谢怀雪:3209
          第163章 我应该拉住你的:3211  第164章 现在就很聪明。:3291  第165章 掉下一个红衣人:3302  第166章 什么叫未来道侣:3273  第167章 她并没有感觉错:3263  第168章 不要太想我们。:3265
          第169章 还望你珍之重之:3266  第170章 干完坏事就跑。:3568  第171章 还不够有意思。:3321  第172章 感谢剑尊的慷慨:3584  第173章 下一剂猛药才行:3244  第174章 让我等上那么久:3579
          第175章 干嘛走那么快！:3255  第176章 一个人生建议。:3606  第177章 愿意成为主角吗:3250

07:29:48  未婚妻是新来的语文老师 (雾外山) [完结+番外]  180p→131章  1621KB  OK
          https://www.52shuku.net/gl/30_b/bkcA4.html
          第1章:3095  第2章:3734  第3章:3443  第4章:2578  第5章:3049  第6章:2893
          第7章:3134  第8章:2714  第9章:3025  第10章:3033  第11章:2511  第12章:2262
          第13章:2732  第14章:2368  第15章:1531  第16章:2212  第17章:1877  第18章:3175
          第19章:3097  第20章:3406  第21章:2992  第22章:3009  第23章:9435  第24章:3319
          第25章:3425  第26章:3588  第27章:3366  第28章:3636  第29章:3411  第30章:3369
          第31章:3265  第32章:3283  第33章:3298  第34章:3370  第35章:3335  第36章:3231
          第37章:3245  第38章:3339  第39章:3338  第40章:6335  第41章:6241  第42章:6268
          第43章:6414  第44章:6659  第45章:6282  第46章:6381  第47章:6665  第48章:6268
          第49章:6363  第50章:6266  第51章:6458  第52章:6433  第53章:6378  第54章:5239
          第55章:5549  第56章:6358  第57章:6297  第58章:6240  第59章:6347  第60章:6250
          第61章:6591  第62章:6304  第63章:6280  第64章:6293  第65章:6437  第66章:6329
          第67章:6180  第68章:6335  第69章:6282  第70章:6215  第71章:6450  第72章:5327
          第73章:6356  第74章:6379  第75章:6249  第76章:6310  第77章:3565  第78章:6266
          第79章:3603  第80章:3240  第81章:3330  第82章:3255  第83章:3191  第84章:3669
          第85章:3279  第86章:3369  第87章:3610  第88章:3356  第89章:3283  第90章:3341
          第91章:3271  第92章:3257  第93章:3256  第94章:3255  第95章:3338  第96章:3334
          第97章:3370  第98章:3249  第99章:3404  第100章:3257  第101章:3263  第102章:2226
          第103章:3330  第104章:3220  第105章:3232  第106章:3230  第107章:3691  第108章:3345
          第109章:3255  第110章:3326  第111章:3236  第112章:3242  第113章:3227  第114章:3274
          第115章:3296  第116章:3264  第117章:3184  第118章:3306  第119章:3496  第120章:3938
          第121章:3311  第122章:3270  第123章:3301  第124章:3384  第125章:3395  第126章:3292
          第127章:3190  第128章:2733  第129章:3372  第130章:2262  第131章:3471

07:30:15  到平原去 (一七得夕) [完结]  73p→54章  649KB  OK
          https://www.52shuku.net/gl/30_b/bkcAu.html
          第1章 橘子心:2765  第2章 野小孩:2441  第3章 白香皂:2638  第4章 旧伤疤:2866  第5章 废遗嘱:3582  第6章 心软病:2477
          第7章 柠檬水:2542  第8章 雪杉树:3723  第9章 入场券:4489  第10章 不摘星:4156  第11章 冰气泡:3630  第12章 空试卷:3186
          第13章 望月亮:3278  第14章 碰手指:3398  第15章 二百五:3852  第16章 旧电台 Yesterday:5073  第17章 咬樱桃:5432  第18章 三十秒:2818
          第19章 跟我睡:3180  第20章 拍手心:5385  第21章 夏夜雨:4507  第22章 青纱帐:4416  第23章 花影子:4023  第24章 错别字:4585
          第25章 梦中人:3982  第26章 天鹅绒:3815  第27章 鲜血流:4228  第28章 明晃晃:3048  第29章 三万元:3043  第30章 过夏天:4836
          第31章 孤儿院:3417  第32章 没中暑:3959  第33章 闭上眼:3159  第34章 在稻田:3591  第35章 游乐园:3352  第36章 弄乱她:3107
          第37章 一个吻:3720  第38章 对不起:4027  第39章 多恶心:3332  第40章 白礼裙:5717  第41章 我知道:3687  第42章 如果我:4100
          第43章 别出声:4492  第44章 止痛药:4632  第45章 一片云:3583  第46章 反义词:5590  第47章 翘尾巴:4824  第48章 黄昏雨:4641
          第49章 我爱你:7008  第50章 她想要:4213  第51章 早上好:4524  第52章 浅咖色:3313  第53章 明月光:7283  第54章 正文完:5803

07:31:10  上门女婿是个小傻子 (田园白菜) [完结]  144p→133章  1214KB  OK
          https://www.52shuku.net/gl/29_b/bkc92.html
          第1章 第一章 傻瓜:2111  第2章 第二章 拜堂成亲:2194  第3章 第三章 大坏蛋:2056  第4章 第四章 掉马:2196  第5章 第五章 熊孩子:2028  第6章 第六章 小可怜还是小霸王:2035
          第7章 第七章 铁锅炖大鹅:2075  第8章 第八章 躲在娘子怀里的哭包:2046  第9章 第九章 喜欢吗:2062  第10章 第十章 哄不好了:2105  第11章 第十一章 听不懂，一定是在骂她……:2011  第12章 第十二章 娘子才不会给她戴绿帽子……:2120
          第13章 第十三章 小馋猫:2075  第14章 第十四章 皮一下很开心:3042  第15章 第十五章 人丢了:2345  第16章 第十六章 别不要她:2541  第17章 第十七章 冤家路窄:2147  第18章 第十八章 危险:2103
          第19章 第十九章 相依为命:2079  第20章 第二十章 阿朝的脑子能好吗:1984  第21章 第二十一章 养伤:2052  第22章 第二十二章 打上门了:2044  第23章 第二十三章 谣言满天飞:2029  第24章 第二十四章 学坏了:2032
          第25章 第二十五章 耍酒疯:2014  第26章 第二十六章 淘气包:2244  第27章 第二十七章 过年:2126  第28章 第二十八章 生辰礼物:2426  第29章 第二十九章 苏醒前夕:2302  第30章 第三十章 苏醒时刻:3120
          第31章 第三十一章 又傻了:3301  第32章 第三十二章 生病:3077  第33章 第三十三章 阿朝长大了:3197  第34章 第三十四章 大闹包子铺:3153  第35章 第三十五章 采花贼:3118  第36章 第三十六章 误会:3344
          第37章 第三十七章 喝喜酒吃瓜:3139  第38章 第三十八章 云夕姐姐爱脸红:3135  第39章 第三十九章 做贼心虚:3083  第40章 第四十章 嘴甜有饭吃:3290  第41章 第四十一章 是甜的:3142  第42章 第四十二章 没人能让你如此烦忧:3465
          第43章 第四十三章 才出虎穴又入狼窝:3290  第44章 第四十四章 你说你惹她干嘛:3317  第45章 第四十五章 才不是主人，她只要娘子……:3128  第46章 第四十六章 初来乍到的两只小肥羊……:3174  第47章 第四十七章 快要养不起了:3142  第48章 第四十八章 不许欺负她:3194
          第49章 第四十九章 鹿记织坊:3219  第50章 第五十章 她想要娘子陪:3199  第51章 第五十一章 脑子时好时坏:3159  第52章 第五十二章 你们把阿朝弄哪去了……:3199  第53章 第五十三章 被人保护的感觉也不错……:3178  第54章 第五十四章 惹到她算是踢到铁板了:3163
          第55章 第五十五章 好大一只蚊子咬的包:3112  第56章 第五十六章 娘子美若天仙:3155  第57章 第五十七章 云夕姐姐又骗她:3149  第58章 第五十八章 娘子罚她了:3167  第59章 第五十九章 乞巧节:3130  第60章 第六十章 非礼勿视:3117
          第61章 第六十一章 演技炉火纯青:3131  第62章 第六十二章 是谁教坏了她的阿朝……:3148  第63章 第六十三章 她只是个小傻瓜她能撒谎吗……:3192  第64章 第六十四章 她最会哄娘子开心:3184  第65章 第六十五章 又被拐跑了:3165  第66章 第六十六章 跪搓衣板:3569
          第67章 第六十七章 遇险开大:3179  第68章 第六十八章 又把人惹哭了:3182  第69章 第六十九章 你比糖甜多了:3154  第70章 第七十章 走火入魔:3106  第71章 第七十一章 对不起伤到你了:3133  第72章 第七十二章 猝不及防的表白:3393
          第73章 第七十三章 为什么要讨厌阿朝:3196  第74章 第七十四章 阿朝立大功:3166  第75章 第七十五章 遇上对手:3112  第76章 第七十六章 误打误撞:3245  第77章 第七十七章 阿朝快要喘不上气了……:3107  第78章 第七十八章 绣娘与女侠:3145
          第79章 第七十九章 她们一定会有好的结局:3179  第80章 第八十章 阿朝被扎成刺猬了……:3101  第81章 第八十一章 宫主醒了:3295  第82章 第八十二章 开始装傻:3207  第83章 第八十三章 阿朝能有什么坏心思呢……:3162  第84章 第八十四章 绝不原谅:3222
          第85章 第八十五章 美人计:3237  第86章 第八十六章 阿朝是她的底线:3280  第87章 第八十七章 奋不顾身:3162  第88章 第八十八章 云夕姐姐要养我一辈子:3255  第89章 第八十九章 娘子看她太紧怎么办:3227  第90章 第九十章 休书:3219
          第91章 第九十一章 面对诱惑:3210  第92章 第九十二章 她躲她追:3201  第93章 第九十三章 她的私事不容旁人置喙……:3107  第94章 第九十四章 又来一个痴儿:3195  第95章 第九十五章 当街抢人:3390  第96章 第九十六章 千钧一发:3142
          第97章 第九十七章 亮明身份:3392  第98章 第九十八章 情敌:3201  第99章 第九十九章 她不是棋子:3180  第100章 第一百章 越来越粘人:3418  第101章 第一百零一章 掉马:3115  第102章 第一百零二章 你会怕我吗:3225
          第103章 第一百零三章 清理门户:3172  第104章 第一百零四章 阿朝在哪她就在哪……:3544  第105章 第一百零五章 小骗子:3172  第106章 第一百零六章 敞开心扉:3268  第107章 第一百零七章 婚礼:3296  第108章 第一百零八章 定居:3238
          第109章 第一百零九章 妻管严:3158  第110章 第一百一十章 云夕姐姐你醉了:3221  第111章 第一百一十一章 都是酒惹的祸:3209  第112章 第一百一十二章 搞得像私会一样:3327  第113章 第一百一十三章 图谋不轨:3223  第114章 第一百一十四章 处理人渣:3170
          第115章 第一百一十五章 吃干醋:3200  第116章 第一百一十六章 同游江南:3292  第117章 第一百一十七章 鹿记绸缎庄:3188  第118章 第一百一十八章 轮到你来抓我了……:3280  第119章 第一百一十九章 偷藏什么呢:3164  第120章 第一百二十章 名动京都的婚礼……:3208
          第121章 第一百二十一章 照顾病人:3160  第122章 第一百二十二章 桃花债:3220  第123章 第一百二十三章 小酌也会醉吗:3135  第124章 第一百二十四章 突然养娃:3146  第125章 第一百二十五章 她们是拜过堂的关系……:3203  第126章 第一百二十六章 京都女子们的偶像……:3281
          第127章 第一百二十七章 着迷:3360  第128章 第一百二十八章 竞争:3120  第129章 第一百二十九章 小人之祸:3264  第130章 第一百三十章 一日不见如隔三秋……:3178  第131章 第一百三十一章 团聚:3170  第132章 第一百三十二章 擅闯鹿宅者:3495
          第133章 第一百三十三章 大结局:3251

07:31:13  FAIL  https://www.52shuku.net/gl/29_b/bkc91.html

=== Done: 539 scraped  0 skipped  1 failed  elapsed: 378m 7s ===
