=== Run 2026-06-08 11:41:54  mode=backward  limit=∞  output=output/ ===

11:42:09  暗示GL (裤宝) [完结]  96p→94章  872KB  OK
          https://www.52shuku.net/gl/26_b/bkckk.html
          第一章:2778  第二章:2731  第三章:2592  第四章:2811  第五章:3142  第六章 副西皮出场:2767
          第七章:3414  第八章 主副西皮同框:3003  第九章:3049  第十章:2696  第十一章:2646  第十二章:3107
          第十三章:3043  第十四章:3229  第十五章:3072  第十六章:3235  第十七章:3124  第十八章 第一个人:2923
          第十九章:3141  第二十章:2850  第二十一章:3358  第二十二章 告白:3282  第二十三章:3333  第二十四章:3193
          第二十五章:3149  第二十六章:3184  第二十七章:3041  第二十八章:2990  第二十九章:3627  第三十章:3107
          第三十一章:3088  第三十二章:2998  第三十三章:3178  第三十四章:3079  第三十五章 第二三个人:3002  第三十六章:3107
          第三十七章:3066  第三十八章:2881  第三十九章:3113  第四十章:3140  第四十一章:3104  第四十二章:2897
          第四十三章:2835  第四十四章:2955  第四十五章:3035  第四十六章:2972  第四十七章 第四五个人:3139  第四十八章:2743
          第四十九章:3807  第五十章:3367  第五十一章:3124  第五十二章:3019  第五十三章:3198  第五十四章:2724
          第五十五章:3528  第五十六章:2991  第五十七章:3186  第五十八章:3427  第五十九章:3098  第六十章:3186
          第六十一章:3162  第六十二章:3135  第六十三章:3279  第六十四章:3202  第六十五章:3199  第六十六章:3436
          第六十七章:3092  第六十八章:3227  第六十九章:3061  第七十章:3212  第七十一章:3159  第七十二章:3569
          第七十三章:3547  第七十四章:4007  第七十五章:3256  第七十六章:3284  第七十七章:3678  第七十八章:3214
          第七十九章:3407  第八十章:3122  第八十一章:3068  第八十二章:3290  第八十三章:3265  第八十四章:2956
          第八十五章:2872  第八十六章:3152  第八十七章:2773  第八十八章:2914  第八十九章:3489  第九十章 最后一面:3300
          第九十一章:3092  第九十二章:3560  第九十三章:3417  第九十四章 初见:2752

11:42:46  不约 (裤宝) [完结]  91p  (无章节标记)  820KB  OK
          https://www.52shuku.net/gl/26_b/bkckj.html
          全文: 279397字

11:42:55  亲密关系 (裤宝) [完结]  16p→21章  148KB  OK
          https://www.52shuku.net/gl/26_b/bkcki.html
          第1章:2776  第2章:2647  第3章:2862  第4章:2744  第5章:2970  第6章:2376
          第7章:2633  第8章:2704  第9章:2813  第10章:2774  第11章:2505  第12章:2145
          第13章:2568  第14章:2011  第15章:2324  第16章:2353  第17章:1985  第18章:1816
          第19章:1484  第20章:1478  第21章:1906

11:44:59  当反派成为女主护身挂件[穿书] (君命酒) [完结+番外]  302p→272章  2681KB  OK
          https://www.52shuku.net/gl/25_b/bkcjA.html
          第1章:3161  第2章:3053  第3章:3045  第4章:3051  第5章:3120  第6章:3101
          第7章:3186  第8章:3213  第9章:3593  第10章:2105  第11章:3158  第12章:3156
          第13章:3045  第14章:3175  第15章:3180  第16章:3267  第17章:3335  第18章:3129
          第19章:3143  第20章:2945  第21章:2867  第22章:2727  第23章:3715  第24章:3418
          第25章:3089  第26章:3116  第27章:3093  第28章:3260  第29章:3196  第30章:2247
          第31章:3078  第32章:3724  第33章:3255  第34章:3230  第35章:3202  第36章:3263
          第37章:3225  第38章:3249  第39章:3403  第40章:3253  第41章:3114  第42章:3236
          第43章:3235  第44章:3251  第45章:3058  第46章:3039  第47章:2195  第48章:3231
          第49章:3334  第50章:2599  第51章:3283  第52章:3213  第53章:3261  第54章:3245
          第55章:3617  第56章:3289  第57章:3281  第58章:3321  第59章:3283  第60章:3236
          第61章:3218  第62章:3250  第63章:3191  第64章:3253  第65章:3222  第66章:3183
          第67章:3252  第68章:2158  第69章:3230  第70章:3215  第71章:3367  第72章:2248
          第73章:3209  第74章:3238  第75章:3225  第76章:3303  第77章:3294  第78章:3731
          第79章:4957  第80章:3192  第81章:3223  第82章:3295  第83章:3375  第84章:3249
          第85章:3303  第86章:3274  第87章:3283  第88章:5282  第89章:3264  第90章:6299
          第91章:3711  第92章:3388  第93章:3267  第94章:3815  第95章:3225  第96章:3215
          第97章:3295  第98章:3238  第99章:2068  第100章:3193  第101章:3148  第102章:3281
          第103章:3586  第104章:3201  第105章:3304  第106章:3225  第107章:3208  第108章:3227
          第109章:3285  第110章:3428  第111章:3187  第112章:3221  第113章:2190  第114章:3197
          第115章:3281  第116章:3218  第117章:2262  第118章:3223  第119章:3175  第120章:3208
          第121章:3200  第122章:3433  第123章:2367  第124章:6217  第125章:3297  第126章:3285
          第127章:3153  第128章:2288  第129章:3402  第130章:3270  第131章:3269  第132章:3190
          第133章:4323  第134章:3186  第135章:3201  第136章:3331  第137章:3195  第138章:3234
          第139章:3263  第140章:4208  第141章:2261  第142章:3167  第143章:3683  第144章:6262
          第145章:3296  第146章:3201  第147章:3272  第148章:3230  第149章:3295  第150章:3172
          第151章:3252  第152章:2317  第153章:3342  第154章:3458  第155章:2226  第156章:2178
          第157章:3344  第158章:3321  第159章:3256  第160章:3268  第161章:3306  第162章:2253
          第163章:3231  第164章:3324  第165章:3238  第166章:3290  第167章:3201  第168章:3398
          第169章:3303  第170章:3246  第171章:3283  第172章:3252  第173章:3230  第174章:3242
          第175章:3740  第176章:3237  第177章:3339  第178章:3158  第179章:6294  第180章:3255
          第181章:3187  第182章:3190  第183章:3218  第184章:3254  第185章:3228  第186章:3316
          第187章:3264  第188章:3156  第189章:3205  第190章:3248  第191章:3251  第192章:3213
          第193章:3180  第194章:3188  第195章:3278  第196章:3179  第197章:3231  第198章:3279
          第199章:3218  第200章:3267  第201章:3210  第202章:3272  第203章:3358  第204章:3206
          第205章:3323  第206章:3196  第207章:3212  第208章:3260  第209章:3399  第210章:3690
          第211章:3517  第212章:3578  第213章:3308  第214章:3276  第215章:3430  第216章:3297
          第217章:3223  第218章:3217  第219章:4275  第220章:3219  第221章:3340  第222章:3216
          第223章:3201  第224章:3267  第225章:3300  第226章:3598  第227章:3902  第228章:4038
          第229章:3543  第230章:3194  第231章:3265  第232章:3300  第233章:3195  第234章:3244
          第235章:3236  第236章:3199  第237章:3322  第238章:3621  第239章:3271  第240章:3233
          第241章:3181  第242章:3223  第243章:3201  第244章:3339  第245章:3189  第246章:3184
          第247章:3231  第248章:2285  第249章:4207  第250章:3242  第251章:3268  第252章:6379
          第253章:3202  第254章:3819  第255章:3214  第256章:3251  第257章:2335  第258章:3262
          第259章:3163  第260章:3283  第261章:3277  第262章:3703  第263章:3314  第264章:2262
          第265章:2359  第266章:3578  第267章:2193  第268章:2517  第269章:3230  第270章:3329
          第271章:3155  第272章:3763

11:46:14  毛坯恋人 (蛋挞鲨) [完结+番外]  187p→121章  1616KB  OK
          https://www.52shuku.net/gl/25_b/bkcj9.html
          第1章 一块毛坯:3789  第2章 两块毛坯:3638  第3章 三块毛坯:3872  第4章 四块毛坯:3370  第5章 五块毛坯:3750  第6章 六块毛坯:3689
          第7章 七块毛坯:3947  第8章 八块毛坯:4134  第9章 九块毛坯:3863  第10章 十块毛坯:3667  第11章 十一块毛坯:4272  第12章 十二块毛坯:2083
          第13章 十三块毛坯:3808  第14章 十四块毛坯:3197  第15章 十五块毛坯:3933  第16章 十六块毛坯:2891  第17章 十七块毛坯:4084  第18章 十八块毛坯:3792
          第19章 十九块毛坯:3485  第20章 二十块毛坯:4464  第21章 二十一块毛坯:3841  第22章 二十二块毛坯:3265  第23章 二十三块毛坯:3522  第24章 二十四块毛坯:5107
          第25章 二十五块毛坯:4555  第26章 二十六块毛坯:4392  第27章 二十七块毛坯:4288  第28章 二十八块毛坯:4269  第29章 二十九块毛坯:3622  第30章 第三十块毛坯:4327
          第31章 第三十一块毛坯:4212  第32章 第三十二块毛坯:3658  第33章 第三十三块毛坯:4891  第34章 第三十四块毛坯:5477  第35章 第三十五块毛坯:3785  第36章 第三十六块毛坯:4206
          第37章 第三十七块毛坯:4928  第38章 第三十八块毛坯:3238  第39章 第三十九块毛坯:5026  第40章 第四十块毛坯:4305  第41章 第四十一块毛坯:4548  第42章 第四十二块毛坯:3942
          第43章 第四十三块毛坯:7191  第44章 第四十四块毛坯:3945  第45章 第四十五块毛坯:4795  第46章 第四十六块毛坯:4242  第47章 第四十七块毛坯:3720  第48章 第四十八块毛坯:4301
          第49章 第四十九块毛坯:5771  第50章 第五十块毛坯:3855  第51章 第五十一块毛坯:7299  第52章 第五十二块毛坯:3664  第53章 第五十三块毛坯:6706  第54章 第五十四块毛坯:5342
          第55章 第五十五块毛坯:5917  第56章 第五十六块毛坯:5013  第57章 第五十七块毛坯:3869  第58章 第五十八块毛坯:3833  第59章 第五十九块毛坯:3693  第60章 第六十块毛坯:4033
          第61章 第六十一块毛坯:3769  第62章 第六十二块毛坯:4379  第63章 第六十三块毛坯:4982  第64章 第六十四块毛坯:3580  第65章 第六十五块毛坯:3730  第66章 第六十六块毛坯:4836
          第67章 第六十七块毛坯:6077  第68章 第六十八块毛坯:4450  第69章 第六十九块毛坯:4486  第70章 第七十块毛坯:4971  第71章 第七十一块毛坯:7281  第72章 第七十二块毛坯:4540
          第73章 第七十三块毛坯:4149  第74章 第七十四块毛坯:6591  第75章 第七十五块毛坯:4425  第76章 第七十六块毛坯:4850  第77章 第七十七块毛坯:4455  第78章 第七十八块毛坯:5409
          第79章 第七十九块毛坯:6493  第80章 第八十块毛坯:3760  第81章 第八十一块毛坯:4109  第82章 第八十二块毛坯:3334  第83章 第八十三块毛坯:5068  第84章 第八十四块毛坯:4409
          第85章 第八十五块毛坯:5043  第86章 第八十六块毛坯:6638  第87章 第八十七块毛坯:6052  第88章 第八十八块毛坯:5112  第89章 第八十九块毛坯:4644  第90章 第九十块毛坯:3936
          第91章 第九十一块毛坯:4668  第92章 第九十二块毛坯:6574  第93章 第九十三块毛坯:5145  第94章 第九十四块毛坯:4006  第95章 第九十五块毛坯:4065  第96章 第九十六块毛坯:7014
          第97章 第九十七块毛坯:4466  第98章 第九十八块毛坯:4538  第99章 第九十九块毛坯:4401  第100章 第一百块毛坯:4429  第101章 一百零一的精装爱巢:3773  第102章 某年某月某天A:5552
          第103章 某年某月某天B:4483  第104章 某年某月某天C:4291  第105章 小香猪思尔·A:3650  第106章 小香猪思尔B:3841  第107章 小香猪思尔C:4287  第108章 小香猪思尔D:3592
          第109章 温泉山庄A:4696  第110章 温泉山庄B:4746  第111章 小庄和巧妮A:3355  第112章 小庄和巧妮B:4321  第113章 小庄和巧妮C:3742  第114章 小庄和巧妮D:4242
          第115章 马尔代夫的新年A:3517  第116章 马尔代夫的新年B:3206  第117章 IF≈女朋友是大明星A:你要我的微信对吧？:3526  第118章 IF≈女朋友是大明星B:考虑考虑我不行吗？:3758  第119章 IF≈女朋友是大明星C:会得可多了。:3839  第120章 IF≈女朋友是大明星D:你是被勉强的还是自愿的？:3529
          第121章 IF≈女朋友是大明星E:要不结婚好了。:4376

11:47:40  救命，女主o怎么黑化了 (亘星) [完结+番外]  222p→129章  1925KB  OK
          https://www.52shuku.net/gl/25_b/bkcj8.html
          第1章:3316  第2章:3527  第3章:3009  第4章:3886  第5章:3037  第6章:3162
          第7章:3322  第8章:3503  第9章:3263  第10章:2355  第11章:3131  第12章:2697
          第13章:3224  第14章:2398  第15章:2183  第16章:2098  第17章:2772  第18章:3203
          第19章:2848  第20章:3873  第21章:3316  第22章:3872  第23章:10052  第24章:6848
          第25章:5227  第26章:4171  第27章:4197  第28章:5212  第29章:6267  第30章:5001
          第31章:3239  第32章:6281  第33章:6258  第34章:6244  第35章:7013  第36章:6040
          第37章:3628  第38章:3454  第39章:3700  第40章:5039  第41章:3171  第42章:6585
          第43章:6298  第44章:3545  第45章:3608  第46章:4356  第47章:3223  第48章:3578
          第49章:3278  第50章:3467  第51章:6339  第52章:4639  第53章:3224  第54章:3307
          第55章:4615  第56章:7654  第57章:3327  第58章:3242  第59章:3352  第60章:3083
          第61章:3342  第62章:3260  第63章:3279  第64章:3391  第65章:7517  第66章:3320
          第67章:5585  第68章:5240  第69章:6191  第70章:6370  第71章:6566  第72章:6250
          第73章:6271  第74章:6569  第75章:6402  第76章:6318  第77章:5319  第78章:3390
          第79章:5219  第80章:6233  第81章:6302  第82章:6538  第83章:6296  第84章:6315
          第85章:3570  第86章:6653  第87章:6290  第88章:6417  第89章:6363  第90章:5136
          第91章:7244  第92章:6306  第93章:6291  第94章:6284  第95章:3643  第96章:5410
          第97章:10841  第98章:6311  第99章:6220  第100章:6346  第101章:6387  第102章:6340
          第103章:6275  第104章:6548  第105章:6643  第106章:6282  第107章:5741  第108章:6625
          第109章:6685  第110章:7347  第111章:6249  第112章:4712  第113章:6622  第114章:6291
          第115章:6380  第116章:6408  第117章:7363  第118章:6234  第119章:5678  第120章:5773
          第121章:3582  第122章:3853  第123章:3283  第124章:3282  第125章:3404  第126章:3462
          第127章:3376  第128章:3763  第129章:3383

11:48:47  江山有美人 (有娴钱) [完结+番外]  164p→145章  1462KB  OK
          https://www.52shuku.net/gl/25_b/bkcj7.html
          第1章 太子殿下:4188  第2章 生辰快乐:4265  第3章 上朝参政:3084  第4章 灵州治水:3704  第5章 暗杀:3323  第6章 游说宁昌王:3330
          第7章 佩兰姐姐:3497  第8章 回京:3458  第9章 黑心狐狸:3401  第10章 朝堂争锋（含副cp）:3460  第11章 棋局:3155  第12章 审案:3468
          第13章 权力、公义:4011  第14章 灭门惨案:3383  第15章 冤枉:3299  第16章 蒙冤:3050  第17章 忌惮:3163  第18章 毒药:3034
          第19章 宫宴风云:3350  第20章 中毒已深:3030  第21章 儿臣领命:3133  第22章 好样的:3084  第23章 杀母仇人:3343  第24章 风皇后:3125
          第25章 同盟:4022  第26章 奔丧:3107  第27章 谢六娘:3167  第28章 大逆不道:3147  第29章 她是女子:3080  第30章 水渍:3485
          第31章 记仇:3239  第32章 跟我回去？:3231  第33章 祈桑节:3208  第34章 青桑庙会:10400  第35章 口味奇特:3411  第36章 她长得确实好看:3291
          第37章 婉兮，惋惜:3258  第38章 外出办案:3260  第39章 贪款:3193  第40章 动手:3231  第41章 鸣冤鼓:3072  第42章 颜熙:3051
          第43章 下毒:3418  第44章 不得不管:3011  第45章 主持公道:3342  第46章 孤有异议:3145  第47章 狗咬狗:3304  第48章 像太子殿下一样:3229
          第49章 野心:3136  第50章 声声泣血音:3077  第51章 祭天:3062  第52章 动身:3125  第53章 消息:3078  第54章 汇通镇:4115
          第55章 我帮你:3275  第56章 拍卖:3312  第57章 笼中人:3371  第58章 潜入:3179  第59章 受伤:3019  第60章 给你买的:3183
          第61章 棋子 ：“你与婉兮，何时这么熟悉了？”:3216  第62章 价值:3071  第63章 谈判:3084  第64章 你真打算杀她？:3134  第65章 接风洗尘:3076  第66章 传奇人物:3310
          第67章 这不像意外:3170  第68章 喜欢的人:3089  第69章 工具:3227  第70章 玩笑:3045  第71章 将计就计:3163  第72章 中毒:3135
          第73章 寻找解药:3289  第74章 相信:3202  第75章 血迹:3056  第76章 调查:3256  第77章 试探:3343  第78章 愱殬:3081
          第79章 神迹:3058  第80章 《广陵散》:3255  第81章 承仁舍:3377  第82章 坦白:3207  第83章 情愫:3254  第84章 大公主:3303
          第85章 在赌:3306  第86章 昨日的约定:3053  第87章 鸢尾花:3103  第88章 赐婚:3106  第89章 若喜欢你的人是我:3323  第90章 认清自己:3238
          第91章 你真的在乎吗？:3236  第92章 榆木难雕:3181  第93章 只是喜欢而已:3359  第94章 针锋相对:3058  第95章 特别任务:3089  第96章 单独相处:3221
          第97章 消息:3389  第98章 那句诗:3073  第99章 碰碰运气:3125  第100章 便是喜欢:3179  第101章 你也觉得不对？:3063  第102章 遇袭:3074
          第103章 皇妹:3188  第104章 浅蓝色裙子:3114  第105章 回宫:3048  第106章 听政:3104  第107章 因为你没品:3299  第108章 谈论:3411
          第109章 牢房:3079  第110章 母女之情:3241  第111章 宫变前夕:3037  第112章 宫变:3127  第113章 继位:3094  第114章 找出答案:3214
          第115章 对质1:3307  第116章 对质2:3434  第117章 老封建:3290  第118章 登基:3444  第119章 我陪你一起:3079  第120章 叛乱:3171
          第121章 叛军:3221  第122章 出征前夕:3212  第123章 征兵:3272  第124章 亲征:4447  第125章 月色:3442  第126章 最后的部署:3434
          第127章 钱款:3104  第128章 不要回头:3143  第129章 急战:3461  第130章 失踪:3328  第131章 离开:3078  第132章 放火烧山:3068
          第133章 下雨了:3644  第134章 好消息:3289  第135章 刺杀:3318  第136章 水攻:3161  第137章 捷报:3192  第138章 义军:3051
          第139章 瞬息万变:3303  第140章 交换:3244  第141章 求求:3276  第142章 痕迹:3107  第143章 婉婉卿似月:3512  第144章 慎订！只是婉兮的杂记:5390
          第145章 陛下与丞相不可言说的二三事:3384

11:49:10  我在，鬼官大人 (竹石梦) [完结]  49p→41章  398KB  OK
          https://www.52shuku.net/gl/25_b/bkcj6.html
          第1章:1719  第2章:3506  第3章:3587  第4章:3448  第5章:3465  第6章:3123
          第7章:3323  第8章:3268  第9章:3101  第10章:3394  第11章:3007  第12章:3051
          第13章:3189  第14章:3024  第15章:3130  第16章:3049  第17章:3037  第18章:3027
          第19章:3387  第20章:3079  第21章:3751  第22章:3099  第23章:3073  第24章:3102
          第25章:2240  第26章:3020  第27章:2906  第28章:3027  第29章:2931  第30章:3170
          第31章:3045  第32章:2894  第33章:3072  第34章:4138  第35章:3049  第36章:3043
          第37章:2773  第38章:3027  第39章:3139  第40章:3647  第41章:5587

11:50:16  长生珏 (听酒) [完结+番外]  165p→149章  1387KB  OK
          https://www.52shuku.net/gl/25_b/bkcj5.html
          第1章 狸奴:2659  第2章 霜落满地:2680  第3章 好歹是活着:2483  第4章 我陪你，找到为止:5867  第5章 黄龙府:3664  第6章 说过我会帮你的:2916
          第7章 我媳妇很凶的:2776  第8章 我不怕的:2745  第9章 良心发现？:2782  第10章 就当是我赎罪:2954  第11章 你该跪的不是我:2932  第12章 她不信任我:2765
          第13章 去做你想做的:2885  第14章 交给你，我很放心:3146  第15章 他们很爱我:2831  第16章 云蜃怎么这么好呢:2949  第17章 清风送来药香:3084  第18章 霞光:2745
          第19章 清风渡:2136  第20章 李季舞:2843  第21章 王家的药材:2716  第22章 商织:2925  第23章 我们都没错:2938  第24章 药:2903
          第25章 等你愿意告诉我:3507  第26章 疼吗:2807  第27章 漆黑的屋子:2842  第28章 真实:2822  第29章 小虎崽:2797  第30章 因为在乎:2922
          第31章 今天很开心:3069  第32章 吴儡:3023  第33章 化骨散:3146  第34章 杀了我:3195  第35章 要救她，先杀她:2826  第36章 等不着你告诉我了:2976
          第37章 长风几万里，吹度玉门关:2847  第38章 墨金怪事:2936  第39章 同床共枕:2833  第40章 讲经的和尚:2979  第41章 唐门:2817  第42章 喜欢她，想与她亲近:3029
          第43章 把现在给她:3098  第44章 唱戏:3076  第45章 我喜欢她，以身相许的那种:3201  第46章 师姐:2951  第47章 书店:3095  第48章 有什么要求尽管提:2949
          第49章 油盐不进:3068  第50章 苍耳子:2963  第51章 阿蒲:3117  第52章 要收好:3105  第53章 开始行动:3062  第54章 这个兄长我不要了:2926
          第55章 我觉得应该没她疼:2987  第56章 药？毒？:2876  第57章 我们要主动一点:3044  第58章 不能放她走:2960  第59章 尽欢和长安我都要:3005  第60章 策反的暗器:3281
          第61章 我只能救死人:3005  第62章 带我去找她:2872  第63章 偃师、活偶:3135  第64章 盖医之为道，所以续斯人之命:3093  第65章 左手剑:3027  第66章 是云蜃，不是常安:3224
          第67章 桃花落后蚕齐浴，竹笋抽时燕便来:2976  第68章 等我做回常安:3028  第69章 不要满足:3006  第70章 有美人兮，见之不忘:3335  第71章 不要想些不该想的:3660  第72章 该怎么办:2949
          第73章 我信你:3015  第74章 三杯倒:3048  第75章 生无所知:3013  第76章 南氏商行:2986  第77章 信纸:2975  第78章 下饵:3112
          第79章 清风与一个吻:3309  第80章 我偏心你:3010  第81章 顺其自然:2923  第82章 内讧:3148  第83章 明月与酒:3297  第84章 莫道桑榆晚，为霞尚满天:2983
          第85章 谢白微:3097  第86章 会疯魔的是我:3082  第87章 我不会死:2902  第88章 火大:3199  第89章 不发威你拿我当病猫:2895  第90章 盖章:3010
          第91章 再没有秘密:2968  第92章 我们是朋友:3040  第93章 断绝关系:3216  第94章 好好看着我:3163  第95章 别怕，我会很快醒过来的。:3576  第96章 苏家:3071
          第97章 明镜司:3107  第98章 合作:2984  第99章 你出门带着我嘛:3069  第100章 都过去了:3270  第101章 义卖:2921  第102章 苏家的信物:3037
          第103章 玉牌的争夺:3436  第104章 还有事瞒着我:3028  第105章 尔尔辞晚，朝朝辞晚:2936  第106章 找南家的麻烦:3060  第107章 交易:3138  第108章 占有欲:3064
          第109章 分享:2901  第110章 婚礼:2959  第111章 百花酿:3158  第112章 通缉:3169  第113章 我没有你坚强:3072  第114章 各自行动:3022
          第115章 盐场:2957  第116章 烧了他:3075  第117章 二当家的下场:3281  第118章 内应:3131  第119章 前兆:2968  第120章 行动开始:3197
          第121章 鲁莽的后果:3193  第122章 尾声:3241  第123章 求你了，继续爱我:3156  第124章 让她喝:2890  第125章 最后的开始:2963  第126章 你努努力:3096
          第127章 旖旎:3048  第128章 他们的弟子会输给您的弟子:3002  第129章 擂台:3395  第130章 剑谷秘境:2905  第131章 不真实:3176  第132章 想要的东西:3040
          第133章 我的云蜃:3111  第134章 续缘:3357  第135章 桑半夏:3157  第136章 你们不配:2942  第137章 只是阿蒲:3245  第138章 朝廷的交易:2982
          第139章 上山:2970  第140章 朝阳:3162  第141章 小谷主:3024  第142章 要像爹爹和娘亲一样恩爱:3272  第143章 言传身教:3790  第144章 阿蒲想娶叶宁:2937
          第145章 尽欢和长安:2963  第146章 冬日盛暖:5422  第147章 番外、唐凝与秦睨:2126  第148章 番外、接亲前:2596  第149章 番外、长安:2097

11:51:41  骁英谨书·壹 (曈穆) [完结]  228p→223章  2130KB  OK
          https://www.52shuku.net/gl/25_b/bkcj4.html
          第1章:3085  第2章:3568  第3章:3164  第4章:3416  第5章:3179  第6章:3076
          第7章:3045  第8章:3014  第9章:3598  第10章:3123  第11章:3223  第12章:3196
          第13章:4618  第14章:3394  第15章:3194  第16章:3034  第17章:3513  第18章:3157
          第19章:2727  第20章:3051  第21章 （倒v开始）:3107  第22章:3000  第23章:3773  第24章:5133
          第25章:3215  第26章:3108  第27章:3167  第28章:3036  第29章:3151  第30章:3136
          第31章:3329  第32章:3029  第33章:3688  第34章:3155  第35章:3009  第36章:3038
          第37章:3031  第38章 （倒v结束）:3021  第39章:3159  第40章:3130  第41章:3276  第42章:3143
          第43章:3230  第44章:3327  第45章:3341  第46章:2976  第47章:3329  第48章:3244
          第49章:3158  第50章:3396  第51章:3098  第52章:2989  第53章:3200  第54章:3015
          第55章:2944  第56章:3248  第57章:3120  第58章:3126  第59章:3343  第60章:3005
          第61章:3718  第62章:3082  第63章:3325  第64章:3074  第65章:3124  第66章:2966
          第67章:3077  第68章:3168  第69章:3141  第70章:3140  第71章:3198  第72章:3612
          第73章:3087  第74章:3014  第75章:3040  第76章:3187  第77章:2858  第78章:3182
          第79章:2834  第80章:2937  第81章:3086  第82章:3164  第83章:2810  第84章:3365
          第85章:2759  第86章:3059  第87章:2866  第88章:3031  第89章:3146  第90章:3114
          第91章:3020  第92章:3163  第93章:3082  第94章:2940  第95章:3139  第96章:3095
          第97章:3245  第98章:3085  第99章:3222  第100章:3059  第101章:3133  第102章:3002
          第103章:3323  第104章:3080  第105章:3027  第106章:3003  第107章:3258  第108章:3123
          第109章:3229  第110章:3127  第111章:3486  第112章:3145  第113章:3303  第114章:3169
          第115章:3473  第116章:3230  第117章:3049  第118章:3253  第119章:3197  第120章:3421
          第121章:3111  第122章:3271  第123章:3129  第124章:3498  第125章:3263  第126章:3079
          第127章:3147  第128章:3150  第129章:3091  第130章:3040  第131章:3125  第132章:3167
          第133章:3440  第134章:3069  第135章:3046  第136章:3174  第137章:3183  第138章:3233
          第139章:3187  第140章:3031  第141章:3176  第142章:3096  第143章:3140  第144章:3160
          第145章:3385  第146章:3182  第147章:3534  第148章:3139  第149章:3292  第150章:3093
          第151章:3172  第152章:3284  第153章:3277  第154章:3093  第155章:3414  第156章:3094
          第157章:3646  第158章:3177  第159章:3098  第160章:3202  第161章:3295  第162章:3170
          第163章:3255  第164章:3101  第165章:3062  第166章:3058  第167章:3106  第168章:3154
          第169章:3243  第170章:3208  第171章:3180  第172章:3134  第173章:3254  第174章:3756
          第175章:3063  第176章:3132  第177章:3074  第178章:3408  第179章:3098  第180章:3219
          第181章:3036  第182章:3140  第183章:3035  第184章:3113  第185章:3468  第186章:3075
          第187章:3038  第188章:3069  第189章:3230  第190章:3015  第191章:3146  第192章:3033
          第193章:3221  第194章:3207  第195章:3142  第196章:3188  第197章:3238  第198章:3081
          第199章:3036  第200章:3127  第201章:3114  第202章:3188  第203章:3117  第204章:3104
          第205章:3199  第206章:3102  第207章:3103  第208章:3318  第209章:3030  第210章:3103
          第211章:3089  第212章:3151  第213章:3061  第214章:3027  第215章:3120  第216章:3042
          第217章:3088  第218章:3080  第219章:3225  第220章:3066  第221章:3071  第222章:3242
          第223章:3274

11:53:04  被穿书者攻略抱走gl[网游] (星小仙) [完结+番外]  219p→139章  1911KB  OK
          https://www.52shuku.net/gl/25_b/bkcj3.html
          第1章 社恐小宅女:3064  第2章 要不要见面:3214  第3章 确定面基时:3512  第4章 狠狠的揍她:3850  第5章 亏我们笑她:3195  第6章 遭遇村第二:3137
          第7章 任务进行时:3185  第8章 欧皇何清舞:3261  第9章 相约周一见:3852  第10章 非常的不错:3056  第11章 可爱护士装:3086  第12章 技术型玩家:3500
          第13章 怒火心中燃:3451  第14章 暴锤两兄妹:4889  第15章 大幅度提升:3632  第16章 真正的好处:3807  第17章 公会大变样:3717  第18章 需要帮忙吗:3293
          第19章 优势滚雪球:3418  第20章 喜欢雨的她:2467  第21章 入v通知时:2926  第22章 终于面基了:5976  第23章 开心逛夜市:6780  第24章 早晨的讲述:7375
          第25章 公会战开启:8520  第26章 绝境和破敌:12010  第27章 分配好宝贝:8071  第28章 相遇的惊艳:8184  第29章 约会进行时:6845  第30章 约会最终时:7013
          第31章 遭遇仇人时:6478  第32章 曾经的故事:7210  第33章 略微踮脚尖:5574  第34章 准备冲级中:7117  第35章 离谱的敌人:6946  第36章 别人在亲吻:6412
          第37章 遭遇到强敌:7559  第38章 结束第一回:6864  第39章 抱抱蹭蹭中:7321  第40章 运气的力量:8851  第41章 第二轮比赛:4218  第42章 生气的花雨:4122
          第43章 当众牵手了:6707  第44章 直播的打赏:4030  第45章 官方直播间:6353  第46章 天族来人了:4072  第47章 轻松破敌方:3658  第48章 屠龙伤万象:4907
          第49章 花雨战万象:5310  第50章 风波结束时:3529  第51章 直播间爆满:3430  第52章 奖励大丰收:4359  第53章 舆论的风向:4079  第54章 第二次会战:3586
          第55章 伪内鬼发威:3512  第56章 矮个拔高个:3418  第57章 蝗虫过境般:3557  第58章 公会合并时:3687  第59章 备战下一级:3635  第60章 玩什么好处:3572
          第61章 入驻新小镇:3317  第62章 小镇第一战:4806  第63章 高玩魔法师:3657  第64章 疯狂的战斗:4259  第65章 群战结束后:4356  第66章 游戏里同居:4152
          第67章 甜甜蜜蜜时:3570  第68章 何清舞变强:4136  第69章 翻倍战斗力:3672  第70章 坐山观虎斗:4043  第71章 大战的前奏:7511  第72章 高玩战氪佬（一）:4201
          第73章 高玩战氪佬（二）:5005  第74章 高玩战氪佬（三）:4243  第75章 战后的布局:3536  第76章 道德制高点:3674  第77章 互相辩论时:4529  第78章 抢怪大作战:3667
          第79章 神奇的魔龙:4292  第80章 花雨的战略:3907  第81章 早晨的撒娇:3610  第82章 备战资源战:3865  第83章 战场的变化:3726  第84章 局势的不利:4140
          第85章 超一流技能:3619  第86章 真正的战斗:6841  第87章 给你们教训:5875  第88章 联合不稳定:5508  第89章 资源大决战:9171  第90章 资源战落幕:3961
          第91章 战后的状况:6178  第92章 使用离间计:4046  第93章 舞宝的变化:6089  第94章 花雨的报复:4879  第95章 花雨的反击:3602  第96章 权限的可怕:3647
          第97章 花雨战神龙（始）:4257  第98章 花雨战神龙（终）:5308  第99章 再杀他一次:3861  第100章 四雄战花雨:5059  第101章 结束与开始:9028  第102章 现实再见面:4040
          第103章 谈心定心意:5194  第104章 缩在她怀里:3739  第105章 嚣张的第一:4663  第106章 公会的异变:3858  第107章 小舞战星辉:3599  第108章 花雨锤星辉:4605
          第109章 消失的榜一:3730  第110章 邀请进公会:3856  第111章 同居的生活:4560  第112章 个人城市赛:4271  第113章 准备锤黑子:5029  第114章 东方婉现身:3232
          第115章 捕捉东方婉:4486  第116章 唇枪舌战时:3833  第117章 击杀东方婉:3830  第118章 遭遇两兄妹:3258  第119章 击溃天族众:4383  第120章 你们回来啦:4082
          第121章 战斗继续中:3242  第122章 最终的排名:4089  第123章 官方的邀请:3839  第124章 有你在身边:4454  第125章 故事线变化:4071  第126章 男女主分散:3516
          第127章 讨伐花夏雨:3205  第128章 混战开始了:3325  第129章 生死的决战（上）:3597  第130章 生死的决战（中）:3207  第131章 生死的决战（下）:3580  第132章 夏雨筠露脸:3537
          第133章 敌人的底牌:4390  第134章 装醉的夜晚:3612  第135章 舆论的反转:4356  第136章 大结局（上）:4810  第137章 大结局（中）:4019  第138章 大结局（下）:4234
          第139章 番外：普通的日常:4053

11:53:32  被撩过的姐姐找上门 (喜潇) [完结+番外]  69p→60章  633KB  OK
          https://www.52shuku.net/gl/25_b/bkcj2.html
          第1章 初见［捉虫］:2212  第2章 相识:3943  第3章 等待:3249  第4章 误会:4210  第5章 纵火:2012  第6章 鱼饵:2157
          第7章 相知:2582  第8章 电话:1432  第9章 夜谈:2074  第10章 问心:1663  第11章 认错:1560  第12章 出差:3665
          第13章 撩拨:3572  第14章 告白:3126  第15章 手机:3316  第16章 中秋:5089  第17章 打架:3138  第18章 生气:4276
          第19章 脸红:2577  第20章 吃饭:3111  第21章 电影:2695  第22章 洁癖:3093  第23章 近视:4150  第24章 酒店:3027
          第25章 温暖:3421  第26章 亲吻:2116  第27章 娃娃:3016  第28章 来了:3592  第29章 拥抱:3385  第30章 下厨:3419
          第31章 误解:3403  第32章 科一:4383  第33章 暗恋【看过的从此处买】:3751  第34章 抑郁:3982  第35章 勇敢:3376  第36章 回家:3003
          第37章 张盈:3019  第38章 情侣:3098  第39章 柚子:3176  第40章 银杏:3388  第41章 租房:3411  第42章 折腾:3258
          第43章 科四:3379  第44章 同居:3029  第45章 秘密:4167  第46章 大理:3938  第47章 思念:4658  第48章 破绽:5190
          第49章 古城:3463  第50章 奶奶:3300  第51章 做客:3618  第52章 救我:3139  第53章 变态:3812  第54章 舍得:3278
          第55章 下雪:3017  第56章 情人:3385  第57章 分手:3821  第58章 出柜:2908  第59章 结局:10371  第60章 番外:10318

11:53:45  只有月亮经过 (小锦鲤呀) [完结]  22p→19章  197KB  OK
          https://www.52shuku.net/gl/25_b/bkcjp.html
          第1章:3210  第2章:3215  第3章:3199  第4章:3295  第5章:3182  第6章:4382
          第7章:3095  第8章:3222  第9章:3118  第10章:3206  第11章:3099  第12章:3361
          第13章:3666  第14章:3595  第15章:3199  第16章:3693  第17章:3368  第18章:3188
          第19章:4932

11:53:53  我喜欢的人成了我姐姐 (小锦鲤呀) [完结]  17p→15章  147KB  OK
          https://www.52shuku.net/gl/25_b/bkcjo.html
          第1章:3037  第2章:3009  第3章:3135  第4章:3272  第5章:3167  第6章:3202
          第7章:3213  第8章:3203  第9章:3323  第10章:3311  第11章:3121  第12章:3460
          第13章:3524  第14章:3152  第15章:3624

11:54:23  雇佣个女侠闯荡江湖 (徐北溟) [完结+番外]  69p→65章  614KB  OK
          https://www.52shuku.net/gl/25_b/bkcjn.html
          第1章 我非她不嫁:3536  第2章 贴身保镖的职责范围:3185  第3章 主要还是美食的力量:3627  第4章 门派倒闭前多攒钱:3669  第5章 打听点发大财的故事:2621  第6章 情意绵绵剑法:3277
          第7章 可否都要？:3583  第8章 耍流氓？:3669  第9章 但我没说请客……:2837  第10章 公平:2926  第11章 帮帮她吧，求你了:3258  第12章 以身相许？:3997
          第13章 不爽快:2669  第14章 职责所在:2767  第15章 又多了一个麻烦:3016  第16章 面对示好怎么办？:3335  第17章 你的衣带歪了:3011  第18章 你受用吗？:3288
          第19章 应该像这样:3146  第20章 气炸了的唐晓宁:3554  第21章 凶凶的唐晓宁:3588  第22章 为何要动摇？:3638  第23章 我的责任是护你周全:3487  第24章 姜汤:3119
          第25章 依你:2628  第26章 与我无关:2994  第27章 你会无聊吗？:3057  第28章 又来了:3094  第29章 她会去吗？:2909  第30章 亲眼所见，方知实情:3102
          第31章 处理烂桃花:3416  第32章 这就是我要的江湖:3346  第33章 秀一只小燕子:3480  第34章 你表哥……倒是费心:3503  第35章 你……比花好看:3045  第36章 比机器鸟可爱:1478
          第37章 无需练习:3520  第38章 吃飞醋:2683  第39章 青金色更好:3028  第40章 瓜，不甜吗？:3329  第41章 女侠迷茫了:3565  第42章 又又又来了:3444
          第43章 不可不防:3082  第44章 黑化柳依依:3732  第45章 一朝被蛇咬:3604  第46章 你表哥……孔雀开屏了吗？:3423  第47章 吃味？:2951  第48章 你就是我的烦心事:3282
          第49章 这很琼瑶:4614  第50章 你可得说清楚哦:3114  第51章 日常二则:2742  第52章 胡说八道！:3105  第53章 不吃醋，直接干预！:2524  第54章 正宫底气:2715
          第55章 不许去:3056  第56章 护犊子:3773  第57章 开窍:3562  第58章 呐，花花:3717  第59章 正儿八经的吻:3418  第60章 我愿意:2377
          第61章:1811  第62章 成全:2042  第63章 花烛夜:1917  第64章 是我的:1450  第65章 番外:1721

11:54:52  长公主的高塔 (长明灯盏) [完结+番外]  72p→64章  644KB  OK
          https://www.52shuku.net/gl/25_b/bkcjm.html
          第1章 不祥公主:4186  第2章 天才医师:3711  第3章 合理“同居”:3506  第4章 喜怒无常:3358  第5章 共浴危机:3359  第6章 信任与合作:3516
          第7章 信任与合作2:3342  第8章 关心与牵挂:3037  第9章 昙花一现:3126  第10章 刺客真容:3486  第11章 是非争论:3060  第12章 风雨欲来:3520
          第13章 皇权至上:3184  第14章 公主救美:3258  第15章 重女轻男:3197  第16章 我的亲人:3276  第17章 离别在即:3326  第18章 吻:3044
          第19章 我追着你:2900  第20章 爱是自由:3077  第21章 女太医:2717  第22章 麻烦太医:3251  第23章 离谱的谣言:3217  第24章 惊喜和爱意:3291
          第25章 三堂会审:3270  第26章 偷偷摸摸:3081  第27章 暧昧不清:3174  第28章 公主年幼:3249  第29章 乌发珠钗:3171  第30章 皇后执棋:3211
          第31章 皇后执棋2:3221  第32章 婕妤逐弈:3276  第33章 太医搜查:3076  第34章 重要的事:3162  第35章 引她入局:3325  第36章 牢狱之灾:3316
          第37章 牢狱之中:3223  第38章 孰为执棋者:3021  第39章 高塔:3192  第40章 心中的她:3337  第41章 并肩而行:3223  第42章 姐妹逐弈:3271
          第43章 姐妹逐弈2:3264  第44章 姐妹逐弈3:3306  第45章 暴露:3223  第46章 出逃:3041  第47章 先后令仪:3000  第48章 三人的过去:3315
          第49章 剧变:3014  第50章 原地:3233  第51章 毁灭:3295  第52章 识破:3294  第53章 弑君:3036  第54章 真相:3220
          第55章 真相2:4319  第56章 计划:3188  第57章 离开:3377  第58章 信任:3105  第59章 自由:3121  第60章 远行:5650
          第61章 翩翩公主:3678  第62章 爱人间晚上应该做什么:3560  第63章 回程:3492  第64章 惊喜:3888

11:55:13  镇上来了个儿科医生 (张于秋) [完结]  46p→40章  414KB  OK
          https://www.52shuku.net/gl/25_b/bkcjl.html
          第1章 初到小镇:3090  第2章 满月宴:2204  第3章 “我找你看过病。”:2595  第4章 匡星:3742  第5章 租房:3501  第6章 首逛菜市场:3513
          第7章 异常的采购人:3434  第8章 探访猪场:3481  第9章 芳姨的反复:4698  第10章 请外援:2406  第11章 对账:3880  第12章 隐情:5085
          第13章 失踪:3283  第14章 迷失在时间中的人:3302  第15章 斗殴:3841  第16章 急诊:3438  第17章 饭馆旧址:3292  第18章 转变:3674
          第19章 没有秘密:4121  第20章 醉酒:4326  第21章 礼物:3901  第22章 揭晓:3227  第23章 招标会:3436  第24章 摇河:3594
          第25章 她来干嘛？:4412  第26章 前路无定的诊所:3667  第27章 是与否:2646  第28章 打棉被:3010  第29章 寻找:3276  第30章 你是医生你救人啊！:3152
          第31章 葬礼:3262  第32章 她的告白:3193  第33章 一起离开:3199  第34章 收养:2981  第35章 老旧相片:3096  第36章 蝴蝶效应:3210
          第37章 水煮鱼片:3010  第38章 玩耍:3113  第39章 回光返照:3008  第40章 二零一一夏:3585

11:55:27  桃花妹和她的白山茶 (想吃猪蹄) [完结]  34p→27章  307KB  OK
          https://www.52shuku.net/gl/25_b/bkcjk.html
          第1章 梁伊:2454  第2章 鸢娘子:2416  第一章 是“礼崩乐坏民如土，兵起八方何为意”——正是系统给她的那本。:1877  第3章 阿怜:2044  第4章 系统2.0:4228  第5章 慕十三:5032
          第6章 小鬼:2518  第7章 温煴:3880  第8章 徐鹌:2479  第9章 永玉:4869  第10章 朴子:2931  第11章 辛公义:4789
          第12章 绒球:6303  第13章 巫女:4580  第14章 桃花村:2219  第15章 祭祀活动:4655  第16章 温决府:3485  第17章 庙会:3800
          第18章 乐舞阁:3407  第19章 拔笋:5154  第20章 破庙:6128  第21章 古州:3120  第22章 梁衍:2590  第23章 南国:3497
          第24章 洛川:3807  第25章 城破:4143  第26章 结局:5285

11:57:14  恶役美人修罗场指南[快穿] (有亿点钱) [完结]  282p→213章  2375KB  OK
          https://www.52shuku.net/gl/24_b/bkci1.html
          第1章:3632  第2章:4468  第3章:4225  第4章:3052  第5章:4065  第6章:3792
          第7章:3617  第8章:3796  第9章:4640  第10章:4223  第11章:3489  第12章:3520
          第13章:3549  第14章:4087  第15章:3269  第16章:5186  第17章:9502  第18章:3739
          第19章:4163  第20章:4762  第21章:3992  第22章:4297  第23章:3623  第24章:3295
          第25章:7506  第26章:4262  第27章:7405  第28章:4224  第29章:4036  第30章:3293
          第31章:3625  第32章:6582  第33章:3334  第34章:3143  第35章:6361  第36章:3466
          第37章:3743  第38章:3485  第39章:3473  第40章:3986  第41章:3805  第42章:4357
          第43章:4306  第44章:3591  第45章:3899  第46章:4660  第47章:4024  第48章:3404
          第49章:4063  第50章:3590  第51章:3384  第52章:4528  第53章:4724  第54章:4632
          第55章:4532  第56章:4595  第57章:3853  第58章:4524  第59章:6690  第60章:3297
          第61章:5427  第62章:4428  第63章:7189  第64章:3428  第65章:4301  第66章:8228
          第67章:3750  第68章:5321  第69章:5131  第70章:4163  第71章:3517  第72章:4177
          第73章:3522  第74章:3743  第75章:4113  第76章:3237  第77章:3571  第78章:5939
          第79章:4226  第80章:3706  第81章:4198  第82章:3274  第83章:3171  第84章:5338
          第85章:4371  第86章:4598  第87章:4663  第88章:4221  第89章:4400  第90章:5207
          第91章:5260  第92章:3699  第93章:3903  第94章:3358  第95章:3721  第96章:4082
          第97章:3819  第98章:4106  第99章:3644  第100章:3440  第101章:3215  第102章:3637
          第103章:3614  第104章:3354  第105章:3389  第106章:3793  第107章:3204  第108章:3561
          第109章:3515  第110章:3679  第111章:3386  第112章:3578  第113章:3274  第114章:3156
          第115章:3629  第116章:3396  第117章:3486  第118章:3124  第119章:3093  第120章:3271
          第121章:3282  第122章:3064  第123章:3464  第124章:3242  第125章:3090  第126章:3338
          第127章:3337  第128章:3582  第129章:3548  第130章:3451  第131章:3665  第132章:2164
          第133章:1500  第134章:3334  第135章:1433  第136章:3564  第137章:3244  第138章:3192
          第139章:3576  第140章:3112  第141章:3190  第142章:3131  第143章:3560  第144章:3358
          第145章:3617  第146章:3290  第147章:3402  第148章:3463  第149章:4267  第150章:3140
          第151章:3133  第152章:3624  第153章:1869  第154章:2175  第155章:2058  第156章:1668
          第157章:1344  第158章:2394  第159章:2292  第160章:3220  第161章:2450  第162章:3139
          第163章:2455  第164章:1286  第165章:2593  第166章:3374  第167章:3631  第168章:3335
          第169章:3467  第170章:3638  第171章:3796  第172章:3489  第173章:3349  第174章:3320
          第175章:2409  第176章:2839  第177章:3246  第178章:3929  第179章:3188  第180章:3348
          第181章:3108  第182章:3119  第183章:3107  第184章:5112  第185章:2921  第186章:3585
          第187章:2947  第188章:1320  第189章:1624  第190章:3153  第191章:3162  第192章:2362
          第193章:3080  第194章:3466  第195章:3105  第196章:3669  第197章:3266  第198章:3358
          第199章:2079  第200章:3458  第201章:3197  第202章:1794  第203章:3157  第204章:3200
          第205章:3547  第206章:2146  第207章:4161  第208章:3582  第209章:3754  第210章:2854
          第211章:5920  第212章:5688  第213章:5262

11:57:36  暗恋师姐那些年 (太古季叶人) [完结]  47p→41章  419KB  OK
          https://www.52shuku.net/gl/24_b/bkcik.html
          第1章 洗髓丹:3359  第2章 撞树上:3384  第3章 千会峰试炼:3267  第4章 意外之喜:3352  第5章 筑基丹:3337  第6章 师姐的指导:3352
          第7章 筑基:3297  第8章 爆发:3051  第9章 追杀虎妖:3633  第10章 中术:3317  第11章 张嘴:3278  第12章 师姐你走吧:3386
          第13章 禁地:3366  第14章 纠结:3228  第15章 容器:3410  第16章 劝告:3387  第17章 怨恨:3259  第18章 假丹期:3408
          第19章 权衡:3211  第20章 魔族功法:3326  第21章 质问:3385  第22章 心照不宣:3374  第23章 通道:3297  第24章 煞气自生:3322
          第25章 二姐:3325  第26章 心魔:3231  第27章 回家:3440  第28章 吻:3353  第29章 魔气滚滚:3319  第30章 飞升之后:3485
          第31章 故人之姿:3249  第32章 反复试探:3218  第33章 一巴掌:3395  第34章 你知道的:3364  第35章 重逢:3375  第36章 你在说什么？:3231
          第37章 流言:3211  第38章 家人:3236  第39章 无法和解:3557  第40章 变故:3191  第41章 感谢相遇:5297

11:57:57  全宗门都知道她对我不一样 (太古季叶人) [完结]  44p→40章  373KB  OK
          https://www.52shuku.net/gl/24_b/bkcij.html
          第1章:3028  第2章:3208  第3章:3043  第4章:3014  第5章:3219  第6章:3069
          第7章:3258  第8章:3164  第9章:3118  第10章:3081  第11章:3052  第12章:3037
          第13章:3089  第14章:3044  第15章:3083  第16章:3109  第17章:3064  第18章:3025
          第19章:3031  第20章:3022  第21章:3116  第22章:3102  第23章:3083  第24章:3099
          第25章:2123  第26章:3073  第27章:3129  第28章:3052  第29章:3069  第30章:3073
          第31章:3080  第32章:3052  第33章:3137  第34章:3037  第35章:3075  第36章:3199
          第37章:3156  第38章:3058  第39章:3124  第40章:2427

11:58:11  烈日 (又见棠) [完结+番外]  36p→43章  325KB  OK
          https://www.52shuku.net/gl/24_b/bkcii.html
          第1章 8月17日:3342  第2章 8月18日（一）:2932  第3章 8月18日（二）:2634  第4章 8月19日（一）:2372  第5章 8月19日（二）:2940  第6章 8月20日（一）:2967
          第7章 8月20日（二）:2311  第8章 8月21日（一）:2708  第9章 8月21日（二）:1825  第10章 8月21日（三）:2588  第11章 8月21日（四）:2108  第12章 8月22日（一）:1695
          第13章 8月22日（二）:2223  第14章 8月22日（三）:1939  第15章 8月22日（四）:3038  第16章 8月22日（五）:2261  第17章 8月22日（六）:2021  第18章 8月23日（一）:1918
          第19章 8月23日（二）:2873  第20章 8月23日（三）:2604  第21章 8月23日（四）:2712  第22章 8月23日（五）:2215  第23章 8月24日（一）:2446  第24章 8月24日（二）:3066
          第25章 8月24日（三）:2790  第26章 8月25日（一）:2551  第27章 8月25日（二）:2042  第28章 8月25日（三）:2760  第29章 8月25日（四）:1952  第30章 8月25日（五）:2408
          第31章 8月26日（一）:1874  第32章 8月26日（二）:2511  第33章 8月26日（三）:2514  第34章 8月27日（一）:2157  第35章 8月27日（二）:2291  第36章 8月27日（三）:2154
          第37章 8月27日（四）:2226  第38章 8月28日（一）:2699  第39章 8月28日（二）:1751  第40章 8月28日（三）:3873  第41章 8月28日（四）:2634  第42章 8月29日:4466
          第43章 一点点话。:1484

11:58:39  浓雾 (又见棠) [完结+番外]  63p→69章  568KB  OK
          https://www.52shuku.net/gl/24_b/bkcih.html
          第1章 207（上）:1886  第2章 207（下）:2118  第3章 听说:2060  第4章 归来:2491  第5章 得到:2377  第6章 良知:2365
          第7章 坏种:2952  第8章 游戏:2447  第9章 玩家:3501  第10章 敌友:2570  第11章 选择:3443  第12章 寻找:2664
          第13章 普通:2210  第14章 钻石（上）:2435  第15章 钻石（下）:2868  第16章 离开:1771  第17章 火车:3588  第18章 证明:2253
          第19章 电话:2649  第20章 计划:3297  第21章 拱门:2146  第22章 砍头:2140  第23章 问话:2205  第24章 爱人:4867
          第25章 自述:2527  第26章 妈妈:2779  第27章 关心:2090  第28章 绑架:2764  第29章 倒数（上）:3485  第30章 倒数（下）:3177
          第31章 掌纹:3858  第32章 野火（1）:2358  第33章 野火（2）:3548  第34章 野火（3）:3876  第35章 诞生:2856  第36章 惊喜:2667
          第37章 闭嘴:2018  第38章 深海:2500  第39章 金锁:2538  第40章 帮忙:2059  第41章 路途:2736  第42章 假佛:2625
          第43章 恶果:3755  第44章 以后:2499  第45章 野人（上）:2181  第46章 野人（下）:2555  第47章 捉弄:2994  第48章 团圆（上）:2366
          第49章 团圆（中）:2346  第50章 团圆（下）:2547  第51章 决定:3714  第52章 淹没:2487  第53章 夜访:2448  第54章 想想:2628
          第55章 铁锈:3150  第56章 准备:2670  第57章 晚会:2351  第58章 发车:2477  第59章 变化:2485  第60章 噩耗:2810
          第61章 水痘:2472  第62章 偏向:2798  第63章 分割:2388  第64章 困兽:4434  第65章 加剧:3203  第66章 没咯:2578
          第67章 窒息:2615  第68章 节哀:3061  第69章 番外 笔录:2349

11:59:08  关于我的美艳青梅是食人魔这件事 (鲸逐) [完结+番外]  67p→57章  561KB  OK
          https://www.52shuku.net/gl/24_b/bkcig.html
          第1章 重逢:3831  第2章 姐妹会:3157  第3章 姐妹会②:3394  第4章 姐妹会③:3077  第5章 冷战:4160  第6章 羞辱:3787
          第7章 正常:2918  第8章 绑架:2993  第9章 质问:2677  第10章 解释:3361  第11章 床伴:2806  第12章 亲吻:3375
          第13章 不正常:2995  第14章 蠢货:3045  第15章 恶心:3111  第16章 危险:2659  第17章 交往:2869  第18章 搅局:2913
          第19章 警察:3008  第20章 失踪:2765  第21章 派对:2835  第22章 危险:3195  第23章 埋尸:2876  第24章 洗澡:3137
          第25章 心灵感应:3737  第26章 魅力:3407  第27章 逃离:3590  第28章 汽车旅馆:2990  第29章 饥饿:3490  第30章 死人:2859
          第31章 吸血鬼:2998  第32章 Lesbian:2992  第33章 莉莉姆:3041  第34章 挟持:3048  第35章 猎巫:3561  第36章 宠物:2974
          第37章 纯血种:2898  第38章 纵火:2979  第39章 婚约:2783  第40章 朋友:2959  第41章 本能:3218  第42章 侵略:2856
          第43章 试装:3698  第44章 多比大战伏地魔:2869  第45章 精神控制:3396  第46章 懦弱:3125  第47章 决斗:3607  第48章 再见:2994
          第49章 婚礼当晚:5336  第50章 餐桌:3113  第51章 孕育:3215  第52章 决心:3301  第53章 晚安:4060  第54章 离开:3162
          第55章 结局:3470  第56章 番外（1）:4055  第57章 番外（2）:3473

11:59:30  轻舟还岸 (江与朝辞) [完结+番外]  56p→53章  497KB  OK
          https://www.52shuku.net/gl/24_b/bkcif.html
          第1章 初来希和:3875  第2章 牛:3457  第3章 谁问了:3204  第4章 希望:3569  第5章 招财猫:2330  第6章 狂做别想:3221
          第7章 跑什么？:2801  第8章 擦肩而过:3366  第9章 鲜花:3016  第10章 草莓:2832  第11章 新闻自由:2791  第12章 我想见你:3246
          第13章 星星:3030  第14章 自由:3193  第15章 回国:3366  第16章 我们:2933  第17章 性取向:2994  第18章 糖醋排骨:3589
          第19章 将来:3573  第20章 那是我哥:2760  第21章 热凉:3015  第22章 负责:3091  第23章 约会:3041  第24章 莲花:2990
          第25章 M:2734  第26章 一步一想:3146  第27章 决定:3232  第28章 LOVE:3756  第29章 我想上岸:2106  第30章 舟舟:2486
          第31章 项圈:2330  第32章 不可以吗:2617  第33章 离开:2490  第34章 符号:3262  第35章 封锁:3158  第36章 尊严:3174
          第37章 情诗:3079  第38章 生死一线:3801  第39章 醒:2816  第40章 知晓:3841  第41章 对不起我爱你:3553  第42章 回国:3276
          第43章 我不认识你:3827  第44章 这是我的吗:3391  第45章 见家长:2993  第46章 接受:3483  第47章 变故:3138  第48章 劫持:3247
          第49章 小舟:3529  第50章 我们分手吧:2952  第51章 杀了我吧:3192  第52章 爱与希望:3719  第53章 番外一:782

11:59:44  祝长乐 (江与朝辞) [完结]  25p→34章  208KB  OK
          https://www.52shuku.net/gl/24_b/bkcie.html
          第1章 初遇:1681  第2章 段海:1763  第3章 再遇:1949  第4章 祝长意:1804  第5章 门禁:2096  第6章 明天见:1847
          第7章 圣诞快乐:2168  第8章 关东煮:1906  第9章 电玩城:1867  第10章 奶油:1793  第11章 雾凇:1902  第12章 新年快乐:1777
          第13章 生气:1727  第14章 早恋:2169  第15章 澄清:1810  第16章 蝴蝶:1624  第17章 植树:1810  第18章 抱抱我吧:1719
          第19章 上药:2000  第20章 烫:2061  第21章 故事:1965  第22章 心意:3446  第23章 奖励:2111  第24章 eternal:2430
          第25章 小乌龟:2651  第26章 在一起:2507  第27章 摩天轮:2316  第28章 生日:2236  第29章 变故:2574  第30章 离开:1794
          第31章 重逢:1978  第32章 LOVE:2024  第33章 幸福:1943  第34章 永远快乐:758

12:00:39  青水仙 (易夕伊年) [完结+番外]  145p→114章  1294KB  OK
          https://www.52shuku.net/gl/23_b/bkcgF.html
          第1章:3477  第2章:4327  第3章:3870  第4章:3791  第5章:3946  第6章:3832
          第7章:3836  第8章:3313  第9章:3527  第10章:3635  第11章:3404  第12章:3867
          第13章:3830  第14章:3952  第15章:3553  第16章:3151  第17章:3121  第18章:3267
          第19章:3445  第20章:3160  第21章:3901  第22章:3531  第23章:3318  第24章:3173
          第25章:3626  第26章:3425  第27章:3978  第28章:3028  第29章:4028  第30章:3908
          第31章:3339  第32章:3360  第33章:3304  第34章:4050  第35章:5149  第36章:3884
          第37章:3318  第38章:3991  第39章:3588  第40章:3694  第41章:3713  第42章:3359
          第43章:3400  第44章:4136  第45章:4422  第46章:3297  第47章:3571  第48章:3169
          第49章:4002  第50章:3515  第51章:3036  第52章:3251  第53章:4139  第54章:3525
          第55章:3284  第56章:3395  第57章:3986  第58章:3689  第59章:3331  第60章:3719
          第61章:3389  第62章:3794  第63章:3289  第64章:3614  第65章:3379  第66章:4192
          第67章:3767  第68章:3308  第69章:4486  第70章:3436  第71章:3669  第72章:4193
          第73章:3447  第74章:3327  第75章:3937  第76章:3308  第77章:3128  第78章:3073
          第79章:3156  第80章:3096  第81章:3173  第82章:3965  第83章:3046  第84章:4931
          第85章:3827  第86章:3823  第87章:3692  第88章:3788  第89章:3419  第90章:3063
          第91章:3782  第92章:3706  第93章:3946  第94章:3927  第95章:3652  第96章:3532
          第97章:4406  第98章:4602  第99章:4664  第100章:3299  第101章 番外一：四年后:4729  第102章 番外二：洛川互换（1）:5960
          第103章 番外二：洛川互换（2）:4302  第104章 番外三：三十六岁（1）:3649  第105章 番外三：三十六岁（2）:3442  第106章 番外三：三十六岁（3）:5178  第107章 番外四：蓝映月x言颜（1）:5399  第108章 番外四：蓝映月x言颜（2）:4335
          第109章 番外四：蓝映月x言颜（3）:4750  第110章 番外四：蓝映月x言颜（4）:4365  第111章 番外四：蓝映月x言颜（5）:5272  第112章 番外四：蓝映月x言颜（6）:3399  第113章 番外四：蓝映月x言颜（7）:3611  第114章 番外四：蓝映月x言颜（8）:5731

12:00:53  秦岭盛夏 (鹤娘子) [完结]  24p→20章  204KB  OK
          https://www.52shuku.net/gl/23_b/bkcgE.html
          第1章:4090  第2章:3054  第3章:3040  第4章:3243  第5章:3254  第6章:3343
          第7章:3333  第8章:3459  第9章:3472  第10章:3176  第11章:3118  第12章:3297
          第13章:3050  第14章:3456  第15章:3385  第16章:3426  第17章:3337  第18章:3103
          第19章:3237  第20章 （正文完）:4261

12:01:57  穿书恶女，她被清冷女主亲哭了 (Sylvino) [完结]  167p→185章  1418KB  OK
          https://www.52shuku.net/gl/23_b/bkcgD.html
          第1章 穿书:1483  第2章 洗白:2322  第3章 又是什么新手段？:2778  第4章 你也配来这里？:2928  第5章 她是我们天字间的贵客:2369  第6章 我不喜欢男的:3181
          第7章 打架打到警察局去了？！:2949  第8章 让谢苒道个歉:2251  第9章 其实……我不是她:2024  第10章 一个小姑娘能有什么能耐？:2491  第11章 他们的网站，都是她端掉的:3077  第12章 她和谁是同桌？:3853
          第13章 被针对了:2321  第14章 你是不是作弊了？:2502  第15章 她必须退学:2194  第16章 她的资料在论坛传疯了:2212  第17章 那我给她作证，够么？:2122  第18章 两年前，联赛输给了她:2535
          第19章 没动手，动的是脚:2382  第20章 只是开除，未免太便宜他了:2718  第21章 你能不能帮我补补课？:2872  第22章 千金一掷为红颜:2556  第23章 方家这次是踢到铁板了:3707  第24章 她在考虑转班:2688
          第25章 有人找你约谱子:2867  第26章 她和以前不一样了:1913  第27章 她也有被抢生意的一天啊:3081  第28章 价值几亿的画，就这样放包里？:1052  第29章 来给你送伞:2450  第30章 概率题还能算出负数？:2343
          第31章 转班申请:2089  第32章 同学，你哪位？:2749  第33章 你好像知道很多别人不知道的事:2062  第34章 不是作弊就是透题:2032  第35章 她的成绩进1班都绰绰有余:2137  第36章 死对头什么的最好嗑了:2189
          第37章 他们都被谢苒耍了:2025  第38章 看不见而已:2761  第39章 还以为她改了:2019  第40章 就她一个正常人:2313  第41章 S号包厢的贵宾，到底是什么来头？:2048  第42章 她身上，有种熟悉的感觉:2050
          第43章 不想我跟他说话？:2498  第44章 你平常也是这么教书的？:2322  第45章 同一个人的笔迹:2335  第46章 谢苒的态度，好像变得有点奇怪:1762  第47章 会有这么巧的事吗？:2362  第48章 态度转变得真快:2299
          第49章 金屋藏娇啊，池小棠:2505  第50章 她怎么也跑到画展来了？:1724  第51章 听说今天Rosa本人会来……:2096  第52章 你们什么时候发现的？:2020  第53章 她是那个天才画家？:2410  第54章 你不是和她不熟么？:3691
          第55章 你姐是不是有喜欢的人了:2374  第56章 谢苒原来这么厉害:2579  第57章 难怪她们不对付:2737  第58章 公司出问题了:2142  第59章 不小心把同人文发给正主是什么体验？:2175  第60章 你们今晚住一起吧:2202
          第61章 她的身上，也染上了相同的味道:2040  第62章 她同意为苏老夫人医治了:2072  第63章 送只小猫陪你:2365  第64章 你砍分像在砍价:3177  第65章 现场嗑糖是种什么体验？:1592  第66章 很可爱，我也很喜欢:2067
          第67章 我还挺喜欢这种反差感的:2498  第68章 谢苒不在的第一秒，想她:3555  第69章 你是不是谈恋爱了:2321  第70章 她不会是跑来闹事的吧:4369  第71章 她到底是什么来头:2121  第72章 你果然认识池晚棠:2336
          第73章 你们真不是一对？:1609  第74章 还在追呢:2428  第75章 没有，我在上学:3603  第76章 想要抱抱她:2057  第77章 等你上台的时候，我会在的:4070  第78章 那个新人，就是她？:2446
          第79章 第一个九分以上的人:3801  第80章 你不会是特意搭的同款吧:2272  第81章 你可以牵着我:2091  第82章 被关衣柜里了:1945  第83章 出柜吧，朋友们:1982  第84章 有你陪着，我很安心:4130
          第85章 池氏危机:2229  第86章 有些话可不能再说第二遍:3787  第87章 池鸿煊背后还有人:6086  第88章 我的车技还不错:3309  第89章 是挺安静的:2850  第90章 你们真是一天比一天甜蜜:2522
          第91章 你手机藏哪儿了？:3698  第92章 你们这次是无缘第一了:2294  第93章 她没拿过低于满分的分数:3963  第94章 她们肯定不会拒绝:1961  第95章 她刚才说的舞是……:4125  第96章 也不用一直抱着吧？:4002
          第97章 这是公然包庇！:2005  第98章 三天内，一定回来:2040  第99章 他的确和案子脱不了干系:4226  第100章 只能委屈一下她了:4002  第101章 下雨了，还不走么？:4152  第102章 谢苒，我想回家:4007
          第103章 你愿意和我在一起么:4146  第104章 你们这是……:4036  第105章 不知道看谁，那就看我吧:4244  第106章 她们……能走得长远么:4117  第107章 你刚才听到了多少？:4289  第108章 下次，不用问:4295
          第109章 现在能不醋了？:4149  第110章 属于你们的show time:4013  第111章 我尽量多看你一会儿:4096  第112章 这个位置，非她莫属:2018  第113章 这样一来，她就影响不到你了:2061  第114章 出场顺序出来了？:2464
          第115章 您发我的短信，就是这么写的:2534  第116章 味道是挺不错:2409  第117章 要不，我们继续？:2107  第118章 连参加初赛的门槛都没达到:2520  第119章 无论是谁，都不会是你:2146  第120章 评委里是混进卧底了么？:2279
          第121章 申请复核的，不会就是……:2502  第122章 如果有别的证据呢？:2484  第123章 你还有什么想说的？:2535  第124章 我本来就都听她的:2220  第125章 可以直接开始么？:3047  第126章 一起洗吧:2904
          第127章 原地结婚的意思:2994  第128章 是不是不小心惹到她了？:2514  第129章 她昨晚……没干什么啊:2543  第130章 你老婆说话太伤人:2162  第131章 昨晚……你吻我了:2089  第132章 怎么敢不考虑她的感受:2325
          第133章 你就说我猜的对不对吧:1831  第134章 下次，冷就告诉我:2049  第135章 现在轮到你躲她了？:2726  第136章 应该是喜欢的吧:1560  第137章 我想和你更进一步:2313  第138章 要不，明天来我家:2411
          第139章 早就对你不可自拔了:2285  第140章 万恶的数学:1609  第141章 你觉得谢苒技术怎么样？:2177  第142章 她不会在躲着自己吧？:1830  第143章 我不会走的:1542  第144章 晚安，苒苒:1361
          第145章 考得很不错:2598  第146章 你的惊喜，我很期待:2769  第147章 他这次就是走个过场:1625  第148章 连题目都看不懂:2589  第149章 那道题是我出的:2384  第150章 这什么逆天学神:2478
          第151章 难道她真的没有说谎？:1974  第152章 我们莱顿也是好起来了:1985  第153章 你是要毁了祁家吗？:2911  第154章 要是能跟你一起走就好了:1538  第155章 我沈某人绝对守口如瓶:3704  第156章 陪你一会儿:1501
          第157章 晚安吻，现在补上了:2322  第158章 你好像很期待？:1816  第159章 你是我的缪斯:1593  第160章 等项目忙完，就出国吧:1952  第161章 我也可以来找你嘛:2165  第162章 谢苒的软肋:2196
          第163章 他不会想来闹事吧:2600  第164章 希望你能准时赴约:1545  第165章 你准备干什么:2244  第166章 这次应该也花不了多少时间:2508  第167章 别打她的主意:2265  第168章 你在拖延时间？:1390
          第169章 游戏结束:1717  第170章 这不会是个局吧？:2576  第171章 你一定要注意安全啊:1504  第172章 怕你后悔:1651  第173章 要是能早点遇到你就好了:2135  第174章 总决赛:2309
          第175章 怎么选了这首？:1809  第176章 有长进了:2291  第177章 想试试么:1911  第178章 极光:2007  第179章 告诉我，你想要什么？:1900  第180章 这都是朕给你打下的江山:1755
          第181章 不敢吃，怕吃完见到太奶:1902  第182章 生日快乐:2082  第183章 新的一年:1992  第184章 属于他们的未来:2174  第185章 尾声:2358

12:02:55  肖想 (离心引栗) [完结]  143p→71章  1269KB  OK
          https://www.52shuku.net/gl/22_b/bkcgs.html
          第1章:1322  第2章:2447  第3章:2695  第4章:3590  第5章:5241  第6章:4947
          第7章:5664  第8章:2471  第9章:7789  第10章:4066  第11章:4554  第12章:7185
          第13章:5603  第14章:1814  第15章:8348  第16章:5067  第17章:5115  第18章:4608
          第19章:6347  第20章:5173  第21章:8452  第22章:8131  第23章:4725  第24章:2699
          第25章:7663  第26章:5913  第27章:10396  第28章:4578  第29章:3394  第30章:4502
          第31章:9444  第32章:4572  第33章:5294  第34章:5125  第35章:7209  第36章:7971
          第37章:4823  第38章:11240  第39章:8414  第40章:7028  第41章:4450  第42章:3652
          第43章:2689  第44章:5038  第45章:5360  第46章:8922  第47章:6570  第48章:8954
          第49章:7546  第50章:3953  第51章:3418  第52章:9208  第53章:5253  第54章:5494
          第55章:6127  第56章:3603  第57章:12472  第58章:4344  第59章:7578  第60章:5678
          第61章:4170  第62章:11172  第63章:1323  第64章:10543  第65章:8493  第66章:3876
          第67章:10898  第68章:6321  第69章:9451  第70章:7083  第71章 完结:3437

12:03:36  被柔弱小甜狐缠上后 (C老板) [完结+番外]  103p→91章  919KB  OK
          https://www.52shuku.net/gl/22_b/bkcgr.html
          第1章 人性:3673  第2章 狐狸:3399  第3章 同类:3141  第4章 凝视:3086  第5章 觊觎:3383  第6章 猫人:3671
          第7章 打探:3753  第8章 化形:3419  第9章 处罚:3784  第10章 邀请:3571  第11章 后悔:3704  第12章 黑狼:3439
          第13章 歉意:3327  第14章 救援:3262  第15章 亲吻:3272  第16章 夏月:3193  第17章 创伤:3390  第18章 收养:3149
          第19章 合照:3366  第20章 家人:3458  第21章 黑心:3369  第22章 喜欢:3552  第23章 睡裙:3355  第24章 妻子:3548
          第25章 斗殴:3338  第26章 秘密:3159  第27章 欺骗:3217  第28章 怀疑:3094  第29章 古怪:3096  第30章 不配:3029
          第31章 霸占:3441  第32章 悲伤:3468  第33章 真相:3078  第34章 骗局:3427  第35章 白月:3040  第36章 出手:3317
          第37章 收买:3170  第38章 出逃:3412  第39章 告状:3062  第40章 恶心:3548  第41章 搏斗:3529  第42章 生还:3207
          第43章 失去:3169  第44章 处决:3490  第45章 演戏:3251  第46章 营救:3217  第47章 陷阱:3158  第48章 小青:3348
          第49章 求助:3377  第50章 心结:3378  第51章 信任:3654  第52章 定义:3279  第53章 声明:3317  第54章 报告:3140
          第55章 质问:3409  第56章 逆转:3331  第57章 特殊:3176  第58章 回城:3353  第59章 试探:3629  第60章 媒体:3111
          第61章 妹妹:3355  第62章 后悔:3565  第63章 夏天:3467  第64章 回家:3124  第65章 驳回:3407  第66章 藏匿:3336
          第67章 来信:3164  第68章 衣服:3291  第69章 收买:3463  第70章 隔阂:3161  第71章 小偷:3380  第72章 坠落:3126
          第73章 抢救:3217  第74章 苏醒:3336  第75章 合作:3365  第76章 离开:3256  第77章 罪过:3303  第78章 投稿:3326
          第79章 误解:3460  第80章 拥有:3067  第81章 牵手:3431  第82章 推进:3490  第83章 节目:3442  第84章 直播:3345
          第85章 主角:3430  第86章 戒指:3249  第87章 吃醋:3258  第88章 觉醒:3041  第89章 新娘:3214  第90章 炼狱:3090
          第91章 信念:3491

12:04:07  难诱GL (鸣玉珂兮) [完结]  52p→62章  458KB  OK
          https://www.52shuku.net/gl/22_b/bkcgq.html
          第1章 贵腐酒:3265  第2章 文艺女:2860  第3章 彼岸:2914  第4章 疯女人:2699  第5章 小秦总:2401  第6章 长岛冰茶:2292
          第7章 全垒打:2894  第8章 旧相好:2757  第9章 同花顺:2188  第10章 冲动:2805  第11章 眼瞎:1106  第12章 普通朋友:2088
          第13章 理想型:2127  第14章 见面礼:2079  第15章 将来:2407  第16章 正常人:2155  第17章 乖乖女:2198  第18章 双赢:2178
          第19章 纯牛奶:2117  第20章 旷野:2274  第21章 氢气球:2206  第22章 空碗:2382  第23章 喜酒:2184  第24章 温柔乡:2645
          第25章 落难凤凰:2213  第26章 倾盖如故:2048  第27章 妾意:1953  第28章 周旋久:2359  第29章 情绪价值:2728  第30章 命运的挑衅:2230
          第31章 玻璃蝴蝶:2065  第32章 看不上:3099  第33章 好人哲学:2027  第34章 求婚构想:2494  第35章 卷土重来:2686  第36章 逃兵:2092
          第37章 甲方:2143  第38章 裙带关系:2446  第39章 干湿分离:2302  第40章 情侣款:2192  第41章 三角测量:2761  第42章 柑橘爆珠:2324
          第43章 人非模板:2178  第44章 你死我活:2564  第45章 好宴:2689  第46章 自由:2666  第47章 满月酒:3308  第48章 漂亮姐姐:2648
          第49章 以吻封缄:2719  第50章 生日愿望:2564  第51章 生理喜欢:2416  第52章 语言魔咒:2393  第53章 粉钻:2246  第54章 鸿门宴:2739
          第55章 困兽犹斗:2132  第56章 分离焦虑:2161  第57章 风景:2180  第58章 为爱当三:2926  第59章 洪水猛兽:2536  第60章 破镜重圆:2120
          第61章 he美学:2456  第62章 正文完结:3013

12:04:33  扬州万金 (吃了木鱼的猫) [完结+番外]  60p→62章  571KB  OK
          https://www.52shuku.net/gl/22_b/bkcgp.html
          第1章:3053  第2章:3059  第3章:3044  第4章:3105  第5章:3015  第6章:2962
          第7章:3011  第8章:3013  第9章:3051  第10章:3078  第11章:3216  第12章:3189
          第13章:2943  第14章:2970  第15章:3261  第16章:3036  第17章:3092  第18章:3332
          第19章:3264  第20章:2971  第21章:3020  第22章:3312  第23章:3068  第24章:2933
          第25章:3045  第26章:3264  第27章:3247  第28章:3051  第29章:2904  第30章:3003
          第31章:3158  第32章:3044  第33章:3131  第34章:2911  第35章:1401  第36章:3168
          第37章:2875  第38章:3008  第39章:3107  第40章:3386  第41章:3470  第42章:3269
          第43章:3123  第44章:3076  第45章:3190  第46章:3052  第47章:2934  第48章:3129
          第49章:2999  第50章:3151  第51章:3113  第52章:3044  第53章:3022  第54章:3502
          第55章:2819  第56章:3214  第57章:2997  第58章:2190  第59章:3116  第60章:3359
          第61章:3487  第62章 番外:3055

12:05:09  彩虹、天空 (谧野) [完结]  91p→72章  768KB  OK
          https://www.52shuku.net/gl/22_b/bkcgo.html
          第1章:3848  第2章:3542  第3章:3524  第4章:4019  第5章:3201  第6章:3920
          第7章:4218  第8章:3954  第9章:3490  第10章:3259  第11章:3581  第12章:3539
          第13章:3461  第14章:3752  第15章:3722  第16章:3206  第17章:3213  第18章:3121
          第19章:3622  第20章:3899  第21章:3740  第22章:3722  第23章:3344  第24章:3400
          第25章:2920  第26章:2791  第27章:2550  第28章:3538  第29章:4878  第30章:3213
          第31章:3978  第32章:3833  第33章:3795  第34章:4279  第35章:3123  第36章:3511
          第37章:3778  第38章:3611  第39章:3471  第40章:3789  第41章:3668  第42章:3421
          第43章:3471  第44章:3051  第45章:3452  第46章:3247  第47章:2733  第48章:3751
          第49章:3861  第50章:3493  第51章:3538  第52章:3291  第53章:3586  第54章:3342
          第55章:3285  第56章:3106  第57章:3750  第58章:3022  第59章:3127  第60章:3650
          第61章:3236  第62章:3351  第63章:3294  第64章:3382  第65章:3604  第66章:3700
          第67章:3389  第68章:3367  第69章:3634  第70章:3550  第71章:3620  第72章:2636

12:05:26  启明 (谧野) [完结+番外]  45p→35章  386KB  OK
          https://www.52shuku.net/gl/22_b/bkcgn.html
          第1章 叶子:4692  第2章 叶兮:3379  第3章 怪异:3085  第4章 虚幻:3943  第5章 牵手:2572  第6章 雨水:4731
          第7章 醉酒:4436  第8章 好酒:4711  第9章 十六:3027  第10章 梦境:5095  第11章 风头:3744  第12章 纠结:3566
          第13章 花坛:4585  第14章 夜路:3914  第15章 怪谈:3879  第16章 安排:3812  第17章 纵容:4060  第18章 旧事:3099
          第19章 捂耳:4536  第20章 夜袭:3869  第21章 迷蒙:3279  第22章 猜对:3471  第23章 父母:3622  第24章 经意:3309
          第25章 读心:4206  第26章 逗弄:3787  第27章 心跳:3125  第28章 道别:2684  第29章 切片:4480  第30章 执念:3527
          第31章 刻痕:2346  第32章 日记:3050  第33章 虚与实:409  第34章 番外·日常01:2258  第35章 番外·不是很日常的日常02:5143

12:06:35  冷情直A总被女神小姨撩 (仙珥) [完结+番外]  181p→146章  1565KB  OK
          https://www.52shuku.net/gl/21_b/bkcfy.html
          第1章:4121  第2章:3402  第3章:3268  第4章:2280  第5章:3681  第6章:2375
          第7章:4237  第8章:3624  第9章:2974  第10章:3124  第11章:3330  第12章:3835
          第13章:4280  第14章:3156  第15章:3833  第16章:4166  第17章:3875  第18章:2572
          第19章:4919  第20章:5738  第21章:4172  第22章:2628  第23章:2938  第24章:4352
          第25章:3244  第26章:3379  第27章:3762  第28章:3665  第29章:2897  第30章:3588
          第31章:3172  第32章:3656  第33章:3317  第34章:3319  第35章:3863  第36章:4346
          第37章:3464  第38章:3871  第39章:3400  第40章:3225  第41章:3447  第42章:4258
          第43章:3416  第44章:4231  第45章:3593  第46章:3789  第47章:3636  第48章:3341
          第49章:3617  第50章:3321  第51章:3093  第52章:3621  第53章:4020  第54章:3685
          第55章:3257  第56章:3855  第57章:3310  第58章:3505  第59章:3408  第60章:3931
          第61章:4096  第62章:2906  第63章:2462  第64章:3460  第65章:2651  第66章:3282
          第67章:3217  第68章:3279  第69章:3960  第70章:3453  第71章:3937  第72章:3815
          第73章:3657  第74章:2230  第75章:2266  第76章:2909  第77章:2609  第78章:3395
          第79章:2587  第80章:2373  第81章:2349  第82章:2274  第83章:2356  第84章:2390
          第85章:3687  第86章:2328  第87章:2629  第88章:3343  第89章:2231  第90章:3328
          第91章:3651  第92章:2327  第93章:3937  第94章:6725  第95章:2387  第96章:2398
          第97章:4732  第98章:8438  第99章:3670  第100章:6315  第101章:6893  第102章:3684
          第103章:7038  第104章:4478  第105章:5748  第106章:3717  第107章:3404  第108章:3572
          第109章:3268  第110章:2907  第111章:2292  第112章:3290  第113章:3820  第114章:4243
          第115章:3308  第116章:2186  第117章:2289  第118章:2309  第119章:5457  第120章:3341
          第121章:3318  第122章:2665  第123章:5646  第124章:3596  第125章:4365  第126章:3604
          第127章:5373  第128章:2333  第129章:2226  第130章:2338  第131章:4757  第132章:3561
          第133章:2593  第134章:2275  第135章:2215  第136章:2315  第137章:6300  第138章:3311
          第139章:3300  第140章:3614  第141章:4587  第142章:3973  第143章:3273  第144章:7907
          第145章:4773  第146章:6872

12:06:56  穿书成清冷大佬的渣前妻gl (木野森森) [完结]  47p→41章  394KB  OK
          https://www.52shuku.net/gl/21_b/bkceZ.html
          第1章 平安牌:3667  第2章 柠檬糖 可恶。:3226  第3章 阿西娜 清爽的甜冲淡了苦。:3028  第4章 好一出替身文学:3141  第5章 雨凝固后:3193  第6章 蛋糕:3210
          第7章 没人想亲你:3078  第8章 漂亮得像有毒:3126  第9章 火锅:3122  第10章 离婚:3136  第11章 蜂蜜柠檬水 叶亦迟：“啊？”:3329  第12章 姓叶的坏蛋:3328
          第13章 风月误:3058  第14章 小星星:3157  第15章 牧神的午后:3095  第16章 Red Lady 听错了吧？:3434  第17章 发烧:3137  第18章 女儿情:3044
          第19章 黑卡:3037  第20章 终于离婚了:3087  第21章 狗血:3278  第22章 榛果蛋糕:3219  第23章 你刚说你爱我:3062  第24章 蛋羹和骆马绒:3066
          第25章 邻居:3216  第26章 替身 更加听不懂了。:3035  第27章 莫须有的初恋:3130  第28章 是替身我也认 不只是阳春水。:3111  第29章 你说呢:3397  第30章 发难:3147
          第31章 视频 体温测出来将近39度。:3058  第32章 荒唐 荒唐，这个情况实在荒唐。:3208  第33章 真相:3475  第34章 好看吗:3055  第35章 我想你了:3264  第36章 吻:3110
          第37章 直播 清冷的声音混着冰和雨。:3052  第38章 离婚是假的 辛柠拿出份公证书。:3114  第39章 吵架与欺骗:3096  第40章 坦白 真不敢保证。:3128  第41章 我爱你（正文完）:3128

12:07:02  亡妻回忆录 (烧灯续昼Light) [完结+番外]  11p→12章  85KB  OK
          https://www.52shuku.net/gl/21_b/bkceS.html
          第1章:2436  第2章:1996  第3章:1940  第4章:2607  第5章:2038  第6章:1974
          第7章:2163  第8章:2186  第9章:2038  第10章:3662  第11章:2430  第12章:1957

12:07:10  养猫手册 (烧灯续昼Light) [完结+番外]  16p→26章  128KB  OK
          https://www.52shuku.net/gl/21_b/bkceR.html
          第1章 重逢:1566  第2章 异样:1582  第3章 猫咖:1493  第4章 猫妖:1563  第5章 掉毛:1424  第6章 害怕:1802
          第7章 旅行:1481  第8章 劫后:1632  第9章 初见:1685  第10章 沐浴:1565  第11章 伪善:1394  第12章 告别:1416
          第13章 再见:1445  第14章 守候:1486  第15章 麻木:1407  第16章 相残:1426  第17章 修补:1393  第18章 贪食:1396
          第19章 庆贺:1678  第20章 爱是？:2423  第21章 除夕:1824  第22章 天晴:1615  第23章 番外/一:1584  第24章 番外/二（上）:1663
          第25章 番外/二（下）:1552  第26章 番外/三:1691

12:08:04  她一见钟情，她见色起意 (愿卿欢颜) [完结+番外]  133p→175章  1111KB  OK
          https://www.52shuku.net/gl/20_b/bkceh.html
          第1章 无聊的女人:2217  第2章 反差:2129  第3章 栗子:2065  第4章 可以被你打扰:2027  第5章 还伞:2247  第6章 借宿:1983
          第7章 相亲:2169  第8章 想见你:1814  第9章 多看一眼:2131  第10章 多穿点:2198  第11章 喝酒:2347  第12章 留宿:1966
          第13章 你明明也……:2192  第14章 不借也想:2075  第15章 你陪我:1918  第16章 想不想:2184  第17章 ，想:2028  第18章 晚安:2136
          第19章 kiss:1946  第20章 想听她的声音:2065  第21章 偷心贼:1956  第22章 自制力:2049  第23章 心甘情愿:1991  第24章 风景正好:2000
          第25章 她比酒醉人:2284  第26章 谢谢姐姐:2118  第27章 相思病:1923  第28章 心病还需心药医:2260  第29章 她不一样…吗？:2097  第30章 受伤:2011
          第31章 住院:1973  第32章 擦拭:2066  第33章 食色性也:2040  第34章 发现:2028  第35章 被迫见家长:1975  第36章 紧张:1932
          第37章 她在，所以不一样:2141  第38章 笙笙:2035  第39章 求我啊~:1962  第40章 来日方长:1997  第41章 明天放你走:2062  第42章 你在吃醋？:2204
          第43章 情敌？:2123  第44章 训狗大师:2023  第45章 不好意思，我是她的人:2206  第46章 匆忙:2041  第47章 烦心:2063  第48章 依靠:1968
          第49章 过往:2190  第50章 贪恋:2043  第51章 杜若熙:2029  第52章 她的事:1894  第53章 一路顺风:2256  第54章 家属:2066
          第55章 只有她能听:2058  第56章 好事:2005  第57章 屋里藏人:2000  第58章 渣女:2078  第59章 玩火自焚:2220  第60章 另一面:2004
          第61章 抢不过:2012  第62章 煮饭:2065  第63章 招惹:1979  第64章 你想要吗:2120  第65章 想要:1950  第66章 告白:1938
          第67章 照片:2210  第68章 胆小鬼:2030  第69章 不解风情:2110  第70章 一世英名:1882  第71章 弃养:2160  第72章 见面:1971
          第73章 小狗:2083  第74章 是狼:1909  第75章 可以把你藏起来吗:2177  第76章 你不是知道吗:1963  第77章 弯的:2032  第78章 亲久一点吧:2004
          第79章 让她:2004  第80章 占有:2033  第81章 去你家:2056  第82章 名不虚传:2044  第83章 路漫往事:1965  第84章 乱晃:2107
          第85章 绯闻:1976  第86章 不乖:2076  第87章 第一个:2082  第88章 一下:1855  第89章 故意:2172  第90章 不是生气:2041
          第91章 笙笙，别发呆了:2175  第92章 我喜欢你:2013  第93章 幸福最重要:1982  第94章 她说“哦”:2019  第95章 我带了:2050  第96章 不要浪费:1958
          第97章 不虚:1965  第98章 感冒:2149  第99章 传染:1985  第100章 公开课:2243  第101章 她的江笙:2219  第102章 赶不走:1992
          第103章 担心:2079  第104章 话又说回来了:2069  第105章 解释:2022  第106章 父母:2047  第107章 项圈:1995  第108章 早晚:2078
          第109章 年少:2061  第110章 旧路:2214  第111章 阿箐，我很想你:2048  第112章 我的恋人:2120  第113章 门当户对:2074  第114章 惊吓？:1958
          第115章 惊喜:2053  第116章 都是我的:1974  第117章 愿意吗？:2086  第118章 愿意:2129  第119章 一起过年:2117  第120章 除夕:2143
          第121章 学不会，慢慢学:2113  第122章 家:2253  第123章 心软:2046  第124章 熬夜了:2041  第125章 保证:1985  第126章 值得幸福:2025
          第127章 端倪:1953  第128章 我喜欢她:2114  第129章 质问:2212  第130章 婆媳:2129  第131章 我是你的:2073  第132章 我们一起:1927
          第133章 处理问题:1953  第134章 松动:2272  第135章 不想:2024  第136章 疲惫:1995  第137章 劝劝:2083  第138章 她的前程:2029
          第139章 我们的前程:2194  第140章 四十一天:2055  第141章 等她:2486  第142章 我们的家:2058  第143章 我都快不记得你的样子了:1747  第144章 春风得意:2177
          第145章 分房睡:2029  第146章 教训:1973  第147章 见家长:2059  第148章 带她回家:1966  第149章 支持:2148  第150章 季节（正文完）:1402
          第1章 握住了:1906  第2章 扎起头发来:1935  第3章 一起吧:2197  第4章 现在认识了:2064  第5章 回家:2072  第6章 心脏不太舒服:1968
          第7章 喜欢:1842  第8章 不需要好朋友:2063  第9章 她身边好多人:2086  第10章 人情:2119  第11章 红润:1956  第12章 劝架:2013
          第13章 不放心:2019  第14章 检讨书:1985  第15章 寒假:2057  第16章 小女朋友:1919  第17章 多喜欢她一点吧:1795  第18章 病情:2088
          第19章 如果没有我:2022  第20章 真实的梦:1951  第21章 约定:1871  第22章 我还想和你们做朋友:2012  第23章 这次，是真的再见了:2268  第24章 谢谢夸奖:2298
          第25章 晚安了:1999

12:08:27  在恋综遇到了暗恋的学姐 (梧所) [完结+番外]  62p→48章  507KB  OK
          https://www.52shuku.net/gl/20_b/bkceg.html
          第1章 恋综我来了:3620  第2章 两句话:3670  第3章 好感信息:3945  第4章 与女神错过:3799  第5章 她在养鱼？:3364  第6章 体验的一天:3031
          第7章 听孟长青哭诉:3311  第8章 第一次争吵:3223  第9章 *殷一涵视角:2347  第10章 任务奖励:3420  第11章 伤心之夜:3623  第12章 落落起起:3108
          第13章 共进午餐:3637  第14章 暂时分开:4106  第15章 *殷一涵视角2:4076  第16章 做早餐:3168  第17章 鬼屋:3316  第18章 十指紧扣:3231
          第19章 看电影:3279  第20章 开心就好:3309  第21章 狼人杀:3543  第22章 往事:4248  第23章 保护:3395  第24章 *殷一涵视角3:5276
          第25章 知晓:3259  第26章 华尔兹:3015  第27章 双人照:3280  第28章 羽毛球赛:3156  第29章 邀请:3383  第30章 演出:3330
          第31章 坦白局:3324  第32章 不一样的她:3156  第33章 心动长文:3042  第34章 亲友开放日:3726  第35章 这是谁的菜:3049  第36章 默契游戏:3137
          第37章 为尤龙庆生:3521  第38章 亲友之声:3202  第39章 定情信物:3193  第40章 关于一场雪:3152  第41章 情书:3955  第42章 *殷一涵视角4:4423
          第43章 *殷一涵视角5:4824  第44章 *殷一涵视角6:3382  第45章 *殷一涵视角7:3759  第46章 最难忘的瞬间:2441  第47章 奔向我吧:3676  第48章 番外 复盘聚会:3135

12:08:47  合租室友总是想睡我 (疯狂绿番茄) [完结+番外]  41p→44章  370KB  OK
          https://www.52shuku.net/gl/20_b/bkcef.html
          第1章 房东的坦诚相见？:2945  第2章 房东的规矩:2083  第3章 房东你有病！！:2545  第4章 房东要求擦背:2219  第5章 坦白从宽，抗拒从严:2397  第6章 抵制恶劣房东:2339
          第7章 房东套路深:2097  第8章 诡计多端的房东:2029  第9章 吵架:2446  第10章 吃醋:2070  第11章 抓到你了:3027  第12章 一个月的期限:2655
          第13章 赶紧给老子滚蛋:2639  第14章 我应该动心吗|心里扭曲:2100  第15章 现任与前任的碰面:2127  第16章 这样那样:2269  第17章 王八蛋，给我滚开:2139  第18章 扑了个空:2315
          第19章 当断则断:2276  第20章 你酸了吗？:2301  第21章 就是演给你看的:3563  第22章 风筝线:3264  第23章 闪亮电灯泡:3223  第24章 比比酒量？:3655
          第25章 被人阴了:3563  第26章 中秋回家:4528  第27章 团圆饭:4177  第28章 你想我吗？:3857  第29章 强扭的瓜到底甜不甜？:3328  第30章 有老婆了不起啊，我也有:3832
          第31章 见家长:3334  第32章 到底是谁通知的她？:3396  第33章 我不同意:3891  第34章 换我，换我！:3544  第35章 你不配提她:3710  第36章 是会被戳脊梁骨的！:3441
          第37章 成全我吧！:3191  第38章 贿赂吗？怎么可能！:3407  第39章 大结局:3363  第40章 番外一:3244  第41章 番外二:2079  第42章 番外三:1244
          第43章 番外四:1006  第44章 制服教训:1129

12:08:57  [封神榜同人] 贤妻不与美妾斗 (落沉倾城) [完结+番外]  24p→26章  210KB  OK
          https://www.52shuku.net/gl/20_b/bkcee.html
          第1章 吐个槽，穿了个越（修）:2647  第2章 研究金手指（修）:1703  第3章 急救轩辕殿（修）:2699  第4章 妲己迅速的失宠了:2469  第5章 扑到她怀里的小白兔妲己:2671  第6章 伤心的妲己妹妹:2718
          第7章 陪寝:2978  第8章 望月惊变:2245  第9章 别后重逢:3363  第10章 重逢女娲宫:2466  第11章 和女神舌吻:2398  第12章 两情相悦:2403
          第13章 定情之物:2975  第14章 共浴:2696  第15章 身心交付:2833  第16章 敬酒不吃吃罚酒:2276  第17章 所谓肉丸:3232  第18章 颠覆剧情:3227
          第19章 做她的王后:2076  第20章 武王伐纣:2417  第21章 妲己之治:2455  第22章 赐婚:2587  第23章 心中夙愿:2705  第24章 步步为营:2616
          第25章 大结局:3648  第26章 番外之殷十娘的后来:2197

12:09:31  日月凤凰gl (落沉倾城) [完结]  82p→92章  711KB  OK
          https://www.52shuku.net/gl/19_b/bkcda.html
          第1章 楔子前缘（上）:4236  第2章 楔子前缘（下）:3269  第3章 重归:3316  第4章 爱她:3456  第5章 现身:4307  第6章 选择:3819
          第7章 出关:4289  第8章 不离:3947  第9章 触动:2641  第10章 失算:2491  第11章 陪伴:2157  第12章 劝诫:1280
          第13章 抗敌:2157  第14章 常仪:2189  第15章 独身:2706  第16章 规劝:2268  第17章 东皇:2405  第18章 极地:2276
          第19章 难改:2278  第20章 生产:2300  第21章 一赌:2058  第22章 妻子:2377  第23章 帮你:2037  第24章 消失:2480
          第25章 丑恶:2492  第26章 偷袭:2198  第27章 赶来:2494  第28章 报复:2293  第29章 放手:2400  第30章 阳星:2617
          第31章 自戕:2492  第32章 新年:3184  第33章 聚魂:2052  第34章 大婚:2046  第35章 问题:2733  第36章 重逢:2476
          第37章 等她:2660  第38章 身世:2347  第39章 认错:2445  第40章 爱慕:2189  第41章 回溯:2328  第42章 惩罚:2018
          第43章 想要:2037  第44章 离开:2742  第45章 疑问:2129  第46章 甘愿:2178  第47章 原谅:1974  第48章 别离:2363
          第49章 得偿:3563  第50章 番外①大羲和x大常羲:805  第51章 番外②小羲和x小常羲:2510  第52章 凤澄雪x连馨①:1915  第53章 凤澄雪x连馨②:1928  第54章 凤澄雪x连馨③:2956
          第55章 凤澄雪x连馨④:2738  第56章 凤澄雪x连馨⑤:1726  第57章 凤澄雪x连馨⑥:2134  第58章 凤澄雪x连馨⑦:2437  第59章 凤澄雪x连馨⑧:2658  第60章 凤澄雪x连馨⑨:2200
          第61章 凤澄雪x连馨⑩:1999  第62章 游戏人生①:2097  第63章 游戏人生②:2093  第64章 游戏人生③:2223  第65章 游戏人生④:2575  第66章 游戏人生⑤:2632
          第67章 游戏人生⑥:2547  第68章 游戏人生⑦:2156  第69章 游戏人生⑧:2321  第70章 游戏人生⑨:2180  第71章 游戏人生（完）:2672  第72章 冰月纠缠①:2206
          第73章 冰月纠缠②:2421  第74章 冰月纠缠③:2493  第75章 冰月纠缠④:2413  第76章 冰月纠缠⑤:2497  第77章 冰月纠缠⑥:2410  第78章 洪荒相随①:2343
          第79章 洪荒相随②:2397  第80章 洪荒相随③:2760  第81章 洪荒相随（完）:2705  第82章 花冰辰的日记①:2358  第83章 花冰辰的日记②:2980  第84章 花冰辰的日记③:2848
          第85章 花冰辰的日记④:2274  第86章 花冰辰的日记⑤:2350  第87章 花冰辰的日记⑥:2469  第88章 花冰辰的日记⑦:2319  第89章 花冰辰的日记⑧:2268  第90章 花冰辰的日记⑨:3678
          第91章 花冰辰的日记（完）:3056  第92章 凤凰蕴雪:4202

12:09:58  情缘她实在有病[全息] (多梦嫌烦扰) [完结]  64p→56章  534KB  OK
          https://www.52shuku.net/gl/19_b/bkccZ.html
          第1章 风起霓裳（二修）:4078  第2章 队友不是人（小修）:3507  第3章 “君隐”:3286  第4章 护短:3270  第5章 你先招惹我的:2718  第6章 混水摸鱼:3181
          第7章 天上掉馅饼:2537  第8章 爱恨情仇:2554  第9章 救急救火:2512  第10章 你的情缘已下线:3254  第11章 任务线索:3874  第12章 一个游戏而已:3928
          第13章 你的情缘已上线:3182  第14章 终了:3337  第15章 回到现实:3196  第16章 类人群星闪耀时:3200  第17章 追求效率的君小姐:3187  第18章 做我的情人:3286
          第19章 竞技场MVP:3339  第20章 鬼一样缠着你:3316  第21章 打架:3211  第22章 情缘生气了怎么办:3201  第23章 游戏NPC剧情:3173  第24章 游戏NPC剧情2:3173
          第25章 奇遇·妙手难缘二:3204  第26章 初吻:3203  第27章 我想把这玩意儿染成绿的:3196  第28章 返校:3317  第29章 请问你是:3535  第30章 不良诱惑:3217
          第31章 蛮有童心的情缘:3255  第32章 小兔狗:3302  第33章 告白:3293  第34章 你惹上大麻烦了:3312  第35章 帮战1:3300  第36章 ［一剑霜寒十四州］:3310
          第37章 帮战2:3211  第38章 帮战3:3413  第39章 结束:3185  第40章 吻:3122  第41章 惑心谷:3224  第42章 惑心谷2:3264
          第43章 惑心谷3:3183  第44章 告白:3201  第45章 伪装:3214  第46章 沈月来:3004  第47章 惑心谷4:3043  第48章 半章:997
          第49章 长期随缘更:2137  第50章 打本:2346  第51章 ［剑上负雪三寸］:3192  第52章 吻心:3181  第53章 奇遇·终:3262  第54章 君不见:3022
          第55章 火光:2096  第56章 君拂:3289

12:10:27  前女友说她还爱我 (乱曲) [完结+番外]  72p→1章  591KB  OK
          https://www.52shuku.net/gl/18_b/bkccJ.html
          第60章 番外 去哪我都陪你去:2371

12:10:55  哟，你就是那个妻管严啊 (乱曲) [完结+番外]  78p→71章  693KB  OK
          https://www.52shuku.net/gl/18_b/bkccI.html
          第1章:2961  第2章:3194  第3章:3390  第4章:3153  第5章:2883  第6章:2996
          第7章:2993  第8章:3277  第9章:2742  第10章:2847  第11章:2966  第12章:2234
          第13章:2089  第14章:2432  第15章:2407  第16章:2499  第17章:1986  第18章:2440
          第19章:2335  第20章:2572  第21章:2243  第22章:2380  第23章:2974  第24章:9662
          第25章:3324  第26章:3313  第27章:3245  第28章:3231  第29章:3187  第30章:3286
          第31章:3253  第32章:3227  第33章:3203  第34章:3212  第35章:3892  第36章:3244
          第37章:3239  第38章:3856  第39章:4182  第40章:3191  第41章:3190  第42章:3189
          第43章:3208  第44章:3282  第45章:2579  第46章:2548  第47章:4219  第48章:6199
          第49章:2984  第50章:3000  第51章:3264  第52章:3167  第53章:3270  第54章:3848
          第55章:3213  第56章:2892  第57章:2901  第58章:4230  第59章:1879  第60章:2672
          第61章:2545  第62章:3581  第63章:3609  第64章:3030  第65章:2867  第66章 正文完结:3129
          第67章 if番外1:姐姐～:3574  第68章 if番外2:姐姐的姐姐就是我的姐姐:2561  第69章 if番外3:厚脸皮的小孩:4557  第70章 if番外4:不会打架，但会告状:4270  第71章 if番外5:她当真与林照成婚了:3676

12:11:36  称帝 (琉璃仙草) [完结]  94p→55章  804KB  OK
          https://www.52shuku.net/gl/18_b/bkccC.html
          第1章 这个叫花子很反骨:3562  第2章 这个叫花子有想法:3926  第3章 这个叫花子爱偷袭:3345  第4章 这个叫花子有点拽:2821  第5章 这个叫花子有点猛:2390  第6章 这个叫花子有骨气:2129
          第7章 这个叫花子的命运:2161  第8章 这个叫花子被欣赏:2281  第9章 这个叫花子被安排了:2005  第10章 这个叫花子第一次被打脸:2854  第11章 那个叫花子初次露手:3021  第12章 这个叫花子被欣赏上:3034
          第13章 这个叫花子的特质弓弩:3124  第14章 这叫花子是可造之材:3425  第15章 这个叫花子没说大话:3348  第16章 这个叫花子居然敢行医:3335  第17章 这个叫花子杀意起:3223  第18章 这个叫花子很有一手:3552
          第19章 这个叫花子猜不透:2425  第20章 这个叫花子简直是魔鬼:3068  第21章 这个叫花子技术高超:3619  第22章 这个叫花子很眼熟:2351  第23章 这个叫花子的疯狂:2107  第24章 这个叫花子失踪了:2738
          第25章 这个叫花子到处被通缉:1839  第26章 这个叫花子伤心了:2283  第27章 这个叫花子产生疯念头:2357  第28章 这叫花子倒反天罡了:2364  第29章 这个叫花子被反制:2156  第30章 这个叫花子拐人女儿:2005
          第31章 这个叫花子再显神威:3390  第32章 这个叫花子要转运了:3023  第33章 这个叫花子不安了:2537  第34章 她第一次感到了使命在召唤:3035  第35章 转机来的太快了:6168  第36章 丹枫城战役胜利:6164
          第37章 初显将帅之质:6750  第38章 大将军的用意:3022  第39章 委以重任:3222  第40章 姜千户名声大噪:6055  第41章 姜千户的授课:9127  第42章 姜千户一招釜底抽薪:9072
          第43章 千户变将军:9257  第44章 沧海明珠，帝星再现:9160  第45章 姜将军威武:9582  第46章 姜宝意的攻心计:9136  第47章 姜宝意战死:13331  第48章 战争的洗礼，一年的变化:8096
          第49章 天命之女:7642  第50章 自己的军队:8493  第51章 姜氏势力快速扩张:10121  第52章 统一在即:9078  第53章 四州皆所得:9331  第54章 将军万岁:11152
          第55章 大夏王朝:6299

12:11:56  俯仰流年二十春 (期希金) [完结]  52p  (无章节标记)  427KB  OK
          https://www.52shuku.net/gl/18_b/bkccB.html
          全文: 141988字

12:12:22  喵族最强也有失策的时候 (青驰月) [完结+番外]  59p→49章  502KB  OK
          https://www.52shuku.net/gl/18_b/bkccA.html
          第1章 喵:3024  第2章 喵喵:3123  第3章 喵喵喵:3156  第4章 喵喵喵喵:3246  第5章 五个喵:3129  第6章 六个喵:3187
          第7章 七个喵:3522  第8章 八个喵:2840  第9章 九个喵:3167  第10章 十个喵:3483  第11章 十一喵:3104  第12章 十二喵:3113
          第13章 十三喵:3165  第14章 十四喵:3127  第15章 十五喵:3023  第16章 十六喵:3161  第17章 十七喵:3162  第18章 十八喵:3103
          第19章 十九喵:3232  第20章 二十喵:4140  第21章 二十一喵:3178  第22章 二十二喵:3944  第23章 二十三喵:3289  第24章 二十四喵:4274
          第25章 二十五喵:3338  第26章 二十六喵:3923  第27章 二十七喵:3151  第28章 二十八喵:3537  第29章 二十九喵:3723  第30章 三十喵:3161
          第31章 三十一喵:3009  第32章 三十二喵:3089  第33章 三十三喵:3023  第34章 三十四喵:3128  第35章 三十五喵:3617  第36章 三十六喵:3175
          第37章 三十七喵:3330  第38章 三十八喵:3866  第39章 三十九喵:3406  第40章 四十喵:3103  第41章 四十一喵:3150  第42章 四十二喵:3263
          第43章 四十三喵:3252  第44章 四十四喵:3488  第45章 四十五喵:3138  第46章 四十六喵:3542  第47章 四十七喵:4987  第48章 全文完:6551
          第49章 喵不过来了番外:964

12:13:05  非敌 (文门柬) [完结+番外]  113p→94章  988KB  OK
          https://www.52shuku.net/gl/17_b/bkccj.html
          第1章 姐姐讨厌你:3047  第2章 无事献殷勤:3025  第3章 有一点可爱:3313  第4章 完美模板:3025  第5章 日出日落:3149  第6章 改变:3204
          第7章 许愿:3384  第8章 骄傲:4670  第9章 崩塌:4259  第10章 玻璃之下:3556  第11章 浪涌:3281  第12章 机会:3240
          第13章 下雨天:3401  第14章 意味不明:3521  第15章 靠近:3186  第16章 多管闲事:3354  第17章 不是一个人:3494  第18章 影子:3230
          第19章 被遗忘的:3358  第20章 脆弱一分钟:3273  第21章 天将明:3396  第22章 盲点:3121  第23章 启程:3143  第24章 甜不辣:3475
          第25章 穆赫兰道:3222  第26章 雨停慢一点:3078  第27章 不散场:3082  第28章 乱:3215  第29章 兜圈:3089  第30章 妄念:3331
          第31章 无声陪伴:3371  第32章 错觉:3155  第33章 心引力:3099  第34章 不合时宜:3148  第35章 过夏天:3192  第36章 拼图碎片:3097
          第37章 一日安:3109  第38章 清醒时分:3190  第39章 灯:3672  第40章 不熟:3360  第41章 默契:3237  第42章 骑士精神:4103
          第43章 情与悟:3023  第44章 心动的标准:3230  第45章 心猿意马:3444  第46章 体贴:3013  第47章 共枕:3200  第48章 笑一个:3313
          第49章 喜欢的人:3232  第50章 记得:3889  第51章 不迟:3283  第52章 倒数:3489  第53章 等春来:3272  第54章 冬夜之后:3120
          第55章 同路:3927  第56章 你来过这里:3320  第57章 醉:3152  第58章 高山低谷:3212  第59章 忘了:3310  第60章 那就一起:3353
          第61章 被看见:3232  第62章 酸:3516  第63章 光束:3798  第64章 白鹭与水:3417  第65章 夜盲症:3149  第66章 来电:4015
          第67章 平行线:3746  第68章 及时雨:3744  第69章 晚安:3534  第70章 追逐她:3109  第71章 等:3072  第72章 眼神不会骗人:3104
          第73章 幸运:4046  第74章 春不晚:4141  第75章 并肩:3295  第76章 悬崖上恋爱:3301  第77章 退后:3526  第78章 远距离:3497
          第79章 开始懂了:3628  第80章 绝境:3657  第81章 暗室逢灯:3160  第82章 安稳:3425  第83章 水雾中:3874  第84章 静止:3419
          第85章 逃避你:3713  第86章 这样爱了:3075  第87章 藏念:3593  第88章 被接受的爱:5522  第89章 TOGETHER:3355  第90章 姐姐我爱你:3559
          第91章 番外了无痕:3108  第92章 番外时光与你:4472  第93章 番外共感娃娃:3679  第94章 番外岑唯变成小狗啦:7775

12:13:31  哑奴 (三山而川) [完结]  61p→54章  530KB  OK
          https://www.52shuku.net/gl/17_b/bkcch.html
          第1章:3173  第2章:3791  第3章:3697  第4章:3645  第5章:3305  第6章:3350
          第7章:3560  第8章:3396  第9章:3203  第10章:3906  第11章:3258  第12章:3296
          第13章:3292  第14章:3643  第15章:3019  第16章:3030  第17章:3060  第18章:3189
          第19章:3145  第20章:3119  第21章:3246  第22章:3027  第23章:3022  第24章:3128
          第25章:3054  第26章:3008  第27章:3300  第28章:3033  第29章:3133  第30章:3012
          第31章:3767  第32章:3070  第33章:3040  第34章:3637  第35章:3112  第36章:3198
          第37章:3150  第38章:3057  第39章:3161  第40章:3106  第41章:2696  第42章:2545
          第43章:2147  第44章:3269  第45章:5960  第46章:3094  第47章:2586  第48章:2147
          第49章:3130  第50章:2425  第51章:2473  第52章:3467  第53章:4007  第54章:4099

12:14:01  梅子熟时 (鱼香肉丝只加葱) [完结+番外]  71p→59章  632KB  OK
          https://www.52shuku.net/gl/17_b/bkccc.html
          第1章 桂月台下:4207  第2章 见义勇为:4837  第3章 来势汹汹:3574  第4章 以物之名:3160  第5章 支援:3492  第6章 约定:3474
          第7章 送你:2726  第8章 隔离:3314  第9章 谈恋爱:3074  第10章 邀约:4574  第11章 教堂:3530  第12章 竞猜:3856
          第13章 酒醒:3052  第14章 拍照:3049  第15章 分别:3927  第16章 性缩力:2971  第17章 接触:3044  第18章 礼物:3119
          第19章 再见:4720  第20章 闲聊:3676  第21章 青梅:3200  第22章 同步:4304  第23章 搬家:3067  第24章 蒙太奇:3083
          第25章 决心:3427  第26章 试探:3482  第27章 小鱼:2843  第28章 转移:3034  第29章 商议:3177  第30章 哭笑:3302
          第31章 红薯之心:2712  第32章 勘破:3270  第33章 志同道合:3153  第34章 吃鱼:3175  第35章 柔软的蛋糕:3052  第36章 保质期:2871
          第37章 矛盾花园:3254  第38章 琥珀:3249  第39章 白日歌:3266  第40章 人机:3344  第41章 抠门儿:2874  第42章 管教:3618
          第43章 画眉:2796  第44章 家属:3548  第45章 你我:5782  第46章 别扭:3351  第47章 看房:3376  第48章 吃醋:4509
          第49章 共生:3018  第50章 开门:5165  第51章 宝宝:3531  第52章 同盟:4208  第53章 爱你:3997  第54章 崇拜:4148
          第55章 笔友:4958  第56章 谁啊:5125  第57章 劝降:3010  第58章 回头看:3576  第59章 番外1:3000

12:14:16  全镇第一霸王花说她对我有兴趣 (阿嗙) [完结]  37p→43章  308KB  OK
          https://www.52shuku.net/gl/17_b/bkccb.html
          第1章 今日宜惊世骇俗:2115  第2章 全镇头条：霸王花她动真格了:2542  第3章 凿墙的可行性:2161  第4章 墙洞须补，糕点……可惜:2760  第5章 静养:2615  第6章 麻烦精:1629
          第7章 该是能消停几日了:2067  第8章 谁要跟她做好朋友？！:1989  第9章 喜欢，会害怕:1669  第10章 只想做……朋友吗？:3060  第11章 让不让拿啊？:1710  第12章 回礼:2140
          第13章 天天向上:3227  第14章 投桃报李:3124  第15章 狗爬字与大碗茶:2513  第16章 亦悦:1974  第17章 第 17 章:2935  第18章 第 18 章:1754
          第19章 屋顶上的名字:2214  第20章 不一样:2222  第21章 怎么扑咬:2527  第22章 是赢了，还是输了:2632  第23章 与我无关:2055  第24章 当止:1847
          第25章 容易弯:1970  第26章 门缝那么窄:2254  第27章 双姝记:2169  第28章 三，停，二:2203  第29章 急事，速开:1965  第30章 下策:2087
          第31章 追兵:2004  第32章 你在等我:1966  第33章 阎王爷可不收:1869  第34章 死不了:2256  第35章 一切皆有缘由:2151  第36章 结束了？:2097
          第37章 怎么办？:3288  第38章 像我们一样……:3228  第39章 第 39 章:3393  第40章 好，重新打:2691  第41章 我想亲你:2214  第42章 我们成亲吧:2492
          第43章 这就是家了:2059

12:14:45  欺嫂 (廿廿呀) [完结]  73p→48章  612KB  OK
          https://www.52shuku.net/gl/17_b/bkcca.html
          第1章:4111  第2章:6040  第3章:4375  第4章:3448  第5章:5119  第6章:4867
          第7章:3573  第8章:6014  第9章:3975  第10章:5181  第11章:5514  第12章:5911
          第13章:5099  第14章:9104  第15章:5200  第16章:5124  第17章:6816  第18章:4392
          第19章:4043  第20章:5746  第21章:5003  第22章:3934  第23章:4649  第24章:4159
          第25章:5991  第26章:6241  第27章:3168  第28章:4007  第29章:3432  第30章:3356
          第31章:3773  第32章:4084  第33章:3001  第34章:3114  第35章:3342  第36章:2859
          第37章:2918  第38章:2693  第39章:2768  第40章:3449  第41章:2804  第42章:3444
          第43章:2757  第44章:2431  第45章:2716  第46章:3177  第47章:2851  第48章:4273

12:15:15  休止符 (北山沙) [完结]  72p→59章  648KB  OK
          https://www.52shuku.net/gl/17_b/bkcbX.html
          第1章 我的同学与我无关:1134  第2章 再次相遇:3504  第3章 互不打扰:3276  第4章 7月26日:3376  第5章 不会遇到:2682  第6章 如何拒绝:3105
          第7章 卫仁礼冷傲退姬佬:4683  第8章 卫仁礼冷傲退姬佬2:3337  第9章 卫仁礼冷傲退姬佬3:4047  第10章 坠楼:3028  第11章 坏结局:3955  第12章 知道你很好:3626
          第13章 我不上进:3606  第14章 褚宁家:3531  第15章 难得遇见你:3891  第16章 月色很美:3487  第17章 落枕了:3349  第18章 耳听八方:3394
          第19章 扮演:3492  第20章 吃饭:3483  第21章 有话说:4246  第22章 你知道:3789  第23章 去死吧:3190  第24章 加入其中:3883
          第25章 姥姥:3681  第26章 雷诗然:4780  第27章 雨声:2159  第28章 尖叫声:3692  第29章 噪声:4400  第30章 休止符:4085
          第31章 放弃:3670  第32章 意料之外的吻:4166  第33章 标准答案:4743  第34章 被杀:3260  第35章 我有超能力:3668  第36章 把门关上:3223
          第37章 我见过你死:3697  第38章 没有人会救你:3979  第39章 暗恋:4177  第40章 潘多拉魔盒:5454  第41章 你的想法:3389  第42章 活着的理由:3890
          第43章 八卦:3216  第44章 7月24日:3462  第45章 我不同意:3519  第46章 疯子:3993  第47章 不要玩弄我的感情:3637  第48章 我喜欢你:4059
          第49章 我恨我喜欢她:3743  第50章 假意:3887  第51章 真心:3205  第52章 倘若喜欢:4157  第53章 这才是真正意料之外的吻:3345  第54章 凶手:3023
          第55章 循环结束:3663  第56章 以后会分开又怎样:3193  第57章 别丢下她:3289  第58章 不知情:3967  第59章 你没有丢下我:4257

12:15:47  故旧新逢 (观然) [完结]  79p→70章  677KB  OK
          https://www.52shuku.net/gl/17_b/bkcbW.html
          第1章 一见如故:3493  第2章 生动:3484  第3章 余情未了:3091  第4章 云端的她:3098  第5章 三个问号:3086  第6章 难堪:3298
          第7章 自尊心:3089  第8章 山水与天地:3085  第9章 不欢而散:4398  第10章 布罗威尔的雪山:3030  第11章 明媚的她:3114  第12章 死缠烂打:3007
          第13章 树影里:3033  第14章 恋爱脑:3013  第15章 奢侈:3155  第16章 好嗑吗:3916  第17章 猫猫狗狗:2596  第18章 基因:2008
          第19章 坦白:3075  第20章 生来享有:4084  第21章 给我一点时间:3102  第22章 未曾消失的茧:3762  第23章 褪黑素:3363  第24章 选择:3519
          第25章 爱憎分明:3588  第26章 忘了:3640  第27章 野草:3393  第28章 好朋友？:3121  第29章 插足:3960  第30章 狗仔:3063
          第31章 渣女:3092  第32章 海棠:3026  第33章 星空:3073  第34章 糖葫芦:3026  第35章 大床房:3021  第36章 我们也睡过:3034
          第37章 50杯:3003  第38章 有黑幕:3093  第39章 恨她，想见她:3141  第40章 见证者:3022  第41章 我都插手了:3017  第42章 见不得光的情人:3058
          第43章 你究竟骗了我多少事:3207  第44章 没有借，就不必还:3018  第45章 一个短暂又漫长的吻:3053  第46章 不一样的喜欢:3199  第47章 求个护身符:3000  第48章 你猜我们都做过什么:3072
          第49章 快意:3191  第50章 我死，你进监狱:3212  第51章 噩梦:3036  第52章 爱屋及乌:3247  第53章 她不如动物大迁徙好看:3046  第54章 姐姐，我爱你:3012
          第55章 将就瑕疵:3245  第56章 我没必要去赌:3158  第57章 酒后乱性？:3028  第58章 我结婚后她追悔莫及:3132  第59章 阿奇奇模式:3022  第60章 妈妈的怀抱:3023
          第61章 有眼光:3003  第62章 神女俯首奉火图:3050  第63章 这是什么情况:3004  第64章 我们在交往啊:3075  第65章 亲耳听到才心安:3177  第66章 蟹肉在蟹醋中浸了个透:3046
          第67章 早早:3205  第68章 相似的天才:3206  第69章 甜蜜的烦恼:3281  第70章 正文完:3356

12:17:08  穿书炮灰A她真香了 (雾山隐雪) [完结]  216p→180章  1971KB  OK
          https://www.52shuku.net/gl/16_b/bkcb1.html
          第1章 穿越啦:3213  第2章 夭寿啦:3163  第3章 大婚啦:4426  第4章 洞房啦:3226  第5章 麻烦啦:3066  第6章 哭哭啦:3116
          第7章 迷茫啦:3374  第8章 奇怪啦:3136  第9章 又来啦:3383  第10章 进宫啦:3112  第11章 生气啦:3103  第12章 摇人啦:3213
          第13章 筹谋啦:3162  第14章 上套啦:3262  第15章 救妻啦:3174  第16章 难搞啦:3570  第17章 亲亲啦:3108  第18章 封王啦:3134
          第19章 无语啦:6181  第20章 造谣啦:3213  第21章 丢人啦:3094  第22章 被害啦:3412  第23章 上朝啦:3199  第24章 纠结啦:3085
          第25章 爆马啦:3181  第26章 行房啦:3176  第27章 听旨啦:3090  第28章 准备啦:3025  第29章 授冠啦:3081  第30章 出发啦:3046
          第31章 危险啦:3052  第32章 挖坑啦:3263  第33章 报复啦:3497  第34章 中剑啦:3207  第35章 提剑啦:3393  第36章 跑路啦:3506
          第37章 烦人啦:3979  第38章 使坏啦:3386  第39章 咬钩啦:3922  第40章 贴贴啦:3202  第41章 撒网啦:3808  第42章 掀桌啦:3145
          第43章 入城啦:3164  第44章 争论啦:3336  第45章 震惊啦:3280  第46章 哄人啦:3128  第47章 来信啦:3429  第48章 蹊跷啦:3204
          第49章 奇袭啦:3113  第50章 打赢啦:3044  第51章 糟糕啦:3489  第52章 崩溃啦:3503  第53章 定计啦:3129  第54章 治治啦:3040
          第55章 雨露啦:3141  第56章 又来啦:3779  第57章 治伤啦:3186  第58章 吓到啦:3331  第59章 清算啦:3897  第60章 交心啦:3093
          第61章 出征啦:3637  第62章 围城啦:3434  第63章 会面啦:3227  第64章 惊呆啦:4152  第65章 喝酒啦:3127  第66章 和谈啦:3630
          第67章 退军啦:3222  第68章 转道啦:3290  第69章 进城啦:3207  第70章 再见啦:3286  第71章 约见啦:3109  第72章 谈话啦:3296
          第73章 有孕啦:3101  第74章 乱了啦:3025  第75章 动手啦:3136  第76章 抓住啦:3463  第77章 合作啦:3082  第78章 按摩啦:3238
          第79章 烤猪啦:3154  第80章 造反啦:3571  第81章 气病啦:3169  第82章 勤王啦:3330  第83章 心疼啦:3368  第84章 上当啦:3581
          第85章 到达啦:3324  第86章 泡澡啦:3178  第87章 火锅啦:3322  第88章 期待啦:3092  第89章 回来啦:3219  第90章 出事啦:3092
          第91章 无语啦:3679  第92章 胎教啦:3444  第93章 套路啦:4258  第94章 认输啦:3827  第95章 禅位啦:4085  第96章 奇怪啦:3203
          第97章 抽奖啦:3423  第98章 降服啦:10146  第99章 找到啦:7171  第100章 登基啦:10239  第101章 生产啦:3316  第102章 赐婚啦:4210
          第103章 改革啦:3638  第104章 满月啦:3490  第105章 表态啦:3488  第106章 上钩啦:5016  第107章 暴露啦:3460  第108章 坦白啦:4399
          第109章 恢复啦:3243  第110章 出宫啦:3350  第111章 搞事啦:3548  第112章 吃醋啦:6509  第113章 赈灾啦:4575  第114章 反攻啦:3821
          第115章 烦死啦:3551  第116章 收米啦:3156  第117章 托孤啦:3513  第118章 封官啦:3194  第119章 交易啦:3257  第120章 事大啦:3503
          第121章 溃败啦:3306  第122章 开战啦:3394  第123章 寻狗啦:3346  第124章 迷路啦:3373  第125章 暗算啦:3284  第126章 下山啦:3213
          第127章 休息啦:3426  第128章 试探啦:3436  第129章 谈判啦:3345  第130章 夜袭啦:3484  第131章 落空啦:3361  第132章 得胜啦:3503
          第133章 了解啦:3620  第134章 被掳啦:3222  第135章 知情啦:3301  第136章 现身啦:4245  第137章 生气啦:3836  第138章 骂人啦:3279
          第139章 发现啦:3012  第140章 闯关啦:3233  第141章 吓坏啦:3318  第142章 破阵啦:4082  第143章 登山啦:3445  第144章 夭寿啦:6106
          第145章 突破啦:3426  第146章 改变啦:3290  第147章 登顶啦:3281  第148章 反噬啦:3251  第149章 预言啦:3506  第150章 失忆啦:3529
          第151章 赠玉啦:3469  第152章 绝杀啦:3606  第153章 登台啦:3305  第154章 濒死啦:6599  第155章 破境啦:6666  第156章 认亲啦:6666
          第157章 她疯啦:3852  第158章 入魔啦:3344  第159章 成仙啦:3387  第160章 归朝啦:3700  第161章 解释啦:3510  第162章 相谈啦:3263
          第163章 欺负啦:3037  第164章 挨揍啦:3261  第165章 揭秘啦:3446  第166章 解锁啦:3640  第167章 算数啦:10061  第168章 转移啦:3841
          第169章 傻掉啦:3206  第170章 停手啦:3510  第171章 自由啦:3260  第172章 狗馋啦:3217  第173章 幸福啦:3371  第174章 长大啦:3296
          第175章 退休啦:5512  第176章 胡闹啦:4000  第177章 哄睡啦:3364  第178章 觉醒啦:3295  第179章 相聚啦:4000  第180章 完结啦:3741

12:18:02  穿成清冷哑巴的渣前妻 (月亮藏雾) [完结+番外]  144p→182章  1174KB  OK
          https://www.52shuku.net/gl/16_b/bkcbz.html
          第1章 穿成小哑巴的渣前妻:2222  第2章 和你离婚，找不到比你更有钱的:2151  第3章 你把她哄睡了，可以晚上出来见我吗？:2080  第4章 嗯，女主是香香的:2133  第5章 不用谢谢，我是你妻子:2105  第6章 亲自下厨给老婆煲鸡汤:2078
          第7章 我是结婚有老婆的人:2146  第8章 合格的妻子该做的事:2161  第9章 她有肌肤饥渴症:2135  第10章 你就待在此处，不要走动:2263  第11章 没事，我喜欢:2126  第12章 我的对象，我的妻子:2221
          第13章 离了婚，我…就可以开始追你了:2161  第14章 嗯…味道好香啊:2128  第15章 记得买一束玫瑰，带给老婆:2110  第16章 佑宁，你…怎么在这？:2066  第17章 书意，车上等我:2108  第18章 可不可以真正喜欢的人是我？:2201
          第19章 我吻你，你讨厌吗？:2117  第20章 她的妻子将来会是她的:2050  第21章 谁让她孙女喜欢呢？:2164  第22章 今天的吻，是她的初吻:2171  第23章 什么叫做尊老爱幼，什么叫做长嫂如母:2087  第24章 妻子的美貌，老婆的荣耀！:2199
          第25章 你们有没有生孩子的打算？:2195  第26章 你的意思是我背后有靠山吗？:2302  第27章 什么时候妻妻关系不好了:2346  第28章 咬一口，应该也是甜甜的味道:2149  第29章 和和美美过日子不好吗？:2139  第30章 沈佑宁有那方面的需求吗？:2146
          第31章 她…妻子什么时候这么会哄人:2130  第32章 你想要吗？:2170  第33章 我娶你好不好:2086  第34章 你还想开口说话吗？:2207  第35章 你太太变化真大:2223  第36章 季书意，我们两清:2114
          第37章 是送老婆的:2174  第38章 可以摸摸你的手指吗:2174  第39章 我告诉你，我喜欢谁跟你没关系:2167  第40章 要温柔一点哦:2196  第41章 我在门外，开门:2178  第42章 一天两次太累了:2232
          第43章 她今天手艺太差劲了吗？:2111  第44章 佑宁超棒的！:2218  第45章 想亲她怎么办？？？:2306  第46章 佑宁，说话了！！！:2163  第47章 抱…着我:2177  第48章 苦肉计卑鄙，但有用:2155
          第49章 谁比谁危险啊？:2236  第50章 谋杀亲妻呀！:2174  第51章 佑宁，晚上见:2212  第52章 唯独…书意对她不一样:2198  第53章 佑宁，你别吓我:2144  第54章 你们是新婚燕尔？:2163
          第55章 那是…宾…利…宾利！:2180  第56章 佑宁，你还没有跟她离婚？！:2125  第57章 我知道，你就是喜欢她:2156  第58章 我妻子力气最大了:2176  第59章 你不喜欢，就锁起来:2145  第60章 《嘿！你需要甜言蜜语》:113
          第61章 不是老公，是老婆:2206  第62章 等会有人来接我:2217  第63章 不要再玩弄佑宁的心了:2156  第64章 这样你信了吗？佑宁:2081  第65章 佑宁，我要亲你了:127  第66章 她是喜悦的，是庆幸的:2221
          第67章 书意…伞我还给你…:2188  第68章 该怎么做才能走进你的心呢？:2163  第69章 肤白貌美超级无敌大富二代老婆:2102  第70章 谁不跟谁睡，谁是小狗！:2212  第71章 我要…你要…我…:2231  第72章 她喜欢她，在意她:2153
          第73章 我们去参加婚礼:2113  第74章 知道你喜欢她，别秀了啊！:2193  第75章 佑宁，别信她:2222  第76章 她该去见她的妻子:2210  第77章 疼…有点疼…:2227  第78章 佑宁是从什么时候开始喜欢我的:2134
          第79章 佑宁叫她的名字真的好好听:2194  第80章 别走…书意:2257  第81章 佑宁…可以…Kiss吗？:2168  第82章 乖，听话:2247  第83章 她就是这么自私:2178  第84章 清筠，季书意结婚了:2153
          第85章 有了媳妇忘了小姨:2132  第86章 书意，我们可以公开吗？:2130  第87章 别人有家室了好吗？！:2104  第88章 你也喜欢我好不好？:2119  第89章 那她呢？:2075  第90章 佑宁，可是我不愿意:2105
          第91章 书意，没有离开家:127  第92章 书意生病了:2270  第93章 该不会真的要离婚了吧？:2104  第94章 好马不吃回头草！:2188  第95章 承担妻子的责任好吗？:2172  第96章 佑宁，你在生气吗？:99
          第97章 她真不是个称职的妻子:2157  第98章 让我亲你一回，可以吗？:2254  第99章 你和你老婆过一辈子去吧！:2167  第100章 她真的是独一无二的存在吗？:2163  第101章 嫉妒别人妻妻生活幸福:2190  第102章 想要确定性，想要唯一性:2159
          第103章 这里脏了，佑宁:2021  第104章 我没有离婚:2069  第105章 佑宁大发雷霆的样子？:2252  第106章 好想再亲一口:2124  第107章 可以带家属来参加:2167  第108章 沈佑宁，她强取豪夺！:2128
          第109章 请你给我太太道歉:2115  第110章 佑宁，晚安吻:2077  第111章 再抱…一会:2080  第112章 没离婚，感情很好:2058  第113章 真的不想再吃狗粮了！:2111  第114章 季书意，我还在场呢:2154
          第115章 我的眼睛就是尺:2134  第116章 佑宁…你好会亲哦:2165  第117章 新时代模范妻妻:2237  第118章 腰疼是另有原因:2181  第119章 对我余情未了，想要追求我:2113  第120章 她才是真正的“季书意”:2057
          第121章 你不是无关紧要的人:2194  第122章 拒绝恋爱脑！从我做起！:2145  第123章 份子钱肯定不会少:2162  第124章 醉翁之意不在酒:2034  第125章 “要…吗？”:2125  第126章 哪有人告白失败后还能当朋友:2230
          第127章 喜欢就去追啊:2124  第128章 有妻子疼就行了:2162  第129章 我的愿望是沈佑宁能开口说话:2099  第130章 佑宁啊，和你结婚的不是我:2270  第131章 我最喜欢的人是你:2180  第132章 这么好的对象，哪里去找啊？:2056
          第133章 “我是佑宁的妻子。”:2121  第134章 你不告白试试:2144  第135章 把婚宴的日子定下来:2151  第136章 佑宁，你再说一遍！:2123  第137章 “做得好，佑宁。”:2141  第138章 重新赢回一个人的心:2075
          第139章 兔子也不吃窝边草！:2168  第140章 你还不明白吗？:2152  第141章 书意…我…爱你:2055  第142章 已婚勿扰:2076  第143章 我爱人她不善言辞:2102  第144章 我不会再喜欢你了:2086
          第145章 你不吃醋啊？:2112  第146章 不怕我继续缠上你吗？:2088  第147章 学姐这样人妻感好足啊！:2094  第148章 被人包了就直说:2222  第149章 可以对你更好，想试试吗？:2156  第150章 不同意她和沈佑宁在一起:2117
          第151章 把佑宁折腾到病了:2161  第152章 小嘴巴就不能闭起来吗？:127  第153章 佑宁她老婆，是她的初恋:2177  第154章 许照野，我和楚然有约了:2058  第155章 佑宁，管管你老婆:2160  第156章 季书意，我们俩授受不亲啊:2141
          第157章 拱火十级:2139  第158章 你还喜欢我吗？:2056  第159章 “佑宁，好…吃吗？”:2242  第160章 “嗯…有点吃撑了。”:2132  第161章 歇一会儿，别累坏了:2138  第162章 一天是你妈咪，一辈子是你妈咪:2163
          第163章 佑宁，炒菜可是很难的:2137  第164章 “许照野，你去哪里？”:2168  第165章 “养坏了，我负责。”:2192  第166章 我吃醋了，顾徽语:2127  第167章 太乱来了:2242  第168章 徽语今天就要脱单了？:2087
          第169章 她…想亲她，想吻她:2043  第170章 不能有点生理需求吗？:2106  第171章 我喜欢你，我在追你:2129  第172章 又失态了:2234  第173章 胳膊肘往外拐！:2105  第174章 她们没有一辈子:2093
          第175章 私人时间，想做什么都可以:2192  第176章 很爱、很爱、很爱你:113  第177章 番外：差一个告白:2093  第178章 番外：想见你，想吻你:2060  第179章 番外：“只做你的。”:2168  第180章 番外：抱一会儿就不冷了:2126
          第181章 番外：没人爱的可怜虫:2096  第182章 番外：好久不见:2144

12:18:37  神明不许她们复婚 (灯影诗人古古怪怪) [完结+番外]  89p→57章  740KB  OK
          https://www.52shuku.net/gl/16_b/bkcbo.html
          第1章 不再逃避:3223  第2章 难以忘却:3842  第3章 机场偶遇:3268  第4章 再见故人:3456  第5章 金笼夜莺:3285  第6章 最佳医生:3082
          第7章 进退两难:3069  第8章 怜弱心理:3116  第9章 不会消逝:3287  第10章 柔情蜜意:3334  第11章 放纵中止:3399  第12章 灰色空间:3278
          第13章 哀悼仪式:3458  第14章 青梅初恋:3741  第15章 好梦正酣:3224  第16章 预知再现:3097  第17章 流连忘返:3141  第18章 不告而别:3637
          第19章 经商之道:3112  第20章 心动回忆:3119  第21章 意兴阑珊:3290  第22章 片刻清闲:3235  第23章 默契时光:3070  第24章 接风洗尘:3050
          第25章 封建家长:3088  第26章 铁血手腕:3188  第27章 移情别恋:3121  第28章 捉贼见赃:3136  第29章 秘密关系:3332  第30章 一片混乱:3136
          第31章 偷偷摸摸:3456  第32章 相亲预告:3230  第33章 车内谈心:4630  第34章 家族忠犬:3095  第35章 一波三折:5211  第36章 中场休息:3740
          第37章 铩羽而归:5695  第38章 沸腾烈焰:6938  第39章 坠落星空:4152  第40章 伪装情侣:6787  第41章 巧合之下:4227  第42章 暗度陈仓:4108
          第43章 乐不思蜀:5942  第44章 命不相同:9442  第45章 暴风雨前:5598  第46章 旧派贵族:4611  第47章 山雨欲来:8736  第48章 警觉心起:6461
          第49章 虚晃一枪:4942  第50章 指尖蝴蝶:3566  第51章 意犹未尽:6695  第52章 齐聚一堂:8329  第53章 永恒之爱:3433  第54章 夜雨温柔:8797
          第55章 雨过天晴:6985  第56章 坏结局:3818  第57章 正常路线:3646

12:19:12  这不是我的试卷 (昼宙骤漆) [完结+番外]  87p→70章  749KB  OK
          https://www.52shuku.net/gl/16_b/bkcbn.html
          第1章 搬家搬到偶像楼上了:3342  第2章 遇到了漂亮姐姐:3394  第3章 灯火不阑珊:3671  第4章 专属:3511  第5章 争执:3172  第6章 我会一直喜欢你:4706
          第7章 天上的星星流泪:3320  第8章 一朵小猫形状的云:3100  第9章 不散伞:3581  第10章 约定（上）:3226  第11章 约定（中）:3891  第12章 约定（下）:3926
          第13章 新学期:3278  第14章 天下第一好:3129  第15章 游乐园之旅（上）:3606  第16章 游乐园之旅（中）:3103  第17章 游乐园之旅（下）:3369  第18章 你是喜欢她吧:3522
          第19章 香樟叶:3161  第20章 晚间军训:3222  第21章 月光下的寻宝图:3314  第22章 思雨:3234  第23章 红线:4669  第24章 自由:3208
          第25章 出逃:3321  第26章 许子周（上）:3349  第27章 许子周（下）:3935  第28章 未婚妻:3812  第29章 不似浮萍:4116  第30章 幸运符号:4425
          第31章 上附中的第一周:3269  第32章 早恋了:3075  第33章 第一次喜欢:3447  第34章 亲吻:3351  第35章 晚安:4015  第36章 异国之行（上）:3751
          第37章 异国之行（中）:3778  第38章 异国之行（下）:3358  第39章 毁约:3427  第40章 我喜欢言之:3793  第41章 不想异地:3361  第42章 等你到六十岁:3359
          第43章 费洛蒙:3018  第44章 镜头:4167  第45章 追你:3835  第46章 爱的喜悦:3500  第47章 上瘾:3150  第48章 心声:3966
          第49章 这不是我的试卷:3269  第50章 惯性:4024  第51章 新约定:3177  第52章 梅雨季:3186  第53章 恰同学少年:3191  第54章 风华正茂:3717
          第55章 新年快乐（上）:3196  第56章 新年快乐（下）:4901  第57章 热爱:4036  第58章 不得不:3755  第59章 北城的天气:3407  第60章 固化:3563
          第61章 音乐瞬间:3888  第62章 言之____？:4577  第63章 十八岁的生日愿望:4330  第64章 二度毁约:3505  第65章 新生报道:4611  第66章 后记:1300
          第67章 哗啦啦啦的草稿箱:3090  第68章 凿凿的第二篇小绿书:2807  第69章 徐小来的随笔:2351  第70章 许子周的日记:3181

12:19:29  北极圈禁止心动 (酥鱼蛋) [完结+番外]  33p→27章  273KB  OK
          https://www.52shuku.net/gl/15_b/bkca8.html
          第1章 冰原对焦（上）:3223  第2章 冰原对焦（下）:3510  第3章 未至极夜（上）:3260  第4章 未至极夜（下）:4287  第5章 冰原上的夏日故障（上）:2459  第6章 冰原上的夏日故障（下）:3048
          第7章 温差（上）:2783  第8章 温差（下）:3404  第9章 冬夜派对（上）:2413  第10章 冬夜派对（下）:3173  第11章 采购？:2994  第12章 闹剧（上）:3194
          第13章 闹剧（下）:2528  第14章 生日快乐:3804  第15章 醉意（上）:3415  第16章 醉意·kiss（下）:3293  第17章 相反季节:3638  第18章 雪吻:3737
          第19章 勿忘我:3178  第20章 昼夜颠倒:3205  第21章 重逢:3635  第22章 我想见你:4366  第23章 维港夜未眠:4951  第24章 刚好四季（完结）:4958
          第25章 冬冬夏夏设定补充:716  第26章 醉酒的猫（番外1）:3951  第27章 冬夏童话（番外2）:2920

12:19:43  杀手小姐也要恋爱 (沽酒陌) [完结+番外]  36p→37章  330KB  OK
          https://www.52shuku.net/gl/15_b/bkca7.html
          第1章 背叛:1233  第2章 重生:1860  第3章 新生:1942  第4章 赐婚:1636  第5章 威胁:2464  第6章 相见:1692
          第7章 合作:2016  第8章 惊变:1592  第9章 成婚:2048  第10章 温存:2110  第11章 坦白:2398  第12章 宴会:3295
          第13章 事故:3553  第14章 结束:3249  第15章 铲除:3419  第16章 心意:3320  第17章:3332  第18章 安定:3557
          第19章:3707  第20章 温馨:3197  第21章:3930  第22章:3758  第23章 热情:2879  第24章:3230
          第25章:3145  第26章:3014  第27章:3805  第28章:3408  第29章:3130  第30章:3703
          第31章:3021  第32章:3191  第33章:4104  第34章:3310  第35章:3294  第36章:3619
          第37章 与正文无关的番外:2910

12:20:27  四月的约定 (生椰拿铁少放糖) [完结]  112p→105章  1046KB  OK
          https://www.52shuku.net/gl/14_b/bkcat.html
          第1章 玻璃罐子:3377  第2章 咸涩之晨:3027  第3章 以青春为名的海:2847  第4章 暮色迷途:5240  第5章 牛奶与影子的温度:2859  第6章 弦音与温粥:3840
          第7章 夜色航道与暂泊的港:3570  第8章 夜色倾泻于心的靠岸:3698  第9章 晨光与搬离的决意:3041  第10章 弦音为谁:2531  第11章 晚风与未命名的悸动:3590  第12章 玻璃声纹:2822
          第13章 夜航与港湾:4561  第14章 喧嚣前的暖场:4857  第15章 音调、汗水与青春的节奏:4780  第16章 堤坝上的风雨未命名的情绪:2523  第17章 星屑、猫与旧伤痕:3464  第18章 吉他猫与晨光序曲:2690
          第19章 或许青春或许逆鳞:3758  第20章 海盐与未完成的诗:2803  第21章 逆风雨三千公尺:2462  第22章 终点与启程:2308  第23章 弦音和诉:3067  第24章 逐风之海:2186
          第25章 篝火与未说破的夜:2586  第26章 晨光与题海序章:3359  第27章 柠檬水与未眠夜:2552  第28章 晨光、柠檬与走音的弦:2612  第29章 盛夏的密语:2568  第30章 胆小鬼与吉他:2965
          第31章 秋意与弦音:2585  第32章 篝火与远星:3637  第33章 阴云初聚:2570  第34章 裂痕与无声的雨:3693  第35章 “如果你不敢活，那我就带你活”:4088  第36章 雨后的微光:3481
          第37章 同风暴雨而行:3695  第38章 余烬与新生:3260  第39章 晚风与弦音:2492  第40章 晨光与和声:2459  第41章 为你而活:3807  第42章 专属嘉宾:3018
          第43章 初冬的舞台:2852  第44章 冬日的方程式:2282  第45章 初雪:2474  第46章 喧嚣与静默的夜:3549  第47章 烟火气:2612  第48章 冬日终章与序幕:2467
          第49章 剧本杀与柠檬糖:3156  第50章 新年快乐，悸满羽:4365  第51章 新年序曲:2395  第52章 收心与启程:2733  第53章 春寒与热源:2606  第54章 春夜窥见与心芽:3356
          第55章 纸条与风起:2996  第56章 四月的约定:4311  第57章 日记:2650  第58章 夹在风的盛夏:2590  第59章 晚风与无解的题:2638  第60章 破晓前的微光无声的泪:3028
          第61章 盛夏的抉择与无声的礁石:2042  第62章 月下的海风与破碎的弦:3816  第63章 盛夏的答案与风中的序章:2404  第64章 高三序曲与无声的暗涌:4460  第65章 九月的光与暂别的序曲:2714  第66章 雨途:4156
          第67章 杭州的灯光与屏幕:3130  第68章 奔赴予你:2157  第69章 吉他手，十八岁生日快乐:3770  第70章 秋途:2937  第71章 庆功与暗礁:3252  第72章 阴影突袭:2911
          第73章 以身为盾:3494  第74章 余波与微光:3062  第75章 创痕:2607  第76章 日记残页:3981  第77章 逃离与弦音:2970  第78章 古城回声与归途:2519
          第79章 最后七日:2243  第80章 答卷:3678  第81章 最后的钟声与未启的序章:3453  第82章 微醺夜:2825  第83章 “你醉了”:3567  第84章 断弦无声:4522
          第85章 她走了:2933  第86章 日记:3115  第87章 十年踪迹十年心:3050  第88章 春遇:3590  第89章 打破七年定律:2985  第90章 十年:2730
          第91章 暗巷的茉莉香:5017  第92章 胆小鬼嘉宾你又食言了:3790  第93章 玻璃罐子回响:4997  第94章 未寄出的回信:4318  第95章 诊断书与未接来电:3210  第96章 晕眩的舞台与急救电话:3580
          第97章 碎玻璃与无声的潮汐:3363  第98章 各自痊愈的假象:2852  第99章 心渊回响与疾驰:4153  第100章 候诊室里的刑罚:3515  第101章 缺席的嘉宾与永恒的四月:4495  第102章 半载无声与未完成的旋律:4249
          第103章 栎海港的婚礼与群青色的旧梦:3376  第104章 旧巷、迟吻与反向的归途:5948  第105章 四月的约定:7632

12:20:46  郁林余音 (情窦乱开) [完结+番外]  40p→36章  357KB  OK
          https://www.52shuku.net/gl/14_b/bkcas.html
          第1章:3149  第2章:3552  第3章:3809  第4章:3172  第5章:3577  第6章:3053
          第7章:3234  第8章:3113  第9章:3198  第10章:3539  第11章:4295  第12章:3308
          第13章:3031  第14章:3052  第15章:3670  第16章:3328  第17章:3941  第18章:3264
          第19章:3154  第20章:3680  第21章:3188  第22章:3067  第23章:3023  第24章:3338
          第25章:3249  第26章:3535  第27章:3375  第28章:3427  第29章:3015  第30章:3034
          第31章:3153  第32章:3724  第33章:3738  第34章:4417  第35章:2382  第36章 番外 问诊小日常:662

12:21:58  春屑 (Shevek) [完结+番外]  188p→157章  1645KB  OK
          https://www.52shuku.net/gl/13_b/bkbYO.html
          第1章:4223  第2章:4315  第3章:4594  第4章:3165  第5章:3525  第6章:4206
          第7章:2900  第8章:3605  第9章:3723  第10章:3601  第11章:4196  第12章:3141
          第13章:3498  第14章:2868  第15章:2605  第16章:5284  第17章:1865  第18章:3358
          第19章:3497  第20章:3196  第21章:3509  第22章:4001  第23章:2720  第24章:4265
          第25章:3605  第26章:3928  第27章:3592  第28章:3632  第29章:2920  第30章:5787
          第31章:3302  第32章:3170  第33章:3775  第34章:3051  第35章:3124  第36章:4149
          第37章:5419  第38章:3957  第39章:2883  第40章:4304  第41章:2637  第42章:6458
          第43章:3166  第44章:2517  第45章:3835  第46章:3257  第47章:3455  第48章:1715
          第49章:3101  第50章:3820  第51章:3684  第52章:2600  第53章:2997  第54章:3863
          第55章:4825  第56章:2994  第57章:4058  第58章:3818  第59章:5377  第60章:2702
          第61章:3298  第62章:3067  第63章:2347  第64章:4004  第65章:2717  第66章:3683
          第67章:3213  第68章:3360  第69章:3767  第70章:3868  第71章:4002  第72章:2607
          第73章:2700  第74章:2108  第75章:3724  第76章:2201  第77章:3121  第78章:3097
          第79章:2949  第80章:4145  第81章:3629  第82章:3395  第83章:3193  第84章:3205
          第85章:2671  第86章:3159  第87章:3317  第88章:3187  第89章:3664  第90章:4815
          第91章:3470  第92章:3035  第93章:2684  第94章:3707  第95章:4412  第96章:3457
          第97章:3280  第98章:2363  第99章:3534  第100章:5244  第101章:3416  第102章:2741
          第103章:4661  第104章:2764  第105章:4213  第106章:4217  第107章:3837  第108章:4027
          第109章:3036  第110章:2831  第111章:3468  第112章:2455  第113章:3406  第114章:2679
          第115章:3525  第116章:4293  第117章:3697  第118章:3226  第119章:2885  第120章:2851
          第121章:3024  第122章:3053  第123章:3272  第124章:3548  第125章:4702  第126章:3186
          第127章:2595  第128章:2555  第129章:3060  第130章:3312  第131章:3378  第132章:3666
          第133章:2844  第134章:2478  第135章:2885  第136章:2940  第137章:2099  第138章:4414
          第139章:3543  第140章:4308  第141章:2961  第142章:2220  第143章:3127  第144章:3054
          第145章:3031  第146章:4030  第147章:2427  第148章:3106  第149章:3637  第150章:3765
          第151章:2308  第152章:6639  第153章 番外一 夜灯:4837  第154章 番外二 北行:6029  第155章 番外三 泅水:3867  第156章 番外四 拨云:4081
          第157章 番外五 覆雨:2975

12:22:10  月亮味的夏季 (尹水青) [完结+番外]  30p→50章  269KB  OK
          https://www.52shuku.net/gl/13_b/bkbY9.html
          第1章 月亮:521  第2章 新的老师:1314  第3章 亲密接触:970  第4章 夕阳里的诗:1587  第5章 借宿:1819  第6章 小王子:1761
          第7章 危机一场:1032  第8章 小三花【谭】:1466  第9章 智齿:1281  第10章 葡萄酒的夜晚:1847  第11章 命运【谭】:978  第12章 除夕:1914
          第13章 心【谭】:977  第14章 新年快乐:1426  第15章 前女友:2132  第16章 吻【谭】:1998  第17章 花灯:988  第18章 氓:1170
          第19章 海边:1608  第20章 拾贝壳，等月亮:1662  第21章 坏天气:1677  第22章 欲望之火【谭】:822  第23章 离歌:1174  第24章 仙女的羽衣:1782
          第25章 预告:1093  第26章 意大利之旅:1529  第27章 异域:1375  第28章 她的青春:1810  第29章 海与告白:1914  第30章 高三:1468
          第31章 温柔夜:1930  第32章 续篇【视角转换】:2050  第33章 台上台下:2031  第34章 阿芙洛狄忒:2103  第35章 浅【视角转换】:2005  第36章 鱼和熊掌:1948
          第37章 被打碎的梦【谭】:1883  第38章 封窗网:2181  第39章 四起:1757  第40章 窒息:2258  第41章 称作纪念之物:1881  第42章 我们在一起【视角转换】:2531
          第43章 公之于众的秘密:2479  第44章 生日快乐:2171  第45章 烟火绽放之时:2612  第46章 “机会”:2233  第47章 晚安，榴城:4263  第48章 鸟笼的钥匙【谭】:1595
          第49章 再见，:2670  第50章 番外一·梦里的舞曲:2554

12:23:17  校花原来是白切黑 (上上签777) [完结]  173p→209章  1493KB  OK
          https://www.52shuku.net/gl/13_b/bkbY8.html
          第1章 巷子里的告白:4765  第2章 一起找:1793  第3章 一个高中:2542  第4章 一个班级:3274  第5章 新同桌:3417  第6章 打抱不平:2920
          第7章 我们不熟:4637  第8章 爱情保安:3800  第9章 那个男人:2587  第10章 这是我小舅:2818  第11章 扯平了:4296  第12章 打脸了吧:3370
          第13章 捡到宝了:2373  第14章 亲密动作:3379  第15章 相安无事:2237  第16章 制造机会:5393  第17章 数学试卷:2870  第18章 你更好看:3097
          第19章 苏鸢的爸爸:1197  第20章 英雄救美:6221  第21章 穿不穿:1418  第22章 安全感:2600  第23章 偷偷上药:2267  第24章 一起睡:3175
          第25章 叫醒服务:1107  第26章 一起洗漱:1133  第27章 校服外套:1070  第28章 圆圆快递:1699  第29章 有人约架:1988  第30章 我赢了:3520
          第31章 奶茶好喝吗:2758  第32章 退回原点:2175  第33章 宁同学:3313  第34章 要写检讨:2987  第35章 彼此彼此:1979  第36章 救了苏鸢的敌人:3202
          第37章 她抱了别人:1649  第38章 公报私仇:1667  第39章 偷偷尾随:1409  第40章 做朋友的条件:3010  第41章 别乱动哦:2519  第42章 一起洗澡:2142
          第43章 想的脸红:1549  第44章 过来帮忙:3419  第45章 她怎么也在这:2096  第46章 亲自喂饭:3571  第47章 喜欢欺负我？:1542  第48章 美人一笑:3110
          第49章 脱不脱:3342  第50章 整理资料:1084  第51章 两个人斗嘴:2542  第52章 教学活动:2958  第53章 动她试试:2390  第54章 来我们班:1891
          第55章 教你道歉:2501  第56章 都去喝茶:6449  第57章 你生气了？:1169  第58章 连圆圆的邀请:2280  第59章 男人又发疯:3274  第60章 苏鸢的顺路:3439
          第61章 抱了上去:2260  第62章 宁晏，听我的心跳:2268  第63章 搂着她的腰:3909  第64章 你会做饭:2760  第65章 怎么洗澡:1961  第66章 坦诚相待:3558
          第67章 进贼了？:2391  第68章 要不要一起睡:2575  第69章 十指相扣:2019  第70章 敌人？妻子？:2196  第71章 伟大的友谊:2193  第72章 好久不见:1627
          第73章 她是谁？:4191  第74章 要不要坐一起:2332  第75章 宁晏太帅了吧:3085  第76章 老师，我的呢:2275  第77章 你很好:4200  第78章 恩将仇报:2437
          第79章 你愿意接住我吗？:1206  第80章 苏鸢小朋友:2183  第81章 王薇对宁晏:1095  第82章 我们不一样:3787  第83章 牵牵手:4258  第84章 有奖竞猜:1207
          第85章 获得奖励:3168  第86章 牵手就告诉你:1502  第87章 忽冷忽热:1401  第88章 主动牵手:1109  第89章 盖个章:1707  第90章 开班会:2568
          第91章 辅导一下:1649  第92章 学习小组:2699  第93章 你不管管:2696  第94章 想不想尝尝:2038  第95章 搂腰就好:2109  第96章 苏鸢的父亲:2076
          第97章 尝尝玫瑰糕:2508  第98章 你为什么不问:1357  第99章 想耍脾气:2712  第100章 外婆你好:2874  第101章 小玫瑰:1207  第102章 选科大业:2244
          第103章 你们认识？:1825  第104章 自作多情:2269  第105章 要个抱抱:1749  第106章 原来，玫瑰糕，还有别的味道:2639  第107章 漂亮的朋友:1749  第108章 动心了？:2783
          第109章 投怀送抱:2349  第110章 谁先动心:2283  第111章 谁先抱:2039  第112章 怎么会脸红:1649  第113章 主动邀约:2363  第114章 对视游戏:2279
          第115章 互相的承诺:2562  第116章 巷口的男人:2138  第117章 雨中玫瑰:2833  第118章 她爸是买家:1319  第119章 她的谋划:3852  第120章 有的人为色:3211
          第121章 新的赌约:1957  第122章 初吻？:1367  第123章 宁晏呢？:1161  第124章 潘主任的对话:1200  第125章 宁晏的教室:1137  第126章 你是个骗子:1210
          第127章 咬她脖子:3167  第128章 女神会想吗:1717  第129章 小小间谍:2973  第130章 原来有贵客:2649  第131章 你想不想我:2127  第132章 打地铺:1986
          第133章 淡淡的吻痕:2917  第134章 蚊子咬的:1188  第135章 风水好:1100  第136章 好好哄她:1689  第137章 叫姐姐:2360  第138章 同居了？！:1517
          第139章 你就是嫉妒:1222  第140章 小娇妻:2056  第141章 你喜不喜欢:2731  第142章 好好想你:1620  第143章 不打地铺:1397  第144章 那你动:1018
          第145章 亲了一下:1861  第146章 受用得很:1019  第147章 主动拥抱:1842  第148章 高考了:2658  第149章 小分队:2249  第150章 当模特:2468
          第151章 新搭档:3099  第152章 何学姐:2093  第153章 状元的分:2925  第154章 一句恭喜:1263  第155章 单恋而已:1239  第156章 填志愿:1499
          第157章 不见苏鸢:2493  第158章 朋友的身份:2439  第159章 父女的争吵:3162  第160章 餐厅偶遇:2458  第161章 背叛？:2539  第162章 给胡可欣打:2791
          第163章 她很愤怒:1769  第164章 何晨曦:2642  第165章 圆圆的劝解:2480  第166章 反省:1049  第167章 小熊挂件:1592  第168章 蚊子？:2619
          第169章 我喜欢你:1660  第170章 真可爱:1800  第171章 接吻:2249  第172章 一起工作:1658  第173章 主动的吻:3222  第174章 谈恋爱了:2031
          第175章 比基尼:2793  第176章 腰痒:1361  第177章 睡沙发:3222  第178章 换个风格:2472  第179章 叫学姐:2799  第180章 聚餐:2641
          第181章 宣示主权:4152  第182章 在外过夜:2078  第183章 战袍:2742  第184章 你怎么考上清北的:2231  第185章 女王的夜晚:1831  第186章 准备惊喜:1936
          第187章 帝都初雪:2066  第188章 喝甜水:2688  第189章 约个会:2120  第190章 喝饱了:1166  第191章 毕业喽:3133  第192章 奖励呢:2964
          第193章 家庭聚会:1989  第194章 新朋友:1037  第195章 她的勇士:1520  第196章 带你私奔:2383  第197章 求婚:3142  第198章 要不要合作:2807
          第199章 苏父的妥协:1879  第200章 惊喜:1018  第201章 好主意:1019  第202章 好友助攻:1317  第203章 第一封信:1271  第204章 第二封信:1839
          第205章 第三封信:1193  第206章 第一个惊喜:1031  第207章 第二个惊喜:1731  第208章 结婚:1999  第209章 大结局:2111

12:23:59  当犟种小猫遇上台风天 (进店玩猫) [完结]  109p→98章  961KB  OK
          https://www.52shuku.net/gl/12_b/bkbYr.html
          第1章 拉拉和侄女打起来了:3159  第2章 北城一中:3222  第3章 瞎了狗眼:3208  第4章 浅藏不露:3257  第5章 不走心:3203  第6章 偷偷投喂:3130
          第7章 买蛋糕:3181  第8章 脱裤子！快点！:3216  第9章 真是见鬼了:3328  第10章 送卷子:3073  第11章 忘了正事:3087  第12章 les help les:3214
          第13章 对谁都好:3225  第14章 融化的冰:3341  第15章 爱:3526  第16章 冬季假期:3181  第17章 东北烤冷面:3195  第18章 讲题:3222
          第19章 春游前夕:3222  第20章 小学生春游综合症:3053  第21章 你背着我偷吃:3169  第22章 夏季校服:3067  第23章 朋友圈:3209  第24章 愤怒:3218
          第25章 放轻松:3211  第26章 走，去佛罗里达:3204  第27章 你要不要来仙城:3132  第28章 你想把人带回家:3059  第29章 亢奋:3409  第30章 起心动念:3094
          第31章 有拉德:3064  第32章 有且仅有:3219  第33章 送别:3232  第34章 你现在很受欢迎啊:3417  第35章 旋转小火锅:3289  第36章 打雪仗:3178
          第37章 关于妈妈:3131  第38章 和妈妈见面:3105  第39章 你妈这人能处:3213  第40章 和火山女士一起过年:3461  第41章 一些变化:3219  第42章 成人礼礼服:3381
          第43章 18岁这年又亲又吻又睡又抱:3318  第44章 成人礼:3494  第45章 灰:3093  第46章 两端:3459  第47章 相遇:3313  第48章 共同成长:3421
          第49章 回北城:3128  第50章 找工作，跟老板谈:3115  第51章 北城游泳馆:3133  第52章 躲雨和你:3104  第53章 师傅你是做什么工作的:3153  第54章 疗愈工作犬:3252
          第55章 宇宙空空:3309  第56章 外卖被狗吃了:3102  第57章 两人一狗:3395  第58章 假装不在家:3120  第59章 积极向下:3220  第60章 丢雪花:3093
          第61章 特殊服务:3251  第62章 周医生请客:3174  第63章 周医生接客:3443  第64章 你还回来吗:3064  第65章 宝贝回家:3162  第66章 雨天遛狗:3309
          第67章 婚礼:3222  第68章 狗来:3244  第69章 狗走:3327  第70章 一觉醒来:3291  第71章 怎么陪:3164  第72章 邀请:3384
          第73章 仙城之旅:3091  第74章 过夜:3236  第75章 去看海:3171  第76章 山茶花:3335  第77章 你这个人对我的意义太大了:3228  第78章 灰溜溜回家:3031
          第79章 不见面:3080  第80章 忽然出现:3345  第81章 春夜喜雨:3152  第82章 好像同居一样:3351  第83章 古怪而美好:3334  第84章 在女人的房间过夜:3223
          第85章 约个小会:3161  第86章 新年计划:3132  第87章 被迫做1:3155  第88章 一起遛狗:3258  第89章 啪唧一下:3175  第90章 蹬鼻子上脸:3190
          第91章 回家吃团圆饭:3295  第92章 和我结婚，买面包有优惠:3151  第93章 退房:3175  第94章 机场赛跑:3268  第95章 番外：回姐姐家:3512  第96章 不为人知的小春:3304
          第97章 顶天立地:3185  第98章 温泉旅行:3706

12:24:27  穿成郡主和长公主he了 (沈俢竹) [完结]  66p  (无章节标记)  579KB  OK
          https://www.52shuku.net/gl/11_b/bkbXg.html
          全文: 194224字

12:25:04  东北女同图鉴 (幸运牛角包) [完结]  93p→68章  816KB  OK
          https://www.52shuku.net/gl/11_b/bkbXe.html
          第1章 第一章:3184  第2章 第二章:2610  第3章 第三章:2906  第4章 第四章:2400  第5章 第五章:3636  第6章 第六章:2460
          第7章 第七章:3935  第8章 第八章:2847  第9章 第九章:3114  第10章 第十章:2469  第11章 第十一章:2372  第12章 第十二章:3413
          第13章 第十三章:3541  第14章 第十四章:3354  第15章 第十五章:2727  第16章 第十六章:2764  第17章 第十七章:3619  第18章 第十八章:3295
          第19章 第十九章:3335  第20章 第二十章:3905  第21章 旧日：十七岁的尾声（一）:3116  第22章 旧日：十七岁的尾声（二）:3628  第23章 旧日：十七岁的尾声（三）:4314  第24章 接第二十章:2903
          第25章 第二十五章:4114  第26章 第二十六章:3193  第27章 第二十七章:3266  第28章 第二十八章:3833  第29章 第二十九章:3380  第30章 第三十章:4921
          第31章 第三十一章:3507  第32章 第三十二章:3504  第33章 第三十三章:4530  第34章 第三十四章:3776  第35章 第三十五章:4211  第36章 第三十六章:3710
          第37章 第三十七章:3723  第38章 第三十八章:4585  第39章 第三十九章:4033  第40章 第四十章:3189  第41章 第四十一章:3493  第42章 旧日：地下城（秦X田X金）:4035
          第43章 旧日：地下城（中）:3444  第44章 旧日：地下城（下）:5823  第45章 旧日：南方雨（上）:3246  第46章 旧日：南方雨（中）:3030  第47章 旧日：南方雨（下）:10083  第48章 第四十八章:3952
          第49章 第四十九章:4539  第50章 第五十章:3538  第51章 第五十一章:3628  第52章 第五十二章:4239  第53章 第五十三章:5112  第54章 第五十四章:5629
          第55章 第五十五章:4733  第56章 第五十六章:4562  第57章 第五十七章:4154  第58章 第五十八章:5442  第59章 第五十九章:3396  第60章 第六十章:5122
          第61章 第六十一章:5959  第62章 第六十二章:4455  第63章 第六十三章:3937  第64章 第六十四章:6279  第65章 第六十五章:6799  第66章 第六十六章:4910
          第67章 第六十七章:6530  第68章 第六十八章:6367

12:25:34  女主跟人跑了 (时笙世) [完结]  73p→62章  616KB  OK
          https://www.52shuku.net/gl/11_b/bkbXd.html
          第1章 纨绔子&贵千金1:3446  第2章 纨绔子&贵千金2:3376  第3章 纨绔子&贵千金3:3285  第4章 纨绔子&贵千金4:3097  第5章 纨绔子&贵千金5:3309  第6章 纨绔子&贵千金6:3082
          第7章 纨绔子&贵千金7:3129  第8章 纨绔子&贵千金8:3467  第9章 纨绔子&贵千金9:3519  第10章 纨绔子&贵千金10:3163  第11章 纨绔子&贵千金11:3504  第12章 纨绔子&贵千金12:3048
          第13章 纨绔子&贵千金13:3166  第14章 纨绔子&贵千金14:3317  第15章 纨绔子&贵千金15:3570  第16章 纨绔子&贵千金16:3433  第17章 纨绔子&贵千金17:3705  第18章 纨绔子&贵千金18:3410
          第19章 纨绔子&贵千金19:3120  第20章 纨绔子&贵千金20:3078  第21章 纨绔子&贵千金21:4070  第22章 纨绔子&贵千金22:3180  第23章 纨绔子与贵千金23:3106  第24章 纨绔子&贵千金24:3086
          第25章 头脑清醒丧尸&头脑过度博士1:3204  第26章 头脑清醒丧尸&头脑过度博士2:3283  第27章 头脑清醒丧尸&头脑过度博士3:3240  第28章 头脑清醒丧尸&头脑过度博士4:3315  第29章 头脑清醒丧尸&头脑过度博士5:3769  第30章 头脑清醒丧尸&头脑过度博士6:3502
          第31章 头脑清醒丧尸&头脑过度博士7:3455  第32章 头脑清醒丧尸&头脑过度博士8:3198  第33章 头脑清醒丧尸&头脑过度博士9:3133  第34章 头脑清醒丧尸&头脑过度博士10:3385  第35章 头脑清醒丧尸&头脑过度博士11:3099  第36章 头脑清醒丧尸&头脑过度博士12:3072
          第37章 头脑清醒丧尸&头脑过度博士13:3242  第38章 头脑清醒丧尸&头脑过度博士14:3054  第39章 头脑清醒丧尸&头脑过度博士15:3054  第40章 头脑清醒丧尸&头脑过度博士16:3247  第41章 头脑清醒丧尸&头脑过度博士17:3110  第42章 废修士&傻魔尊1:3508
          第43章 废修士&傻魔尊2:3568  第44章 废修士&傻魔尊3:3081  第45章 废修士&傻魔尊4:3012  第46章 废修士&傻魔尊5:3156  第47章 废修士&傻魔尊6:3083  第48章 废修士&傻魔尊7:3108
          第49章 废修士&傻魔尊8:3565  第50章 废修士&傻魔尊9:3092  第51章 废修士&傻魔尊10:3059  第52章 废修士&傻魔尊11:3247  第53章 废修士&傻魔尊12:3134  第54章 废修士&傻魔尊13:3128
          第55章 废修士&傻魔尊14:3419  第56章 废修士&傻魔尊15:3419  第57章 废修士&傻魔尊16:3047  第58章 废修士&傻魔尊17:3029  第59章 废修士&傻魔尊18:3467  第60章 废修士&傻魔尊19:3045
          第61章 废修士&傻魔尊20:3268  第62章 废修士&傻魔尊21:3019

12:26:02  闻战GL (我独顽且鄙) [完结]  68p→152章  645KB  OK
          https://www.52shuku.net/gl/11_b/bkbXa.html
          第1章 出逃:0  第一章、:2434  第2章 播州:0  第二章、:2112  第3章 蓝飞雨:0  第三章、:2473
          第4章 馆主:0  第四章、:2263  第5章 王子:0  第五章、:2035  第6章 横死的乞丐:0  第六章、:2030
          第7章 王宫:0  第七章、:2056  第8章 喝酒:0  第八章、:2368  第9章 义结金兰:0  第九章、:2328
          第10章 蛮夷之妻:0  第十章、:2236  第11章 大局:0  第十一章、:3147  第12章 同屋:0  第十二章、:3652
          第13章 “黑心”:0  第十三章、:3081  第14章 黑心:0  第十四章、:3240  第15章 林中:0  第十五章、:2888
          第16章 猎物:0  第十六章、:2941  第17章 鸢子:0  第十七章、:3069  第18章 杞人忧天:0  第十八章、:2220
          第19章 遇险:0  第十九章、:2131  第20章 逃命:0  第二十章、:3308  第21章 重逢:0  第二十一章、:3086
          第22章 小屋内:0  第二十二章、:3130  第23章 疗伤:0  第二十三章、:3018  第24章 身世:0  第二十四章、:2168
          第25章 谢家:0  第二十五章、:2155  第26章 陶先生:0  第二十六章、:2097  第27章 牵手:0  第二十七章、:2030
          第28章 “药人”:0  第二十八章、:2030  第29章 又是“黑心”:0  第二十九章、:2182  第30章 猜测:0  第三十章、:2064
          第31章 异变:0  第三十一章、:1994  第32章 决定:0  第三十二章、:2220  第33章 对啸:0  第三十三章、:2013
          第34章 “中毒”:0  第三十四章、:1986  第35章 途中:0  第三十五章、:2056  第36章 主动:0  第三十六章、:2082
          第37章 村子:0  第三十七章、:1964  第38章 猜想:0  第三十八章、:2044  第39章 “兄长”将至:0  第三十九章、:2250
          第40章 遭袭:0  第四十章、:3099  第41章 恶斗:0  第四十一章、:2991  第42章 痛哭:0  第四十二章、:2074
          第43章 迎接谢氏:0  第四十三章、:1989  第44章 谢昆:0  第四十四章、:1978  第45章 不信，不认:0  第四十五章、不信，不认:3113
          第46章 前往西蜀:0  第四十六章、前往西蜀:3145  第47章 骇人听闻的消息:0  第四十七章、骇人听闻的消息:3082  第48章 逃跑失败:0  第四十八章、逃跑失败:3096
          第49章 陶先生来了:0  第四十九章、陶先生来了:3173  第50章 熬药:0  第五十章、熬药:3062  第51章 唯一选择:0  第五十一章、唯一选择:3142
          第52章 唇:0  第五十二章、唇:3175  第53章 不忍:0  第五十三章、不忍:3356  第54章 洗尘宴:0  第五十四章、洗尘宴:3516
          第55章 谋定:0  第五十五章、谋定:3080  第56章 我的路:0  第五十六章、我的路:3175  第57章 攻西蜀:0  第五十七章、攻西蜀:3502
          第58章 小国主:0  第五十八章、小国主:3077  第59章 哄孩子:0  第五十九章、:3176  第60章 晴天霹雳的消息:0  第六十章、晴天霹雳的消息:3110
          第61章 交锋:0  第六十一章、交锋:3041  第62章 请缨:0  第六十二章、请缨:3399  第63章 佑安寺:0  第六十三章、佑安寺:3159
          第64章 身陷囹圄:0  第六十四章、身陷囹圄:3273  第65章 嫌隙:0  第六十五章、嫌隙:3202  第66章 玄袍男子:0  第六十六章、玄袍男子:3099
          第67章 舍生忘死:0  第六十七章、舍生忘死:3112  第68章 丑:0  第六十八章、丑:3126  第69章 身世真相:0  第六十九章、身世真相:3138
          第70章 小孩子和小猴子:0  第七十章、小孩子和小猴子:3126  第71章 暂时分开:0  第七十一章、暂时分开:3248  第72章 “黑心”破局:0  第七十二章、“黑心”破局:3130
          第73章 吉人自有天相:0  第七十三章、吉人自有天相:3117  第74章 两封信:0  第七十四章、两封信:3478  第75章 盟约:0  第七十五章、盟约:3313
          第76章 晨曦+尾声:0  第七十六章、晨曦:4364

12:27:25  倾衍录 (细雨生寒) [完结]  223p→160章  2110KB  OK
          https://www.52shuku.net/gl/11_b/bkbWE.html
          第1章 平江飞鹭:4157  第2章 正一远道:4277  第3章 光瑞初现:4811  第4章 刀光剑影:4340  第5章 鉴良秋景:4425  第6章 山雨欲来:4454
          第7章 血溅金河:4044  第8章 因缘际会:4547  第9章 宋家姐妹:4092  第10章 一叶障目:4439  第11章 飞雪迎春:4543  第12章 深谷梨花:4530
          第13章 梨白柳青:4241  第14章 天衍之行:4239  第15章 寒夜坐论:4316  第16章 一诺千金:4667  第17章 悠悠苍天:4401  第18章 节外生枝:4887
          第19章 神秘画卷:4104  第20章 故友乐然:4091  第21章 天衍九针:3978  第22章 湖上垂钓:3774  第23章 异地相逢:4164  第24章 风雪凝熙:4100
          第25章 姐妹心结:4279  第26章 席上惊变:4268  第27章 饮水剑法:4261  第28章 大斑芫青:4227  第29章 不露锋芒:4242  第30章 迷离扑朔:4469
          第31章 立字为据:4288  第32章 边塞之城:4271  第33章 医毒相斗:4303  第34章 天阳石窟:4288  第35章 往事不追:4301  第36章 尘埃未定:4157
          第37章 险象迭生:4335  第38章 死生不测:4370  第39章 久梦乍回:4950  第40章 道士相气:4569  第41章 道阻且长:4463  第42章 如梦之梦:4229
          第43章 平地风波:4400  第44章 姊妹情谊:4316  第45章 百步穿杨:4621  第46章 密道石室:4495  第47章 宋家旧事:4309  第48章 是亦因彼:4410
          第49章 错综复杂:4653  第50章 知足者富:4287  第51章 荆棘载途:4028  第52章 休戚与共:4490  第53章 明枪暗箭:4320  第54章 梨雪同白:4491
          第七章 写过，蔡霈休捞起的河灯上写着“惆怅青芜一堆雪，人生能得几通明。”借鉴了苏轼的《东栏梨花》中的“惆怅东栏一株雪，人生看得几清明。”大致含义不变，两人梨花林初遇，是一切的开始。第十三章的梨白柳青标题，则是来自同一首诗的“梨花淡白柳深青，柳絮飞时花满城。”鲜活的不仅是景色，更指二人的内心世界。两人感情的基调是相互扶持、理解和包容，之后也会是围绕这三点来展开。:19  第55章 庄上来客:4701  第56章 玉洁松贞:4048  第57章 塞外雪峰:4421  第58章 离情别绪:4246  第59章 宋家旧事:4346
          第60章 狭路相逢:4340  第61章 三人成戏:4354  第62章 逢场作戏:4547  第63章 大音希声:4228  第64章 明争暗斗:4172  第65章 似是而非:4643
          第66章 比武大会:4353  第67章 一触即发:4266  第68章 姊妹情深:4789  第69章 红颜薄命:4516  第70章 人世无常:4415  第71章 水落石出:4049
          第72章 夕死可矣:4305  第73章 无可奈何:4557  第74章 推波助澜:4152  第75章 无中生有:4980  第76章 天衍之危:4298  第77章 玄天铁盒:4073
          第78章 虎啸龙吟:4253  第79章 迫在眉睫:4941  第80章 视死如归:4699  第81章 举步维艰:4220  第82章 时过境迁:4612  第83章 君臣之道:4412
          第84章 白平事起:4175  第85章 针锋相对:4242  第86章 相逢如雨:4170  第87章 暗箭难防:4594  第88章 旱魃为虐:4615  第89章 人生几何:4189
          第90章 衔悲茹恨:4191  第91章 心病难医:4419  第92章 相和之气:4485  第93章 风起应宣:4338  第94章 飞沙走石:4815  第95章 力挽狂澜:4179
          第96章 二月当空:4169  第97章 一波三折:4450  第98章 规求无度:4443  第99章 因果循环:4589  第100章 可堪回首:5158  第101章 假凤虚凰:5409
          第102章 盎盂相击:4537  第103章 哀毁骨立:3860  第104章 飞鸿踏雪:4413  第105章 春行夏令:4476  第106章 春华如故:5050  第107章 隔栏夜话:4288
          第108章 孤月隐江:3972  第109章 跌宕起伏:4524  第110章 波澜不惊:4047  第111章 雨夜激战:3752  第112章 仇人相见:4409  第113章 急中生智:4384
          第114章 殃及池鱼:4355  第115章 风云突变:4347  第116章 九宫方阵:4349  第117章 同甘共苦:4512  第118章 尘封过往:4226  第119章 久别重逢:4665
          第120章 情深义重:5232  第121章 水波不兴:4801  第122章 何处为家（上）:4961  第123章 何处为家（中）:4338  第124章 何处为家（下）:5040  第125章 谋事在人:4598
          第126章 形影不离:4347  第127章 千里飘零:4740  第128章 真伪莫辨:4543  第129章 齐云雪峰:4397  第130章 九死一生:5361  第131章 今雪如花:4619
          第132章 难知天命:5466  第133章 天衍四九:4517  第134章 大有大无:4284  第135章 相思枫叶丹:4532  第136章 渐露端倪:4340  第137章 请君入瓮:5016
          第138章 至亲至疏:4620  第139章 生死之问:4891  第140章 仁心仁术:4633  第141章 旧人旧事:4071  第142章 雨落音起:4191  第143章 联合施治:4612
          第144章 间不容发:4246  第145章 前朝遗孤:4374  第146章 天命在谁:4506  第147章 木水叠嶂:4555  第148章 天意可违:4444  第149章 生死未卜:4621
          第150章 大难不死:4498  第151章 南国之南:4260  第152章 虚惊一场:4315  第153章 终年长恨:4398  第154章 圣坛斗法:4296  第155章 弦断音消:4351
          第156章 因果报应:4339  第157章 尘埃落地:4276  第158章 奇峰怀秀:4325  第159章 故人已去:6085

12:27:52  得想个办法把心还给她 (姀晚) [完结]  63p→63章  567KB  OK
          https://www.52shuku.net/gl/11_b/bkbWD.html
          第1章 第一章脱离苦情女主剧情:3574  第2章 第二章双重人格小姨助逃脱:3812  第3章 第三章生活不易开始奔波:3832  第4章 第四章她的死对头出现:3284  第5章 第五章欲寻鹤楼成仙:3132  第6章 第六章她想杀她:3035
          第7章 第七章海面厮杀起:3179  第8章 第八章海妖腹中意外相遇:2566  第9章 第九章追逐初显端倪:2646  第10章 第十章小狐狸的事:2365  第11章 第十一章往事风云来:3469  第12章 第十二章夜守嗔怪猴夺神识:3260
          第13章 第十三章过往云烟:2307  第14章 第十四章万梯遇嚯兽:2136  第15章 第十五章浓雾寻路意外生:2414  第16章 第十六章和她近了一点:2126  第17章 第十七章谁杀了嚯兽:2826  第18章 第十八章是非连不断:2935
          第19章 第十九章悦兔求郎:2538  第20章 第二十章意想不到的出现:2094  第21章 第二十一章她的记忆:2392  第22章 第二十二章想和她说话:2177  第23章 第二十三章意外被控制住:2436  第24章 第二十四章夺下蛇妖口中晶:2436
          第25章 第二十五章去妖城疗伤:2832  第26章 第二十六章两人的相处:3194  第27章 第二十七章各有心思:3236  第28章 第二十八章她们的事:3109  第29章 第二十九章两人分歧:2113  第30章 第三十章别扭时刻:2274
          第31章 第三十一章小闹剧:3042  第32章 第三十二章翎鸾宫中事:3014  第33章 第三十三章硬闯结界中:2821  第34章 第三十四章厢珠仙子:3065  第35章 第三十五章乱成一锅粥:3037  第36章 第三十六章感到拘谨:2875
          第37章 第三十七章鬼城门开:2651  第38章 第三十八章有鬼闹之:3020  第39章 第三十九章假面撕裂:2923  第40章 第四十章心意相通:3002  第41章 第四十一章念及往日:3012  第42章 第四十二章接连不断:2835
          第43章 第四十三章峰回路转:3068  第44章 第四十四章短暂逃离:2803  第45章 第四十五章将之逃脱:2680  第46章 第四十六章且做谋划:2563  第47章 第四十七章留下的嘱咐:3455  第48章 第四十八章说与她事:3280
          第49章 第四十九章说来话长:3042  第50章 第五十章卷中心困:3167  第51章 第五十一章瞬眼变动:3063  第52章 第五十二章所惘而过:3065  第53章 第五十三章不可逃劫:3077  第54章 第五十四章奇怪的吸引:3060
          第55章 第五十五章 不会是内斗吧:3007  第56章 第五十六章凭什么救你:3071  第57章 第五十七章时间不多了:3024  第58章 第五十八章耽误事了:3029  第59章 第五十九章回来了:4511  第60章 第六十章真坏啊:3119
          第61章 第六十一章又再见:3021  第62章 第六十二章脑子有病:3213  第63章 第六十三章你的心知道:5341

12:28:21  姗岚可依 (姀晚) [完结+番外]  72p→70章  655KB  OK
          https://www.52shuku.net/gl/11_b/bkbWC.html
          第1章 第一章初见不愉:3677  第2章 第二章意外单纯:3639  第3章 第三章微妙变化:3444  第4章 第四章被绑架了:3314  第5章 第五章放火引人:3052  第6章 第六章不要说是她:3290
          第7章 第七章也许要走了:3439  第8章 第八章会替你周全:3339  第9章 第九章她的体贴:3044  第10章 第十章游船游戏:3103  第11章 第十一章醉酒之事:3018  第12章 第十二章酒后密聊:2865
          第13章 第十三章去她的家:2829  第14章 第十四章关系突变:2864  第15章 第十五章另一面:2934  第16章 第十六章心事纷乱:2362  第17章 第十七章又遇骚动:2640  第18章 第十八章暗中波澜:2651
          第19章 第十九章山庄之旅:2600  第20章 第二十章两人时光:2307  第21章 第二十一章游玩中断:2301  第22章 第二十二章事端初起:2503  第23章 第二十三章心中酸涩:2483  第24章 第二十四章做出决定:2346
          第25章 第二十五章想法不一:2370  第26章 第二十六章商讨之事:2752  第27章 第二十七章被发现了:2377  第28章 第二十八章争执不断:2482  第29章 第二十九章误会加深:3196  第30章 第三十章不知心意:3609
          第31章 第三十一章对峙之下:3068  第32章 第三十二章要离开了:3003  第33章 第三十三章不想让她吃苦:3375  第34章 第三十四章她不知道的事:2765  第35章 第三十五章暗潮涌动:2777  第36章 第三十六章意外接踵而来:2848
          第37章 第三十七章策马路上:2820  第38章 第三十八章设计入套:2765  第39章 第三十九章终于相见:3596  第40章 第四十章和好如初:2539  第41章 第四十一章心意相通:2602  第42章 第四十二章出行意外:3694
          第43章 第四十三章好生教训:2836  第44章 第四十四章躲藏起来:3396  第45章 第四十五章逃离追杀:3330  第46章 第四十六章 战乱:3367  第47章 第四十七章她们之间:3656  第48章 第四十八章去买礼物:3418
          第49章 第四十九章戏楼玩乐:3202  第50章 第五十章彻底爱上她:3246  第51章 第五十一章回程路上:3235  第52章 第五十二章三清山山匪:3656  第53章 第五十三章遇到一对姐妹:3836  第54章 第五十四章中暑了:3038
          第55章 第五十五章江上小事:3056  第56章 第五十六章偶遇仙游会:4027  第57章 第五十七章别扭时刻:2468  第58章 第五十八章要做的事:3510  第59章 第五十九章月色下:3362  第60章 第六十章讹人:3230
          第61章 第六十一章小争吵:3407  第62章 第六十二章她的想法:3260  第63章 第六十三章她是行动派:2967  第64章 第六十四章帮个小忙:3593  第65章 第六十五章落定一些事:3136  第66章 第六十六章相聚畅谈:3108
          第67章 第六十七章与长公主:3055  第68章 第六十八章与君享:3116  第69章 第六十九章新婚快乐:3176  第70章 嫣盈盈与闵青君:5094

12:28:36  学妹毫无情丝 (婃一) [完结+番外]  37p→42章  308KB  OK
          https://www.52shuku.net/gl/11_b/bkbWB.html
          第1章 预备生:3793  第2章 单人间:2445  第3章 食堂:3042  第4章 碎瓷:2594  第5章 单细胞学姐:3398  第6章 小名:2185
          第7章 同桌:2856  第8章 幸运球:3218  第9章 写作业:2284  第10章 写纸条:3149  第11章 姐姐:1951  第12章 回合十二:3433
          第13章 回合十三:2808  第14章 回合十四:2380  第15章 回合十五:2122  第16章 回合十六:2974  第17章 回合十七:2891  第18章 回合十八:1674
          第19章 回合十九:2121  第20章 论坛体合集（1）:2695  第21章 论坛体合集（2）:3134  第22章 吃饭:1979  第23章 遇到困难睡大觉:1801  第24章 拒绝掺和:1855
          第25章 捏:1810  第26章 论坛体合集（3）:1841  第27章 论坛体合集（4）:2551  第28章 名字:1960  第29章 讲故事:2686  第30章 坚强小女孩:2070
          第31章 失言:2451  第32章 兜风:2357  第33章 揭梦:2363  第34章 游戏:2320  第35章 制造时机:2193  第36章 大梦一场:1736
          第37章 世界真相:1795  第38章 随便逛逛:1701  第39章 谁打架:2179  第40章 暗流涌动:2282  第41章 清醒:2523  第42章 席燦:1787

12:32:01  地下丞 (我在找我的铁铲) [完结+番外]  544p→402章  5076KB  OK
          https://www.52shuku.net/gl/09_b/bkbUJ.html
          第1章 上门被退货:3615  第2章 其名为系统:3610  第3章 升职靠嘴甜:3541  第4章 神农庄无间道:3758  第5章 你要脸吗:3574  第6章 越古早越有效:3580
          第7章 隔壁进行激烈战斗时，这边在:3604  第8章 戚小姐此身从此分明了:3573  第9章 到底谁才是反派:3575  第10章 小庄主的全新旅途:3677  第11章 苍秾的速记课程:3682  第12章 粉面搭档还是黄色包装的最好吃:3515
          第13章 一只罪恶的黑手:3508  第14章 其实我会把粉面菜蛋里的蛋丢掉:3587  第15章 有志者不穿盗来之内衣:3590  第16章 愿者被钩:3564  第17章 丑恶的凶手终于现出原形:3510  第18章 辅川别业（多三个点版）:3643
          第19章 这么随便就说出来的关键信息:3502  第20章 打架带音乐:3545  第21章 小庄主快游奇境:3507  第22章 好面汤决定:3532  第23章 1年级3班戚红同学:3541  第24章 1年级8班妮妮同学:3521
          第25章 戚嫔又梦魇了:3547  第26章 虽有矰缴，队友顽嚚，当可奈何？:3671  第27章 杨梅学姐大胜利:3574  第28章 陌生人给我糖？谢谢谢谢:3591  第29章 半夜游荡准没好事:3674  第30章 丘玄生牌泡腾片:3531
          第31章 出街大作战！:3647  第32章 姥姥要跟你唠唠:3652  第33章 你说是吧吹牛:3743  第34章 队长毒唯，砍似同担:3663  第35章 姥姥带着孩子们出来玩啦:3568  第36章 病房里的电视最不好看了:3671
          第37章 兵来酱挡水来土腌:3517  第38章 命运般地:3694  第39章 真是好大一间房:3630  第40章 再见了玄生今晚我就要远航:3585  第41章 防人之心不可无，害人之心更不可无:3641  第42章 乐始，你在干什么啊乐始:3695
          第43章 牢牢抓住牢门钥匙:3759  第44章 队长重度依赖:3701  第45章 哭错坟了:3570  第46章 十辈子打工天选银翘:3617  第47章 阳光绿色积极发展组织:3540  第48章 有朋自远方来，右手持匕首揕之:3569
          第49章 辅州战狼乐始酱:3637  第50章 假死后我成了船消头子:3811  第51章 普通的睡前时间:3674  第52章 不出名的师出不怎么高的徒:3619  第53章 石耳直聘:3529  第54章 吃一堑再吃一堑:3631
          第55章 戚红收到兼职邀请:3542  第56章 迷路发现新大陆:3710  第57章 绿风茶山庄:3606  第58章 茶杯头小玛:3717  第59章 新手保护期过了:3770  第60章 为什么啊为什么啊:3810
          第61章 妈妈的狂野人生:3759  第62章 女人至死都是少女:3506  第63章 你们四个:3644  第64章 魔之左手·封印解除！:3523  第65章 一场噩梦终于醒来:3865  第66章 回来了回来了:3531
          第67章 找队长开茶会！:3531  第68章 神农庄潜入大作战！:3570  第69章 今天庄主不在家:3624  第70章 这就叫效率:3608  第71章 冲！:3663  第72章 卡五关躲六将:3542
          第73章 谁来心疼一下呢:3608  第74章 以重婚罪逮捕那个姓殷的:3537  第75章 同是天涯沦落妹:3607  第76章 世纪大恶人苍秾小姐:3636  第77章 十天磨一剑:3634  第78章 该反抗时就反抗:3522
          第79章 红白深夜图书馆约会:3587  第80章 物是人非事事咻:3624  第81章 生活不易:3651  第82章 千金出逃：偏执钵总放肆追:3561  第83章 白送的不收钱:3610  第84章 潜行小分队:3578
          第85章 哕筝哕哕哕了！:3569  第86章 ○○宝可梦:3542  第87章 翻译组唯一指定成员丘玄生:3732  第88章 我在辅州想你死:3738  第89章 少女赶路中...:3680  第90章 经历数十个没有写出来的转场:3590
          第91章 钵陀直呼外行:3502  第92章 汪汪汪汪汪汪汪汪:3725  第93章 请苍贵人和戚嫔作《惊鸿舞》:3761  第94章 小姐变大娘:3645  第95章 玄生被吓跑的那个雨夜:3648  第96章 风太大了听不清:3621
          第97章 对啊脸皮厚就是能为所欲为:3578  第98章 玄生第三次被关:3684  第99章 使者来也:3522  第100章 old money:3749  第101章 谁想的这么土:3639  第102章 办公室病情:3596
          第103章 少女的幻想:3636  第104章 小小手段:3523  第105章 那个独自完成小组作业的人:3633  第106章 恶魔乐始的失踪队长:3512  第107章 找到了！:3732  第108章 少女养病中...:3509
          第109章 人设刷新:3557  第110章 还是不太懂:3647  第111章 阿拉芸神灯:3556  第112章 1111人形吗喽:3546  第113章 ／tp everyone 褚兰:3591  第114章 愿望就是先下手为强:3706
          第115章 好羡慕年兽一年只上一天班:3522  第116章 等登等灯:3554  第117章 妈呀！:3598  第118章 姑母呀！:3613  第119章 苍秾小姐恢复了力气和手段:3598  第120章 运动健儿深夜马拉松:3576
          第121章 谣言猛于岑乌菱:3606  第122章 苦情剧女主角戚红:3514  第123章 团宠文路人苍秾:3658  第124章 宠物救济员丘玄生:3745  第125章 谍战片卧底岑既白:3685  第126章 我重生了，真的重生了:3649
          第127章 任务×2:3528  第128章 戚戚蛐蛐:3634  第129章 我又重生了，真的又重生了:3589  第130章 俺娘岑星咏:3717  第131章 神奇喵可兽在我家:3633  第132章 转眼间众叛亲离:3592
          第133章 命定之妈:3655  第134章 喵可捏捏乐:3747  第135章 我家大门常打开:3473  第136章 偏左就用左手:3725  第137章 《我的丑娘》:3736  第138章 加油苍姁，加油神农庄:3513
          第139章 如果名声是钱:3690  第140章 我们仨:3526  第141章 飞得好高好高:3500  第142章 请在以下角色中选择出「傻蛋」:3578  第143章 还是现实有意思:3683  第144章 辅州百灵鸟:3578
          第145章 我会一直不说话:3509  第146章 姑母的沉睡魔咒:3543  第147章 金锁计划:3604  第148章 小姁睡不醒:3531  第149章 神农庄也是庄园:3673  第150章 是谁动了发条:3549
          第151章 妈妈去哪儿:3795  第152章 此银翘非彼银翘:3740  第153章 精致女孩穿越异世界vlog:3824  第154章 白雪大娘和三个小矮人:3645  第155章 进牢如回家:3684  第156章 牢艾，你这是在干什么:3611
          第157章 小艾的破烂马甲:3785  第158章 做贱人精彩不停:3836  第159章 女武一之争:6156  第160章 霜冷草里的妈妈:3674  第161章 恋爱高手来也！:3677  第162章 宝宝，离别是人生的第一课:3868
          第163章 小云同学和小猿同学:4147  第164章 跟班大姐荒野求生:3665  第165章 ^. .^:3981  第166章 对道德绑架说不:3608  第167章 对可爱猫耳说Yes!:4087  第168章 和陌生人的睡前聊天:5079
          第169章 淳朴山里人霸天:3944  第170章 蕉个朋友:4078  第171章 ^. .^／＼^. .^:5808  第172章 矿工的勋章:3843  第173章 走回头路必被制裁:3827  第174章 班——瑟——:3813
          第175章 自投喽网:3675  第176章 路过捡喽:4670  第177章 屋喽偏逢连夜雨:3709  第178章 喽心斗角:4395  第179章 中场休息！:4171  第180章 消失的喽:4051
          第181章 因为吗喽有香蕉:3656  第182章 仙之喽兮列如麻:4664  第183章 百喽争鸣:4191  第184章 喽出真面目:3943  第185章 来喽！:3750  第186章 套马的妹子你是大冰箱:4695
          第187章 恋爱还是棒球:3707  第188章 我推的猴子:4613  第189章 好戏需要多房演员的表现:5378  第190章 要小心自动更新:4594  第191章 山重水复已无路:4137  第192章 柳暗花明戊窠城:4307
          第193章 抱抱党成员招募中:4081  第194章 使者驾到！2.0:4166  第195章 旗鼓相当的对手:4714  第196章 wer窠城专业养殖场:3773  第197章 饥饿地精vs真夜之魔女:4153  第198章 枇杷烤袜论妈妈:4458
          第199章 黄金档家庭多角恋惨案:3685  第200章 总是被关的孩子们:4428  第201章 合成大傻瓜:3895  第202章 戊窠城知名导游沈露痕:4172  第203章 喵喵队立大功:4364  第204章 动物世界:4971
          第205章 医学奇迹:3843  第206章 这是真奇迹:4148  第207章 忧郁苍秾爱淋雨/.:5098  第208章 决不能忘记的东西:3545  第209章 美有姬哪来的蛋:3705  第210章 明明是五个人的电影:3705
          第211章 小庄主想变得可爱:4433  第212章 一个大把自己炸残:4165  第213章 i have a dream:4429  第214章 杀手过家家:3621  第215章 ＃帅哥地带＃:4137  第216章 一袋钱的千层套路:3828
          第217章 菩萨喜欢坚强的孩子:3940  第218章 一袋钱一失足成千古恨:5577  第219章 她爱她她爱她她爱她:4740  第220章 有人偷走了重要的东西！:4197  第221章 小庄主迎来重大削弱:4845  第222章 大明塔失物招领处:4281
          第223章 哦哈哟一袋钱:4491  第224章 洋娃娃和小熊跳舞:5546  第225章 乐始又一个人打团:4735  第226章 掰手腕比赛:4278  第227章 教育要趁早:6153  第228章 九月九日忆辅州姐妹:5937
          第229章 朝耳夕石:4069  第230章 辅州的骗子我问你:4126  第231章 跨州反诈宣传片:4807  第232章 为了挽救主角出走的故事:4697  第233章 为了拯救坏掉的世界:5257  第234章 黄金三人组:4563
          第235章 脑缠更是一重关:5232  第236章 苍秾小姐想变得帅气:4205  第237章 倒霉苍秾遇鬼记:4797  第238章 这冷漠的世界:6110  第239章 这地下丞是啥啊我问你:3919  第240章 一拳八十:4867
          第241章 石耳抓小偷:4040  第242章 两小儿辩喵可兽:4057  第243章 喵可兽从哪里来:4068  第244章 文案策划会:3955  第245章 谁来替小庄主打工:4468  第246章 行尸走肉的打工日常:4835
          第247章 这个毛贼我曾见过的:4459  第248章 恋爱裁判:4104  第249章 都说了是久别重逢:4366  第250章 入职之争本就如此:3839  第251章 幼儿园纠纷:4976  第252章 假金最怕火炼:4065
          第253章 妈妈秘呀:4334  第254章 苍秾悖论:5003  第255章 殷森恐怖府:4386  第256章 残酷姑母的行动纲领:5284  第257章 戚红要从小时候抓起:4590  第258章 有其母必有其女:4451
          第259章 骑马撞人骑马者负全责:5304  第260章 非岑勿扰:4390  第261章 都是就差一点点的关系啊:4662  第262章 殷大娘想拿深情女二剧本:4233  第263章 天衣无缝偷窥局:4366  第264章 殷府复仇剧:5396
          第265章 当主角的感情线未动分毫时:5327  第266章 正月里打新春:4828  第267章 大团圆结局:4277  第268章 人在官府身不由己:4216  第269章 转眼就是二进宫:4852  第270章 猛妈过江:4488
          第271章 猫耳都没了还摸什么:5154  第272章 混的妈/.:4792  第273章 苍秾小姐夏日心事:5713  第274章 起哄和菜煎饼互掐日常:5044  第275章 吹牛和枪械师潜行计划:3889  第276章 不积硅步无以与兔赛跑:4962
          第277章 洗洗更健康:4657  第278章 盲人猜象:5420  第279章 愿赌就要服输:4517  第280章 来路不明的东西不要吃:5481  第281章 热烈庆祝苍秾献姐出狱:5065  第282章 金风玉露狭路相逢:5262
          第283章 邪恶八爪东溟大王:6696  第284章 圣窦士东门:4265  第285章 与黑恶势力战斗到底:4672  第286章 表明立场反惹麻烦:4853  第287章 苍姁苍姁悄悄过去留下小秘密:4021  第288章 苍秾，我们母女遭人算计了:4444
          第289章 请2号患者到银翘医生诊室就诊:4098  第290章 少小离家还没老就回:4956  第291章 金牌调解员岑乌菱:4098  第292章 小艾熬药咕噜噜:4456  第293章 下饺子现场:5589  第294章 倒霉孩子的日常:5565
          第295章 妈妈去哪儿:4902  第296章 14岁以上的女性是妇女:4849  第297章 baby boss:4363  第298章 好妈妈、坏妈妈:4067  第299章 孩子总是不听话:4132  第300章 鬼屋环游记:4426
          第301章 孩子，时代变了:4488  第302章 极夜之魔女:4847  第303章 殷南鹄受害者互助协会:3934  第304章 我就站在这里看谁敢嬷:3982  第305章 苍秾小姐，要加油啊:4039  第306章 爱心人士慰问卧床植物人:4064
          第307章 嘎嘎嘎嘎嘎嘎嘎:4047  第308章 魔女手记:4409  第309章 戚嫔又又梦魇了:4221  第310章 孟德咏的豌豆:4251  第311章 鸭莉珊大厨房历险记:4640  第312章 家家有本难念的经:4544
          第313章 苍秾的大脑短暂上线:4314  第314章 苍秾单刷副本:4555  第315章 押运舱小队正式集结:3955  第316章 押运舱小队工作中...:4394  第317章 老殷抓小姬:4111  第318章 吃饭的时候不要看:3978
          第319章 喵喵队立大功:6068  第320章 一场噩梦又醒来:4050  第321章 这也在真夜之魔女的预料之内吗:4502  第322章 姐姐大人变成了妈妈大人:4246  第323章 热心市民苍秾小姐:4011  第324章 今天的辅州也很和平:4151
          第325章 勇者进入了商店:4489  第326章 小心地滑:4408  第327章 细雨声中:4053  第328章 深渊巨口:4078  第329章 某些人依旧毫无长进:4930  第330章 稀里糊涂又是一年:4447
          第331章 一袋钱的坎坷恋路:4083  第332章 学而时习之:4029  第333章 你这个冷漠无情的人:4033  第334章 欧卡内欧卡内:3931  第335章 真顶流不需要营销:4248  第336章 恋爱大手子苍秾:4614
          第337章 玛丽钱传说:4138  第338章 你的任务是稳住钱易黛:4801  第339章 小庄主和戚红深夜缉凶:4152  第340章 苍秾和玄生的大变活人:4673  第341章 花瓶养咸鱼:4720  第342章 钱家冷冻库:4518
          第343章 苍秾小姐冬日心事:4373  第344章 冥师出膏土:5156  第345章 无处安放的喵可:4053  第346章 远航之日:4774  第347章 苍秾小姐和玄生:5006  第348章 证明主角重要性的时刻到了:4345
          第349章 朝菌不知晦朔:5052  第350章 再次荒野求生:4164  第351章 你妈妈有吗:4176  第352章 一个好消息和一个坏消息:4665  第353章 水光潋滟亲方好:5254  第354章 正派反派全都死于话多:5339
          第355章 Flag你避之不及:4137  第356章 一箭还一箭哪:3963  第357章 添乱专业户:4341  第358章 神效三无产品:6316  第359章 秘籍就是这样失传的:4789  第360章 最后一天的闲暇:4618
          第361章 怀念曾经是人的时候:4973  第362章 居家隔离的日子:4713  第363章 熄灯后不让到处走动:4277  第364章 哈姆白特:5116  第365章 老殷抓小姬2.0:4118  第366章 今天的神农庄也很和平:5075
          第367章 挑拨离间是反派的专精技能:5607  第368章 谁的小鸟一去不回来:4239  第369章 沈正不怕影子斜:4858  第370章 晋宜城禁烟大使殷节殷义:5165  第371章 此时的苍秾正在:4420  第372章 神农庄传统节目:4726
          第373章 拯救玄生小分队在路上:4236  第374章 此时的玄生正在:5495  第375章 还在追:4206  第376章 沈露痕风雨山神庙:4839  第377章 依旧在追:4143  第378章 在雨中吵架又和好:4213
          第379章 拯救玄生计划2.0:4263  第380章 殷南鹄的好大娘游戏:4311  第381章 拯救玄生大作战！:5531  第382章 东溟会十大杰出员工珍蕊:4205  第383章 杀虫小队:4374  第384章 恐怖片常见套路:5096
          第385章 苍秾和玄生在隔壁拼死拼活:5646  第386章 不搬救兵怎么玩啊:4391  第387章 举全家之力殴打BOSS:5772  第388章 昨日此间:6567  第389章 明日天地:9765  第390章 兴州村纪事·一:5636
          第391章 兴州村纪事·二:5193  第392章 兴州村纪事·三:4771  第393章 兴州村纪事·四:4973  第394章 兴州村纪事·五:4887  第395章 兴州村纪事·六:4276  第396章 兴州村纪事·七:4152
          第397章 兴州村纪事·八:5202  第398章 手作娘娃妈苍秾:6192  第399章 洗碗风云:4868  第400章 碧果上位记:6800  第401章 打工日常:5376  第402章 特别节目《揭秘神农庄》:9240

12:33:15  橘子湾 (红尾树) [完结]  192p→129章  1671KB  OK
          https://www.52shuku.net/gl/09_b/bkbUI.html
          第1章 林漾:3623  第2章 机场出逃:4454  第3章 奇怪的梦:3802  第4章 橘子湾小镇:4060  第5章 深夜来电:3200  第6章 女主角:3673
          第7章 她们:4026  第8章 采买:4616  第9章 表演课:4279  第10章 玻璃挂饰:4765  第11章 进组:4529  第12章 房间:3210
          第13章 小阿慧:3752  第14章 剧本世界:3274  第15章 剧本世界:3807  第16章 剧本世界:3857  第17章 剧本世界:3579  第18章 剧本世界:4055
          第19章 回到现实:3654  第20章 女祠:6388  第21章 晚饭:4843  第22章 卧底计划:4281  第23章 咖啡馆:3636  第24章 时间回溯:3675
          第25章 梦魇:4815  第26章 余晓林:4637  第27章 走街串巷去助人:4328  第28章 嘘:4890  第29章 出游记:4991  第30章 出游记:6728
          第31章 出游记:7488  第32章 回家:4649  第33章 余晓林世界线:5061  第34章 余晓林世界线:3560  第35章 余晓林世界线:4191  第36章 余晓林世界线:4389
          第37章 美好的现实:4185  第38章 阿芳:4592  第39章 棠闻声:4101  第40章 棠堂:4238  第41章 陈爱宝婚礼:8215  第42章 杀死余锋:4389
          第43章 保险单:3851  第44章 报警:5078  第45章 她的名字:8968  第46章 余家村:3833  第47章 第一次出逃:5382  第48章 第二次出逃:4159
          第49章 谁是阿汤:5620  第50章 外婆:6090  第51章 音乐节:5006  第52章 陈汉宝:5383  第53章 生病:2655  第54章 标准与考验:4080
          第55章 再逗一逗她:3179  第56章 被打湿的画册:3677  第57章 工作:3241  第58章 彩虹公会:3696  第59章 辩论:4671  第60章 江渝:5585
          第61章 编导:3182  第62章 补助风波:3174  第63章 名单:3269  第64章 冯牧:3099  第65章 教导处:4797  第66章 停课中:3063
          第67章 小偷游戏:3315  第68章 海洋馆:3539  第69章 离岸流:3685  第70章 寻找兴趣之旅:3089  第71章 书咖结义:3611  第72章 骆宇浩:3944
          第73章 绯闻:4596  第74章 红嫁衣:3562  第75章 火树银花:3561  第76章 破蛋日:4583  第77章 高考:5841  第78章 外婆:3377
          第79章 余超:4375  第80章 高烧:4207  第81章 谭芳:4654  第82章 仓库:5168  第83章 警察局:3173  第84章 张警官:3698
          第85章 酒过三巡:3326  第86章 她的短发:4530  第87章 包裹:3286  第88章 做饭:3526  第89章 赶海:4420  第90章 小溪:3094
          第91章 浴缸:3266  第92章 返校:3265  第93章 入冬:3676  第94章 元宵:3525  第95章 大火:3932  第96章 阻断剂:4005
          第97章 As2W.en:3498  第98章 接头:4144  第99章 越梨:3981  第100章 海选:5391  第101章 小偷阿旭:4271  第102章 花粉:3156
          第103章 无机棠:3573  第104章 新生:4310  第105章 付春泽:3655  第106章 辛夏:4546  第107章 F:3730  第108章 斯帕奇:3859
          第109章 红杉心灵驿站1:4912  第110章 红杉心灵驿站2:3374  第111章 红杉心灵驿站3:5235  第112章 老天:7317  第113章 墓地:4341  第114章 讨债:4187
          第115章 专案组:3586  第116章 太魔幻了:4282  第117章 绝世好心人:4559  第118章 正义的天平:3966  第119章 搜索:3832  第120章 三颗炸弹:5160
          第121章 偏执or清醒:4610  第122章 清醒or虚幻:4626  第123章 回家:4753  第124章 初代守护灵:3487  第125章 火花:5189  第126章 爱人:3167
          第127章 吉光:5003  第128章 一年后:5972  第129章 花火大会:5601

12:35:18  [HP同人] HP在魔法界被迫卷成神 (清衡) [完结+番外]  330p→289章  3089KB  OK
          https://www.52shuku.net/gl/09_b/bkbUH.html
          第1章 举目无亲的少年:3336  第2章 令人不安的领养人:2977  第3章 终于消失的他:2802  第4章 送信邮差猫头鹰:3066  第5章 传说中的对角巷:3754  第6章 九又四分之三站台:2510
          第7章 与赫敏·格兰杰相遇:3221  第8章 陷入纠结的分院帽:2776  第9章 低存在感的赫奇帕奇:3244  第10章 颠覆科学的魔法课程:2870  第11章 闻风丧胆的魔药课:2892  第12章 赫奇帕奇的飞行鬼才:4376
          第13章 如果遇到巨怪该如何:2988  第14章 这样的宿敌你要吗:2828  第15章 养花养草喂宠物:2726  第16章 在学校被迫当大厨:2980  第17章 来自院长的礼物:2987  第18章 草莓蛋糕在哪里:3493
          第19章 臭不可闻的巨怪:3446  第20章 任性的计分制度:3242  第21章 新生的魁地奇比赛:3264  第22章 中国咬人甘蓝:3048  第23章 令人抓狂的找球手:4497  第24章 圣诞节礼物:3722
          第25章 小艾莎进大宅门:3097  第26章 传说中的魔法石:3275  第27章 战斗！金色飞贼:4618  第28章 魔法世界的龙:2998  第29章 麻烦走了，麻烦来了:4135  第30章 神奇的有求必应屋:3148
          第31章 穿越活板门:3667  第32章 过五关斩六将:3180  第33章 要卷大家一起卷:3193  第34章 暑假来临啦:3362  第35章 世界十大游乐场之一:3274  第36章 小朋友与海盗船:3375
          第37章 落汤鸡与海洋妙妙屋:3181  第38章 差点自由的海洋霸主:3830  第39章 集合！神秘的占卜:3620  第40章 在书店乱作一团:3211  第41章 爱情魔药香水:3114  第42章 再遇著名大骗子:3078
          第43章 康沃尔郡小精灵:3974  第44章 两个人共同的秘密:3390  第45章 难忘的生日:3204  第46章 消失柜与石化症:3163  第47章 一不小心感冒了:3431  第48章 请拒绝流言:3295
          第49章 密室怪物再出击:3364  第50章 决斗俱乐部:3531  第51章 温馨的归途:3015  第52章 看！两个赫敏:2725  第53章 离开英格兰:2897  第54章 雪场风波:3264
          第55章 战火升级:3674  第56章 重返霍格沃茨:4265  第57章 獾狮共舞:4224  第58章 艾莎的生日:4114  第59章 又一个夏天:2700  第60章 来自海峡彼岸:3326
          第61章 对角巷备忘录:3382  第62章 克鲁克山驾到:3195  第63章 完美的囚笼:3235  第64章 辉煌的陷阱:3285  第65章 昂贵的火弩箭:3416  第66章 光怪陆离的世界:3785
          第67章 狼毒药剂再创新:3543  第68章 葡萄酒情人节:3077  第69章 霍格莫德:3634  第70章 多灾的万圣节前夕:3567  第71章 黑魔法防御术课:3029  第72章 魔法不再失联:2711
          第73章 活点地图:3156  第74章 爱琴海来信:3120  第75章 在希腊赶海:2968  第76章 进展加速度:4967  第77章 魔法部再出名:3798  第78章 挪威之行:3900
          第79章 卢平离职:3169  第80章 忙里偷忙:3409  第81章 DA雏形:2765  第82章 天才构想:3174  第83章 这个暑假有点忙:4559  第84章 为了安全:3488
          第85章 世界杯营地:4907  第86章 被抓住了胃:3219  第87章 世界杯之夜:4231  第88章 福吉又又又出名了:4653  第89章 临近开学的日子:3015  第90章 奔赴霍格沃茨:3637
          第91章 三强争霸赛:4287  第92章 新的挑战:3155  第93章 双重惊喜:4013  第94章 不可饶恕咒:3326  第95章 不寻常的15岁:2975  第96章 火焰杯:5789
          第97章 提前备战:4275  第98章 比麦格更严格:3146  第99章 偶尔的清闲:5364  第100章 芙蓉·德拉库尔:3083  第101章 第一个项目:2960  第102章 辣与不辣:3495
          第103章 再遇魂器:3133  第104章 舞会前夕:3712  第105章 圣诞舞会（上）:4091  第106章 圣诞舞会（下）:4282  第107章 唱唱反调:3015  第108章 又生事端:4370
          第109章 捕虫计划:4252  第110章 小克劳奇:3382  第111章 福吉下台:3879  第112章 水下练习:3668  第113章 第二个项目:3488  第114章 公开处刑:5845
          第115章 赫敏式安慰:4011  第116章 关系修复计划:4312  第117章 浪漫约会:3133  第118章 好事成双:2837  第119章 巫师情人节（上）:4111  第120章 巫师情人节（下）:4557
          第121章 努力再努力:3221  第122章 第三个项目:3638  第123章 免费征兵广告:3634  第124章 在列车上:4715  第125章 露西的笔友:3241  第126章 庄园相会:3348
          第127章 天台烧烤:4049  第128章 凤凰社重启:5250  第129章 学会变通:4999  第130章 正式邀请赫敏:3313  第131章 西班牙之旅:4019  第132章 认识老成员:3679
          第133章 与邓布利多:3638  第134章 假期训练:3329  第135章 准备出发:4272  第136章 又在列车上:3681  第137章 分院帽警告:5590  第138章 乌姆里奇:3329
          第139章 深刻的教训:4048  第140章 魔法部来人:3344  第141章 珀西的信:3895  第142章 另类明星:3800  第143章 杀人诛心:3959  第144章 空手套白狼:4357
          第145章 海格的惊喜:3151  第146章 心碎假期前:3018  第147章 快乐的圣诞:3896  第148章 黑暗来袭:3489  第149章 伏地魔遇挫:4067  第150章 麻瓜情人节（上）:3621
          第151章 麻瓜情人节（下）:4920  第152章 复活节野餐:2988  第153章 就业指导:3282  第154章 O.W.Ls考试:3689  第155章 明显的陷阱:4633  第156章 新的告白:3462
          第157章 面红耳赤:3628  第158章 夏日庄园（上）:3093  第159章 夏日庄园（下）:3488  第160章 药水与盾牌:3491  第161章 偶遇马尔福:3862  第162章 魔法把戏坊:3898
          第163章 戏剧性成果:3621  第164章 新任教授:3040  第165章 斯内普的书:3065  第166章 邓布利多的课:3585  第167章 忙碌的准备:2923  第168章 谎言和泪水:3252
          第169章 赫敏的成人礼:2940  第170章 赫敏的情书:3472  第171章 性教育科普:4096  第172章 新的邀约:3613  第173章 风雨欲来:5190  第174章 斯拉格霍恩晚会（上）:2746
          第175章 斯拉格霍恩晚会（下）:3128  第176章 金妮的困境:3424  第177章 承诺兑现:5091  第178章 第二堂课:5502  第179章 安慰剂效应（上）:4272  第180章 安慰剂效应（下）:4302
          第181章 返回庄园:5280  第182章 坚强的家长（上）:3337  第183章 坚强的家长（中）:3357  第184章 坚强的家长（下）:3373  第185章 生育魔咒:3399  第186章 有所突破:4109
          第187章 所谓套路:3136  第188章 核心法则:3366  第189章 关于孩子:3387  第190章 第四指挥部:2758  第191章 假期尾声:2890  第192章 第三堂课（上）:2793
          第193章 第三堂课（下）:2935  第194章 幻影显形:4355  第195章 二月十二:4090  第196章 生理知识:3441  第197章 惊天告白:3912  第198章 莫名中毒:3108
          第199章 胖揍马尔福:4010  第200章 在办公室:3481  第201章 智取霍拉斯:4433  第202章 酒意情浓:4168  第203章 第四堂课:4076  第204章 新的幽灵:3193
          第205章 正式课程:3664  第206章 语惊四座:3205  第207章 迷情危机（上）:3257  第208章 迷情危机（下）:4158  第209章 蜘蛛葬礼（上）:3522  第210章 蜘蛛葬礼（下）:3018
          第211章 规划大师:3807  第212章 当众检讨:4435  第213章 武器测试:3096  第214章 新的约定:4167  第215章 崩溃的麻瓜:4306  第216章 友好访问:4259
          第217章 傀儡哈利:4092  第218章 绝妙陷阱:4375  第219章 主打叛逆:3935  第220章 攻心为上:3726  第221章 大快人心:4220  第222章 气急败坏:4815
          第223章 凤凰社通知（上）:2604  第224章 凤凰社通知（下）:2702  第225章 德思礼离去:3115  第226章 准备离开:3332  第227章 一切就绪:3413  第228章 群哈出击:3377
          第229章 与狼共舞:4318  第230章 完璧归来:2804  第231章 魔王怒火:3123  第232章 天大好事:4613  第233章 哈利成年:4446  第234章 头大如斗:2930
          第235章 近水楼台:2970  第236章 再鸣惊人（上）:3041  第237章 再鸣惊人（下）:3568  第238章 死亡圣器（上）:3097  第239章 死亡圣器（下）:3355  第240章 都是误会:3506
          第241章 生日宣言:3297  第242章 最后的告别:3208  第243章 反抗标签（上）:3079  第244章 反抗标签（下）:2648  第245章 全力备战（上）:3209  第246章 全力备战（下）:3070
          第247章 校级特训:3580  第248章 知识传承:3567  第249章 忙无止境:3318  第250章 一个秘密:4057  第251章 特别的圣诞（上）:3611  第252章 特别的圣诞（下）:3152
          第253章 梅林救命:2798  第254章 关于事后:4731  第255章 请君入瓮（上）:2860  第256章 请君入瓮（下）:2863  第257章 魔王亲临（上）:2715  第258章 魔王亲临（下）:2904
          第259章 主动赴死:3085  第260章 纳威斩蛇:2986  第261章 爱的魔法:3164  第262章 战斗打响:3064  第263章 黑暗终结:3002  第264章 最好的烦恼:3677
          第265章 最后的尾声:2805  第266章 没有艾莎的世界:3889  第267章 开始上班啦:3711  第268章 多了一个人:3289  第269章 不是他的错:4483  第270章 新的纪元:3324
          第271章 关于改革（上）:3028  第272章 关于改革（中）:3205  第273章 关于改革（下）:2958  第274章 城堡焕新:3994  第275章 世纪婚礼（上）:4248  第276章 世纪婚礼（下）:4978
          第277章 结婚热潮:4431  第278章 著书立说:3510  第279章 同心巷观光:3619  第280章 全民皆孕:3525  第281章 新生浪潮:2826  第282章 实在失策:3127
          第283章 二代入学:2915  第284章 最后一课:3237  第285章 新的旅程:2907  第286章 巫师相性问答:3929  第287章 谣言风暴:2819  第288章 巫师大电影:3477
          第289章 友情客串:3186

12:36:22  同桌是我未婚妻 (熵增) [完结]  165p→126章  1456KB  OK
          https://www.52shuku.net/gl/09_b/bkbU8.html
          第1章:3731  第2章:3689  第3章:3820  第4章:3108  第5章:3259  第6章:2609
          第7章:2721  第8章:2584  第9章:2118  第10章:4339  第11章:3353  第12章:3245
          第13章:3522  第14章:2995  第15章:2307  第16章:5031  第17章:3372  第18章:3662
          第19章:3909  第20章:9468  第21章:6294  第22章:7443  第23章:6513  第24章:6362
          第25章:7655  第26章:6458  第27章:6186  第28章:6892  第29章:6624  第30章:6935
          第31章:6405  第32章:6818  第33章:6650  第34章:6207  第35章:6157  第36章:6208
          第37章:6298  第38章:6196  第39章:3036  第40章:6187  第41章:3108  第42章:3327
          第43章:6416  第44章:3073  第45章:4646  第46章:3246  第47章:3602  第48章:3126
          第49章:4736  第50章:3215  第51章:5418  第52章:4217  第53章:4526  第54章:3045
          第55章:3198  第56章:3110  第57章:3441  第58章:3700  第59章:3104  第60章:3028
          第61章:3094  第62章:3396  第63章:3074  第64章:3658  第65章:3157  第66章:3362
          第67章:3237  第68章:3268  第69章:3248  第70章:3167  第71章:3287  第72章:3047
          第73章:3080  第74章:3106  第75章:3169  第76章:3505  第77章:3421  第78章:3349
          第79章:3011  第80章:3698  第81章:4107  第82章:3208  第83章:3248  第84章:1733
          第85章:3038  第86章:3117  第87章:3330  第88章:3344  第89章:3899  第90章:3520
          第91章:3007  第92章:3724  第93章:3531  第94章:3108  第95章:3031  第96章:3041
          第97章:3262  第98章:3002  第99章:3351  第100章:3475  第101章:3009  第102章:4344
          第103章:5561  第104章:3282  第105章:2998  第106章:3236  第107章:3055  第108章:3062
          第109章:3583  第110章:3110  第111章:3723  第112章:3336  第113章:3481  第114章:3090
          第115章:3219  第116章:3788  第117章:3072  第118章:3160  第119章:3000  第120章:3193
          第121章:3162  第122章:3392  第123章:3264  第124章:3039  第125章:4085  第126章:3338

12:38:34  虎虎每天都在勾搭九州白月光 (水一天) [完结+番外]  348p→171章  3104KB  OK
          https://www.52shuku.net/gl/09_b/bkbU6.html
          第1章 初遇:3701  第2章 烤鸟:4920  第3章 钟九璃:4203  第4章 小黑:4539  第5章 蜂蜜:4597  第6章 钟姐姐:4385
          第7章 灵猴:4303  第8章 猴儿酒:3584  第9章 绿芽:3851  第10章 采花贼:3329  第11章 醉酒:3516  第12章 万象阁:2533
          第13章 这剑:4105  第14章 蚂蚱:3345  第15章 礼物:3779  第16章 逃窜:4048  第17章 不是:13059  第18章 收徒:7009
          第19章 看星星:6318  第20章 毛呢？:7419  第21章 捏脸:6977  第22章 打脸:6302  第23章 发带:8376  第24章 老婆:6408
          第25章 夺舍:6689  第26章 包活的:6258  第27章 筑基:6852  第28章 管教:6386  第29章 想亲她:6253  第30章 套娃:6213
          第31章 你猜:6948  第32章 踩奶:6666  第33章 泡澡:6769  第34章 蜕变:7002  第35章 蔫坏:6512  第36章 帮帮忙:6592
          第37章 偷看我:6191  第38章 绝世天才:7186  第39章 一亲芳泽:6583  第40章 我不想:6885  第41章 抓鱼:6564  第42章 风暴岛:6907
          第43章 不许叫:6189  第44章 哄老婆:6267  第45章 弄他们:6524  第46章 雷龙:6850  第47章 八筒:7172  第48章 同床:6247
          第49章 宠物:7373  第50章 赖上人家:6906  第51章 鸭子嘴:6507  第52章 承诺:6618  第53章 好软:6257  第54章 海底:5179
          第55章 啵唧:6548  第56章 蜥蜴眷侣:6569  第57章 主角卒:6254  第58章 黑泱:6900  第59章 朱雀:6304  第60章 冲锋:6227
          第61章 哦吼:8075  第62章 飙床:7178  第63章 看过:6278  第64章 是老婆:6906  第65章 孵蛋:6596  第66章 聚众:7060
          第67章 中毒:6634  第68章 快看:6212  第69章 迷路:6289  第70章 再见:6956  第71章 信件:6293  第72章 西州:6945
          第73章 四元婴:7743  第74章 调戏:6915  第75章 吻:6577  第76章 准仙帝:6680  第77章 你打我:6249  第78章 渣女:6176
          第79章 烤红薯:6253  第80章 神交:6910  第81章 偷人:6252  第82章 一起睡:6593  第83章 破绽:6207  第84章 璀璨:6261
          第85章 好演员:6184  第86章 逗我:6255  第87章 打鸟:6188  第88章 回城:6355  第89章 王八汤:6587  第90章 算账:6193
          第91章 三日:7025  第92章 吃饭:6536  第93章 偷聘礼:6275  第94章 我叫白也:6908  第95章 老六:6286  第96章 你会输:6317
          第97章 底牌:6184  第98章 咬人:6960  第99章 霸道宗主:6208  第100章 折腾:6599  第101章 我要弄她:6561  第102章 缺德:6921
          第103章 故友:6249  第104章 三清城:6864  第105章 宣战:6869  第106章 臭鱼烂虾:7639  第107章 跪地:6634  第108章 偷吃:7020
          第109章 这叫调情:6259  第110章 道具赛:6194  第111章 组队:6175  第112章 夺旗:6311  第113章 黑马:6278  第114章 求婚:6608
          第115章 小浪漫:6299  第116章 上报:6571  第117章 别折腾:6293  第118章 信任:6543  第119章 尬舞:6388  第120章 装酷:5686
          第121章 再胜:3593  第122章 告状:5000  第123章 仙灵法相:4595  第124章 巅峰对决:4325  第125章 昭告天地:3911  第126章 不喜吗:3254
          第127章 正经老虎:6301  第128章 剑冢:6709  第129章 真仙:6302  第130章 开炮:6265  第131章 交代:6923  第132章 狼人杀:6856
          第133章 生灵涂炭:7193  第134章 渡劫:6529  第135章 残骸:6589  第136章 鸟人:6294  第137章 世界果:6710  第138章 仙王:6581
          第139章 在家吗:6231  第140章 炒豆子:6236  第141章 四个妈:6938  第142章 宏愿:6596  第143章 机缘:6707  第144章 你喜欢什么:6524
          第145章 是她:6286  第146章 青玉小瓶:6897  第147章 她是旗帜:6194  第148章 摸一下:6513  第149章 大战开启:6898  第150章 大战二:6503
          第151章 大战三:6222  第152章 大战四:7139  第153章 大战五:6581  第154章 大战完:12658  第155章 吃药:6649  第156章 正文完:7624
          第157章 大婚:3208  第158章 大婚2:3257  第159章 洞房:3102  第160章 度蜜月:3161  第161章 现代篇:3263  第162章 现代篇2:3246
          第163章 现代篇3:3176  第164章 现代篇4:3511  第165章 现代篇5:3572  第166章 现代篇5:4008  第167章 现代篇7:4296  第168章 现代篇8:3825
          第169章 现代篇9:3144  第170章 现代篇10:3237  第171章 现代篇完:5014

12:39:58  渣A穿进虐文爆红啦 (Lewin) [完结]  222p→202章  2079KB  OK
          https://www.52shuku.net/gl/09_b/bkbU4.html
          第1章 春宵一刻:3556  第2章 合作:3841  第3章 官宣:3614  第4章 反击:4101  第5章 约会:3664  第6章 真相:3471
          第7章 标记:3591  第8章 监控:3899  第9章 一起过夜:3258  第10章 真相大白:3134  第11章 晚宴:3236  第12章 吻:3848
          第13章 恋综:3920  第14章 挡酒:4099  第15章 同床:3167  第16章 找房子:3146  第17章 隐痛:3426  第18章 礼物:4469
          第19章 居家好A:3139  第20章 烟花:3811  第21章 回家:3277  第22章 怀抱:3091  第23章 易感期:4079  第24章 遇险:3106
          第25章 酸意:3623  第26章 回家:3297  第27章 匹配度:3520  第28章 阴谋:3260  第29章 献身:3796  第30章 新旅途:3313
          第31章 吃肉:3146  第32章 齐心协力:3080  第33章 狼来了:3086  第34章 危机感:4282  第35章 纠缠:3412  第36章 哄:3489
          第37章 乌龙:3728  第38章 她的猫:3532  第39章 吵架:3536  第40章 老婆本:4516  第41章 笨蛋:3367  第42章 带货达人:3184
          第43章 妻妻同心:2660  第44章 浪漫的夜晚:3149  第45章 冰山大魔王:2738  第46章 护短:2525  第47章 绣球招亲:2653  第48章 宣传片:3764
          第49章 熬夜赶工:3433  第50章 放映会:2565  第51章 奶油:3701  第52章 药:3202  第53章 八卦:3241  第54章 家事:3346
          第55章 脱胎:2200  第56章 偶遇:3714  第57章 变形记:3472  第58章 借饭大作战:3935  第59章 情侣闲话:2604  第60章 爆发:3732
          第61章 留下:2090  第62章 护妻:2946  第63章 触动:4260  第64章 交心:2258  第65章 误会:3103  第66章 大色批:3476
          第67章 烧烤派对:3769  第68章 老婆的建议:3269  第69章 嘴硬:2666  第70章 各自为战:3176  第71章 搞事业:2195  第72章 日常:3319
          第73章 全员恶人:3885  第74章 初吻:4431  第75章 告白:3402  第76章 交往:3590  第77章 甜蜜:2816  第78章 回暖:2137
          第79章 儿媳妇:3591  第80章 初恋那些事儿:4603  第81章 风波:2857  第82章 吻:3220  第83章 剧本:2139  第84章 投简历:2909
          第85章 性张力:2931  第86章 熊孩子:2718  第87章 广告:2778  第88章 胸太小:3951  第89章 月下吻:2048  第90章 完美表现:3172
          第91章 同居日常:3153  第92章 蛰伏:3328  第93章 中秋家宴:3462  第94章 催婚:2657  第95章 傻白甜:3411  第96章 关系户:2362
          第97章 夜话:2406  第98章 报恩:2199  第99章 出轨风波:5240  第100章 爱:3125  第101章 幸福感:3404  第102章 聚餐:3643
          第103章 吻技:3338  第104章 吃瓜:2699  第105章 一线吃瓜:3118  第106章 美人出浴:3332  第107章 纯情小奶A:3073  第108章 《恋恋不忘》2:3506
          第109章 共同奋斗:3681  第110章 新人:3111  第111章 交锋:3251  第112章 结婚吧:3595  第113章 烛光晚餐:3161  第114章 今夜:3401
          第115章 实力:2088  第116章 事后交流:2296  第117章 藕断丝连:3247  第118章 首映礼:2808  第119章 哄老婆:3109  第120章 奖励:3284
          第121章 “雨露均沾”:3235  第122章 损友:2769  第123章 过往:3340  第124章 和好:3141  第125章 情怀:2345  第126章 爆点:2124
          第127章 真心话:2389  第128章 撒狗粮:2256  第129章 大女主:3391  第130章 见公婆:3588  第131章 一家团圆:2308  第132章 新年礼物:3072
          第133章 回家:2381  第134章 理解:2810  第135章 旅游:3327  第136章 贪念:3562  第137章 元宵:3348  第138章 日常:3303
          第139章 蝴蝶结:4400  第140章 《星源》:4004  第141章 冰山化为春水:3406  第142章 “拆礼物”:3021  第143章 翻车:4237  第144章 斩断:3260
          第145章 吻技:3067  第146章 情敌:3453  第147章 冷淡:3463  第148章 结婚:3503  第149章 声东击西:3171  第150章 求婚:3536
          第151章 婚前协议:3166  第152章 订婚:3194  第153章 婚礼:3402  第154章 送命题:3277  第155章 明暗:3350  第156章 血脉相连:3204
          第157章 过往:3526  第158章 试探:3364  第159章 合作:3735  第160章 信任:4086  第161章 命运:3354  第162章 风暴:3076
          第163章 过招:3869  第164章 面对:4029  第165章 直播:3284  第166章 风暴:3055  第167章 随机应变:3610  第168章 底牌:3466
          第169章 疑点:3291  第170章 诱饵:3360  第171章 上钩:4077  第172章 疯狂:4809  第173章 反将一军:3831  第174章 过往:4242
          第175章 礼物:4434  第176章 终结:4408  第177章 胜利:3750  第178章 怨侣:3499  第179章 因果:4391  第180章 了结:3945
          第181章 故人:3592  第182章 白月光:3234  第183章 坦白局:4304  第184章 多余的人:4345  第185章 孤独:4269  第186章 貌合神离:4507
          第187章 撞破:4584  第188章 爱人:4305  第189章 吵架:5055  第190章 协议书:4101  第191章 攻守:4230  第192章 悲伤:4012
          第193章 陪伴:4049  第194章 肥羊:3243  第195章 出丑:5832  第196章 拥抱:4666  第197章 归宿:5279  第198章 以身饲“狼”:5702
          第199章 家宴:6087  第200章 任务完成:4035  第201章 回归:4130  第202章 结局:3792

12:40:30  少卿的神偷搭档 (椰萝) [完结]  75p→105章  692KB  OK
          https://www.52shuku.net/gl/09_b/bkbU3.html
          第1章 受审:2757  第2章 获释1:2631  第3章 获释2:2353  第4章 获释3:2058  第5章 查案1:2046  第6章 查案2:2031
          第7章 查案3:2028  第8章 查案4:2101  第9章 查案5:2234  第10章 查案6:2100  第11章 查案7:2156  第12章 突破1:2198
          第13章 突破2:2328  第14章 突破3:2206  第15章 突破4:2055  第16章 突破5:2393  第17章 突破6:2037  第18章 破案1:2163
          第19章 破案2:2395  第20章 约法1:2109  第21章 约法2:2017  第22章 买命:2032  第23章 白骨1:2089  第24章 白骨2:2057
          第25章 白骨3:2109  第26章 白骨4:2067  第27章 白骨5:2036  第28章 特使1:2064  第29章 特使2:2140  第30章 特使3:2401
          第31章 特使4:2003  第32章 特使5:2006  第33章 特使6:2077  第34章 特使7:2207  第35章 特使8:2063  第36章 尸穴1:2059
          第37章 尸穴2:2083  第38章 尸穴3:2104  第39章 尸穴4:2211  第40章 封赏1:2085  第41章 封赏2:2079  第42章 封赏3:2037
          第43章 封赏4:2008  第44章 交心1:2025  第45章 交心2:2302  第46章 青梅落1:2350  第47章 青梅落2:2241  第48章 青梅落3:2285
          第49章 寒天1:2068  第50章 寒天2:2020  第51章 寒天3:2093  第52章 寒天4:2124  第53章 寒天5:2116  第54章 寒天6:2295
          第55章 寒天7:2155  第56章 晶矿1:2354  第57章 晶矿2:2018  第58章 晶矿3:2474  第59章 晶矿4:2126  第60章 晶矿5:2098
          第61章 晶矿6:2070  第62章 晶矿7:2193  第63章 失算:2009  第64章 火弩1:2060  第65章 火弩2:2125  第66章 火弩3:2342
          第67章 火弩4:2101  第68章 火弩5:2212  第69章 火弩6:2174  第70章 火弩7:2032  第71章 揭密1:2017  第72章 揭密2:2019
          第73章 揭密3:2014  第74章 揭密4:2236  第75章 揭密5:2092  第76章 内奸1:2062  第77章 内奸2:3052  第78章 内奸3:2018
          第79章 陈情:2140  第80章 贡金1:2259  第81章 贡金2:2055  第82章 贡金3:2577  第83章 贡金4:2099  第84章 贡金5:2013
          第85章 神仙居1:2031  第86章 神仙居2:2249  第87章 神仙居3:2043  第88章 神仙居4:2223  第89章 贡金续1:2273  第90章 贡金续2:2157
          第91章 贡金续3:2249  第92章 毒雾1:2374  第93章 毒雾2:2139  第94章 真相1:2084  第95章 真相2:2136  第96章 真相3:2257
          第97章 使团1:2023  第98章 使团2:2018  第99章 使团3:2152  第100章 使团4:2016  第101章 劫狱:2139  第102章 绝路1:2295
          第103章 绝路2:2958  第104章 终局1:2632  第105章 终局2:1781

12:41:58  农女与刽子手[重生] (大猫追月) [完结+番外]  221p→169章  1955KB  OK
          https://www.52shuku.net/gl/08_b/bkbUg.html
          第1章 重生夜雨:2732  第2章 江贵女儿:4099  第3章 秦家退婚:3125  第4章 我买下她:3695  第5章 到了江家:3487  第6章 第一顿饭:3023
          第7章 穿你衣服:2945  第8章 发现山药:2948  第9章 阴差阳错:2875  第10章 她不会走:2813  第11章 山药蒸蛋:2603  第12章 又见山药:2899
          第13章 到达刑场:2720  第14章 午时三刻:2350  第15章 领取赏银:3206  第16章 采买食物:3625  第17章 大骨头汤:2897  第18章 家有一老:2755
          第19章 采挖防风:2256  第20章 酸菜包子:2060  第21章 还钱村正:2995  第22章 一场小病:2757  第23章 煎饼酸菜:8429  第24章 进城复查:6070
          第25章 子姜兔肉:5700  第26章 好好筹谋:6316  第27章 怀贞心软:3315  第28章 进城卖饼:4928  第29章 依旧火爆:5066  第30章 病情好转:4025
          第31章 体验火炕:4161  第32章 做给你吃:3096  第33章 官道首日:4465  第34章 遇秦家人:4375  第35章 我一直在:3764  第36章 舅甥吃饼:3270
          第37章 数小钱钱:3807  第38章 不吃兔子:4619  第39章 羊肉汤面:4226  第40章 老太下厨:3317  第41章 购买年货:4528  第42章 学做酱饼:3586
          第43章 半扇猪肉:3972  第44章 吃年夜饭:4630  第45章 吃汤圆咯:3984  第46章 桂英来了:5757  第47章 温柔姐姐:3829  第48章 萍儿吃饼:4236
          第49章 变更合作:3872  第50章 被子湿了:4263  第51章 芙蓉糕点:4155  第52章 最好的答案:4722  第53章 一颗卤蛋:3950  第54章 两只小猪:3360
          第55章 找人做工:4425  第56章 前期筹备:3256  第57章 大卖大卖:3934  第58章 数大钱钱:3097  第59章 回白水村:4646  第60章 单独一屋:4350
          第61章 抢收稻谷:3874  第62章 下大雨了:3194  第63章 发大洪水:3999  第64章 千钧一发:2505  第65章 她累坏了:4397  第66章 捅破窗户:2808
          第67章 别别扭扭:3121  第68章 混混沌沌:3258  第69章 真没出息:3289  第70章 去找她:3234  第71章 再去医馆:3095  第72章 只有你:3368
          第73章 假期快乐呀:2706  第74章 糖醋排骨:4872  第75章 挑粮喂猪:3739  第76章 人靠衣装:3623  第77章 大家都一样:5861  第78章 腊猪蹄子:3922
          第79章 吃碗汤面:5718  第80章 开垦荒地:3407  第81章 新宅子:3238  第82章 置办家具:2860  第83章 入住新居:4121  第84章 吃黄鳝粥:4208
          第85章 溪边洗衣:3931  第86章 吃笋虫咯:4051  第87章 趁机敛财:3062  第88章 风尘仆仆:2461  第89章 阿鸾晕血:3575  第90章 手臂发酸:4251
          第91章 移植药材:3515  第92章 孙康来家:4408  第93章 一出闹剧:4215  第94章 不翼而飞:3357  第95章 捉拿归案:5063  第96章 流放千里:3525
          第97章 没端盆子:3584  第98章 药材生意:3096  第99章 吃寒瓜咯:3285  第100章 搭建药棚:3353  第101章 阿鸾长玉1:3330  第102章 去喝酒席:3207
          第103章 江边野鸭:3198  第104章 发现牛黄:3110  第105章 来得及时:4600  第106章 交给我做:4517  第107章 含副CP:3911  第108章 小笨狗:3002
          第109章 蜂蜜鸡翅:3611  第110章 达成合作:4639  第111章 见招拆招:3112  第112章 真正意图:3625  第113章 半夜腿疼:3338  第114章 与你坦白:3275
          第115章 柜门打开:3170  第116章 葱爆羊肉:3356  第117章 房子建成:3868  第118章 阿鸾长玉3:3156  第119章 杀年猪喽:4260  第120章 谁伺候谁:4170
          第121章 培育灵芝:3076  第122章 老太生气:3950  第123章 公事公办:3699  第124章 王五死了:3531  第125章 弃子潘闵:2627  第126章 深闺贵女:4931
          第127章 半夜鸡叫:3371  第128章 不知疲倦:3581  第129章 想她想她:4072  第130章 她回来了:3122  第131章 去隔壁吧:3893  第132章 送饼子酱:3206
          第133章 曾是妹妹:5517  第134章 制作青团:3360  第135章 谢家破事:3611  第136章 共撑一伞（鸾玉）:3431  第137章 哪个谢家:3696  第138章 逛街偶遇:3702
          第139章 撕心裂肺:4250  第140章 我没事了:3318  第141章 桂英仗义:3079  第142章 铲除谢家:3389  第143章 请客吃饭:6105  第144章 半夜点心:4263
          第145章 眉眼柔和:6423  第146章 买青豆角:5553  第147章 做了个梦:5009  第148章 撞到鼻子:3137  第149章 老牛吃嫩草:3680  第150章 鱼死网破:5638
          第151章 同榻而眠（鸾玉）:3407  第152章 回家团聚:3108  第153章 打糍粑咯:6618  第154章 处决秦冲:5234  第155章 在哭什么（鸾玉）:5116  第156章 能亲这吗（鸾玉）:3299
          第157章 甜美的吻（鸾玉）:1109  第158章 前世的苦:3289  第159章 接到药奴:3177  第160章 大年初一:4376  第161章 萍儿转变:1857  第162章 再宿药堂（鸾玉）:4439
          第163章 朋友相聚（正文完结）:3662  第164章 番外1江怀贞自述:722  第165章 番外2依依不舍（鸾玉）:4101  第166章 番外3炸河虾:4503  第167章 番外4见家长（鸾玉）:6479  第168章 番外5一直爱（鸾玉）:4952
          第169章 终章:6420

12:42:18  [影视同人] 我们的秘密 (空巷的鱼) [完结]  53p→69章  466KB  OK
          https://www.52shuku.net/gl/08_b/bkbUd.html
          第1章:2750  第2章:2629  第3章:2529  第4章:2556  第5章:2459  第6章:2744
          第7章:2155  第8章:2602  第9章:2274  第10章:3055  第11章:2137  第12章:3031
          第13章:2202  第14章:2237  第15章:2559  第16章:2727  第17章:2132  第18章:2451
          第19章:2669  第20章:2622  第21章:2888  第22章:2514  第23章:2382  第24章:2382
          第25章:2598  第26章:3019  第27章:2285  第28章:2473  第29章:2341  第30章:2133
          第31章:3531  第32章:2962  第33章:3312  第34章:2357  第35章:2458  第36章:3006
          第37章:2085  第38章:2021  第39章:2094  第40章:2047  第41章:2115  第42章:2016
          第43章:2368  第44章:2447  第45章:2246  第46章:2278  第47章:2255  第48章:2431
          第49章:2347  第50章:3245  第51章:2153  第52章:2064  第53章:2347  第54章:3000
          第55章:2050  第56章:2454  第57章:2505  第58章:2341  第59章:2107  第60章:2064
          第61章:2017  第62章:2416  第63章:2297  第64章:2031  第65章:2674  第66章:3038
          第67章:2342  第68章:2033  第69章:1603

12:42:47  重生之我们不做朋友啦 (清川澹如此) [完结+番外]  70p→54章  624KB  OK
          https://www.52shuku.net/gl/08_b/bkbUc.html
          第1章 第1章:2540  第2章 第2章:1487  第3章 第3章:1828  第4章 第4章:2148  第5章 第5章:2096  第6章 第6章:1249
          第7章 第7章:1343  第8章 第8章:1970  第9章 第9章:1740  第10章 第10章:3031  第11章 第11章:3033  第12章 第12章:3568
          第13章 第13章:3907  第14章 第14章:3976  第15章 第15章:4403  第16章 第16章:4606  第17章 第17章:2415  第18章 第18章:3366
          第19章 第19章:3139  第20章 第20章:3333  第21章 第21章:2274  第22章 第22章:4553  第23章 第23章:3236  第24章 第24章:3022
          第25章 第25章:3161  第26章 第26章:3074  第27章 第27章:3062  第28章 第28章:3681  第29章 第29章:3292  第30章 第30章:3013
          第31章 第31章:2046  第32章 第32章:3015  第33章 第33章:2399  第34章 第34章:4046  第35章 第35章:4081  第36章 第36章:3463
          第37章 第37章:3897  第38章 第38章:7265  第39章 第39章:7349  第40章 第40章:3146  第41章 第41章:4969  第42章 第42章:3282
          第43章 第43章:18621  第44章 第44章:3296  第45章 第45章:6819  第46章 第46章:5195  第47章 第47章:5214  第48章 第48章:5231
          第49章 第49章:3680  第50章 第50章:4319  第51章 第51章:7227  第52章 第52章:3357  第53章 第53章:4524  第54章 第54章:4965

12:43:17  起开，她是本宫的 (噫嘻喵) [完结]  72p→106章  660KB  OK
          https://www.52shuku.net/gl/08_b/bkbTY.html
          第1章:2293  第2章:2096  第3章:1847  第4章:2179  第5章:1946  第6章:2041
          第7章:2095  第8章:2112  第9章:2153  第10章:2080  第11章:2131  第12章:2132
          第13章:2048  第14章:2124  第15章:2175  第16章:0  第17章:2101  第18章:2085
          第19章:2174  第20章:2034  第21章:2134  第22章:2055  第23章:2110  第24章:2210
          第25章:2106  第26章:1980  第27章:2015  第28章:2104  第29章:2103  第30章:2182
          第31章:2133  第32章:2123  第33章:2007  第34章:2058  第35章:2101  第36章:2031
          第37章:2064  第38章:2085  第39章:2040  第40章:2095  第41章:2045  第42章:2199
          第43章:2065  第44章:2024  第45章:2188  第46章:2066  第47章:2097  第48章:2094
          第49章:1841  第50章:2038  第51章:2128  第52章:2204  第53章:2051  第54章:2085
          第55章:2137  第56章:2018  第57章:2093  第58章:2136  第59章:2058  第60章:2097
          第61章:2129  第62章:2079  第63章:2104  第64章:2087  第65章:2064  第66章:2091
          第67章:2153  第68章:0  第69章:2929  第70章:2002  第71章:2043  第72章:2004
          第73章:2173  第74章:2092  第75章:2118  第76章:2078  第77章:2078  第78章:2050
          第79章:2100  第80章:2085  第81章:2026  第82章:2114  第83章:2027  第84章:2026
          第85章:2168  第86章:2054  第87章:2050  第88章:2040  第89章:2022  第90章:2007
          第91章:2055  第92章:2050  第93章:2046  第94章:2142  第95章:2089  第96章:2146
          第97章:2061  第98章:2110  第99章:2075  第100章:2070  第101章:2069  第102章:2053
          第103章:2076  第104章:2122  第105章:2043  第106章:2036

12:44:06  姐姐，再爱我一次3 (斑马还没有睡呢) [完结]  131p→102章  1172KB  OK
          https://www.52shuku.net/gl/02_b/bkbQc.html
          第1章 性冷淡:4370  第2章 量子纠缠:3418  第3章 再见故人:3620  第4章 你是被她标记了吗？:3532  第5章 找到监控:4698  第6章 古丽的招待厅:3560
          第7章 回忆:3324  第8章 找到微博:4228  第9章 “好巧”:4479  第10章 线索:3846  第11章 山楂树小区:4284  第12章 找到小区了:3341
          第13章 去敲门:3888  第14章 搬走了:3691  第15章 卖冰糖葫芦的小熊:3964  第16章 城管来了:3692  第17章 车祸:3687  第18章 小熊就是游嘉树:3824
          第19章 见到游嘉树:3679  第20章 金子:3389  第21章 三角恋:4668  第22章 双胞胎？:3563  第23章 游嘉树:4291  第24章 真相大白:3784
          第25章 见面:3981  第26章 再送小熊:4415  第27章 床上治呀！:3579  第28章 约吃饭:4256  第29章 很想那个人:3448  第30章 聚会:3668
          第31章 业务合作:4377  第32章 看肉:3410  第33章 她一点都不想么？:4035  第34章 流口水了:3669  第35章 你一直一个人么？:3242  第36章 直播带货:3559
          第37章 陪着加班:3427  第38章 感谢宴:3951  第39章 喝醉:3941  第40章 一起睡了:3687  第41章 想一直陪着:3428  第42章 恋爱脑了:4073
          第43章 视频:3210  第44章 老家见面:3380  第45章 逛夜市:3736  第46章 家长逮到:3226  第47章 情人节:3928  第48章 妈妈的支持:3373
          第49章 接站:3765  第50章 喝醉了:3427  第51章 爬山:3561  第52章 想一起睡:3731  第53章 恋爱&睡了:4033  第54章 坐她腿上:3600
          第55章 花城有约:3211  第56章 互喂糖水:3432  第57章 把手拔出来:3470  第58章 露肉:3450  第59章 十指相扣:4093  第60章 亲吻:3748
          第61章 坦白:3513  第62章 今晚留下:3974  第63章 潜光是谁？:3812  第64章 金潜光:3850  第65章 青萍记事:4148  第66章 小树林:3657
          第67章 看肉肉:3507  第68章 上楼:3553  第69章 逛花园:3473  第70章 租场地:4386  第71章 再亲亲:3592  第72章 向妈妈出柜:3529
          第73章 出差什么时候回来？:3945  第74章 出差回来了:3398  第75章 要上门了:3486  第76章 见顾阿姨:3784  第77章 撞破好事:3597  第78章 故人之女:3630
          第79章 草莓兔兔见家长:3551  第80章 上门:4216  第81章 你知道:3797  第82章 撞车了:3692  第83章 重逢:3595  第84章 叙旧:3712
          第85章 还作不作数？:4550  第86章 百亿小姨的醋:4260  第87章 过往:3913  第88章 玉屏小姨的计:4144  第89章 美人计:4320  第90章 不要打扰我:4005
          第91章 生气了:3768  第92章 谈及往日:4320  第93章 被撞破:3864  第94章 妈妈们有安排:3714  第95章 重游故地:3521  第96章 欢喜冤家:4150
          第97章 操心:4298  第98章 我妈喜欢女人:3746  第99章 是你妈呀！:3829  第100章 青萍见:4077  第101章 又一个秘密:4076  第102章 再爱一次:5627

12:44:39  自我感觉 (逢雪煮茶) [完结]  78p→70章  677KB  OK
          https://www.52shuku.net/gl/02_b/bkbQb.html
          第1章 结婚:4283  第2章 考虑:4077  第3章 不合适:4057  第4章 等我:4235  第5章 开心吗？:3347  第6章 选择:3082
          第7章 在家等你:3173  第8章 选择:3742  第9章 混血:3043  第10章 笑意:3007  第11章 老婆:3033  第12章 深度交流:3043
          第13章 写小说随时都可以写:3150  第14章 拥抱:3056  第15章 腰疼:3035  第16章 对峙:3185  第17章:3294  第18章 你是仿生机器人吗？:3084
          第19章 熄灯:3193  第20章 青提:3159  第21章 吃醋:3237  第22章:3065  第23章:3208  第24章 再次拉近距离:3152
          第25章:5439  第26章 一人垂眸，一人抬首:3027  第27章 发烧:3127  第28章 点滴:3105  第29章 可能:3080  第30章 三分钟:3022
          第31章:3134  第32章:3139  第33章:3041  第34章:3036  第35章:3087  第36章 心意:3040
          第37章 言言:3037  第38章 有地方疼吗？:3160  第39章:3097  第40章 乖还是不乖:3097  第41章 戒指:3081  第42章 她是我的妻子:3316
          第43章 不是木头的木:3164  第44章 玩的什么:3118  第45章 回忆:3040  第46章 小名:3006  第47章 她刚才是想摸我？:3020  第48章:3059
          第49章 雪人:3012  第50章 冬至:3001  第51章 洗澡:3077  第52章 新年:3042  第53章 开播:3027  第54章:3028
          第55章 回乡:3051  第56章:3042  第57章 习惯:3098  第58章 赢了算我老婆的:3085  第59章 听见水声了吗？:3043  第60章:3095
          第61章:3012  第62章 雀跃:3081  第63章:3037  第64章:3075  第65章 礼物:3072  第66章:3029
          第67章:3002  第68章:3153  第69章 解气:3000  第70章 完结:2420

12:45:11  盐雪辞 (柒壹陆) [完结+番外]  78p→46章  718KB  OK
          https://www.52shuku.net/gl/02_b/bkbQa.html
          第1章 扬州烟雨:10347  第2章 暗流涌动:9414  第3章 各方谋算:8445  第4章 宴无好宴:6756  第5章 风起青萍:8809  第6章 余波暗涌:7481
          第7章 新患旧忧:8057  第8章 盐引风云:7646  第9章 暗箭难防:5504  第10章 病染沉疴:5425  第11章 疑云重重:5161  第12章 蛛丝马迹:5054
          第13章 将计就计:7432  第14章 迅速反击:5099  第15章 重掌航舵:5461  第16章 雷霆手段:4889  第17章 裂痕微光:4657  第18章 宫闱惊变:4589
          第19章 千里援手:4029  第20章 桂月归舟:9978  第21章 坦言真相:5443  第22章 兰心渐许:3899  第23章 菊畔倾心:4303  第24章 又现暗流:4008
          第25章 求助援手:3630  第26章 一波未平:3201  第27章 曹安作祟:3787  第28章 黑风岭剿匪:3258  第29章 京中来客:3661  第30章 暗寻对策:3994
          第31章 墨痕如血:5615  第32章 点睛之笔:4080  第33章 凤鸣惊阙:4911  第34章 金殿对峙:4672  第35章 贵妇的棋局:4148  第36章 京华烟云:5835
          第37章 宫墙内外:3303  第38章 雪夜重逢:4001  第39章 印痕:3358  第40章 暗香:3685  第41章 梅讯:3843  第42章 盘旋:3905
          第43章 雨夜杀机:4016  第44章 月明归途:3252  第45章 番外一 春深缔盟:5058  第46章 番外二 岁岁无忧:2484

12:46:21  重生成炉鼎但我是1 (水月清风) [完结]  184p→105章  1578KB  OK
          https://www.52shuku.net/gl/30_b/bkbPg.html
          第1章 死亡:3059  第2章 炉鼎:3124  第3章 选妃:3477  第4章 梅开二度:3010  第5章 好凶:3006  第6章 玩这么刺激？:3269
          第7章 还能更刺激？:2707  第8章 又来？:3058  第9章 爆炸:3067  第10章 是她吗？:2853  第11章 不要摸我:3613  第12章 你别过来:3008
          第13章 过往复现:3016  第14章 一见钟情:3116  第15章 恨我吧:2370  第16章 不准:3107  第17章 破开鼎印:3067  第18章 又是这样:2380
          第19章 松嘴:3277  第20章 不黑:3051  第21章 你要吃我？:2427  第22章 暴露:2327  第23章:3054  第24章:2783
          第25章:3094  第26章:6057  第27章:6091  第28章:6218  第29章:6257  第30章:6214
          第31章:6282  第32章:6278  第33章:6270  第34章:6368  第35章:6235  第36章:6207
          第37章:5171  第38章:6221  第39章:3226  第40章:6232  第41章:6427  第42章:6226
          第43章:6329  第44章:3465  第45章:6214  第46章:6218  第47章:6262  第48章:6334
          第49章:6266  第50章:6211  第51章:6299  第52章:6260  第53章:6182  第54章:6275
          第55章:6292  第56章:6667  第57章:6248  第58章:6685  第59章:6631  第60章:3221
          第61章:6551  第62章:6223  第63章:6646  第64章:3271  第65章:6185  第66章:3224
          第67章:5595  第68章:5738  第69章:3747  第70章:4617  第71章:3308  第72章:3649
          第73章:3339  第74章:6706  第75章:3278  第76章:3597  第77章:6283  第78章:6225
          第79章:6448  第80章:6560  第81章:6672  第82章:6239  第83章:6326  第84章:3301
          第85章:3446  第86章:6326  第87章:6225  第88章:6626  第89章:6314  第90章:6419
          第91章:6190  第92章:6270  第93章:6253  第94章:6263  第95章:3210  第96章:6223
          第97章:3237  第98章:3217  第99章:3758  第100章:3221  第101章:4197  第102章:3272
          第103章:4712  第104章:3530  第105章:15269

12:47:39  病弱剑尊总想吃掉我 (城烟) [完结]  193p→175章  1724KB  OK
          https://www.52shuku.net/gl/29_b/bkbOn.html
          第1章 投胎为蛇:3450  第2章 破茧化形:3204  第3章 吃吃吃:3069  第4章 渡劫修龙目:2952  第5章 短命的她:3004  第6章 奇怪的关心:3086
          第7章 快长肉:3103  第8章 中毒:3043  第9章 她要的鳞片:3003  第10章 鸾鸟:3113  第11章 下定决心:3016  第12章 为她疗伤:3080
          第13章 她的病根:3061  第14章 美人醉:3092  第15章 入城:3146  第16章 伏衫辛秘:3209  第17章 发财:3413  第18章 寻宝剑:3044
          第19章 拍卖灵剑:3491  第20章 以卵击石:3458  第21章 灌醉她:3161  第22章 为她取链:3395  第23章 挡血雷:3159  第24章 金鳞:3185
          第25章 回归:3249  第26章 给你疗伤的人是谁:3158  第27章 涂药:3225  第28章 囚链:3273  第29章 再取鳞:3269  第30章 初尝话本:3266
          第31章 寒灵被绑:3209  第32章 解救:3272  第33章 长歌剑灵:3228  第34章 她的索取:3134  第35章 赚钱:3137  第36章 麻烦:3198
          第37章 来袭:3364  第38章 龙虎相争:3410  第39章 千劫山的落幕:3207  第40章 吞噬龙珠:3111  第41章 金美人的许愿券:3239  第42章 碧落川:3069
          第43章 苍华门旧址:3341  第44章 故人重逢:3187  第45章 你逃不掉的:3374  第46章 刁难:3219  第47章 幕后靠山:3294  第48章 要叫主人:3267
          第49章 桃林遇险:3343  第50章 秘密经阁:3305  第51章 真正的传承:3166  第52章 成仙秘诀:3351  第53章 噬魂蛊:3660  第54章 你比仙骨重要:3281
          第55章 铸仙骨:3200  第56章 取血炼丹:3146  第57章 洗髓丹:3259  第58章 紧急闭关:3180  第59章 她的异样:3218  第60章 破碎的心:3290
          第61章 放糖的百合露:3282  第62章 麻烦伊始:3210  第63章 青云之乱:3310  第64章 姐姐救我:3226  第65章 骨尊者:3178  第66章 苦涩:3272
          第67章 醉酒被咬:3398  第68章 她的喜欢:3229  第69章 唯一的姐姐:3125  第70章 绘丹纹:3308  第71章 扶桑宫:3336  第72章 放花灯:3198
          第73章 身份互换:3161  第74章 为什么亲我:3243  第75章 金美人的礼物:3195  第76章 前去的代价:3143  第77章 初尝（一）:3073  第78章 初尝（二）:3078
          第79章 饯别:3161  第80章 难安:3172  第81章 食髓知味:3198  第82章 偶遇魔族:3337  第83章 堕龙谷:3190  第84章 葬魂山的阵法:3239
          第85章 弃魔从道:3106  第86章 赌约现端倪:3262  第87章 追击:3292  第88章 死战:3430  第89章 伏衫的异样:3295  第90章 温柔利刃:3161
          第91章 落败:3159  第92章 召唤金鳞:3329  第93章 疗伤:3238  第94章 养病:3194  第95章 塑龙魂:3287  第96章 你还小:3220
          第97章 巧夺血种（一）:3132  第98章 巧夺血种（二）:3185  第99章 复仇:3232  第100章 故人来访:3386  第101章 长大的愿望:3114  第102章 灵剑宗:3220
          第103章 骨剑:3156  第104章 不敌:3165  第105章 龙将:3229  第106章 折断的角:3177  第107章 道碑留爱:3248  第108章 她们的新家:3200
          第109章 药园:3256  第110章 不速之客:3154  第111章 炼药愈伤:3095  第112章 祸根:3262  第113章 饲血:3129  第114章 寻传承:3137
          第115章 真正的传承:3442  第116章 晋级塑仙骨:3387  第117章 渴望:3132  第118章 流言:3184  第119章 补角之法:3262  第120章 炼制仿品:3096
          第121章 心结:3250  第122章 约定:3622  第123章 阳谋:3180  第124章 请君入瓮:3145  第125章 求救:3141  第126章 狐族领地:3505
          第127章 再遇伏丹:3151  第128章 扶桑剑客:3296  第129章 毒种深种:3172  第130章 大败魔龙:3168  第131章 伤心的人:3143  第132章 平静之下:3495
          第133章 水中月:3360  第134章 她不在的日子:3195  第135章 驱毒的代价:3140  第136章 【修改】不归之人:3419  第137章 试新衣:3282  第138章 蛊毒难解:3118
          第139章 最后的安宁:3254  第140章 闭关应劫:3157  第141章 噩梦预兆:3210  第142章 九霄:3273  第143章 吃人的她:3131  第144章 不认命:3196
          第145章 危险的预兆:3223  第146章 圣人三问:3240  第147章 一场空:4596  第148章 以杀证道:3347  第149章 迟来的心意:3331  第150章 复仇的开始:3254
          第151章 爱屋及乌:3221  第152章 暗度天玑:3178  第153章 最后一座城:3370  第154章 大仇得报:3277  第155章 来时路:3525  第156章 伪作的灵药:3238
          第157章 真正的仙品:3949  第158章 活要见人:3245  第159章 花有重开日:3975  第160章 回春的代价:3832  第161章 无期无许:3263  第162章 寂灭伊始:3111
          第163章 难逃一劫:3232  第164章 狐族惨状:3270  第165章 再遇寒灵:3311  第166章 敌人来犯:3254  第167章 大战起:3285  第168章 伪仙:3576
          第169章 仙剑:3220  第170章 毒疫解药:3147  第171章 重塑身躯:3368  第172章 旁人的鳞片:3669  第173章 失而复得:3379  第174章 欢迎回家:3200
          第175章 执子之手:4169

12:48:34  濒危大妖饲养指南 (晏书迟) [完结]  137p→121章  1229KB  OK
          https://www.52shuku.net/gl/29_b/bkbOm.html
          第1章:3472  第2章:3487  第3章:3613  第4章:3061  第5章:3026  第6章:3230
          第7章:2156  第8章:2100  第9章:2138  第10章:2181  第11章:2227  第12章:2117
          第13章:2294  第14章:3302  第15章:3329  第16章:3410  第17章:3147  第18章:3267
          第19章:3166  第20章:3123  第21章:3049  第22章:3314  第23章:3130  第24章:3123
          第25章:3362  第26章:3460  第27章:3343  第28章:3257  第29章:3292  第30章:3336
          第31章:3204  第32章:3182  第33章:3339  第34章:3261  第35章:3335  第36章:3174
          第37章:3206  第38章:3267  第39章:3442  第40章:3260  第41章:3189  第42章:3333
          第43章:3499  第44章:3393  第45章:3327  第46章:3673  第47章:3549  第48章:3411
          第49章:3213  第50章:3132  第51章:3453  第52章:3316  第53章:3231  第54章:3400
          第55章:3461  第56章:3548  第57章:3365  第58章:10666  第59章:3260  第60章:3309
          第61章:3345  第62章:3303  第63章:3300  第64章:3171  第65章:3385  第66章:3224
          第67章:3142  第68章:3243  第69章:3139  第70章:3346  第71章:3249  第72章:3623
          第73章:3266  第74章:3239  第75章:3137  第76章:3470  第77章:3116  第78章:3222
          第79章:3375  第80章:3482  第81章:3687  第82章:3264  第83章:3233  第84章:3214
          第85章:3351  第86章:3319  第87章:3502  第88章:6647  第89章:3297  第90章:3385
          第91章:6769  第92章:3478  第93章:3289  第94章:3300  第95章:3311  第96章:3230
          第97章:3364  第98章:3370  第99章:3419  第100章:3443  第101章:3820  第102章:3256
          第103章:3442  第104章:3419  第105章:3499  第106章:3283  第107章:3351  第108章:3400
          第109章:3266  第110章:3347  第111章:3232  第112章:3574  第113章:3188  第114章:3185
          第115章:3197  第116章:3234  第117章:3241  第118章:3216  第119章:3527  第120章:3218
          第121章:3236

12:49:17  前任消失三年回来总想钓我 (镜汝) [完结+番外]  113p→90章  952KB  OK
          https://www.52shuku.net/gl/29_b/bkbOl.html
          第1章:3855  第2章:3621  第3章:3202  第4章:3216  第5章:3189  第6章:3390
          第7章:3175  第8章:3377  第9章:3812  第10章:3249  第11章:3069  第12章:3225
          第13章:3174  第14章:3209  第15章:3281  第16章:3122  第17章:3295  第18章:3198
          第19章:3224  第20章:3354  第21章:3356  第22章:3256  第23章:3583  第24章:3371
          第25章:3360  第26章:3836  第27章:3377  第28章:3436  第29章:3575  第30章:3392
          第31章:10100  第32章:3342  第33章:3449  第34章:3429  第35章:3362  第36章:3308
          第37章:3380  第38章:3355  第39章:3463  第40章:3514  第41章:3457  第42章:3277
          第43章:3379  第44章:3375  第45章:3392  第46章:3489  第47章:3419  第48章:3375
          第49章:3322  第50章:3420  第51章:3506  第52章:3402  第53章:3499  第54章:3565
          第55章:3266  第56章:3359  第57章:3307  第58章:3402  第59章:3393  第60章:3280
          第61章:3433  第62章:3647  第63章:3359  第64章:3492  第65章:3397  第66章:3330
          第67章:3811  第68章:3334  第69章:3381  第70章:3316  第71章:3800  第72章:3513
          第73章:3519  第74章:4138  第75章:3926  第76章:4224  第77章:4235  第78章:3646
          第79章:3432  第80章:3397  第81章:3310  第82章:3335  第83章:3786  第84章:3388
          第85章:3325  第86章:3485  第87章:3263  第88章:3487  第89章:4049  第90章:3416

12:49:46  美人又在勾引我 (小后娘) [完结]  63p→54章  550KB  OK
          https://www.52shuku.net/gl/29_b/bkbOk.html
          第1章:3082  第2章:3061  第3章:3075  第4章:3025  第5章:3034  第6章:3022
          第7章:3052  第8章:3042  第9章:3011  第10章:3026  第11章:3073  第12章:3039
          第13章:3000  第14章:3039  第15章:3081  第16章:3089  第17章:3073  第18章:3284
          第19章:3412  第20章:3324  第21章:3432  第22章:3495  第23章:3315  第24章:3316
          第25章:3386  第26章:3319  第27章:3309  第28章:3351  第29章:3429  第30章:3721
          第31章:3356  第32章:4438  第33章:3371  第34章:3321  第35章:3332  第36章:3348
          第37章:3399  第38章:3313  第39章:4009  第40章:3326  第41章:3694  第42章:3316
          第43章:3336  第44章:3361  第45章:3349  第46章:2818  第47章:5256  第48章:3693
          第49章:3739  第50章:3431  第51章:3345  第52章:3394  第53章:3730  第54章:4096

12:50:43  误被七重人格老婆当渣女 (东沉) [完结+番外]  150p→104章  1268KB  OK
          https://www.52shuku.net/gl/29_b/bkbOi.html
          第1章 老婆，办公室:4052  第2章 老婆，内衣:3865  第3章 老婆，酒吧:3244  第4章 没有？不玩:3249  第5章 睡觉，被贴贴:3380  第6章 不和谐，离婚？:5183
          第7章 眼罩，游戏:3905  第8章 老婆，老师:3459  第9章 老婆，喂饱:2354  第10章 老婆，不行？:2258  第11章 老婆，正事:3190  第12章 老婆，秘书:7415
          第13章 老婆，洗澡:1760  第14章 老婆，出力:1201  第15章 老婆，高跟鞋:2562  第16章 老婆，喂我:5733  第17章 老婆，一起洗:5688  第18章 老婆，想要:1338
          第19章 老婆，穿衣服:12635  第20章 老婆，难受:3264  第21章 学姐，又哭了:3314  第22章 老婆，亲哪里:5183  第23章 老师，看看照片:4165  第24章 老师，温存:4364
          第25章 想吃，老师:4314  第26章 老师，一次:3452  第27章 老师，第二次:3470  第28章 宋小姐，开门:4473  第29章 老师，半朵蔷薇:4160  第30章 老师，可以用手吗:3412
          第31章 老师，姐姐:3545  第32章 姐姐，检查:3458  第33章 宝贝，好凶:3280  第34章 姐姐，车里:3313  第35章 宝贝，对姐姐好坏:3789  第36章 老婆，书房:3358
          第37章 老婆，工具:3542  第38章 老婆，嘴，咬:4657  第39章 老婆，没用:3483  第40章 老婆，老婆:4726  第41章 明医生，舌头疼:4182  第42章 明医生，我不行:3384
          第43章 明医生，不做:3880  第44章 记忆，老婆:3873  第45章 老婆，想:3710  第46章 老婆，喝水:4108  第47章 老婆，暖水果:3400  第48章 公司，喂樱桃:3892
          第49章 冻樱桃，检查:3443  第50章 咬:4631  第51章 手链，内衣:4482  第52章 内衣，照片:3904  第53章 进来，一直做:3358  第54章 游戏，敏感:4076
          第55章 惩罚，老婆坏:3940  第56章 过敏，检查:3871  第57章 许愿，降火:3879  第58章 baby，尺寸:3399  第59章 生病，骑马:4531  第60章 老婆夸，我努力:3657
          第61章 揉，咬 夜深露重。:3875  第62章 咬，含:3459  第63章 叫，咬:3826  第64章 床:3964  第65章 宿舍，激烈:3719  第66章 吻手，咬蔷薇:4715
          第67章 官宣照:3573  第68章 左手，过分:3502  第69章 玩具:3529  第70章 玩具，肾虚:3796  第71章 尺度，游泳:5004  第72章 真相？混乱:6137
          第73章 老师，怕:4209  第74章 甜，苦:3678  第75章 腱鞘炎:4179  第76章 想:7756  第77章 趴，躺:3871  第78章 按摩，补偿:3556
          第79章 指导:3726  第80章 睡:3919  第81章 听话:6586  第82章 吃吗:3770  第83章 旗袍:3363  第84章 刺激:3582
          第85章 早恋:3425  第86章 小妖精:3446  第87章 吃不到:3614  第88章 明医生:3415  第89章 奶粉:3496  第90章 不止一个:3324
          第91章 小蛋糕:7018  第92章 两个小蛋糕:3434  第93章 顾翡：嘬嘬嘬:3451  第94章 跪着:3363  第95章 秦小姐 休息室里。:3398  第96章 妈妈，十九:7093
          第97章 咬:3478  第98章 倒计时:3822  第99章 惩罚:4066  第100章 记忆:7397  第101章 性格:3707  第102章 无趣？绝不可能:3333
          第103章 要的:3457  第104章 if篇：顾衣:3907

12:51:18  我以为的小白花竟然是阴湿女鬼 (乐清一) [完结]  89p→72章  792KB  OK
          https://www.52shuku.net/gl/29_b/bkbOh.html
          第1章:3522  第2章:4088  第3章:2904  第4章:3219  第5章:3728  第6章:3299
          第7章:3338  第8章:3382  第9章:2977  第10章:3336  第11章:4150  第12章:4580
          第13章:3133  第14章:3860  第15章:3333  第16章:4197  第17章:4021  第18章:10860
          第19章:3616  第20章:4007  第21章:4065  第22章:4095  第23章:4383  第24章:4112
          第25章:2971  第26章:4099  第27章:3394  第28章:3311  第29章:3363  第30章:3394
          第31章:4442  第32章:3415  第33章:6960  第34章:3444  第35章:3455  第36章:3456
          第37章:3378  第38章:3405  第39章:3210  第40章:3177  第41章:3286  第42章:3237
          第43章:3151  第44章:3445  第45章:3246  第46章:3404  第47章:3523  第48章:3168
          第49章:3233  第50章:3213  第51章:3282  第52章:3290  第53章:3208  第54章:3444
          第55章:3167  第56章:3260  第57章:3246  第58章:3454  第59章:3857  第60章:3270
          第61章:3325  第62章:3328  第63章:4019  第64章:3377  第65章:3351  第66章:3354
          第67章:3337  第68章:3349  第69章:3170  第70章:3216  第71章:3346  第72章:4829

12:51:55  对渣A的漂亮原配一见钟情后 (双巳) [完结+番外]  94p→114章  837KB  OK
          https://www.52shuku.net/gl/29_b/bkbOg.html
          第1章 医院:2340  第2章 吵架:2284  第3章 这是什么:2201  第4章 打电话:2567  第5章 会所:2119  第6章 早读:2588
          第7章 捐款:2699  第8章 吃瓜:2034  第9章 温柔一刀:2176  第10章 绿松石丢了:2672  第11章 我会代替她，照顾好你的。:1566  第12章 拆迁款:2667
          第13章 为什么要跟她结婚呢？:1772  第14章 因为，心疼你。:2207  第15章 不喜欢就是不喜欢:2323  第16章 出门:4277  第17章 离婚念起:2622  第18章 醉酒:1781
          第19章 是我的Alpha:2041  第20章 外婆住院:2091  第21章 针锋相对:2020  第22章 得知真相:2175  第23章 出逃:2302  第24章 告知真相:2183
          第25章 对质:4024  第26章 抢救:3214  第27章 一见钟情:2215  第28章 我们离婚吧。:3432  第29章 加个微信:4112  第30章 怒怼姑妈:2239
          第31章 不行吗？:3423  第32章 签字:1700  第33章 正式离婚:3473  第34章 新的念头:1188  第35章 露天餐厅:1759  第36章 吃饭:1434
          第37章 确实有缘:3197  第38章 坏学生:2648  第39章 你怎么在这里？:2441  第40章 搬家:1406  第41章 买房:2753  第42章 抹茶乳酪蛋糕:2273
          第43章 还请多多关照我噢:2331  第44章 你还可以住我家啊。:1580  第45章 小时候的玩具罢了:3213  第46章 更心动:2230  第47章 乔迁宴:2345  第48章 这位是你的Alpha吗？:1706
          第49章 入股不亏哦。:2297  第50章 受伤:2437  第51章 要走吗？:1953  第52章 我肯定也会很乖的。:2001  第53章 那是给你的。:1841  第54章 周祺:1724
          第55章 没有人可以左右我的决定。:1780  第56章 我可以给你当向导哦。:3271  第57章 学校一日游:2410  第58章 你可真是赚大了哦:1667  第59章 你想听什么？:1568  第60章 起风了:3240
          第61章 你们怎么在一起！:1918  第62章 你该满意了吧？:2131  第63章 出游:2741  第64章 你在等车？:2696  第65章 《普通朋友》:1723  第66章 试试:2348
          第67章 最坏不过沦为一个普通朋友。:3522  第68章 一起吃饭:2123  第69章 你愿意和我试试吗，从恋爱开始？:2536  第70章 晚安啦。:2388  第71章 七夕:3304  第72章 约会:3641
          第73章 礼物:3172  第74章 只为这一瞬:1826  第75章 未婚妻:4851  第76章 相亲宴:3329  第77章 她不甘心:2044  第78章 抹茶拿铁和啤酒:2086
          第79章 手作:2259  第80章 争执:3000  第81章 开学典礼:1755  第82章 回家:2196  第83章 反省:2557  第84章 禁闭:2911
          第85章 电话:1092  第86章 邀约:2072  第87章 真心:3188  第88章 我又凭什么退缩。:2099  第89章 生日:1866  第90章 还喜欢她:1515
          第91章 我有办法让你出来。:1796  第92章 感谢信:2329  第93章 这是她的绿松石。:1989  第94章 戚玥这丫头，真的能靠谱一回吗？:2679  第95章 谈一谈:1442  第96章 坦白:2575
          第97章 终于见到你了。:1402  第98章 重逢:3129  第99章 晚饭也要一起吃:2589  第100章 合作:2810  第101章 通话:2674  第102章 红包:1900
          第103章 催婚:2060  第104章 这是突袭:2617  第105章 求婚:3264  第106章 番外·校园篇（1）:3351  第107章 番外·校园篇（2）:2368  第108章 番外·校园篇（3）:2536
          第109章 番外·校园篇（4）:1803  第110章 番外·校园篇（5）:1405  第111章 番外·校园篇（6）:2615  第112章 番外·校园篇（7）:2772  第113章 番外·校园篇（8）:2779  第114章 番外·校园篇（9）:3595

12:53:05  被女校校花们暗恋的日子 (东杓) [完结]  182p→152章  1557KB  OK
          https://www.52shuku.net/gl/28_b/bkbNP.html
          第1章:3500  第2章:2796  第3章:3605  第4章:2104  第5章:3270  第6章:3302
          第7章:3444  第8章:3323  第9章:3595  第10章:3036  第11章:3009  第12章:3213
          第13章:3782  第14章:2835  第15章:3068  第16章:3407  第17章:3074  第18章:4909
          第19章:4218  第20章:2967  第21章:3207  第22章:3262  第23章 （修）:4206  第24章:4205
          第25章:4888  第26章:3604  第27章:3892  第28章:3176  第29章:4169  第30章:3184
          第31章:4190  第32章:6197  第33章:3184  第34章:3178  第35章 轮船（1）:3342  第36章 轮船（2）:4439
          第37章 轮船（3）:2624  第38章:3196  第39章:3194  第40章:3512  第41章:3330  第42章:4069
          第43章:3199  第44章 （文案）:3204  第45章:3179  第46章:5182  第47章:4178  第48章:3188
          第49章:3210  第50章:3559  第51章:3260  第52章:3262  第53章 初吻:3760  第54章:3253
          第55章 破茧（1）:3238  第56章 破茧（2）:3960  第57章 破茧（3）:3737  第58章 破茧（4）:3502  第59章 破茧（5）:2861  第60章:3366
          第61章:2843  第62章:3236  第63章:2990  第64章:3586  第65章:3274  第66章:3186
          第67章:3305  第68章:3194  第69章 救赎（1）:3498  第70章 救赎（2）:3368  第71章 救赎（3）:3295  第72章 黄粱一梦:4797
          第73章 幸福:2846  第74章 文案回收（2）:3636  第75章:2947  第76章:3120  第77章:2593  第78章:3552
          第79章:3916  第80章:3006  第81章:2850  第82章:3243  第83章:3294  第84章:3674
          第85章:2864  第86章:3228  第87章:3254  第88章:2904  第89章:2886  第90章:3892
          第91章:2866  第92章:2873  第93章:3001  第94章:3168  第95章:3254  第96章:3167
          第97章:3164  第98章:3180  第99章:3149  第100章:3332  第101章:3531  第102章:3217
          第103章:3517  第104章:3289  第105章 浴室:5148  第106章 初次:3516  第107章 厨房:4320  第108章 亲密:2909
          第109章 舔舐:3337  第110章 玄关:4038  第111章 疯狂:3649  第112章 偏执:3612  第113章 认输:3217  第114章 唯一:3180
          第115章 花吻疗法:3580  第116章 出声:3255  第117章 战袍:3532  第118章 求你:3375  第119章 温泉:3197  第120章 初恋:3224
          第121章 文案回收（3）:3205  第122章 无声:3341  第123章 抚慰:4002  第124章 舔舐:3170  第125章 婚礼（上）:2952  第126章 婚礼（下）:3728
          第127章 if-裴线（1）:2926  第128章 if-裴线（2）:2939  第129章 if-裴线（3）:嘴上叫妈妈，合同上又是情人:3041  第130章 if-裴线（4）:回去，要好好惩.戒你。:3322  第131章 if-裴线（5）:喜欢你轻轻咬它:4648  第132章 if-裴线（6）:她是我的爱人，也是我的孩子。:3092
          第133章 if-裴线（7）:它喜欢你，没有你不行…:3197  第134章 if-裴线（8）:我会嫉妒的发疯:3004  第135章 if-裴线（9）:再陪陪我吧..:3192  第136章 if-裴线（10）:泳装学姐:3081  第137章 if-裴线（11）:亲亲我嘛..:3044  第138章 if-裴线（12）:做你一夜的女友:2938
          第139章 if-裴线（13）:她是我的未婚妻:3558  第140章 if-裴线（14）:我不强迫你，我要你自愿。:3879  第141章 if-裴线（15）:愿不愿意，只让我为你动情…:3324  第142章 if-裴线（16）:云湛…求你了，我没被人爱过:3202  第143章 if-裴线（17）:我在好好爱你啊…:3511  第144章 if-裴线（18）:她用烟烫了自己的手….:3938
          第145章 if-裴线（19）:你敢动她，我就杀了你。:3502  第146章 if-裴线（20）:咨询一下怀孕的事情:3519  第147章 if-裴线（21）:昨晚你没剪指甲，很痛…:3573  第148章 if-裴线（22）:我会对你负责的。:3258  第149章 if-裴线（23）:怀你的孩子:2875  第150章 if-裴线（24）:两条杠…真的怀上了…:3505
          第151章 if-裴线（25）:我喜欢你，裴颜汐:2990  第152章 if-裴线（完）:晚安…学姐…:2861

12:53:55  我把竞技综艺上成了恋综 (殊央) [完结]  123p→106章  1024KB  OK
          https://www.52shuku.net/gl/27_b/bkbMY.html
          第1章 乘风 初遇偶像心狂跳:3459  第2章 同居 简秩跌进了她怀里:3386  第3章 躲避 吻在了一起:3328  第4章 亲吻 像闹别扭的小情侣:2299  第5章 情愫 脸贴在她胸上:2557  第6章 小狗 你会哭吗？:2366
          第7章 共浴 不想跟我一起洗吗:2028  第8章 旖旎 浴缸里水声激荡:1645  第9章 掩饰 昨晚发生了什么:1675  第10章 试探 “你对我做了什么？”:3115  第11章 醉意 除了亲吻还有……:1567  第12章 逗弄 “我是姐姐的小狗。”……:1143
          第13章 诱惑 是故意的吗？:1598  第14章 尽兴 “是你先越线的。”:1106  第15章 似幻 主人和小狗的游戏:2090  第16章 冷漠 昨晚的事我不记得了:1652  第17章 破裂 就当一切都没发生过:2141  第18章 谩骂 陌生的情愫:2332
          第19章 妥协 可怜巴巴的小狗:2067  第20章 选择 你不可以拒绝我:2611  第21章 拉扯 只要你要我:2519  第22章 乱麻 早该划清界限:2216  第23章 病症 好不好嘛，姐姐~:2048  第24章 玩乐 心情好一点了吗？:3042
          第25章 心动 嘴角落下轻柔的吻:2073  第26章 跪下 跟别的小狗玩:2187  第27章 驯狗 汪汪汪~:2248  第28章 纵容 变态小狗！:2090  第29章 颠倒 时叙，别再咬我了:1576  第30章 诱引 当作洞房花烛夜:1941
          第31章 贪心 “我跟时叙也是同事。”:7025  第32章 升温 咬了我的胸前痣:3398  第33章 饲养 简秩没那么排斥她了:3414  第34章 醉夜 “主人，小狗想吃.奶。”……:5407  第35章 坏狗 “姐姐，坐下来。”……:3354  第36章 情迷 “最后一次。”:3442
          第37章 不行 别去找别人好不好:3414  第38章 哭包 “简秩是我的！”:3436  第39章 相拥 你也到床上来吧:3519  第40章 过往 你是我的初恋:3402  第41章 在意 不希望你误会我:3743  第42章 利用 “姐姐，你身上好香啊。”……:8087
          第43章 反击 我可不是软柿子！:3778  第44章 占有 薄如蝉翼的睡衣:3350  第45章 起点 谁能不喜欢这样的小狗？:2414  第46章 朋友 嗷呜一口吃掉姐姐:3411  第47章 意外 唇齿交缠溢出黏腻水声:3389  第48章 变数 很快就会好的:2166
          第49章 乞求 “又要抛弃我？”:2267  第50章 不爱 还是保持距离吧:3426  第51章 合宿 吃醋了兴师问罪？:2808  第52章 放弃 “每个人都有自己的报应。”……:3559  第53章 应激 “对不起。”:3528  第54章 煎熬 小狗不会背弃主人:3842
          第55章 翻篇 “我们重新开始。”:3521  第56章 渴望 只亲一小会儿:3409  第57章 主动 对我做什么都可以:3682  第58章 取悦 才开始就累了？:2262  第59章 火热 要不要一起住？:2274  第60章 宵夜 吃点别的行不行:3363
          第61章 误会 简秩在为她吃醋！:4481  第62章 探索 “变态！:2349  第63章 融化 她就是个小骗子:3367  第64章 忘情 “我会温柔的。”:2048  第65章 又醋 “想叫你妈妈。”:3459  第66章 怀疑 “你在怀疑我吗？”:2466
          第67章 害怕 伸舌头的那种:1696  第68章 并肩 如此汹涌的感情:3747  第69章 羞窘 “你能叫我老婆吗？”:3339  第70章 感动 闭上酸涩的眼睛:3400  第71章 爆火 等待主人的爱抚:3367  第72章 骗子 会好好伺候你:3358
          第73章 决赛 小酌一杯怎么样:3373  第74章 酒后 姐姐，真的不要吗:2278  第75章 欲念 一次性放了三个:2253  第76章 玩具 你在上面也行:2315  第77章 坏狗 不懂“上面”的概念……:1756  第78章 正视 惜取眼前人:3429
          第79章 爱意 心跳在说爱你:2719  第80章 黏人 没有安全感的小孩:2742  第81章 欲海 “姐姐，坐上来。”:4781  第82章 温暖 “快点嫁到我们家。”:2621  第83章 亲情 “最喜欢小叙了。“:3341  第84章 幸福 简秩软的一塌糊涂:3519
          第85章 谢谢 “姐姐，抱我～”:3438  第86章 磕糖 又香又软，真好吃:3331  第87章 靠近 “可以了，停下。:5377  第88章 隐瞒 “我被囚.禁了。”:3893  第89章 拆散 跟姐姐视频……:3800  第90章 想你 把手机往下放:3361
          第91章 抹药 让药膏融化的方法:3858  第92章 鞭子 没有这种癖好！:2387  第93章 欲海 当然不行了老婆:5429  第94章 告白 “想哭就吻我吧。”:3813  第95章 猛吃 “把腿抬起来……”:3337  第96章 入戏 软的跟桃子一样:3419
          第97章 补偿 “你吃饭，我吃你。”……:4490  第98章 爽吃 “让你非我不可！”:2641  第99章 治疗 嘴巴比手指温度高:3769  第100章 cp粉 我有的是力气:3794  第101章 甜蜜 又怎么了，我的大小姐？:5805  第102章 奔逃 在热烈的活着:3610
          第103章 出圈 姐姐，我们私奔吧！:7171  第104章 误会 姐姐移情别恋了？:4564  第105章 露馅 绝不让人欺负你！:5706  第106章 求婚 我会永远爱你*^O……:6188

12:55:17  一挽长发定终身 (虚弱老登) [完结]  215p→160章  1904KB  OK
          https://www.52shuku.net/gl/26_b/bkbMj.html
          第1章:3472  第2章:3569  第3章:4155  第4章:3734  第5章:3680  第6章:3730
          第7章:4212  第8章:4086  第9章:3788  第10章:3849  第11章:3454  第12章:3838
          第13章:3741  第14章:3393  第15章:4614  第16章:4653  第17章:4021  第18章:4006
          第19章:3647  第20章:4678  第21章:3575  第22章:3304  第23章:3741  第24章:3983
          第25章:3613  第26章:4864  第27章:3772  第28章:3964  第29章:3432  第30章:4088
          第31章:4174  第32章:3715  第33章:3791  第34章:3593  第35章:3562  第36章:4073
          第37章:4325  第38章:3577  第39章:4360  第40章:3550  第41章:2563  第42章:3723
          第43章:3932  第44章:4099  第45章:3508  第46章:3253  第47章:3462  第48章:5030
          第49章:3207  第50章:4457  第51章:3487  第52章:3696  第53章:4580  第54章:5043
          第55章:4570  第56章:4257  第57章:3829  第58章:3688  第59章:4719  第60章:3883
          第61章:4209  第62章:3259  第63章:4208  第64章:3875  第65章:5946  第66章:3909
          第67章:3368  第68章:4089  第69章:4074  第70章:5583  第71章:3745  第72章:4596
          第73章:3282  第74章:3903  第75章:3854  第76章:3382  第77章:3387  第78章:3345
          第79章:4762  第80章:5304  第81章:5219  第82章:3236  第83章:3463  第84章:3608
          第85章:3401  第86章:4134  第87章:3582  第88章:3577  第89章:3259  第90章:4233
          第91章:3753  第92章:4341  第93章:3706  第94章:3312  第95章:3852  第96章:4340
          第97章:3721  第98章:4364  第99章:3578  第100章:3544  第101章:4203  第102章:4032
          第103章:4262  第104章:4228  第105章:3762  第106章:3658  第107章:3843  第108章:3892
          第109章:3601  第110章:3724  第111章:3672  第112章:3540  第113章:5759  第114章:5998
          第115章:3390  第116章:3779  第117章:4334  第118章:3661  第119章:4140  第120章:3703
          第121章:4087  第122章:3326  第123章:3566  第124章:4277  第125章:3930  第126章:3580
          第127章:5351  第128章:3599  第129章:3293  第130章:3380  第131章:4216  第132章:3723
          第133章:3759  第134章:3351  第135章:3544  第136章:3347  第137章:3823  第138章:3674
          第139章:3288  第140章:3780  第141章:4177  第142章:4327  第143章:3348  第144章:4246
          第145章:3731  第146章:3685  第147章:4899  第148章:4916  第149章:4058  第150章:4991
          第151章:4729  第152章:4742  第153章:4759  第154章:1857  第155章:4594  第156章:4222
          第157章:5784  第158章:4036  第159章:3700  第160章:3334

12:55:45  雾气弥漫 (鲜肉饼) [完结+番外]  66p→55章  595KB  OK
          https://www.52shuku.net/gl/26_b/bkbMh.html
          第1章 突破历史最高纪录:3203  第2章 生活开始掀起层层涟漪:3494  第3章 戒掉了:4462  第4章 她想这样做:3485  第5章 药膏:3276  第6章 走吧，姜宁:4067
          第7章 信:3164  第8章 纵容:4287  第9章 我相信你:2952  第10章 回不来的:4517  第11章 香辣鸡爪:4604  第12章 要不要抱一下？:3538
          第13章 不饿:3105  第14章 不会再发生那样的事:2897  第15章 会笑的眼睛:3368  第16章 开心就好:3179  第17章 心疼:4575  第18章 穷光蛋:3393
          第19章 交换:3080  第20章 害怕:3287  第21章 狗绳:3935  第22章 撕破:3600  第23章 枯叶:4286  第24章 不想等:3141
          第25章 拥抱:4390  第26章 平安扣:3303  第27章 不被需要:3167  第28章 落差感:3692  第29章 自私:3765  第30章 秘密:3413
          第31章 新年:3654  第32章 信:3535  第33章 医院:3754  第34章 刽子手:3751  第35章 谈判:4275  第36章 冬日:4094
          第37章 错觉:3748  第38章 走了:3608  第39章 伤痛:3404  第40章 退出:3481  第41章 云烟:2767  第42章 雾气弥漫:3664
          第43章 死胡同:5021  第44章 恭喜:3219  第45章 别赶我走:3846  第46章 喜欢你:3518  第47章 能让风倒退:3610  第48章 什么感觉:3834
          第49章 欢迎回家:3686  第50章 答案:2830  第51章 关系:2556  第52章 十指相扣:3090  第53章 来了就好:3380  第54章 全世界:2546
          第55章 裴静生日番外:3730

12:56:09  公主娘子总把自己当替身 (金鲤鱼银钢笔) [完结]  63p→49章  563KB  OK
          https://www.52shuku.net/gl/26_b/bkbMg.html
          第1章 摔下三楼才懂:4053  第2章 要娶麻子公主？:4312  第3章 顶级Alpha为拒娶丑公主:5467  第4章 公主晕倒醒来，喊我安亿:5800  第5章 标记的感觉真好:3311  第6章 挨打了:4107
          第7章 郁闷啦:4114  第8章 每天晚上都在偷偷写信:3954  第9章 结婚:3879  第10章 不让洞房啊:2866  第11章 亲一口得了:4581  第12章 度蜜月:2919
          第13章 我中毒了 需要公主亲亲才会好嘛:4122  第14章 清溪镇:5178  第15章 系统上线:3083  第16章 发情期打一针就行:3364  第17章 傲娇公主上线:3609  第18章 公主保护力max:3069
          第19章 好感度一落千丈:3760  第20章 断了缠劲儿:3178  第21章 营救行动:3468  第22章 我会一直护着你的:3310  第23章 回公主府啦:3107  第24章 你会爱我一辈子吗:3315
          第25章 重了我就轻些:4331  第26章 破灵钉是什么:5453  第27章 我们一起:3099  第28章 二进宫:3966  第29章 荒野求生:5117  第30章 生死危机:5100
          第31章 姜安亿重伤昏迷:3940  第32章 贴身照料:3229  第33章 三人结盟:4366  第34章 喂药play:5260  第35章 好感度?0.5%:3881  第36章 成功拿到破灵钉:5020
          第37章 血祭:4099  第38章 游山玩水啦:2975  第39章 水中play:3207  第40章 能被你标记:2970  第41章 怀孕了！:3763  第42章 难产:2954
          第43章 惊喜！:3151  第44章 崽崽的成长日记:3339  第45章 崽崽成长记2:3362  第46章 不带孩子自己约会去咯:3009  第47章 结婚:3062  第48章 羞羞脸:3029
          第49章 大结局:3019

12:56:56  永夜启明 (晴笙悠) [完结]  113p→112章  1071KB  OK
          https://www.52shuku.net/gl/26_b/bkbMf.html
          第1章:4521  第2章:5738  第3章:3993  第4章:4018  第5章:2084  第6章:2854
          第7章:2447  第8章:2438  第9章:3012  第10章:2460  第11章:2368  第12章:2260
          第13章:3274  第14章:3003  第15章:2611  第16章:2725  第17章:2561  第18章:2583
          第19章:2883  第20章:2919  第21章:3053  第22章:3118  第23章:1965  第24章:2296
          第25章:2237  第26章:2583  第27章:2904  第28章:2250  第29章:2374  第30章:3071
          第31章:2333  第32章:2425  第33章:2506  第34章:2826  第35章:2825  第36章:2343
          第37章:2350  第38章:2692  第39章:2820  第40章:2956  第41章:2932  第42章:3122
          第43章:2750  第44章:2596  第45章:2363  第46章:3264  第47章:4525  第48章:2816
          第49章:3334  第50章:3044  第51章:3876  第52章:3013  第53章:3322  第54章:3503
          第55章:2726  第56章:3772  第57章:3412  第58章:3116  第59章:4273  第60章:2514
          第61章:2830  第62章:2092  第63章:3178  第64章:3009  第65章:3580  第66章:2382
          第67章:3774  第68章:2948  第69章:2941  第70章:3218  第71章:2529  第72章:2576
          第73章:2927  第74章:2984  第75章:2585  第76章:2938  第77章:3982  第78章:2937
          第79章:2826  第80章:3362  第81章:3177  第82章:3160  第83章:3423  第84章:3519
          第85章:3399  第86章:3633  第87章:3135  第88章:4040  第89章:3325  第90章:3830
          第91章:4266  第92章:5185  第93章:3952  第94章:4164  第95章:5030  第96章:3907
          第97章:3637  第98章:3290  第99章:5178  第100章:4071  第101章:4306  第102章:2727
          第103章:3418  第104章:3897  第105章:2973  第106章:4224  第107章:3681  第108章:3343
          第109章:3455  第110章:3459  第111章:4308  第112章 完结篇:3287

12:57:49  酥糖有盐 (小白吱吱吱) [完结+番外]  131p→103章  1097KB  OK
          https://www.52shuku.net/gl/26_b/bkbMe.html
          第1章 好久不见:3780  第2章 白月光:3558  第3章 赌约:3409  第4章 盐汽水:3393  第5章 新生:3820  第6章 “同志”:3353
          第7章 再见，芝加哥:3955  第8章 呼吸同样的空气:3152  第9章 妹妹的请求:3388  第10章 同桌:3076  第11章 林姐:4106  第12章 单身:3392
          第13章 群演:3288  第14章 拥抱:3984  第15章 医闹:3181  第16章 同居:3195  第17章 “坏掉”的空调:3456  第18章 金毛师兄:3711
          第19章 草莓:3777  第20章 隔音:4097  第21章 “普通朋友”:3405  第22章 泪痣:4921  第23章 “蚊子”:3130  第24章 50盒？:3799
          第25章 姜茶:4174  第26章 苹果:3725  第27章 死结:4615  第28章 理想（第一人称）:3781  第29章 槲寄生:5615  第30章 跨年夜:3888
          第31章 追诈:4296  第32章 追诈2:4353  第33章 追诈3:4353  第34章 右眼:3111  第35章 小狗:4156  第36章 电玩城:3876
          第37章 误会:3177  第38章 萧玲案:3015  第39章 萧玲案2:4380  第40章 夜晚:3047  第41章 心悸:4205  第42章 长江七号:4755
          第43章 抑郁症:3850  第44章 抑郁症:4835  第45章 疑云:3119  第46章 杀青[番外]:3062  第47章 医者仁心:3418  第48章 真相:2710
          第49章 血色书房:2612  第50章 心肺复苏:3528  第51章 和解:3046  第52章 潮湿（第一人称）:3290  第53章 小娟:3702  第54章 出柜:3132
          第55章 各自安好:3297  第56章 S:2007  第57章 He:2517  第58章 珠海:2732  第59章 大排档:2764  第60章 和你:2115
          第61章 诺亚方舟:3237  第62章 “魅影“案:3573  第63章 “魅影”案2:3095  第64章 “魅影”案3:2630  第65章 红墨水:3183  第66章 并肩:3293
          第67章 凉水:2352  第68章 两个世界:2223  第69章 梅雨季的雨:2123  第70章 她得平平安安的:3528  第71章 晓雯:2100  第72章 家务事:2300
          第73章 可悲:4537  第74章 裙子:5004  第75章 卡萨布兰卡:5555  第76章 未婚妻:2513  第77章 浴室:3451  第78章 拉勾:2022
          第79章 发烂发臭:3446  第80章 生同衾，死同穴:3038  第81章 牛肉面:3344  第82章 往后的日子:2634  第83章 吸猫:2160  第84章 旧盒子:3119
          第85章 地理课本上的星星:4495  第86章 我爱你:3821  第87章 极光:4583  第88章 走访:2923  第89章 家:2348  第90章 健身:4208
          第91章 DIY:3469  第92章 老K:2754  第93章 反攻:3654  第94章 “妈妈”:6680  第95章 酥糖有盐:5367  第96章 废话[番外]:622
          第97章 喝酒挑战[番外]:3627  第98章 柏拉图式恋爱[番外]:4294  第99章 南粤的雪[番外]:3900  第100章 暗恋（第一人称）[番外]:3330  第101章 套圈[番外]:3809  第102章 别怕，有我在[番外]:4098
          第103章 四目相对[番外]:5217

12:58:18  知遥见夏 (渡边悠) [完结+番外]  59p→64章  542KB  OK
          https://www.52shuku.net/gl/26_b/bkbMd.html
          第1章 全糖主义:5567  第2章 她或许不烦人:3786  第3章 百团大战？:3366  第4章 叶脉:4285  第5章 番茄蛋花汤:4878  第6章 未说出口的担心:4120
          第7章 笔记的厚度:4132  第8章 心跳的邀约:3804  第9章 心跳的序曲:3612  第10章 柠檬香气:3184  第11章 心事的折痕:3049  第12章 蝴蝶酥的约定:2934
          第13章 心事的低语:2781  第14章 天台的风景:2718  第15章 心事:2771  第16章 晨跑:2837  第17章 心照不宣:3129  第18章 衣角:3003
          第19章 笔记的余温:2897  第20章 心防的裂隙:2689  第21章 毛衣:2102  第22章 湖光秋色:2999  第23章 额前的温度:2494  第24章 晨光与白粥:2456
          第25章 暖意:2709  第26章 酸涩的糖:2969  第27章 破冰:2585  第28章 沉默:2332  第29章 未命名的心动:2376  第30章 试探？:2465
          第31章 排练厅的灯光:3007  第32章 独属的星辰:2743  第33章 界限:2750  第34章 心动的证据:2990  第35章 暖光:2935  第36章 靠近:2475
          第37章 归途的站台:3044  第38章 千里之外:2319  第39章 归期:2340  第40章 靠近:2024  第41章 细雨:2382  第42章 见夏的学长…？:2512
          第43章 万人迷林见夏:3029  第44章 醋王顾知遥:2515  第45章 雨夜的敲门声:2235  第46章 惊吓后遗症:2143  第47章 足够了:2436  第48章 未寄出的信:2039
          第49章 微光:0  第49章:3824  第50章 靠近:2506  第51章 暴雨:2947  第52章 一颦一笑:2403  第53章:2662
          第54章 雨:2698  第55章 掌心:2887  第56章 流星雨:2899  第57章 余温:2196  第58章 画:2682  第59章 暖冬:2037
          第60章 聚会:2850  第61章 话:2289  第62章 许你的告白:2083  第63章 晚风[番外]:1928

12:59:01  补天 (灶娘) [完结+番外]  111p→104章  973KB  OK
          https://www.52shuku.net/gl/26_b/bkbMc.html
          第1章 叮！您的拼好友已入队～:3261  第2章 叮！您的新副本已接入～:3852  第3章 叮！您成功投出一个大失败～:3330  第4章 叮！和垂耳兔兔的初次见面～:3226  第5章 叮！是替身？还是正主？:3325  第6章 叮！怎么你们一个个都不按常理出牌～:3066
          第7章 叮！一块方糖就能带走的孩子～:3045  第8章 叮！亲亲，留下来咩～:3176  第9章 叮！隔壁的织机小姐～:3034  第10章 叮！亲亲！群聚带来混乱哟~:3044  第11章 叮！公主她美貌无双～:3023  第12章 叮！有人罩着的啦～:3080
          第13章 叮！母亲母亲……:3075  第14章 叮！亲，回头看～:3070  第15章 叮！是过去但又不是过去～:3087  第16章 叮！世界上没有两片完全相同的叶子～:3118  第17章 叮！记仇是家族传统～:3066  第18章 叮！你猜我是不是小趴菜～:3087
          第19章 叮！那只玫红色的眼～:3130  第20章 叮！人呐！璀璨如歌、腐烂似泥～:3038  第21章 叮！真假参半，你能剖析吗～:3053  第22章 叮！再入但不太对～:3040  第23章 叮！身不由己，命途多舛～:3087  第24章 叮！你中有我，我中有你～:3104
          第25章 叮！不同生但共死～:3137  第26章 叮！它的獠牙～:3075  第27章 叮！你不是结果～:3112  第28章 叮！是气急败坏了咩～:3101  第29章 叮！万物有灵但是渣滓～:3087  第30章 叮！她赢了，我为她加冕:3057
          第31章 叮！那是一个不知道结局的奇迹～:3127  第32章 叮！晨曦or黄昏～:3141  第33章 叮！咸腥气～:3113  第34章 叮！有被重伤～:3110  第35章 叮！她是希帕蒂亚～:3232  第36章 叮！谁家因果线是麻花呀～:3440
          第37章 叮！黄昏之主～:3201  第38章 叮！入城～:3134  第39章 叮！颠倒城邦～:3143  第40章 叮！交换，但是不出代价～:3139  第41章 叮！她在添柴～:3113  第42章 叮！艺术就是爆炸～:3132
          第43章 叮！主打的就是反差～:3057  第44章 叮！引导导入沟～:3093  第45章 叮！姓安，名洁卡～:3070  第46章 叮！浴血重生！:3081  第47章 叮！记得归家，姐姐在那～:3089  第48章 叮！故人相见，物是人非～:3097
          第49章 叮！这是一个固有认知～:3088  第50章 叮！噩梦？那不过是我的过去～:3097  第51章 叮！冷漠的同事情～:3029  第52章 叮！是茫然无措么～:3052  第53章 叮！逃避and恶意～:3138  第54章 叮！顶级救场，谢谢～:3031
          第55章 叮！这不可能的吧～:3039  第56章 叮！真理and谬误～:3023  第57章 叮！猜忌是破局的钥匙～:3051  第58章 叮！絮絮叨叨烦死个人～:3165  第59章 叮！消失的襄～:3113  第60章 叮！你会特意为一粒灰尘停留吗？:3127
          第61章 叮！同化与融合的宿命～:3116  第62章 叮！打配合？你在搞笑吧～:3421  第63章 叮！不是，你真的是队友吗？:3075  第64章 叮！狼人是谁？:3208  第65章 叮！珍珠质～:3151  第66章 叮！可可爱爱！脑袋要炸开～:3017
          第67章 叮！揭秘时刻，智商上线～:3181  第68章 叮！鼠鼠的命就不是命了吗？:3027  第69章 叮！可笑，你在怀疑我？！:3049  第70章 叮！它是天下间最毒的毒药～:3175  第71章 叮！打的就是你～:3102  第72章 叮！对不起，我认错人了……:3137
          第73章 叮！我饿了，喂饱我:3088  第74章 叮！亲爱的，不用再跑了～:3050  第75章 叮！死人比活人好用～:3073  第76章 叮！自产自销的血缘～:3034  第77章 叮！夙兴夜寐与欺骗～:3166  第78章 叮！欢迎来到魂魄的国度～:3187
          第79章 叮！大口吞下，胃口真好～:3187  第80章 叮！谁是偷猎者？:3134  第81章 叮！我与我爱，同生共死～:3063  第82章 叮！老年人记性不好～:3149  第83章 叮！猜猜她是谁？:3178  第84章 叮！真诚才是必杀技～:3228
          第85章 叮！强抢时间娘～:3817  第86章 叮！神秘出手女～:3243  第87章 叮！补刀天王在此，尔等胆敢吭声！:3237  第88章 叮！你这么还能回档呢？:3298  第89章 叮！“我”是正确的:3151  第90章 叮！心照不宣扮演～:3119
          第91章 叮！她最后的谎言～:3143  第92章 叮！那你要死～:3102  第93章 叮！总有人负重前行～:3076  第94章 叮！你是人，而非镜:3141  第95章 叮！就没有体面一点的方式吗？:3055  第96章 叮！再见吧！人类～:3146
          第97章 叮！你妈来了，但站我这～:3055  第98章 叮！是嫌命长还是生活需要点刺激？:3314  第99章 叮！嘘，她醒了～:3141  第100章 Happy End:3132  第101章 番外苡辞同人[番外]:1376  第102章 天秤[番外]:1443
          第103章 洛菁&玛格丽特[番外]:1693  第104章 襄&白染鸢[番外]:1168

12:59:20  [影视同人] 见枫使舵 (阿厌yan) [完结+番外]  37p→36章  328KB  OK
          https://www.52shuku.net/gl/26_b/bkbMb.html
          第1章 交汇:2124  第2章 润喉糖:2410  第3章 你好像很容易遇见我？:3199  第4章 电话:1849  第5章 为我找的借口:3761  第6章 主动:2321
          第7章 雨伞:3577  第8章 收敛:3580  第9章 留白:2206  第10章 变故:2551  第11章 意外见家长:4524  第12章 拥抱:2301
          第13章 酸:3004  第14章 赴约:3053  第15章 暴风来临:2591  第16章 我去接你:2144  第17章 无视:2460  第18章 边界:3636
          第19章 重逢:3274  第20章 她知道我要什么:5126  第21章 不许不要我:2933  第22章 自以为是:3217  第23章 “路过”:4185  第24章 吻:3285
          第25章 有事冲我来:3476  第26章 告白:3732  第27章 你怕不怕:2587  第28章 我只想见你:3581  第29章 见她家长:3504  第30章 异地恋:2773
          第31章 第一次:2632  第32章 见我家长:2782  第33章 反攻:2795  第34章 见枫使舵:2480  第35章 摩擦[番外]:1220  第36章 看海[番外]:3020

12:59:39  [唐人街探案同人] 诺守不渝 (阿厌yan) [完结+番外]  49p→42章  424KB  OK
          https://www.52shuku.net/gl/26_b/bkbMa.html
          第1章 路见不平一声吼:3365  第2章 越靠近却越看不懂:2554  第3章 她是故意的？:2402  第4章 无形的推手:3370  第5章 别怕我:3596  第6章 危险贪恋:4049
          第7章 为了让我嫉妒吗？:3702  第8章 醉酒后的疯狂:3346  第9章 张薇之死:3030  第10章 我是她的所有物:4342  第11章 放开我:3001  第12章 吻:3414
          第13章 放我离开:2966  第14章 给我的东西不要给别人:2659  第15章 我不逃了:2263  第16章 雪夜接吻:3980  第17章 我想要你:3430  第18章 公开的占有欲:3108
          第19章 再遇王倩:3862  第20章 王倩之死:3027  第21章 你成年了:4015  第22章 病名不舍:3057  第23章 跑得掉吗:3575  第24章 主动亲吻:3453
          第25章 我陪你玩到底:3184  第26章 你的世界只有我:3666  第27章 错位的感知:3573  第28章 病入膏肓:3832  第29章 是你教的:3207  第30章 我们是同类:3032
          第31章 分一半给我:3933  第32章 湖水很冷吗:3703  第33章 只看着我:4352  第34章 我对你而言是什么:3833  第35章 疯子 彼此:2885  第36章 全都是她:2422
          第37章 要她亲口承认:3236  第38章 我们都简单一点好不好:3086  第39章 拿到证据了:2745  第40章 她早就知道了:3774  第41章 诺守不渝（上）:3263  第42章 诺守不渝（下）:2248

13:01:15  错误标记 (安决) [完结]  244p→151章  1985KB  OK
          https://www.52shuku.net/gl/26_b/bkbLL.html
          第1章 beta:3367  第2章 omega:3216  第3章 对头:3759  第4章 人情:4265  第5章 鲸落:3700  第6章 梦魇:2963
          第7章 樱桃:3370  第8章 初见:2898  第9章 条件:2608  第10章 不争:2886  第11章 热搜:2599  第12章 设计:2613
          第13章 撞破:2430  第14章 心软:2879  第15章 同框:2833  第16章 报复:2542  第17章 分化:3126  第18章 病房:2453
          第19章 顶替:3136  第20章 说谎:3454  第21章 电话:2607  第22章 标记:9281  第23章 亲我:4689  第24章 关系:6042
          第25章 费心:4548  第26章 闯门:7896  第27章 洁癖:6864  第28章 在意:3802  第29章 回应:5889  第30章 撞车:5038
          第31章 回家:9818  第32章 过夜:6254  第33章 等你:6269  第34章 朋友:6452  第35章 失控:4172  第36章 动容:6384
          第37章 协议:6357  第38章 驱寒:6293  第39章 吻眸:6267  第40章 单身:7731  第41章 醉后:7955  第42章 醒酒:3926
          第43章 家人:4856  第44章 论文:3631  第45章 不疼:3379  第46章 决心:5026  第47章 偶遇:4041  第48章 见面:3856
          第49章 资料:3588  第50章 过境:5149  第51章 耐心:5033  第52章 淋漓:6405  第53章 满意:3914  第54章 搬家:5315
          第55章 建议:4375  第56章 训练:5466  第57章 小狗:4477  第58章 礼盒:3871  第59章 三次:3714  第60章 缝补:5016
          第61章 机会:4644  第62章 电影:5026  第63章 改变:4175  第64章 枷锁:5020  第65章 解释:5448  第66章 海星:4579
          第67章 花盆:6134  第68章 多巧:6091  第五章 ，小林的手机屏保是小梁的照片。:8  第69章 揉腰:5409  第70章 羡慕:7413  第71章 纵容:5994
          第72章 接吻:4896  第73章 欺骗:6599  第74章 想见:7657  第75章 无梦:4832  第76章 花语:5941  第77章 小号:4891
          第78章 挽留:6496  第79章 晚安:5005  第80章 聪明:5259  第81章 预热:6603  第82章 回馈:6030  第83章 奇怪:6492
          第84章 不同:3804  第85章 适合:6760  第86章 车内:3465  第87章 说谎:4051  第88章 海岛:5125  第89章 逆袭:5896
          第90章 抽签:3030  第91章 喜欢:3393  第92章 方言:3330  第93章 笑容:5497  第94章 视频:4818  第95章 捂住:3127
          第96章 压制:2983  第97章 偷听:3680  第98章 心疼:3488  第99章 谢谢:3106  第100章 心意:3357  第101章 药物:4206
          第102章 巧遇:3789  第103章 混乱:3295  第104章 本能:3215  第105章 终止:3150  第106章 证明:3415  第107章 我想:4836
          第108章 先安:4644  第109章 发博:4844  第110章 宝物:3315  第111章 非梦:3899  第112章 询问:3111  第113章 怀里:3126
          第114章 逐步:4047  第115章 岁岁:3376  第116章 她的:3191  第117章 姐姐:1969  第118章 钟爱:3038  第119章 高攀:3867
          第120章 理解:5355  第121章 风雨:3388  第122章 坦白:3204  第123章 松开:3598  第124章 血脉:4207  第125章 测试:3356
          第126章 直播:3084  第127章 撑伞:3298  第128章 陷阱:3612  第129章 回答:3449  第130章 背调:6924  第131章 妈妈:3168
          第132章 芯片:3039  第133章 道谢:2626  第134章 是谁:3080  第135章 官宣:3356  第136章 继续:4034  第137章 发生:3262
          第138章 默契:3495  第139章 味道:2754  第140章 支持:3007  第141章 坦诚:3008  第142章 母女:4094  第143章 租客:4076
          第144章 诚信:1964  第145章 明晰:3465  第146章 挑选:3246  第147章 爆炸:2063  第148章 证据:2591  第149章 珍贵:3202
          第150章 爱你:3765

13:01:51  你好，楚小姐 (红瓦青酒) [完结+番外]  84p→81章  725KB  OK
          https://www.52shuku.net/gl/25_b/bkbKR.html
          第1章 楚盈:2483  第2章 猫猫:3344  第3章 喵呜:2243  第4章 同居:2473  第5章 古怪:3194  第6章 楚楚:2832
          第7章 鱼油:4000  第8章 窃贼:2489  第9章 破例:1864  第10章 基因:2543  第11章 同情:2872  第12章 离开:2009
          第13章 见过:2303  第14章 别怕:2422  第15章 打斗:2821  第16章 雨夜:1677  第17章 晚安:2403  第18章 照片:1963
          第19章 可爱:1958  第20章 爆炸:2499  第21章 牵挂:3556  第22章 心跳:2478  第23章 生气:1893  第24章 任务:1724
          第25章 烦躁:2337  第26章 摸摸:2258  第27章 泡澡:2517  第28章 撒谎:2281  第29章 嫉妒:1626  第30章 mua:3186
          第31章 窘迫:2109  第32章 清清:3216  第33章 别扭:1953  第34章 乐园:2506  第35章 怒意:3578  第36章 嗜睡？:2334
          第37章 戒指:1957  第38章 看猫:3196  第39章 酸涩:3161  第40章 心动:2017  第41章 喜欢:3008  第42章 渴望:3515
          第43章 甜腻:3066  第44章 告白:3349  第45章 雪夜:3656  第46章 记忆:3160  第47章 春日:3533  第48章 分人:3587
          第49章 520？:3779  第50章 吃醋:3581  第51章 好巧:3280  第52章 节目:3588  第53章 熟人？:3163  第54章 发烧:3245
          第55章 礼物:3180  第56章 心乱:3040  第57章 碎片:3288  第58章 拍拍:3061  第59章 姜姜:3123  第60章 渣女:3155
          第61章 是谁:3064  第62章 走丢:3380  第63章 初显:3480  第64章 动摇:3137  第65章 疏远:2999  第66章 异样:3195
          第67章 好梦:3357  第68章 心意:2653  第69章 爱你:3132  第70章 日常:3031  第71章 承诺:4732  第72章 身世:4803
          第73章 偏执:2792  第74章 约会:2719  第75章 抉择:4786  第76章 回忆:4712  第77章 决定:2154  第78章 诅咒:4172
          第79章 逃亡:2273  第80章 避世（终章）:3614  第81章 邀请:2957

13:02:33  流落荒野被人鱼求偶 (章鱼好运饺) [完结]  107p→61章  919KB  OK
          https://www.52shuku.net/gl/25_b/bkbKQ.html
          第1章 丛林 呼呼的引擎声是上等的催……:3870  第2章 追逐战 谢忘眠一直觉得自己不怕蛇……:3538  第3章 带回山洞 谢忘眠是被冻醒的。 ……:3052  第4章 被舔了 谢忘眠真的憋了一肚子气。……:3296  第5章 鱼薄荷 被人鱼带回来的食物，也有……:3240  第6章 不许舔我 伴侣的巢穴里还有许……:3076
          第7章 脱掉上衣 谢忘眠的脸色一阵黑一阵……:3344  第8章 舌尖缠上指缝 自从穿越到这里，谢……:3101  第9章 肚子鼓起来了 谢忘眠蒙着头躺……:2575  第10章 大傻鱼 这个山洞像一个大肚瓶……:2160  第11章 求偶 谢忘眠没写过日记，除了上学……:2119  第12章 想舔就舔 人鱼呆呆地看着谢忘眠鼓……:2078
          第13章 脸蹭上人鱼的小腹 本来在谢忘……:2715  第14章 想生蛋 一向理解能力超群，学……:2270  第15章 张嘴 跳动的火苗落入谢忘眠的……:2191  第16章 往下面闻 一顿烤肉吃完，谢忘眠撑……:2351  第17章 都摸了半天了 有人鱼当小夜灯……:2154  第18章 一直留着味道 谢忘眠一股脑爬起来……:2179
          第19章 伴侣是馋了 托人鱼的福，继烤……:2115  第20章 出去 谢忘眠不知道人鱼没走。 ……:2181  第21章 口水泛滥了 谢忘眠本来还在欣……:2371  第22章 偷偷蹭我 人鱼正美滋滋地在海……:2222  第23章 寻找城市 随着时间推移，贝壳……:2247  第24章 绕着腰往上缠 在沙滩上睡了一……:2119
          第25章 长两个脑袋 回去的路上，谢忘眠一……:2100  第26章 我来喂你 谢忘眠第一次见竹子，……:6420  第27章 给她洗澡 稗草，一种生长在路边，……:6449  第28章 被咬住了 吃晚饭之前，谢忘眠和人……:6502  第29章 流下两条宽面条泪 人鱼走……:6547  第30章 手烫得尾巴都化了 谢忘眠躲在……:6424
          第31章 舌尖舔过脖颈 谢忘眠舔着舌头，总……:6652  第32章 抽泣 谢忘眠很想维持一个成年人应……:7157  第33章 茧 谢忘眠很喜欢这里的夜空。……:6566  第34章 舌头太短了 趁着夜色，一场小……:6932  第35章 双腿紧紧缠着她 人鱼舔得极其……:6478  第36章 气味标记 她想的旖旎，手上一……:6328
          第37章 交尾仪式 人在放松的时候就会丢掉……:6584  第38章 哭泣 “美人鱼有很多优点，她执着……:6504  第39章 科普教学 谢忘眠刚说完，人鱼的眼……:6402  第40章 大补 她长腮了。 ……:6482  第41章 生蛋 夏星晚恢复成长尾巴的样子，……:6360  第42章 生四十个 草席上，谢忘……:6554
          第43章 眠眠求偶 谢忘眠其实有点想回……:6585  第44章 破壳 眼看着夏星晚的身子越压……:6823  第45章 幼崽 从沙堆里钻出来的生物，……:6658  第46章 幼崽捏捏玩具 一号，二号，三号………:6506  第47章 少儿不宜 “所以，你一直都能……:6625  第48章 搬家 海边风大雨大，但树林里……:8689
          第49章 叫出声也没有关系 迁徙比谢忘……:6615  第50章 蜥蜴人 谢忘眠不知道是不是自……:6445  第51章 把舌头卷起来 半晌后，谢忘眠……:6394  第52章 我是妈妈啊 五个幼崽全部破茧……:6449  第53章 妈妈轻点咬我 小小章鱼……:6448  第54章 妈妈要玩 时间弹指过去，幼崽……:6784
          第55章 找上门了 小豹子天性活泼，更好动……:6525  第56章 谢谢妈妈 两只壮实的野牛果然……:6532  第57章 准备太空旅行 老五谢安，是卡……:6544  第58章 大开杀戒 蓝衣服蜥蜴人举起左……:6551  第59章 登记身份 飞船坠毁这么大的动……:6585  第60章 去首都星 一年之前，如果有人……:6537
          第61章 最喜欢你 几个幼……:6584

13:04:13  驯养玫瑰 (时千辞) [完结+番外]  258p→99章  2236KB  OK
          https://www.52shuku.net/gl/24_b/bkbKb.html
          第1章:3722  第2章:5093  第3章:3161  第4章:4057  第5章:4417  第6章:4221
          第7章:3607  第8章:3373  第9章:2429  第10章:5681  第11章:3491  第12章:4595
          第13章:4881  第14章:2740  第15章:2129  第16章:15167  第17章:12469  第18章:4356
          第19章:9351  第20章:10709  第21章:13257  第22章:12957  第23章:12538  第24章:5514
          第25章:8227  第26章:7003  第27章:7857  第28章:6677  第29章:9601  第30章:11435
          第31章:7972  第32章:8571  第33章:8909  第34章:7921  第35章:9994  第36章:2773
          第37章:5134  第38章:9538  第39章:11304  第40章:6877  第41章:7693  第42章:9511
          第43章:10504  第44章:8929  第45章:8724  第46章:6680  第47章:7606  第48章:7448
          第49章:7624  第50章:8997  第51章:8939  第52章:6586  第53章:11843  第54章:13535
          第55章:8656  第56章:11002  第57章:6760  第58章:5625  第59章:5736  第60章:5172
          第61章:3974  第62章:9028  第63章:4356  第64章:5159  第65章:3683  第66章:11450
          第67章:8982  第68章:11581  第69章:8372  第70章:8369  第71章:7086  第72章:5467
          第73章:9013  第74章:5842  第75章:6295  第76章:11975  第77章:7232  第78章:9128
          第79章:5310  第80章:8331  第81章:5368  第82章:10506  第83章:7124  第84章:7476
          第85章:7688  第86章:2662  第87章:8058  第88章:10358  第89章:8343  第90章:6559
          第91章:9889  第92章:10308  第93章:10990  第94章:6338  第95章:6443  第96章:6380
          第97章:6051  第98章:6921  第99章:6801

13:05:14  霸总语录 (元气少女猪霸天) [完结+番外]  152p→183章  1330KB  OK
          https://www.52shuku.net/gl/21_b/bkbIp.html
          第1章 霸总雏形:2140  第2章 顾今安这个显眼包:1716  第3章 她长的可真俊啊:3603  第4章 霸式登场:1855  第5章 心动对象:2315  第6章 心动卡片:2186
          第7章 四颗小心心:2000  第8章 角色演绎:3214  第9章 经费爆炸:2119  第10章 她的公主:2054  第11章 顾怼怼上线:2154  第12章 大聪明男主:2031
          第13章 疼痛转移:2046  第14章 兵符？拿来吧你:2159  第15章 相见:2255  第16章 抢个亲吧！:2465  第17章 真心话大冒险:2611  第18章 安慰:1459
          第19章 威胁:2089  第20章 约会进行时:2073  第21章 真正的世界:2079  第22章 组队:2228  第23章 懊恼:2003  第24章 重新分组:2094
          第25章 成功会师:2100  第26章 木头开窍:2397  第27章 纯情的小顾总:2278  第28章 任务环节:2040  第29章 粉圈大战:2086  第30章 弹幕大战:2214
          第31章 心动进行时:2090  第32章 你对我是什么感觉:2180  第33章 信件丢失:1907  第34章 cpu抢修中:2629  第35章 约定:2241  第36章 告白:2857
          第37章 同眠:1465  第38章 你俩不对劲:4227  第39章 翻车:2211  第40章 承诺:2809  第41章 气运转移:2020  第42章 热评第一:2388
          第43章 舆论崩塌:2347  第44章 分别:1747  第45章 回家:2394  第46章 觉醒:2544  第47章 探班:2052  第48章 杀青:2360
          第49章 诱惑:1533  第50章 解约:3530  第51章 奖励呢:1944  第52章 心意:2113  第53章 天凉王破吧:2159  第54章 扒舞:2174
          第55章 社死:2093  第56章 关键人物出现:2422  第57章 抄袭?:2814  第58章 重生:2988  第59章 中病毒了?:1630  第60章 绿茶！！:2171
          第61章 受挫:2769  第62章 五一特辑！！:1816  第63章 霸总标配:2116  第64章 棋逢对手:2018  第65章 偶像包袱:2193  第66章 杜绝食物浪费:2120
          第67章 仙侠剧本:2523  第68章 抽象试镜法:1657  第69章 进组:2062  第70章 改剧本:2004  第71章 诗朗诵:2345  第72章 见父母:1867
          第73章 新型play:1974  第74章 关键人物现身:2066  第75章 学生时代:2769  第76章 美梦:1539  第77章 小三与渣男:2166  第78章 开始清算:1874
          第79章 恶果:2233  第80章 综艺:2327  第81章 草莓味:2024  第82章 暴露:2019  第83章 内鬼！:2397  第84章 学习情况:1676
          第85章 复习:2250  第86章 报复:2536  第87章 大女子主义:2656  第88章 仙侠杀青:1965  第89章 搬家:2235  第90章 同居:1910
          第91章 珍惜时间:2288  第92章 宴会:1681  第93章 取死之道:4104  第94章 姐姐:3668  第95章 新综艺:1562  第96章 《逃跑进行时》:2579
          第97章 欧皇与非酋:2275  第98章 大腿:1755  第99章 她追，她逃:2379  第100章 休息:1682  第101章 自我cpu:2000  第102章 遇袭:2214
          第103章 四杀:4127  第104章 叫姐姐:4044  第105章 老六小队:2450  第106章 盖衣服play:1712  第107章 睁一只眼，闭一只眼:2319  第108章 大吉大利，今晚吃鸡:2061
          第109章 每天一小撩:1671  第110章 系统劝学:2638  第111章 翻车进行时:2247  第112章 努力工作:1848  第113章 认亲:2122  第114章 我们仨:2147
          第115章 傍大款:2249  第116章 最后一个:1825  第117章 见家长.:4003  第118章 最爱的是什么？:4020  第119章 研读剧本.:2311  第120章 天热沈破:1911
          第121章 《逃跑进行时》第二期:1460  第122章 暗城:2750  第123章 《丧尸围城》:1758  第124章 高空降落:2401  第125章 暴露.:1914  第126章 空投.:2149
          第127章 玩火:3461  第128章 出门开干:2425  第129章 节目效果拉满:2318  第130章 追击战:4001  第131章 故意找茬?:1970  第132章 开城门:2094
          第133章 结婚证件照:2190  第134章 角色play:2147  第135章 老婆:1640  第136章 进组.:1715  第137章 开拍:1683  第138章 唇友谊:4017
          第139章 坐实恋情?:4007  第140章 草莓味的糖果:2653  第141章 老婆演的真好:1875  第142章 顾扒皮:1925  第143章 秀一下:2276  第144章 狂徒四号:4212
          第145章 社死现场.:1642  第146章 舆论.:2363  第147章 吃早饭:1601  第148章 罢免:2741  第149章 宣传:2341  第150章 吃瓜:1715
          第151章 新剧本:4118  第152章 运气:1962  第153章 毕业典礼:2102  第154章 偷感系女友:2730  第155章 入戏:1314  第156章 综艺杀手:4084
          第157章 买礼物:4083  第158章 “舔狗”:2379  第159章 分不清:1639  第160章 掉马甲:1917  第161章 恋爱禁地:2207  第162章 礼物:4293
          第163章 社死.:2839  第164章 以公谋私:1436  第165章 吻戏:2326  第166章 玉石:1828  第167章 病娇的心声:2178  第168章 小偷系情侣:2201
          第169章 布置生日:2162  第170章 生日快乐，江涩笙:2176  第171章 情侣吊坠:1431  第172章 生气:2073  第173章 分离焦虑:2127  第174章 窥视:1011
          第175章 想老婆日记:1055  第176章 宣传.:1627  第177章 提问:1339  第178章 定情美食:1496  第179章 最后的0.01:1294  第180章 求婚进行时1:2031
          第181章 求婚进行时2:2468  第182章 求婚进行时3:1768  第183章 官宣（大结局）:25774

13:06:34  穿书后目标是女配 (一只汤碗) [完结+番外]  211p→200章  1914KB  OK
          https://www.52shuku.net/gl/21_b/bkbIo.html
          第1章 穿越就打脸:2339  第2章 经典楼梯戏码:3429  第3章 新同桌:2379  第4章 辅导:2893  第5章 陈家:3733  第6章 兑换奖励:4205
          第7章 我想和你一起:3883  第8章 音乐节:3626  第9章 你就是和我姐组CP的人？:4200  第10章 你怎么什么都会？:4210  第11章 羽毛球:4785  第12章 还有你不会的？:4553
          第13章 舞会:4858  第14章 她的祈愿:4100  第15章 折扣越多，买的越多:4313  第16章 你不想给她点颜色看看吗？:4872  第17章 礼物:4366  第18章 你喜不喜欢他？:4052
          第19章 达成合作:4278  第20章 剧本:4989  第21章 余家:4200  第22章 元旦联欢会:6870  第23章 继续加油:4382  第24章 抢人台词:4531
          第25章 生病:4262  第26章 拜个早年:4174  第27章 除夕:5147  第28章 舍友:4270  第29章 帝都一中:4744  第二章任务楼梯事件，+5好感度，+10积分:0
          第三章:完成任务楼梯事件，好感度-25，积分10:6  第四章购买倾听器10积分，当前积分0:0  第五章:完成任务小测验，好感度-20，积分10，额外奖励2点好感度，5积分（一般上升2点好感度就奖励5积分，若是上升大于等于3点好感度时按照2的倍数来奖励积分，eg.上升3点好感度，奖励3*2=6积分）当前好感度-18，15积分，后到陈家做午饭获得3点好感度，6积分，当前好感度-15，21积分:0  第七章额外奖励2好感度，5积分，当前好感度-13，26积分:22  第八章任务音乐节完成，好感度-8，21积分:0  第十章额外奖励2点好感度，5积分，当前好感度-6，26积分:442
          第30章 困境:4124  第31章 反转:4829  第32章 孟家的疯狗:4015  第33章 巧你个头！:4082  第34章 警告:4110  第35章 一声道歉:5564
          第36章 决赛:4118  第37章 马场:4414  第38章 调查:4226  第39章 紫色飞燕草:4452  第40章 儿童福利院:4218  第41章 篝火晚会:4380
          第42章 逛街:4052  第43章 系统空间:4240  第44章 奇怪的记忆:2075  第45章 家长会:2237  第46章 游轮派对:4039  第47章 临时出逃:4597
          第48章 鬼片:4263  第49章 约顿中学:4125  第50章 霓裳羽衣:4079  第51章 邓恩博物馆:2858  第52章 入学考试（副cp）:1460  第53章 生日惊喜:4563
          第54章 运动会:4293  第55章 报复:4084  第56章 纠结:4026  第57章 18岁:4210  第58章 变故:4026  第59章 有一个朋友:4033
          第60章 下雪:3285  第61章 正无穷:1819  第62章 不想离开:1203  第63章 奖励:1264  第64章 可恶至极:1033  第65章 回家:1009
          第66章 新的一年:1148  第67章 看榜趣事（副CP）:1094  第68章 捍卫我的cp:1400  第69章 抽奖:1449  第70章 送上门（傅霖cp，不喜可跳过）:1061  第71章 分配问题:1129
          第72章 雪山:1152  第73章 温泉:1061  第74章 雪村:4007  第75章 坦白:4036  第76章 你在干什么？:4189  第77章 过往:4073
          第78章 岁岁平安:4148  第79章 第一选择:4020  第80章 意外:4007  第81章 电话:4000  第82章 百日誓师大会:4066  第83章 放松:4346
          第84章 冲刺:4449  第85章 等到再次见面:4506  第86章 这些年:4009  第87章 Lovien:4504  第88章 她的温柔:4001  第89章 办公室:4034
          第90章 家宴:2107  第91章 吃醋:1939  第92章 选角:2435  第93章 剧组:1597  第94章 秋风传媒:4099  第95章 寿宴:4030
          第96章 杀青宴:2557  第97章 对峙:1506  第98章 下雨天:4002  第99章 老板员工抱团走:4021  第100章 办公大本营:4026  第101章 孤岛生存:4014
          第102章 喜提热搜:4050  第103章 炊烟等于硝烟:4005  第104章 掌管沉默的神:4031  第105章 荒岛探险:4083  第106章 地下密室:4011  第107章 烧烤派对:6041
          第108章 劈波斩浪:6003  第109章 事情有些不对劲:3054  第110章 海边舞台:3034  第111章 超越一切上限:3306  第112章 告别海岛:2694  第113章 母校:4304
          第114章 前程似锦:4016  第115章 办公小食屋:4024  第116章 粉底液的正确用法:2521  第117章 不准上床！:4011  第118章 小食店第一天营业:4032  第119章 猪蹄子:4001
          第120章 奇妙的关系:4043  第121章 表现评估:4010  第122章 任务难度升级:4043  第123章 三百块钱挑战:4040  第124章 场外求救:4017  第125章 出现问题:4064
          第126章 调查困境:4011  第127章 主导:4022  第128章 结束:4107  第129章 你的外卖已送达:4047  第130章 真人CS:4019  第131章 活爹！真不是我们！:95
          第130章的内容就是CS比赛啦，大家可以先猜一猜谁会赢~（我觉得挺好猜的哈哈哈~）:3966  第132章 游乐场:4251  第133章 乡下:4043  第134章 加入今朝:4016  第135章 突发事件:4084  第136章 官宣:4080
          第137章 祝福:4028  第138章 出发:4011  第139章 惩罚:4012  第140章 任务完成:4015  第141章 换我奔向你:4010  第142章 逆天开局:4076
          第143章 信我准没错！:165  第142章写的是孙川想潜|规|则陈岁颐，然后被陈岁颐等人化解（我应该写的挺明显的嘿）]:3822  第144章 好一个耳光:4046  第145章 软磨硬泡:129  第144章的内容就是陈岁颐写好了剧本然后交给魏柠暄，开始完成魏柠暄提出的条件，至于标题嘛......懂得都懂嘿哈哈哈哈哈哈~]:3810  第146章 女主出现！:160
          第145章的内容就是魏柠暄和陈岁颐一起试了一段戏，魏柠暄惊奇地发现自己演女主好像可以，但是有些不太自信，陈岁颐就打算给魏柠暄来一点小小的表演特训~]:3897  第147章 剧情改变:4052  第148章 悸动:81  第147章依旧是补不完了......]:3921  第149章 处决:163  第146章写完之后发现有些剧情要放到后面的章节，等补完后具体跟大家说明！:0
          第148章的内容嘛......就是跟第148章的标题一样哦~]:3775  第150章 质疑声音:152  第149章明天继续补！内容无非就是探监的过程，魏柠暄和魏家大哥对峙，顺道又去了趟私人疗养院，“看望”自己的已经确诊精神病的弟弟......]:3784  第151章 你叫我什么？:111  第150章的后续内容就是魏柠暄找了那几个在背后说人闲话的家伙好好教训了一顿，让她们彻底老实，有了把陈岁颐彻底签入进公司的念头，然后和陈岁颐对戏加班......]:3810  第152章 同床共枕:4048
          第153章 原cp变死对头？:170  第152章的同床共枕，就是在拍摄过程中躺在一张床上啦~]:3804  第154章 阻止:4037  第155章 追求:169  第154章的内容是陈岁颐暗地里阻止魏柠暄相亲一事，时不时冒出来掺一脚，帮魏柠暄摆脱了相亲对象的纠缠，两个人的气氛也有些微妙......]:3914  第156章 时间的打磨:84
          第155章就是陈岁颐跟魏柠暄告白后展开一系列攻势，魏柠暄被陈岁颐的追求弄得有些手足无措，一时间不知道怎么面对陈岁颐......]:3955  第157章 请相信我:98  第156章的内容就是魏柠暄和陈岁颐的极限拉扯，但是中途出现了一些问题，让网剧拍摄陷入了危机......]:3893  第158章 网剧杀青:90  第157章嘛，就是大家比较期待的剧情～（不是恢复记忆哈，还没有那么快......）]:3871  第159章 戒指:84
          第158章的后续内容就是杀青宴结束，陈岁颐要兑现给魏柠暄的礼物啦，至于是什么呢.....当然是洋柿子不让写的东西吼吼吼～:3859  第160章 噩梦:76  第159章的后续内容就是魏柠暄把那枚戒指戴在自己身上，时黎发现后先是觉得那枚戒指很是眼熟，后来死去的记忆又活了过来.....]:3878  第161章 失火:78  第160章就是把第159章没写完的补一下，然后起床之后的有关集团上的事情～]:3899  第162章 危机:72
          第161章后续内容是大火扑灭后查找着火的原因，警察做笔录，清点病人数量，结果发现有人失踪不见，星宇集团突发情况......]:3879  第163章 亲不着:61  第162章的内容就是魏柠暄和陈岁颐一起想办法找出集团的内鬼，但是只是抓到了一些小人物，魏柠暄感觉背后肯定有人，魏书言的下落依旧不明......]:4100  第164章 你最重要:82  第163章魏柠暄知道为了让那些反对自己的董事服气，就要获得黄老的认可，便准备出国去拜访黄老，但是归期未定。:3865  第165章 改革推行:97
          第164章就是魏柠暄得到了黄老的支持，和陈岁颐在大合众国度过新年，然后回国准备召开董事会议......]:3883  第166章 计划求婚:4013  第167章 等不了了:4021  第168章 回到我们相遇的世界:4265  第169章 番外 婚纱照:2446  第170章 番外 来信与婚礼:2009
          第171章 番外 时空的赠礼1:2329  第172章 番外 时空的赠礼2(全文完):3625

13:07:34  帕森之犬 (pillworm) [完结]  149p→135章  1327KB  OK
          https://www.52shuku.net/gl/21_b/bkbIk.html
          第1章:2628  第2章:2718  第3章:3750  第4章:2186  第5章:4459  第6章:4839
          第7章:3267  第8章:2416  第9章:2577  第10章:2169  第11章:2244  第12章:2505
          第13章:2392  第14章:3056  第15章:2343  第16章:2325  第17章:3027  第18章:3715
          第19章:2451  第20章:3747  第21章:3223  第22章:3018  第23章:3255  第24章:2847
          第25章:2020  第26章:2426  第27章:3346  第28章:7414  第29章:3276  第30章:2538
          第31章:2588  第32章:2682  第33章:2053  第34章:2310  第35章:5596  第36章:3273
          第37章:3170  第38章:2320  第39章:5584  第40章:4357  第41章:2160  第42章:2046
          第43章:3848  第44章:4186  第45章:3147  第46章:3961  第47章:2673  第48章:3647
          第49章:3432  第50章:4063  第51章:2187  第52章:2429  第53章:2914  第54章:2311
          第55章:2699  第56章:3340  第57章:2653  第58章:3117  第59章:2418  第60章:4768
          第61章:4824  第62章:2409  第63章:3139  第64章:2583  第65章:3152  第66章:4663
          第67章:3883  第68章:2968  第69章:4344  第70章:2773  第71章:7028  第72章:2773
          第73章:2082  第74章:4035  第75章:4745  第76章:2939  第77章:2247  第78章:3378
          第79章:5703  第80章:2019  第81章:2541  第82章:2845  第83章:3330  第84章:3537
          第85章:2515  第86章:2258  第87章:2048  第88章:2858  第89章:2895  第90章:2943
          第91章:9604  第93章:2068  第94章:3605  第95章:2027  第96章:2469  第97章:3339
          第98章:2527  第99章:2820  第100章:4142  第101章:2984  第102章:2350  第103章:4276
          第104章:3663  第105章:3474  第106章:3279  第107章:3584  第108章:3178  第109章:2741
          第110章:2755  第111章:2737  第112章:4346  第113章:3154  第114章:2502  第115章:2346
          第116章:4241  第117章:3793  第118章:2445  第119章:2327  第120章:3406  第121章:3338
          第122章:3145  第123章:2544  第124章:3659  第125章:3455  第126章:3688  第127章:2850
          第128章:3955  第129章:2653  第130章:3591  第131章:2349  第132章:3809  第133章:7585
          第134章:2536  第135章:2175  第136章 【完结】:5062

13:08:58  实庚记 (豆可逗) [完结+番外]  222p→177章  2013KB  OK
          https://www.52shuku.net/gl/20_b/bkbHR.html
          第1章 虚假的兄妹情:1836  第2章 为奴:3558  第3章 教训:4122  第4章 寿宴（上）:3861  第5章 寿宴（下）:2522  第6章 不走:2834
          第7章 误会:3326  第8章 逛街:5856  第9章 结拜:4115  第10章 追杀:5298  第11章 暴露:4008  第12章 客卿:2361
          第13章 回忆:3251  第14章 替婚（上）:3762  第15章 替婚（中）:4992  第16章 替婚（下）:6484  第17章 相逢:3749  第18章 云燕坠:2941
          第19章 决定:1988  第20章 小渭城:4379  第21章 河神:1777  第22章 集会:3203  第23章 逛集会:2016  第24章 客栈:1990
          第25章 河神降罪:2142  第26章 慰河神:2348  第27章 调查:3263  第28章 夜行:2983  第29章 香:2172  第30章 焚烧:3152
          第31章 入庙:2211  第32章 幻境:2444  第33章 交战:2863  第34章 拥抱:3768  第35章:2661  第36章:2728
          第37章:2834  第38章:3234  第39章:2788  第40章:2596  第41章:3178  第42章:3300
          第43章:2972  第44章:2093  第45章:2094  第46章:4811  第47章:3605  第48章:2626
          第49章:2521  第50章:2255  第51章:2694  第52章:2811  第53章:3174  第54章:2968
          第55章:3496  第56章:2277  第57章:2980  第58章:2977  第59章:2797  第60章:2988
          第61章:3640  第62章:2709  第63章:3374  第64章:2592  第65章:3179  第66章:2159
          第67章:4853  第68章:2051  第69章:2783  第70章:2702  第71章:4173  第72章:2196
          第73章:2164  第74章:3134  第75章:2512  第76章:2576  第77章:3883  第78章:3039
          第79章:4799  第80章:3321  第81章:2812  第82章:3166  第83章:4003  第84章:2975
          第85章:2455  第86章:4978  第87章:3345  第88章:3190  第89章:3349  第90章:2726
          第91章:3840  第92章:4734  第93章:4880  第94章:3247  第95章:3270  第96章:4917
          第97章:4511  第98章:5086  第99章:5334  第100章:6303  第101章:3925  第102章:2790
          第103章:5513  第104章:6384  第105章:4393  第106章:3813  第107章:4812  第108章:3568
          第109章:3784  第110章:4062  第111章:2693  第112章:5077  第113章:3747  第114章:3287
          第115章:4165  第116章:4298  第117章:4099  第118章:4511  第119章:4746  第120章:4912
          第121章:6845  第122章:8399  第123章:2273  第124章 番外篇:5129  第125章 番外:14667  第126章:3361
          第127章:5339  第128章:4507  第129章:5615  第130章:2503  第131章:3051  第132章:2946
          第133章:2405  第134章:2852  第135章:4602  第136章:6284  第137章:3284  第138章:5961
          第139章:6187  第140章:4736  第141章:3264  第142章:2663  第143章:4247  第144章:5710
          第145章:4225  第146章:6148  第147章:3996  第148章:4520  第149章:3435  第150章:4129
          第151章:3955  第152章:6415  第153章:5625  第154章:3234  第155章:4602  第156章:4495
          第157章:4672  第158章:4757  第159章:4232  第160章:3601  第161章:3699  第162章:3531
          第163章:3184  第164章:3721  第165章:4741  第166章:4582  第167章:4013  第168章:3463
          第169章:4363  第170章:2732  第171章:4559  第172章:4872  第173章:3025  第174章:3738
          第175章:3176  第176章:5082  第177章:4463

13:09:14  你别撩我了 (摸黑的文子) [完结]  43p→46章  370KB  OK
          https://www.52shuku.net/gl/20_b/bkbHQ.html
          第1章:3222  第2章:2760  第3章:3003  第4章:3011  第5章:3005  第6章:2901
          第7章:2995  第8章:3043  第9章:2819  第10章:2231  第11章:2942  第12章:1582
          第13章:2190  第14章:2634  第15章:3016  第16章:2807  第17章:2666  第18章:2883
          第19章:4001  第20章:3772  第21章:3390  第22章:3517  第23章:2979  第24章:2244
          第25章:2181  第26章:3191  第27章:3049  第28章:2949  第29章:3011  第30章:2069
          第31章:2046  第32章:2184  第33章:2169  第34章:2171  第35章:2177  第36章:2196
          第37章:2178  第38章:2187  第39章:2175  第40章:2171  第41章:2393  第42章:2545
          第43章:2179  第44章:2205  第45章:2188  第46章:2234

13:09:34  植物休眠期 (巴士别塔) [完结]  39p→41章  343KB  OK
          https://www.52shuku.net/gl/20_b/bkbHt.html
          第1章 两色芋:3022  第2章 五彩芋:3048  第3章 槲寄生:3958  第4章 虎皮兰:3039  第5章 水葫芦:3042  第6章 六月雪:3289
          第7章 细叶榕:2157  第8章 四叶草:2971  第9章 天竺葵:2124  第10章 茉莉花:3064  第11章 大榕树:2345  第12章 养植物:3214
          第13章 蒲公英:2278  第14章 蒙太奇:2001  第15章 手铐:2617  第16章 植物冕礼:1982  第17章 一叶舟:1874  第18章 臆想植物:2090
          第19章 太阳湾:3516  第20章 吻遍:3571  第21章 刺猬:2248  第22章 梅子酒:2545  第23章 夜晚愉快:2277  第24章 白鹤芋:2153
          第25章 悸动的吻:2056  第26章 心扉:2349  第27章 最后时刻:2320  第28章 薄雾散去:2185  第29章 悬浮的云:2201  第30章 陨石眼泪:2246
          第31章 等待船只:3094  第32章 礁石:2034  第33章 幻觉动物:2752  第34章 冬日倒计时:2725  第35章 缄默的雪:3407  第36章 告白诗:3863
          第37章 束缚:3139  第38章 爱神:3862  第39章 又一个夏天:2880  第40章 告白信:3341  第41章 正文完:3804

13:10:10  公主殿下，那鲨鱼崽子又跑了 (当个哩个当) [完结]  92p→84章  788KB  OK
          https://www.52shuku.net/gl/19_b/bkbGY.html
          第1章 东海海怪:3113  第2章 东海猛兽:3095  第3章 那鱼完了……:3046  第4章 “我便为你赐姓东冥，名浮月，东冥浮月”:3081  第5章 它给它，吃了！！！:3001  第6章 “我能活到现在，全靠命硬！”:3062
          第7章 “涂钦长安，擅自饲养凶兽，你该当何罪？”:3081  第8章 “注意用词，我是东海猛兽”:3228  第9章 “你小小年纪，是饿了馋了，还是好色？”:3520  第10章 “鲛人琉璃被渔民捞走了！”:3091  第11章 “不克扰数！窝闷灯神夜是有原则滴”:3159  第12章 “已经割了三片鳞片，你，没事吧？”:3025
          第13章 这一切属于他们的凝视，他们，该死……”:3087  第14章 “你们刚好给和尚当配菜”:3081  第15章 狐妖:3021  第16章 天外有天，仙外有仙:3015  第17章 天降洪水:3042  第18章 神像轰塌:3026
          第19章 天劫:3074  第20章 昆仑山:3079  第21章 真相:3071  第22章 本道赐你一名，名为禹阿佑:3039  第23章 拜师:3044  第24章 下山:3029
          第25章 大考之前:3108  第26章 真相:3052  第27章 “我是小月儿啊！你不认识我了！”:3092  第28章 “犯法又如何，我甘愿奉陪到底！”:3062  第29章 我若今日不来，又怎会知道这丫头无恶不作滥杀无辜呢？:3034  第30章 “就凭你这个样子还想留在长安公主身边吗？”:3031
          第31章 禹阿佑重生:3016  第32章 “禹阿佑，不想当这个掌事司特使”:3030  第33章 “后会有期，御风师大人”:3002  第34章 “裴星司愿意给国师当牛做马毫无怨言”:3031  第35章 “我们此次来古安，是为了见一个人”:3099  第36章 “可世间还有一句古话，不忘初心”:3027
          第37章 “你们真有办法治好吾儿的跛脚？”:3033  第38章 “国师大人确实能力非凡，但陛下的心思可不简单”:3012  第39章 “她本不是你的心魔”:3039  第40章 入宫施针:3025  第41章 差点就变成鱼干了……:3022  第42章 “阿姐，玉如意先借我用用”:3043
          第43章 一念成仙，一念成魔:3026  第44章 “母后不会要食言吧”:3051  第45章 大事吗？一切都在她的掌控之中:3051  第46章 倒反天罡:3072  第47章 大霄国的真相:3058  第48章 “这算不算是奢求呢……”:3107
          第49章 “她这才明白，自己中了她的道”:3077  第50章 “你不是说，你不会救我吗？”:3023  第51章 让猴子管蟠桃园，无异于把老鼠丢进米缸:3114  第52章 “在下姓宴，名文雪”:3098  第53章 临近酆都惊魂起:3009  第54章 “邀请诸位入怨鬼之梦”:3163
          第55章 通衢傅家:3224  第56章 初入傅府:3030  第57章 扮猪吃老虎？:3023  第58章 “叔叔救我！！！:3063  第59章 争吵:3011  第60章 “你们来自古安，不是来自江南吗？”:3080
          第61章 “我斗胆请姑娘前来，求一桩生意”:3023  第62章 “是宴文雪出事了”:3085  第63章 “我的野心很大”:3013  第64章 “什么人面子这么大！”:3054  第65章 品茶会:3033  第66章 小团月:3047
          第67章 往昔:3042  第68章 大火过后:3017  第69章 “沈彻，我不该信你”:3016  第70章 大火:3024  第71章 回九重天:3008  第72章 小月儿不愿意，不想，不行:3046
          第73章 “你，叫什么名字？”:3049  第74章 蟠桃园之乱:3005  第75章 东荞:3003  第76章 动心弦:3028  第77章 蟠桃已始:3040  第78章 嚣张，太嚣张了！:3045
          第79章 与妖猴大战:3017  第80章 “陛下，借着此次机会，我想上奏一件事”:3092  第81章 “此事，朕自然要严查！”:3001  第82章 “涂钦长安，你可知罪？”:3037  第83章 坠落:3117  第84章 “我叫，东冥浮月”:3266

13:10:29  师姐有条蛇尾巴[穿书] (欲馋) [完结]  49p→36章  420KB  OK
          https://www.52shuku.net/gl/18_b/bkbGa.html
          第1章:3304  第2章:3173  第3章:2962  第4章:4387  第5章:3379  第6章:3794
          第7章:2545  第8章:4112  第9章:3794  第10章:3889  第11章:3642  第12章:4996
          第13章:2706  第14章:2946  第15章:3265  第16章:3088  第17章:5369  第18章:6639
          第19章:4361  第20章:4795  第21章:3446  第22章:3490  第23章:4180  第24章:3377
          第25章:3826  第26章:3315  第27章:3676  第28章:3246  第29章:4097  第30章:3334
          第31章:2838  第32章:3248  第33章:2694  第34章:3412  第35章:5302  第36章:8271

13:10:50  揣崽后情敌火葬场了(娱乐圈) (斯文有料) [完结]  45p→38章  386KB  OK
          https://www.52shuku.net/gl/18_b/bkbFZ.html
          第1章:3399  第2章:4428  第3章:4032  第4章:3168  第5章:3123  第6章:4094
          第7章:3269  第8章:3699  第9章:2229  第10章:2660  第11章:3189  第12章:2926
          第13章:2692  第14章:2216  第15章:2643  第16章:3025  第17章:2494  第18章:3224
          第19章:2192  第20章:3532  第21章:5118  第22章:3413  第23章:2594  第24章:2544
          第25章:4355  第26章:3838  第27章:4323  第28章:4973  第29章:3119  第30章:4505
          第31章:3569  第32章:5061  第33章:2987  第34章:2084  第35章:3771  第36章:3187
          第37章:3186  第38章:3180

13:12:06  炮灰但万人迷 (飞飛) [完结]  196p→150章  1753KB  OK
          https://www.52shuku.net/gl/18_b/bkbFY.html
          第1章:2350  第2章:2187  第3章:2704  第4章:2301  第5章:2309  第6章:2492
          第7章:2270  第8章:2710  第9章:2672  第10章:2451  第11章:2722  第12章:3433
          第13章:2242  第14章:2514  第15章:2483  第16章:2412  第17章:2131  第18章:2385
          第19章:2067  第20章:2546  第21章:2159  第22章:2471  第23章:2065  第24章:2041
          第25章:2058  第26章:2163  第27章:10254  第28章:3197  第29章:3182  第30章:3216
          第31章:3286  第32章:6200  第33章:6170  第34章:6217  第35章:6252  第36章:6189
          第37章:6201  第38章:6017  第39章:6089  第40章:6169  第41章:6003  第42章:6218
          第43章:6185  第44章:6178  第45章:6003  第46章:6010  第47章:6052  第48章:6016
          第49章:6199  第50章:6173  第51章:6171  第52章:6021  第53章:6510  第54章:6543
          第55章:6190  第56章:6053  第57章:6391  第58章:6048  第59章:6036  第60章:6082
          第61章:6092  第62章:6227  第63章:6034  第64章:6202  第65章:6201  第66章:6045
          第67章:6368  第68章:6069  第69章:6092  第70章:6016  第71章:3211  第72章:6102
          第73章:6028  第74章:3956  第75章:3059  第76章:3204  第77章:3038  第78章:3322
          第79章:3203  第80章:3179  第81章:3173  第82章:3214  第83章:3198  第84章:3041
          第85章:3179  第86章:3182  第87章:3192  第88章:3189  第89章:3274  第90章:3226
          第91章:3036  第92章:3180  第93章:3253  第94章:3083  第95章:3046  第96章:3188
          第97章:3040  第98章:3207  第99章:3222  第100章:3187  第101章:3008  第102章:3542
          第103章:3203  第104章:3070  第105章:3194  第106章:3016  第107章:3258  第108章:3020
          第109章:3182  第110章:3004  第111章:3532  第112章:3173  第113章:2669  第114章:2812
          第115章:2276  第116章:2208  第117章:3227  第118章:3287  第119章:3170  第120章:3278
          第121章:3229  第122章:3182  第123章:3174  第124章:3013  第125章:3214  第126章:3037
          第127章:3034  第128章:3252  第129章:3266  第130章:3184  第131章:3202  第132章:3186
          第133章:3549  第134章:3178  第135章:3187  第136章:3193  第137章:3179  第138章:3189
          第139章:3190  第140章:3181  第141章:3180  第142章:3015  第143章:3171  第144章:3039
          第145章:3004  第146章:3225  第147章:3168  第148章:3185  第149章:3029  第150章:3542

13:12:32  荷忌GL (我我我心匪石) [完结]  59p→52章  522KB  OK
          https://www.52shuku.net/gl/18_b/bkbFX.html
          第1章:3326  第2章:3332  第3章:4021  第4章:3212  第5章:3141  第6章:3925
          第7章:2146  第8章:1826  第9章:3853  第10章:2317  第11章:3584  第12章:3749
          第13章:4176  第14章:4678  第15章:3303  第16章:2611  第17章:3652  第18章:2709
          第19章:2739  第20章:3642  第21章:3359  第22章:3209  第23章:3072  第24章:3586
          第25章:3226  第26章:3253  第27章:3237  第28章:3244  第29章:3674  第30章:3543
          第31章:3981  第32章:3002  第33章:2914  第34章:3555  第35章:3344  第36章:4226
          第37章:3321  第38章:3561  第39章:3002  第40章:2717  第41章:2888  第42章:3180
          第43章:3234  第44章:3506  第45章:3312  第46章:3617  第47章:2821  第48章:3364
          第49章:3574  第50章:3292  第51章:3601  第52章:3575

13:13:04  顶流女星被黑上热搜后 (衿霜华) [完结+番外]  82p→69章  709KB  OK
          https://www.52shuku.net/gl/18_b/bkbFW.html
          第1章:4003  第2章:3587  第3章:3681  第4章:3163  第5章:3143  第6章:3353
          第7章:3442  第8章:3618  第9章:3378  第10章:4659  第11章:3738  第12章:3460
          第13章:3667  第14章:3189  第15章:3177  第16章:3278  第17章:2817  第18章:3013
          第19章:3380  第20章:3281  第21章:3268  第22章:3395  第23章:3314  第24章:3164
          第25章:3567  第26章:4931  第27章:3362  第28章:3552  第29章:2909  第30章:3274
          第31章:3321  第32章:3344  第33章:2679  第34章:5444  第35章:3383  第36章:3132
          第37章:3153  第38章:3168  第39章:3352  第40章:3410  第41章:3358  第42章:3250
          第43章:3187  第44章:3173  第45章:2650  第46章:3366  第47章:3326  第48章:3104
          第49章:3287  第50章:3664  第51章:5720  第52章:6093  第53章:3900  第54章:3062
          第55章:3200  第56章:2859  第57章:2600  第58章:3101  第59章:2570  第60章:2772
          第61章:3033  第62章:3223  第63章:3057  第64章:3085  第65章:3231  第66章:3524
          第67章:3076  第68章:4121  第69章:2534

13:13:46  末世后和死对头同居了 (和曲) [完结]  107p→73章  908KB  OK
          https://www.52shuku.net/gl/18_b/bkbFQ.html
          第1章 第 1 章 8月11日，17点2……:3053  第2章 第 2 章 包间里两张餐桌，其他……:3082  第3章 第 3 章 “说吧。”坐上车的师……:3055  第4章 第 4 章 “什么？” ……:3088  第5章 第 5 章 久违的亲近像一把钥匙……:3108  第6章 第 6 章 “麻烦……” 万俟韵……:3032
          第7章 第 7 章 “你要去哪儿？” ……:3046  第8章 第 8 章 浴室门关上的声音并不……:3047  第9章 第 9 章 这个理由一点都站不住……:3097  第10章 第 10 章 手机屏幕上 “1……:3058  第11章 第 11 章 时间像是被无限拉……:3039  第12章 第 12 章 她用的气声，听起……:2065
          第13章 第 13 章 谁都不愿意放陌生……:2011  第14章 第 14 章 水流声淅淅沥沥，……:2040  第15章 第 15 章 笑声带着久违的松弛……:2070  第16章 第 16 章 万俟韵看见师青绾无……:2028  第17章 第 17 章 师青绾没再动了，……:2032  第18章 第 18 章 万俟韵轻轻吐出一口……:3071
          第19章 第 19 章 万俟韵的据理力争，……:2039  第20章 第 20 章 第二天两人不约而同……:2047  第21章 第 21 章 安琳的视线与师青绾……:2074  第22章 第 22 章 万俟韵的目光从衣……:2119  第23章 第 23 章 “你们大门坏了，现……:2040  第24章 第 24 章 热气在冷空气中氤氲……:2248
          第25章 第 25 章 这也太明目张胆了。……:10652  第26章 第 26 章 “你快出去，我要……:3140  第27章 第 27 章 万俟韵看见她后退半……:3212  第28章 第 28 章 门外，安琳的神色……:3162  第29章 第 29 章 平静地吃过一顿午饭……:3386  第30章 第 30 章 就这一两天的时间了……:3130
          第31章 第 31 章 被强硬拉去休息的……:3268  第32章 第 32 章 耳膜疯狂震动，砸……:3127  第33章 第 33 章 “有时候真不知道你……:3146  第34章 第 34 章 “绾绾。”万俟韵……:3186  第35章 第 35 章 师青绾看着腿上的礼……:3277  第36章 第 36 章 亲一下……真的没什……:3221
          第37章 第 37 章 她毫不犹豫地拔掉插……:3125  第38章 第 38 章 她眼神冷得像淬了……:3286  第39章 第 39 章 “不会。”万俟韵端……:3110  第40章 第 40 章 情况比她们想象中来……:3202  第41章 第 41 章 师青绾发现万俟韵状……:3217  第42章 第 42 章 久违的阳光将休息的……:5535
          第43章 第 43 章 万俟韵把桌上的食物……:3616  第44章 第 44 章 万俟韵的身体僵了……:4380  第45章 第 45 章 许若有点惊慌地看着……:6452  第46章 第 46 章 轮班换了两次，又到……:6849  第47章 第 47 章 “……好。” ……:6439  第48章 第 48 章 师青绾摇了摇头，任……:6557
          第49章 第 49 章 师青绾下意识看了一……:6581  第50章 第 50 章 运输食物的皮艇在……:6262  第51章 第 51 章 清淤完成的第三天，……:6459  第52章 第 52 章 师青绾这几天有点黏……:6309  第53章 第 53 章 日子一天天变好，手……:6660  第54章 第 54 章 “嘶~” ……:6370
          第55章 第 55 章 万俟韵晚上没有回家……:6259  第56章 第 56 章 师青绾用手肘轻轻往……:6432  第57章 第 57 章 宽敞的大床上，重复……:6327  第58章 第 58 章 师青绾的目光扫过被……:6370  第59章 第 59 章 难过了好久，师青绾……:6213  第60章 第 60 章 “让一让！紧急病人……:6387
          第61章 第 61 章 直到天光微亮，师青……:6317  第62章 第 62 章 “听到了。”万俟韵……:6302  第63章 第 63 章 不知不觉在-30……:6287  第64章 第 64 章 车子驶回小院，积……:6134  第65章 第 65 章 万俟韵看着外面的……:6373  第66章 第 66 章 “还有多久才到？……:6226
          第67章 第 67 章 一股邪火混着刺骨……:3191  第68章 第 68 章 师青云一条胳膊死……:4009  第69章 第 69 章 万俟韵抬头盯着她，……:3332  第70章 第 70 章 医院的大门就打开……:3171  第71章 第 71 章 师青绾稍稍安心，……:3342  第72章 第 72 章 “师青绾！你他妈……:3269
          第73章 第 73 章 后半夜……:3425

13:14:32  钓系女配训鱼日常 (素薇) [完结]  121p→94章  1025KB  OK
          https://www.52shuku.net/gl/18_b/bkbFP.html
          第1章 易大小姐:3135  第2章 无耻的骗子:3223  第3章 我抓到你了。:3804  第4章 “分手？”:2051  第5章 “所以你配不上。”:3067  第6章 是她出现的太晚:3039
          第7章 小莳老板:3115  第8章 “老师，我有吗？”:9098  第9章 徐惜鹤心思不纯:3385  第10章 她应变能力真强。:4114  第11章 她吻了一下:5733  第12章 你好了吗？:1948
          第13章 她不想走强制剧情:3631  第14章 你就是那个人脉:4119  第15章 “我送你？”:3641  第16章 我亲妹妹，速来。:3050  第17章 得偿所愿。:3507  第18章 进了狼窝:2116
          第19章 最多接受三个人:2465  第20章 你想睡一觉嘛？:5471  第21章 直视内心的欲望:5787  第22章 标特否:3380  第23章 你怎么不去当玩物？:2167  第24章 ‘等了你一整晚’:3150
          第25章 崔凌快要被她整死了:3386  第26章 最见不得光的身份:3263  第27章 “打我一下。”:3418  第28章 更深的触摸:3179  第29章 是她该叫的吗？:3207  第30章 我可以做外面那个:3282
          第31章 什么事能吓到她？:2903  第32章 吓到我了。:3051  第33章 “硬舔。”:3180  第34章 “为什么打她？”:3910  第35章 除非她加入。:3292  第36章 小莳姐姐:3279
          第37章 一些‘病情’:3824  第38章 不许对你姐姐这么凶:3284  第39章 她能容人。:3524  第40章 你说一下遗言:3260  第41章 她是去帮我的:3289  第42章 她为什么要来！:3233
          第43章 她也太会撒谎了。:3241  第44章 ‘主仆’往事:3279  第45章 等之后爱而不得……:3432  第46章 逃出生天:3297  第47章 凶凶地谈:3191  第48章 好没礼貌，好喜欢。:3309
          第49章 “你能先放开我吗？”:2898  第50章 【刚刚好想亲她。】:3338  第51章 姐姐的家长可都在:2947  第52章 “小莳睡了嘛？”:3330  第53章 姐姐可以帮我拍。:2692  第54章 一段强制剧情:3455
          第55章 当狗吗？:2939  第56章 送你更好的:3266  第57章 徐惜鹤是个大隐患:3236  第58章 “去见徐惜鹤？”:3246  第59章 到底怎么调成这样的？:2160  第60章 我从来都不喜欢她。:3302
          第61章 崔凌已经被我气死了:4428  第62章 “我找她算账去！”:3200  第63章 现在呢？跟徐惜鹤谈？:4251  第64章 “别听，不许听。”:3362  第65章 “你不能再见徐惜鹤。”:3281  第66章 徐惜鹤，你能帮我吗？:4269
          第67章 反派之间的惺惺相惜？:4411  第68章 你没有什么想要的吗？:3212  第69章 你会被她害死的:3585  第70章 “你知道她会追来？”:4052  第71章 让我们亲上加亲:5668  第72章 奶牛猫:3330
          第73章 万一易小姐需要她呢？:3950  第74章 姐姐真的…在意她。:3320  第75章 “没关系，来日方长。” “巧吗？”:3208  第76章 “姐姐，跟我谈恋爱吧。”:3195  第77章 是我最后的机会对吗？:3208  第78章 “配，很配。”:3345
          第79章 我们偷偷的。:3204  第80章 “你歇着，我亲。”:5420  第81章 “我爽。”:3189  第82章 “徐惜鹤，胆小鬼。”:3496  第83章 “我已经是了。”:2096  第84章 死病娇:6296
          第85章 徐惜鹤真的忍心吗？:3322  第86章 她要带走徐惜鹤。:6407  第87章 我能满足。:3270  第88章 98％。:3371  第89章 妹妹真的很像……变.态。:5643  第90章 徐惜鹤瘦的比她还多。:4749
          第91章 人呢人呢人呢？:5387  第92章 她一定被我迷住了。:3532  第93章 一见钟情:3161  第94章 “我舍不得。”:3204

13:14:59  绿茶A总爱喊我姐姐 (爱吃泡芙的桂花糕) [完结]  62p→58章  558KB  OK
          https://www.52shuku.net/gl/18_b/bkbFM.html
          第1章 痛吻已逝的自己:3945  第2章 我的挚爱:4384  第3章 以爱之名:3171  第4章 小心会吃月亮的猫:3104  第5章 小蒲公英我一直在:4110  第6章 密码是你的生日喔:4706
          第7章 我爱你，但我更爱我自己:3519  第8章 渴望在爱人的眼睛里度过余生:3088  第9章 我那肆意生长的爱意:3119  第10章 眼神对视是不经意间的接吻:3107  第11章 你好，我是君顾:3066  第12章 你的眼眸像爱过的人:3071
          第13章 你有追求爱人的权利:3093  第14章 我想追你:3010  第15章 只是我的私心罢了:3105  第16章 新“女朋友”:3015  第17章 你老婆不要你啦:3062  第18章 求收养:3166
          第19章 姐姐先扇我:3035  第20章 姐姐是香香的:3063  第21章 好喜欢你:3016  第22章 金屋藏娇:3012  第23章 姐姐开门，我是妹妹:3052  第24章 原来是地下恋情:3061
          第25章 姐姐，姐姐，跟我吃饭:3204  第26章 再见，我的暗恋:3040  第27章 姐姐，我们一起去旅行吧:3085  第28章 前任姐又在装深情了:3085  第29章 你是不是有喜欢的人了？:3019  第30章 什么？是单人床:3086
          第31章 君顾妹妹是不是很喜欢我啊~:3004  第32章 姐姐，可以跟你一起睡吗？:3031  第33章 姐姐是要亲我吗？:3090  第34章 全世界都知道你在追我:3033  第35章 闭嘴，吻我:3187  第36章 我可以咬你吗？:3036
          第37章 我可以追你吗？:3040  第38章 姐姐的手都是香香软软的:3114  第39章 不好意思，姐姐我叛变了:3135  第40章 姐姐你不乖哦~:3218  第41章 姐姐你怎么又跑了？:3112  第42章 只能做朋友吗？:3071
          第43章 陆茜，你真的爱我吗？:3037  第44章 想入侵你的信息素:3207  第45章 我们终将相爱:3055  第46章 姐姐美人出浴:3018  第47章 姐姐，我想接吻:3234  第48章 姐姐，有吻戏哦~:3075
          第49章 “姐姐今天在陪我哦～”:3229  第50章 是想我了吗？:3099  第51章 脖颈的一处咬痕:3183  第52章 手背吻·默许:3109  第53章 wink一下:3033  第54章 你是我老婆！:3105
          第55章 脖间咬痕:3047  第56章 会撒娇的女人最要命:3112  第57章 可以接吻吗？:3114  第58章 听话的小狗:3537

13:15:32  入局 (雲程) [完结]  80p→66章  723KB  OK
          https://www.52shuku.net/gl/17_b/bkbF9.html
          第1章:5327  第2章:3209  第3章:3447  第4章:6446  第5章:3574  第6章:4529
          第7章:3886  第8章:3429  第9章:4700  第10章:4306  第11章:3419  第12章:3907
          第13章:3741  第14章:3535  第15章:3215  第16章:4146  第17章:3136  第18章:3299
          第19章:3491  第20章:3098  第21章:3808  第22章:3236  第23章:3219  第24章:5080
          第25章:3090  第26章:3078  第27章:3768  第28章:3586  第29章:3218  第30章:3241
          第31章:3644  第32章:3090  第33章:3080  第34章:3389  第35章:3135  第36章:3530
          第37章:3506  第38章:3510  第39章:3369  第40章:3392  第41章:5224  第42章:3766
          第43章:3501  第44章:3617  第45章:3112  第46章:3096  第47章:3339  第48章:4003
          第49章:3560  第50章:3702  第51章:3462  第52章:3846  第53章:3541  第54章:4475
          第55章:3597  第56章:3762  第57章:3850  第58章:2206  第59章:2461  第60章:3535
          第61章:3221  第62章:3436  第63章:3539  第64章:3714  第65章:4043  第66章:3771

13:16:16  炽年长明 (氢氦理铍硼) [完结]  115p→99章  1042KB  OK
          https://www.52shuku.net/gl/17_b/bkbF6.html
          第1章 试课:3199  第2章 书房对峙:3353  第3章 相片:3561  第4章 聊天记录:3293  第5章 化学笔记:3431  第6章 教师节:3281
          第7章 学生会:3567  第8章 化学竞赛:3340  第9章 失控:3720  第10章 山茶花:3497  第11章 千层套路:3111  第12章 药:3106
          第13章 怜惜:3335  第14章 病:3563  第15章 心事:3967  第16章 星语:3660  第17章 并肩作战:3452  第18章 月下闲谈:3663
          第19章 沉溺:3385  第20章 运动会:3961  第21章 奖状:3336  第22章 合照:3545  第23章 《棠梨煎雪》:3835  第24章 危险:3654
          第25章 袒露心扉:3539  第26章 我喜欢你:3450  第27章 梦境成真:3778  第28章 专属礼物:3351  第29章 另起波澜:3544  第30章 偏见与诋毁:3475
          第31章 山茶花手链:3483  第32章 理想:3522  第33章 自卑:3408  第34章 相拥:3342  第35章 寒夜:3453  第36章 隔离:3375
          第37章 矛盾:3394  第38章 忧:3400  第39章 裂隙:3361  第40章 断联:3372  第41章 我会等你:3568  第42章 变故:3538
          第43章 血:3486  第44章 分手:3504  第45章 电话:3813  第46章 背叛？:3207  第47章 我不相信:3781  第48章 结束:3336
          第49章 揭穿:3416  第50章 孤岛:3570  第51章 新生:3896  第52章 背影:3594  第53章 志愿:3704  第54章 沪市:3412
          第55章 挣扎:3432  第56章 甘之如饴:3447  第57章 故地重游:3426  第58章 施舍:3737  第59章 破冰:3208  第60章 雨:3455
          第61章 字:3592  第62章 万家灯火:3358  第63章 太阳:3450  第64章 书店:3527  第65章 察觉:3506  第66章 坦白:3340
          第67章 隐患:3441  第68章 变更:3428  第69章 克制:3341  第70章 最后一天:3545  第71章 你的消息:3521  第72章 四季更替:3274
          第73章 双相:3552  第74章 空无:3461  第75章 集训:3584  第76章 死亡:3425  第77章 重生:3461  第78章 泪:3488
          第79章 联考:3668  第80章 重逢:3624  第81章 见面:3166  第82章 拨雾:3500  第83章 见云:3427  第84章 出租屋:3686
          第85章 新年:3506  第86章 烟火:3474  第87章 笨蛋:3352  第88章 我们:4087  第89章 戒指:4095  第90章 缪斯:3402
          第91章 契合:3349  第92章 春:3663  第93章 夏:3400  第94章 炽年:3671  第95章 长明:3488  第96章 奔赴:3583
          第97章 未来:3639  第98章 回家:3433  第99章 终章:3342

13:17:18  月行失序 (观月汐GYX) [完结]  154p→105章  1390KB  OK
          https://www.52shuku.net/gl/17_b/bkbF5.html
          第1章 重逢:4271  第2章 比赛:3787  第3章 期待:4491  第4章 察觉:3998  第5章 代价:4696  第6章 初见:4134
          第7章 微光:3672  第8章 督导员:4467  第9章 预谋:5413  第10章 公开课:3997  第11章 24分:3965  第12章 课代表:3878
          第13章 别扭:4457  第14章 释然:4728  第15章 养病:4236  第16章 分班:3658  第17章 新学期:4500  第18章 承担:5329
          第19章 温暖:4060  第20章 觉醒:4220  第21章 大冒险:3042  第22章 撕裂:3941  第23章 请假:3919  第24章 道歉:4688
          第25章 运动会:4109  第26章 生日:3803  第27章 拥抱:4169  第28章 骄傲:3702  第29章 住院:4134  第30章 火苗:4245
          第31章 暴露:3949  第32章 默契:3666  第33章 边界:3595  第34章 春寒:3345  第35章 遥远:3508  第36章 拉钩:4237
          第37章 星光:4029  第38章 窄门:3551  第39章 思念:3966  第40章 汹涌:4906  第41章 毕业:3527  第42章 天光:4875
          第43章 心跳:4858  第44章 如梦:3738  第45章 作弊:4136  第46章 告别（校园篇结束）:5767  第47章 迎检:3940  第48章 委屈:4383
          第49章 执念:4382  第50章 葳蕤:4535  第51章 林荫:4630  第52章 海浪:4493  第53章 走近:3786  第54章 幼稚:4580
          第55章 轮廓:4586  第56章 朋友:3502  第57章 救星:3459  第58章 妄念:3656  第59章 暖意:4243  第60章 距离:4168
          第61章 以后:4103  第62章 新成员:5063  第63章 坠入:3764  第64章 枣树:4121  第65章 旖旎:3676  第66章 靠近:3790
          第67章 伪身:4393  第68章 融化:4267  第69章 支教:4005  第70章 新芽:3733  第71章 伤疤:4612  第72章 天梯:3506
          第73章 梦话:3881  第74章 触碰:4258  第75章 心动:5314  第76章 同频:4102  第77章 主权:5067  第78章 漩涡:4408
          第79章 一缕光:3641  第80章 未来:4782  第81章 规划:4040  第82章 不急:3753  第83章 坦白:5091  第84章 共潮生:4065
          第85章 坐标:4000  第86章 寒风:5312  第87章 专属骑士:4003  第88章 庆幸:4032  第89章 耽误:5323  第90章 熨帖:4577
          第91章 底气:5364  第92章 真相:4683  第93章 庆祝:5902  第94章 新生:5730  第95章 撑伞:4506  第96章 暗涌:4710
          第97章 变与不变:6015  第98章 荒原:6300  第99章 潮汐:6788  第100章 心淡:6284  第101章 失控:5005  第102章 连理枝:6543
          第103章 验证:5075  第104章 珍重:5162  第105章 相守:5414

13:17:58  修仙世界？我丹道无敌 (云里的伞) [完结]  104p→100章  934KB  OK
          https://www.52shuku.net/gl/17_b/bkbF4.html
          第1章 睡个觉你告诉我穿越了？？:3071  第2章 老娘的金手指呢！:3074  第3章 美少女…小锤锤？！:3033  第4章 对于姐来说，都是浮云:3027  第5章 姐！就是真女人！:3009  第6章 你咋这么会欺负人呢:3113
          第7章 少女…丹心？？:3032  第8章 咋哪都有这么二的人:3019  第9章 姐也是有修为的人了！:3108  第10章 外门小比:3019  第11章 小小炼丹而已啦~低调:3051  第12章 我为什么要自证？:3009
          第13章 你信我，我就信你:3082  第14章 以牙还牙喽~:3104  第15章 好人有好报:3121  第16章 秋季试炼:3041  第17章 你们真是一点素质没有:3208  第18章 小狐狸！好吃的！:3086
          第19章 要不…你别看我这么近呢…:3015  第20章 糟糕！被这个女人迷住了！:3062  第21章 我想陪你一辈子:3039  第22章 邪修，有点意思:3010  第23章 人尸丹:3065  第24章 勤勉小商在线努力:3071
          第25章 努力即魔法:3154  第26章 商老板~:3136  第27章 谁跟你玩命？姐玩的是技巧！:3010  第28章 对手？还是对着动手？:3016  第29章 你…给我…舔鞋！:3027  第30章 离开青云宗:3034
          第31章 何为对错？何谓对错？:3036  第32章 这层遮羞布，盖上？:3004  第33章 你到底在哭什么？:3047  第34章 这吃人的世道:3138  第35章 求心，求己:3031  第36章 到底要做什么？:3210
          第37章 看看我的本事？:3064  第38章 魔神秘境:3023  第39章 阴阳锁魂番:3315  第40章 竟有如此修为！:3051  第41章 出发！:3093  第42章 人外有人天外有天:3030
          第43章 悬赏令:3036  第44章 紧急避险:3121  第45章 你会不会骗我:3112  第46章 三大神教:3173  第47章 再危险人物一个接一个:3029  第48章 所有话都是有目的的:3047
          第49章 也不算坏人:3019  第50章 皇子的觉醒:3071  第51章 孤！是皇子！:3203  第52章 人皇传承:3049  第53章 龙印现，辩真心:3072  第54章 神秘女人:3108
          第55章 血色王座牵旧念，魂牵梦萦唤旧名:3606  第56章 劈开幻想:3021  第57章 嘘~:3119  第58章 来自我的烙印:3170  第59章 嗯…修为快！我努力！:3076  第60章 你眼中的我:3080
          第61章 攻心:3111  第62章 算了:3040  第63章 到底爱谁:3059  第64章 我拼尽全力，可结果…:3289  第65章 焚天戟:3028  第66章 我！凌苍！第一个死！:3015
          第67章 你竟然可以为了她，如此？:3084  第68章 人世间的七情六欲:3013  第69章 上班？？？:3166  第70章 你与她本就是一体:3046  第71章 替我自由:3149  第72章 带我走吧…:3003
          第73章 魔神的故事:3214  第74章 后来呢:3151  第75章 各有各难，有缘:3020  第76章 执念还是劫难:3029  第77章 一个小可怜:3048  第78章 挨欺负的小可怜:3121
          第79章 捡回家了:3011  第80章 画太密:3108  第81章 收徒大比:3048  第82章 有我在:3127  第83章 情意滋生:3031  第84章 总会等到你:3017
          第85章 渐浓:3054  第86章 我是否与他人不同:3004  第87章 爱是，我吻你时，你克制不住的回应:3074  第88章 一路山水:3017  第89章 一枝桃花:3073  第90章 杀了吧:3008
          第91章 我虽不懂，但如你所愿:3039  第92章 反噬:3069  第93章 情之枷锁:3252  第94章 一场死循环:3058  第95章 鬼神医族:3263  第96章 一场溯源:3240
          第97章 连锁反应:3134  第98章 年夜饭:3063  第99章 神祇降临:3038  第100章 大结局:3055

13:18:34  玉骨焚香 (四月落雪) [完结]  88p→87章  813KB  OK
          https://www.52shuku.net/gl/17_b/bkbF3.html
          第1章 青萝村:3173  第2章 斗智斗勇:3989  第3章 潭底深渊:2486  第4章 救人:1321  第5章 寒夜医馆:4271  第6章 你的命属于自己，秘密也是:3263
          第7章 栀子花簪:3114  第8章 闹市追贼:2879  第9章 意外的拥抱:2827  第10章 再入寒潭:3392  第11章 枢墟阁的阴谋:3178  第12章 死讯引故人:3210
          第13章 花小七:3136  第14章 茶馆风波:3329  第15章 当街偷袭:3427  第16章 月下小聚:3453  第17章 醉酒系红绳:3127  第18章 卧龙山异变:3653
          第19章 误入环墓:3254  第20章 玉华宫傀儡:3696  第21章 暗藏心事:3033  第22章 迷雾幻影:3014  第23章 是谁？:3304  第24章 再唤傩音:3014
          第25章 心结:3119  第26章 花小七怒怼沈昭:3145  第27章 人皮鼓墓室:3224  第28章 棺中活客:3440  第29章 忍痛断红绳:3003  第30章 小粽子:3052
          第31章 血娘子:3094  第32章 林蝉离队:3169  第33章 道不同，不相为谋:3101  第34章 照单全收:3155  第35章 尸山骨海:3375  第36章 寄葬渊:3136
          第37章 旧伤:3206  第38章 水髓蛭:3201  第39章 生路:3210  第40章 脱险:3239  第41章 沈昭受罚:3196  第42章 阳光与她，温暖且美好:3229
          第43章 陆青荷的心事:3084  第44章 番外一《血娘子的自白》[番外]:1992  第45章 暗藏心事:3123  第46章 宿蛰君:3024  第47章 等的有些久了:3002  第48章 赠鞭:3057
          第49章 可有心仪之人:3155  第50章 惹我思慕心忧愁:3184  第51章 林蝉被掳:3279  第52章 离沈昭远一点:3073  第53章 交个朋友:3281  第54章 血染永镇:3237
          第55章 仇敌？:3035  第56章 身世:3172  第57章 世外桃源:3148  第58章 沈昭被俘:3005  第59章 魔剑附玉骨:3066  第60章 合作吗？:3094
          第61章 合作愉快:3178  第62章 不许进去:3035  第63章 是剑骨吗？:3044  第64章 引渡归墟:3042  第65章 守护:3113  第66章 潭底墓穴:2992
          第67章 迷宫:3153  第68章 沈昭知晓剑伤:3299  第69章 唯见蝉鸣日暖，惹我心忧:3175  第70章 立场:3116  第71章 “二三其德”:3068  第72章 水傀奴:3132
          第73章 情动:3162  第74章 是你吗？:3012  第75章 凝霜:3045  第76章 宿命:3298  第77章 恩怨:3022  第78章 阴谋:3081
          第79章:2313  第80章 失控:2377  第81章 算计:2885  第82章 殊途同归:3569  第83章 变天了:2366  第84章 有些路，注定要一个人走:2939
          第85章 混沌之门:2664  第86章 终战:2948  第87章 大结局 归来:2304

13:19:00  缅南的雨季 (平迎) [完结]  63p→46章  562KB  OK
          https://www.52shuku.net/gl/15_b/bkbED.html
          第1章 分手:3938  第2章 新去处:3661  第3章 瞧不起:3324  第4章 初到蒲甘:3765  第5章 美女:3747  第6章 眠香:3845
          第7章 枪:3533  第8章 意动:3661  第9章 偷看:3338  第10章 春情:3978  第11章 僧侣:3518  第12章 暴露:3330
          第13章 报复:3294  第14章 转手:3278  第15章 人之大欲:3517  第16章 公主的生命:3971  第17章 试探爱:3971  第18章 贪恋爱:3740
          第19章 打架:3968  第20章 下毒:4185  第21章 新王后:3697  第22章 回现代:3802  第23章 藏枪:4078  第24章 行至茵莱湖:3953
          第25章 坦白前生:3987  第26章 再到蒲甘:4217  第27章 江南好:4156  第28章 亡国:4105  第29章 诡计:4511  第30章 不回头:4812
          第31章 撕咬:4503  第32章 密谋:3672  第33章 宫变1:4114  第34章 宫变2:4861  第35章 宫变3:4540  第36章 都是天注定:4652
          第37章 旧山河:3713  第38章 故人新:4198  第39章 新人故:5156  第40章 灾祸根源:4739  第41章 分别:4464  第42章 哥哥:4640
          第43章 杀手:5484  第44章 祭献:5022  第45章 灯再红:3861  第46章 LIN的一天（完结）:3851

13:19:45  她们都想捡我回家 (幺五) [完结]  116p→101章  1039KB  OK
          https://www.52shuku.net/gl/15_b/bkbE2.html
          第1章:3363  第2章:3717  第3章:3429  第4章:3838  第5章:3223  第6章:3587
          第7章:3309  第8章:3652  第9章:3278  第10章:4036  第11章:3955  第12章:3953
          第13章:4334  第14章:3550  第15章:4068  第16章:3676  第17章:3634  第18章:3497
          第19章:3167  第20章:3636  第21章:3582  第22章:3240  第23章:3158  第24章:3055
          第25章:3447  第26章:3995  第27章:3259  第28章:3511  第29章:3022  第30章:3244
          第31章:3057  第32章:3038  第33章:3439  第34章:3364  第35章:3371  第36章:3698
          第37章:3816  第38章:3686  第39章:3670  第40章:3225  第41章:3750  第42章:3422
          第43章:3473  第44章:3501  第45章:3470  第46章:3380  第47章:3150  第48章:3633
          第49章:3097  第50章:3102  第51章:3390  第52章:3263  第53章:3662  第54章:0
          第55章:3297  第56章:3285  第57章:3233  第58章:3118  第59章:4040  第60章:3440
          第61章:3450  第62章:3678  第63章:3153  第64章:3235  第65章:3423  第66章:3090
          第67章:3528  第68章:3397  第69章:3405  第70章:3534  第71章:3253  第72章:3133
          第73章:3788  第74章:3199  第75章:3694  第76章:3778  第77章:3324  第78章:3225
          第79章:3190  第80章:3393  第81章:3370  第82章:3846  第83章:3330  第84章:3445
          第85章:3962  第86章:3403  第87章:3507  第88章:3286  第89章:3412  第90章:3201
          第91章:3174  第92章:3811  第93章:3163  第94章:3281  第95章:3117  第96章:3412
          第97章:3392  第98章:3221  第99章:3198  第100章:3485  第101章:3309

13:20:10  她的代码没有谎言 (我想吃大锅盔) [完结+番外]  53p→43章  442KB  OK
          https://www.52shuku.net/gl/13_b/bkbDw.html
          第1章 初遇:3834  第2章 模糊:3620  第3章 挡刀:3530  第4章 齐元:3381  第5章 逃脱:3509  第6章 第 6 章:3379
          第7章 藏匿:3330  第8章 山下记:3475  第9章 沐婆婆:3197  第10章 日记本:3538  第11章 墓碑:3412  第12章 谜团:3615
          第13章 BW57:3829  第14章 她好，她也好:3037  第15章 编码真相:3790  第16章 重聚:3268  第17章 和情敌订婚:3178  第18章 中毒:3416
          第19章 丸子好吃吗？:3621  第20章 甜甜的一章呜呜:3089  第21章 摸摸头:3468  第22章 拯救:3274  第23章 大毛大毛:3475  第24章 困境:3323
          第25章 结束:3177  第26章 南极北极:3340  第27章 告别:3332  第28章 母亲:3253  第29章 上帝是我的见证:3635  第30章 笑脸地下城:3188
          第31章 割裂的蓝:3538  第32章 彩线:3397  第33章 崩塌:3098  第34章 《热子尼协议》:3309  第35章 梦境:3253  第36章 月与智人:3237
          第37章 掘坟:3151  第38章 壁画:3168  第39章 危机:3363  第40章 完结（上）:3160  第41章 完结（中）:3173  第42章 终章:4051
          第43章 番外（再次挤占我）:2909

13:20:30  一叶知秋gl (幻泪成雪) [完结]  52p→47章  454KB  OK
          https://www.52shuku.net/gl/13_b/bkbDv.html
          第1章＃一叶知秋#:2585  第2章#一叶知秋#:3148  第3章#一叶知秋#:3198  第4章#一叶知秋#:3201  第5章#一叶知秋#:3004  第6章:3088
          第7章:3478  第8章:3110  第9章:3015  第10章:3478  第11章:3242  第12章:3294
          第13章:3109  第14章:3357  第15章:3108  第16章:3142  第17章:3221  第18章:3034
          第19章:3125  第20章:3174  第21章:3035  第22章:3163  第23章:3007  第24章:3123
          第25章:3016  第26章:3215  第27章:3134  第28章:3065  第29章:3049  第30章:3212
          第31章:3066  第32章:3238  第33章:3071  第34章:3360  第35章:3013  第36章:3197
          第37章:3119  第38章:3127  第39章:3202  第40章:3167  第41章:3044  第42章:3308
          第43章:3390  第44章:3027  第45章:3038  第46章:3415  第47章:4492

13:21:53  忧郁大小姐的霸道管家 (嗜眠) [完结]  211p→104章  1729KB  OK
          https://www.52shuku.net/gl/13_b/bkbDo.html
          第1章 第 1 章 家财万贯还忧郁:4170  第2章 第 2 章 漂泊半生终遇明主:4381  第3章 第 3 章 月薪税后八十万:3318  第4章 第 4 章 在余家工作很快乐吧:4597  第5章 第 5 章 我的职业目标是:3152  第6章 第 6 章 充满炸鸡香的怀抱:5715
          第7章 第 7 章 我不介意抱您下去:6500  第8章 第 8 章 信不信我解雇你:5239  第9章 第 9 章 想养头猪还是养条狗:4895  第10章 第 10 章 我是来提供睡前服务的……:4280  第11章 第 11 章 什么叫三十七度的温暖……:3703  第12章 第 12 章 拒绝了你的好友申请:3994
          第13章 第 13 章 那只能我来伺候你了:3702  第14章 第 14 章 故意诱惑人的手段:3511  第15章 第 15 章 真想跟这个有钱人拼了……:9770  第16章 第 16 章 小姐，我不是那样的人……:6831  第17章 第 17 章 你竟然让我给她当狗……:6483  第18章 第 18 章 原来我才是家里的大王:7052
          第19章 第 19 章 相长歌差点就心软了:3071  第20章 第 20 章 相管家碗里的饭呢:3488  第21章 第 21 章 就差知道余清想要什么狗……:6333  第22章 第 22 章 把她当小孩哄呢:6139  第23章 第 23 章 把自己送她到床上:6630  第24章 第 24 章 相管家你不要再打了啦:6929
          第25章 第 25 章 全世界最可爱的小狗……:6380  第26章 第 26 章 主人的娇宠:6994  第27章 第 27 章 我老板是余清，你服不服……:6714  第28章 第 28 章 那你要不要睡我的房间……:6724  第29章 第 29 章 你是说我心理不正常:5996  第30章 第 30 章 你是不是在冷暴力我:5524
          第31章 第 31 章 管家学院教过撬锁:6529  第32章 第 32 章 小姐觉得我的开锁技术好……:6625  第33章 第 33 章 她不坏的时候也挺好的……:6402  第34章 第 34 章 上面有我的口水:6497  第35章 第 35 章 上官旻，我们解除婚约了……:7228  第36章 第 36 章 我告诉你一个秘密:7102
          第37章 第 37 章 明天是不是还要上我的床……:6219  第38章 第 38 章 一位专业的管家:6637  第39章 第 39 章 小姐好久没这样笑过了……:6309  第40章 第 40 章 不行你把我吃了吧:6319  第41章 第 41 章 睡着的时候倒是挺乖:6577  第42章 第 42 章 她今天让她睡个够:6836
          第43章 第 43 章 要不要跟我一起试试:6744  第44章 第 44 章 刚起床就累了么大小姐:6719  第45章 第 45 章 她就此爱上我了怎么办……:6693  第46章 第 46 章 觉得我吃了你的口水么……:6521  第47章 第 47 章 和她躺在一张床上:6815  第48章 第 48 章 你就跟着跳下来捞我……:6893
          第49章 第 49 章 好朋友就不能牵手吗:6316  第50章 第 50 章 但你的都不一样:6105  第51章 第 51 章 抱得好紧呢大小姐:6015  第52章 第 52 章 荒野求生进行中:6000  第53章 第 53 章 不是天塌了是她们房塌了……:6321  第54章 第 54 章 那你天黑前会回来吗:6768
          第55章 第 55 章 一下一下的晃在她的眼中……:7156  第56章 第 56 章 你得躺我身上才行:6876  第57章 第 57 章 走流程还是直接来:6555  第58章 第 58 章 那里有两根须:6121  第59章 第 59 章 随便一摘就行了:6651  第60章 第 60 章 累了先睡了:6457
          第61章 第 61 章 感觉怎么样:6929  第62章 第 62 章 看到小姐掉水里我一直在……:5756  第63章 第 63 章 难道这不像篮子吗:6264  第64章 第 64 章 你的钱可以给我随便花吗……:6921  第65章 第 65 章 两人情绪这么稳定吗:6704  第66章 第 66 章 两人还真不是没有感觉……:6411
          第67章 第 67 章 他们的锅呢:6652  第68章 第 68 章 她咬自己时是什么感觉……:6116  第69章 第 69 章 你这样我们都相当于间接……:7024  第70章 第 70 章 在想你洗澡的问题:6155  第71章 第 71 章 就是被磨得红了点而已:6310  第72章 第 72 章 今晚我们一定要给她全顺……:6603
          第73章 第 73 章 女佣腿软的跪在了床边:6516  第74章 第 74 章 没有一点挑战性:6636  第75章 第 75 章 相长歌，我好高兴:6184  第76章 第 76 章 知识渊博半夜讨债大小姐……:6395  第77章 第 77 章 大小姐把我当床垫睡得好……:6442  第78章 第 78 章 纵使她心不在我这里:6387
          第79章 第 79 章 这边也要呼:5478  第80章 第 80 章 大小姐没伤着自己吧:6991  第81章 第 81 章 刚亲一会儿就要晕过去……:3915  第82章 第 82 章 你在回忆些什么？:4569  第83章 第 83 章 她跟她说今晚吃炸小鱼:3814  第84章 第 84 章 冤枉啊大小姐:4488
          第85章 第 85 章 简直是海上灯塔虐文克星……:2962  第86章 第 86 章 第四大未解之谜出现了:5291  第87章 第 87 章 明明是你情我愿的等价交……:3251  第88章 第 88 章 你就非得追求刺激吗:3430  第89章 第 89 章 选择舍身去换雇主的高兴……:3438  第90章 第 90 章 自己怎么会喜欢她呢:3239
          第91章 第 91 章 那位头顶发绿的未婚夫……:2823  第92章 第 92 章 我的计划里自有对策:4538  第93章 第 93 章 尘埃落地和节目结束……:4473  第94章 第 94 章 邀请我一起泡澡的话:1767  第95章 第 95 章 这是惩罚还是奖赏:4592  第96章 第 96 章 在床底干什么呢，爬上来……:3822
          第97章 第 97 章 如果忧郁是她的天赋:3115  第98章 第 98 章 来自雇主的严厉惩罚……:3349  第99章 第 99 章 我是想舔你:3309  第100章 第 100 章 大小姐不要了我知道错……:3206  第101章 第 101 章 相长歌感觉自己有些微……:3178  第102章 第 102 章 我身处黑暗看不见一丝……:3683
          第103章 第 103 章 正文完:2640  第104章 番外 我们去参加婚礼好不好……:3205

13:22:46  前任姑姑对我步步轻诱 (一条兰寿) [完结]  141p→89章  1193KB  OK
          https://www.52shuku.net/gl/13_b/bkbDn.html
          第1章 第一章 你喝醉了。:3693  第2章 第二章 她对你不好？:2907  第3章 第三章 她不会让宋无期好过。:3425  第4章 第四章 小姐姐人美心善。:3703  第5章 第五章 看到了她的愤怒和落魄。……:3288  第6章 第六章 唐染这妮子是不是还挺有意思的……:3297
          第7章 第七章 下次再见面的时候可以问一问她……:3836  第8章   第八章 她什么时候来的？:3047  第9章 第九章 宋无期的小姑姑是不是还没结婚……:3489  第10章 第十章 还不知道姐姐叫什么？……:3395  第11章 第十一章 梦到了很久以前的一件事。……:2114  第12章 第十二章 少蹦达到我面前恶心我。:2193
          第13章 第十三章 你很怕我？:2341  第14章 第十四章 如果有需要我帮忙的地方，可……:2188  第15章 第十五章 嗷呜！:2127  第16章 第十六章 要不要试试？:2161  第17章 第十七章 很可爱。:2118  第18章   第十八章 不试试你怎么知道不行呢？……:2509
          第19章 第十九章 宋姐姐帮我一个忙呀~:2595  第20章 第二十章 多亏了有宋姐姐帮忙:2138  第21章 第二十一章 什么是天凉王破？:2119  第22章 第二十二章 你好，你的外卖到了。……:2557  第23章 第二十三章 唐染察觉出了一丝熟悉的感……:2713  第24章 第二十四章 可以告诉我出了什么事吗？……:2201
          第25章 第二十五章 那你还喜欢她吗？:2348  第26章 第二十六章 染染一早上让人送来的鸡。……:2391  第27章 第二十七章 小家伙真是心眼多，告个状……:2260  第28章   第二十八章 没分寸的人就格外没眼力劲……:2056  第29章 第二十九章 心脏的人看什么都脏。……:2136  第30章 第三十章 要不咱们一起接妹妹去？……:2156
          第31章 第三十一章 年下就是好，又奶又体贴，……:3362  第32章 第三十二章 这手有点性感。:4951  第33章 第三十三章 姐姐只是来吃饭的吗？……:6192  第34章 第三十四章 宋知许昨晚没走吗？:5565  第35章 第三十五章 宋知许看她的眼神绝不清白……:10788  第36章 第三十六章 不是为了股份，那就只能是……:8453
          第37章 第三十七章 老宋啊，你再闷骚下去，就……:5152  第38章   第三十八章 林季欣！你是想要卖女儿吗……:5730  第39章 第三十九章 一股难以言喻的难堪涌上唐……:5430  第40章 第四十章 小姑姑为什么要这么不求回报……:4877  第41章 第四十一章 小姑姑这么帮我，是想把联……:5082  第42章 第四十二章 你真就不考虑考虑把联姻对……:4780
          第43章 第四十三章 想知道答案的话，可以随时……:5747  第44章 第四十四章 唐染，我并不是不求回报。……:5211  第45章 第四十五章 唐染，你愿意试一试吗？……:5607  第46章 第四十六章 订婚典礼需要继续吗？……:5901  第47章 第四十七章 你们这些姐姐就是套路多！……:5492  第48章   第四十八章 这厨房她是一秒也多待不下……:6023
          第49章 第四十九章 不喜欢被咬。:5427  第50章 第五十章 不明白宋知许为什么会不高兴……:5150  第51章 第五十一章 染染，我今天很开心。:5774  第52章 第五十二章 看来是对这个答案不太满意……:6153  第53章 第五十三章 要是说很想你的话，今晚就……:6181  第54章 第五十四章 重生回来这么久，终于等到……:6257
          第55章 第五十五章 分手。:5146  第56章 第五十六章 可以多陪我一会吗？:4849  第57章 第五十七章 像是在说喜欢宋知许一样。……:6484  第58章   第五十八章 不反悔了是吗？:6128  第59章 第五十九章 这就结束了？:6189  第60章 第六十章 喜欢看姐姐笑话？:5528
          第61章 第六十一章 冲她笑得那么开心好看做什……:4694  第62章 第六十二章 尝一尝水蜜桃糖果的味道。……:6815  第63章 第六十三章 该不是来抢亲的吧？……:6411  第64章 第六十四章 染染就是第一个让我动心的……:6202  第65章 第六十五章 染染刚刚不是说要吃我吗？……:6160  第66章 第六十六章 你很喜欢她？:5256
          第67章 第六十七章 姐姐有点贪心哦。:5918  第68章   第六十八章 染染就是我的谢礼吗？:5851  第69章 第六十九章 需要一个拥抱吗？:5933  第70章 第七十章 宝贝，睁开眼。:5460  第71章 第七十一章 她的小未婚妻是不是太淘气……:4854  第72章 第七十二章 遇到了麻烦？:4569
          第73章 第七十三章 饭前甜点很美味，比牛奶粥……:5086  第74章 第七十四章 眼皮不由自主地跳了两下，……:5068  第75章 第七十五章 是不是太过巧合了？……:4344  第76章 第七十六章 生病的宋总有点黏人:4657  第77章 第七十七章 但下次还犯。:4427  第78章   第七十八章 姐姐的嗓子还没好，喊多了……:3822
          第79章 第七十九章 染染不想与我结婚吗？……:3774  第80章 第八十章 染染，愿意与我共度余生吗？……:4377  第81章 第八十一章 染染没有和你说过我和她的……:3558  第82章 第八十二章 话都说到这个份上，也没什……:3845  第83章 第八十三章 屋漏偏逢连夜雨。:3893  第84章 第八十四章 不想知道大宁的收购案为什……:4135
          第85章 第八十五章 我知道你妈妈在哪里。:4414  第86章 第八十六章 你是在套我的话？:3863  第87章 第八十七章 宋知许在生气，而且很生气……:3657  第88章   第八十八章 如果你真出了意外，让我怎……:3707  第89章 第八十九章 正文完。:4824

13:23:15  和倒霉仙君假戏真做了 (江水汤汤) [完结+番外]  69p→63章  594KB  OK
          https://www.52shuku.net/gl/12_b/bkbDa.html
          第1章 倒霉第一:2926  第2章 诡谲离奇藏须观:2880  第3章 抚琴还魂问鬼神:3437  第4章 八人冷傲退吕峒:3608  第5章 因果自在系我身:2736  第6章 开春宴上赠绣球:2770
          第7章 四处散财假地仙:2773  第8章 却火半妖宋无忌:2395  第9章 年少旧情不可追:2389  第10章 知不可乎骤得之:2690  第11章 苍茫预知索命魂:3165  第12章 思文上仙赐姻缘:2710
          第13章 玉手无言败莲心:3236  第14章 改头换面入崇吾:3070  第15章 万千虚妄无为实:3200  第16章 夜降心魔寻根本:2490  第17章 鹰鲛之眼见真身:2750  第18章 槐江碧海潮生剑:2656
          第19章 宗门大比现真身:2627  第20章 心魔映照前尘海:3113  第21章 未知情愫盈心间:2591  第22章 上与日月兮齐光:3700  第23章 少小离家闯江湖:3185  第24章 凌寒山中冰弦丝:3085
          第25章 从极渊下冰夷神:3271  第26章 心悦君兮君不知:3820  第27章 女为悦己者而容:3038  第28章 药灵怪医玉溪山:3126  第29章 白骨砌成死人岛:3198  第30章 万魔种身世揭晓:3259
          第31章 定风五绝成七侠:3436  第32章 天下名剑应玄正:3292  第33章 举剑遥指赤云海:3251  第34章 赤阳沉海君既死:3234  第35章 各自开山立宗门:3549  第36章 如此倾心只一人:3427
          第37章 事不关己高挂起:3101  第38章 以身殉道葬深渊:3068  第39章 故人不愿及归处:3050  第40章 揭开真相的一角:3117  第41章 妻妻双双把劫度:3256  第42章 万物负阴而抱阳:3221
          第43章 红帐蕊香润清珠:3198  第44章 山雨欲来风满楼:3474  第45章 浮屠塔下无生死:3137  第46章 头白鸳鸯失伴飞:3637  第47章 普渡怨灵创轮回:3298  第48章 天上何有神仙葬:3268
          第49章 须臾百年终相见:3218  第50章 金阙朱楼九重天:3109  第51章 孤注一掷博新生:3162  第52章 化茧轮回继明日:3087  第53章 明月衔山抚水流:3246  第54章 暂凭清泉润双唇:3168
          第55章 进入飘缈九川图:3036  第56章 君子求闯入天牢:3205  第57章 灵猴苦守玄冥石:3102  第58章 打听姜弃的下落:3423  第59章 当面对峙设陷阱:3039  第60章 孽障不可教化也:3025
          第61章 风波平定结同心:3236  第62章 前世番外:2294  第63章 姜弃:1962

13:24:22  影后前妻找我复婚了 (齐娜eris) [完结+番外]  172p→153章  1581KB  OK
          https://www.52shuku.net/gl/12_b/bkbCV.html
          第1章 演员要来颁奖礼1.0:3356  第2章 演员要来颁奖礼2.0:3304  第3章 演员讨厌撕x1.0:3343  第4章 演员要参加综艺1.0:3514  第5章 演员要参加综艺2.0:3450  第6章 演员要参加综艺3.0:3338
          第7章 演员要参加综艺4.0:3348  第8章 演员要参加综艺5.0:3434  第9章 演员要参加综艺6.0:3359  第10章 演员要参加综艺7.0:3306  第11章 演员要参加综艺8.0:3293  第12章 演员要参加综艺9.0:3190
          第13章 演员要来首映礼1.0:3231  第14章 演员要来首映礼2.0:3300  第15章 演员要应酬1.0:3318  第16章 演员曾被诋毁1.0:3315  第17章 演员的过去有点痛苦1.0:3364  第18章 演员过去有点痛苦2.0:3947
          第19章 演员好奔波1.0:3396  第20章 演员好奔波2.0:3342  第21章 演员要参加综艺10.0:3423  第22章 演员要参加综艺11.1:3299  第23章 演员要参加综艺12.0:3241  第24章 演员要参加综艺13.0:3331
          第25章 演员要参加综艺14.0:3336  第26章 演员要参加综艺15.0:3418  第27章 演员要参加综艺16.0:3504  第28章 演员要参加综艺17.0:3311  第29章 演员要参加综艺18.0:3450  第30章 演员要直播1.0:3277
          第31章 演员要直播2.0:3543  第32章 演员有曾经1.0:3369  第33章 演员要参加综艺19.0:3357  第34章 演员要参加综艺20.0:3286  第35章 演员要参加综艺21.0:3168  第36章 演员要参加综艺22.0:3322
          第37章 演员被强吻了:3320  第38章 演员要参加综艺23.0:3348  第39章 演员要参加综艺24.0:3305  第40章 演员要参加综艺25.0:3573  第41章 演员要参加综艺26.0:3463  第42章 演员要参加综艺27.0:3345
          第43章 演员要参加综艺28.0:3379  第44章 演员讨厌撕x2.0:3418  第45章 演员有野心1.0:3682  第46章 演员要追查真相1.0:3708  第47章 演员突生变故1.0:3523  第48章 演员突生变故2.0:3424
          第49章 演员突生变故3.0:3526  第50章 演员有野心2.0:3302  第51章 演员要追求真相2.0:3349  第52章 演员要追求真相3.0:3541  第53章 演员要追求真相4.0:3520  第54章 演员要追求真相5.0:3499
          第55章 演员要参加综艺29.0:3407  第56章 演员要参加综艺30.0:3522  第57章 演员要参加综艺31.0:3460  第58章 演员要参加综艺32.0:3507  第59章 演员要参加综艺33.0:3353  第60章 谢清让的改变1.0:3259
          第61章 演员录完综艺了！:3519  第62章 视后知道真相了:3536  第63章 视后要去探班1.0:3529  第64章 视后来探班了2.0:3595  第65章 视后来探班了3.0:3424  第66章 视后来探班了4.0:3245
          第67章 视后来探班了5.0:3421  第68章 视后来探班了6.0:3409  第69章 视后来探班了7.0:3511  第70章 视后来探班了8.0:3552  第71章 视后要过生日1.0:3393  第72章 视后要过生日2.0--加更1:3626
          第73章 视后被赶走了:3566  第74章 视后的过去好安逸1.0:3345  第75章 视后又幸福了1.0:3318  第76章 视后参加晚宴1.0:3525  第77章 视后参加晚宴2.0:3549  第78章 视后在休假1.0:3555
          第79章 视后在休假2.0:3523  第80章 视后在休假3.0:3525  第81章 视后要访谈:3546  第82章 视后出柜了1.0:3505  第83章 视后出柜了2.0:3517  第84章 视后要被修理（上）:3576
          第85章 视后要被修理1.0:3596  第86章 视后要被修理2.0:3177  第87章 视后要被修理3.0:3219  第88章 视后要被修理（下）:3527  第89章 视后在休假4.0:3262  第90章 视后进组了1.0:3531
          第91章 视后进组了2.0:3541  第92章 视后进组了3.0:3218  第93章 视后请客1.0:3272  第94章 视后请客1.1:3265  第95章 视后请客1.2:3555  第96章 视后被修理2.1:3247
          第97章 视后被修理2.2:3249  第98章 演员要开会:3257  第99章 视后被停工了1.0:3361  第100章 视后被停工了2.0:3322  第101章 视后被停工了3.0:3370  第102章 视后被停工了4.0:3525
          第103章 视后被停工了5.0:3237  第104章 视后被停工了6.0:3256  第105章 视后被停工了7.0:3382  第106章 视后被停工8.0:3563  第107章 视后要参加晚宴1.0:3319  第108章 视后要参加晚宴2.0:3352
          第109章 视后要参加晚宴3.0:3294  第110章 视后变成穷光蛋了1.0:3332  第111章 视后被停工了9.0:3223  第112章 视后被停工了10.0:3511  第113章 视后被停工了11.0:3545  第114章 视后被停工了12.0:3249
          第115章 视后被停工了13.0:3579  第116章 视后被停工了14.0:3315  第117章 视后被停工了15.0:3380  第118章 视后被停工了16.0:3538  第119章 视后复工了1.0:3498  第120章 视后复婚了2.0:3541
          第121章 视后翻身把歌唱:3334  第122章 视后脱单了:3524  第123章 演员又幸福了1.0:3563  第124章 视后又幸福了2.0:3602  第125章 演员又幸福了3.0:3510  第126章 视后又幸福了4.0:3577
          第127章 演员又幸福了5.0:3589  第128章 视后又幸福了6.0:3511  第129章 演员又幸福了7.0:3389  第130章 视后又幸福了8.0:3306  第131章 演员又幸福了9.0:3454  第132章 视后有点emo1.0:3568
          第133章 视后有点emo2.0:3487  第134章 视后有点emo3.0:3554  第135章 视后又幸福了10.0:3220  第136章 影后又幸福了:3307  第137章 视后又幸福了12.0:3303  第138章 影后又幸福了13.0:3371
          第139章 视后生气了1.0:3323  第140章 视后生气啦2.0:3507  第141章 影后又幸福了14.0:3544  第142章 视后又幸福了15.0:3241  第143章 演戏是本职工作1.0:3515  第144章 演戏是本职工作2.0:3519
          第145章 演戏是本职工作3.0:3544  第146章 视后又幸福了16.0:3533  第147章 影后又幸福了17.0:3580  第148章 影后又拿奖了:3522  第149章 视后又幸福了18.0:3526  第150章 影后又幸福了19.0:3533
          第151章 视后又幸福了20.0:3553  第152章 小狗爱你:3682  第153章 番外：景昙苏语漾（1-2）:6531

13:25:05  疯批反派要我爱她 (桃桃乌龙酱) [完结]  111p→93章  952KB  OK
          https://www.52shuku.net/gl/12_b/bkbCR.html
          第1章 穿书了 穿成了反派的未婚妻啊……:3075  第2章 结婚啦 一起睡吗？:3289  第3章 同床睡啦 甜不甜?:4279  第4章 婚后第一天 干嘛啊:3420  第5章 今天天气很好～ 老婆大人～:1873  第6章 送饭啊 看着真好亲:3119
          第7章 夜间生活 和谐吗:2744  第8章 耳垂 微凉却又柔软:1063  第9章 在聊什么呢 你一直在看我？:3559  第10章 梦到你了 她是好梦还是坏梦？:2149  第11章 怎么? 你想玩？:2424  第12章 去哪了？ 还不回来?:2005
          第13章 礼物 下意识想伸手:3290  第14章 平安符 也许要安个定位?:3216  第15章 求你了 陪我嘛:6892  第16章 可以借我手机吗？ 偷偷安定位:2180  第17章 爱?那是什么？ 像只猫儿蹭了蹭她的掌……:3755  第18章 有点虚了 给你补补:4097
          第19章 爱? 要不要和我试试?:2312  第20章 夜半 没睡好:2619  第21章 她和她 才是妻妻:1163  第22章 酒窖 考虑一下她曾经的提议:4228  第23章 可以试试 从亲吻开始:1715  第24章 睡觉 锁屏密码:2488
          第25章 别难过了 没关系:3824  第26章 三花猫 我太太做的:2694  第27章 来接你啊 给你揉揉:2458  第28章 烦 不喜欢她对别人笑。:2826  第29章 不许去 我会安排:3084  第30章 烟花下的亲～ 姜池鹿，这不公平……:4958
          第31章 什么样的人? 温柔?:2420  第32章 好奇 她是我老婆:3222  第33章 电影 吻:1953  第34章 发簪 不是给我的?:3290  第35章 占有欲 答应我一件事:2434  第36章 宴会 干嘛问我:5318
          第37章 睡着了 抱她:2352  第38章 猫吃鱼，鱼吃猫 你跟我一起去:2524  第39章 就今晚 圈上她的腰:2087  第40章 怀中温香 送你的礼物:3350  第41章 看什么？ 她平时就看这些？:5851  第42章 我们 一起试:1843
          第43章 果酱 要吃吗？:2869  第44章 阿晚 脚弓绷紧:4161  第45章 好受欢迎 我只会是你的:2086  第46章 雪场 菠萝甜水:3954  第47章 小树林 心尖微颤:2714  第48章 喜欢和你待在一起 心忽然跳了一下……:2935
          第49章 欢愉 轻一点:5761  第50章 脱衣服 早安:1676  第51章 气息不同 我喜欢你的气息:5328  第52章 不介意 介意我解开你的纽扣吗:2167  第53章 衬衫之下 亲我:3527  第54章 承欢 再忍一会儿:1837
          第55章 我要你看我 只看我！:3437  第56章 好乖 想让她的世界里只有自己一个人……:2239  第57章 好热 你把我当什么？:2894  第58章 寻欢工具 她要姜池鹿爱她:2521  第59章 真可爱 想见她了:2946  第60章 要来找我吗 你不想陪我吗:1811
          第61章 勾下她的衣领 一个死物而已，难道还比……:1708  第62章 语音通话 夹腿磨了一下:8158  第63章 旖旎 喊我的名字:1708  第64章 接机 生日快乐:2914  第65章 生日礼物 只能属于她:4360  第66章 担心我？ 你爱我吗？:2165
          第67章 喜欢喜欢喜欢！ 我只要你帮我:3943  第68章 【已补1500字】 我想要:3142  第69章 离她远点 我有你就够了:4340  第70章 这么喜欢我 那就永远待在我身边……:1991  第71章 控制欲 你在做什么:4913  第72章 疯批预警，本章以后谨慎购买 爱啊，我……:1923
          第73章 手链/锁链 你是我一个人的了:2991  第74章 你疯了？ 我不介意我们永远锁在一起……:1628  第75章 你图什么？ 图你:2781  第76章 怎么可以 一点也不在意她:2515  第77章 占有欲和爱 不要否认我对你的感情:7437  第78章 贪心 你要如何才会爱我:2034
          第79章 试探 你的本名……也是叫姜池鹿吗……:4179  第80章 你求我啊 很久没做了:4348  第81章 给我 好不好？:5345  第82章 想摸我？ 我给你摸:2697  第83章 抱抱我 想被她紧紧地绞缠:3922  第84章 食指上的牙印 第一次，觉得自己卑劣……:7311
          第85章 庆幸遇见 我也很庆幸:3461  第86章 拥抱 再弯一下腰呗:5637  第87章 坐上来 试一次:3358  第88章 要她吻 无法遏制的欲望:5044  第89章 书房密室 满墙的照片和凌乱的睡裙【含……:5980  第90章 坦诚 克制:3385
          第91章 分房睡 贴着胸口:3391  第92章 我喜欢你 愉悦得快要濒死了:7186  第93章 正文完 碧落黄泉，生死不……:4963

13:25:59  披上马甲重生：修罗场视我为团宠 (穆雪衡) [完结]  134p→185章  1182KB  OK
          https://www.52shuku.net/gl/11_b/bkbCf.html
          第1章 【式山·现】我夺了自己的舍？:2254  第2章 【式山·现】她已经逝去好多年:1984  第3章 【式山·现】隐秘的疼:2033  第4章 【式山·现】意外追逐:2476  第5章 【式山·现】故人重逢:2557  第6章 【式山·现】相逢不识:2646
          第7章 【式山·忆】初遇:2062  第8章 【式山·现】清心雪:2240  第9章 【式山·现】入魔谣言:2044  第10章 【式山·忆】御剑入夜:2441  第11章 【天济·现】又遇故人:2462  第12章 【天济·现】马甲遇险:2323
          第13章 【天济·现】故人发已霜白:2098  第14章 【天济·忆】共居一室:2051  第15章 【天济·忆现】寒凝掌门:1579  第16章 【天济·忆】盘龙镇突变:1972  第17章 【天济·忆】碧金虎妖之殇:2123  第18章 【天济·现】剑坟:2039
          第19章 【天济·现】对峙:2178  第20章 【天济·现】斯人已逝:1892  第21章 【天济·忆】脱衣疗伤:2239  第22章 【天济·忆】月下空谷:1926  第23章 【天济·忆】月泉之欢:2045  第24章 【天济·忆】望尘莫及:2151
          第25章 【天济·现】无情道心:2196  第26章 【天济·现】溺途之人:2079  第27章 【虚幻之境·忆】漫天飞花:2018  第28章 【虚幻之境·忆】心有悸动:2013  第29章 【虚幻之境·忆】放狠话:2053  第30章 【虚幻之境·忆】美人之触:1945
          第31章 【虚幻之境·忆】掌门之位:2277  第32章 【虚幻之境·忆】虚妄之吻:1670  第33章 【虚幻之境·忆】爱上她了:2293  第34章 【魔神城·现】三界大会:1995  第35章 【魔神城·现】中元之变:2008  第36章 【魔神城·现】被发现了？:2122
          第37章 【魔神城·现】掌门救我！:1967  第38章 【魔神城·现】身份暴露:2004  第39章 【魔神城·现】亲吻:2268  第40章 【魔神城·现】亏欠:2153  第41章 【魔神城·现】动情:2061  第42章 【魔神城·现】师徒相认:2168
          第43章 【魔神城·现】冷香博弈:2127  第44章 【魔神城·现】相拥呢喃:1956  第45章 【腐雨地宫·忆】思念无声:2051  第46章 【腐雨地宫·忆】惺惺相惜:2162  第47章 【腐雨地宫·忆】寂海之威:2260  第48章 【腐雨地宫·忆】腐败之廊:2221
          第49章 【腐雨地宫·忆】回廊迷途:2022  第50章 【腐雨地宫·忆】背后有人:2091  第51章 【腐雨地宫·忆】地宫宝藏:1983  第52章 【腐雨地宫·忆】无忧之择:2154  第53章 【腐雨地宫·忆】漏网之鱼:2064  第54章 【腐雨地宫·忆】安息之灵:2298
          第55章 【冰鹤·忆】你不想见我吗:2161  第56章 【冰鹤·忆】贵客相迎:1844  第57章 【冰鹤·忆】寸草春晖:2099  第58章 【冰鹤·忆】突来横祸:2109  第59章 【冰鹤·忆】濒死之时:1978  第60章 【冰鹤·忆】疑团重重:2037
          第61章 【冰鹤·忆】心疼我么:2012  第62章 【冰鹤·忆】情敌？！:2076  第63章 【寒魇·忆】恍然失神:2229  第64章 【寒魇·忆】恐惧梦魇:2224  第65章 【寒魇·忆】惨淡表白:2202  第66章 【寒魇·忆】雪上加霜:1860
          第67章 【寒魇·忆】高坟新起骨入土:2001  第68章 【寒魇·忆】人生如逆旅:2044  第69章 【寒魇·忆】此去经年:1930  第70章 仙界小番外:姐有老婆:2099  第71章 仙界小番外:云海会谈:2194  第72章 【恨晚·现】雨幽沉渊:2036
          第73章 【恨晚·现】不知悔改:2207  第74章 【恨晚·现】剑痴发疯:2046  第75章 【恨晚·现】吃干抹净？:2012  第76章 【恨晚·现】泉下若有灵:2026  第77章 【恨晚·现】你可愿意？:2083  第78章 【恨晚·现】鬼喊捉鬼:2109
          第79章 【恨晚·现】我在鬼界很有名:1955  第80章 【恨晚·现】能不能不爱她:1822  第81章 【恨晚·现】画中人:2198  第82章 【恨晚·现】还好我不喜欢你:2107  第83章 【恨晚·现】承认悲伤:1938  第84章 【幽诡·现】那一晚:2093
          第85章 【幽诡·现】意乱神迷:1916  第86章 【幽诡·现】病身征兆:2047  第87章 【幽诡·现】远方笛音:1989  第88章 【幽诡·现】诡谲之人:1946  第89章 【幽诡·现】真实面孔:2080  第90章 【幽诡·现】真假贺修暖:1969
          第91章 【幽诡·现】非黑即白:2314  第92章 【幽诡·现】散魂分裂？:1778  第93章 【幽诡·现】狸猫换太子:2163  第94章 【幽诡·现】斑驳红痕:2156  第95章 【噬命·现】请你克欲:2030  第96章 【噬命·现】予爱予求:2071
          第97章 【噬命·现】魂陨魔城:2148  第98章 【噬命·现】扑朔迷离:2075  第99章 【噬命·现】故人生死:2099  第100章 【噬命·现】爱意泉涌:1972  第101章 【噬命·现】庸人自扰:1978  第102章 【噬命·现】偷爱:2045
          第103章 【噬命·现】身体恶化:2120  第104章 【噬命·现】重逢之泪:1930  第105章 【噬命·现】心生雪原:2007  第106章 【噬命·现】撕裂之殇:1999  第107章 【噬命·现】我即是我:1813  第108章 【噬命·现】玉陨:2328
          第109章 将死篇:偏偏无忧（一）:1832  第110章 将死篇:偏偏无忧（二）:2188  第111章 将死篇:偏偏无忧（三）:1978  第112章 将死篇:偏偏无忧（四）:2048  第113章 【岁寒·忆】猩红之灾:1887  第114章 【岁寒·忆】沮丧心思:2352
          第115章 【岁寒·忆】氛围到了:1984  第116章 【岁寒·忆】伪命题:2136  第117章 【岁寒·忆】捡回狼崽:1942  第118章 【岁寒·忆】我来养她:2079  第119章 【岁寒·忆】死生爱人:2192  第120章 【岁寒·忆】心慌意乱:1938
          第121章 【岁寒·忆】少女心事:2101  第122章 【岁寒·忆】噩耗惊心:1901  第123章 【岁寒·忆】血魔噬心:2169  第124章 【岁寒·忆】相望泪恸:2062  第125章 【岁寒·忆】细数罪行:2173  第126章 【岁寒·忆】再收徒:2130
          第127章 【岁寒·忆】风雨欲来:2226  第128章 【凝心·忆】别扭掌门:2008  第129章 【凝心·忆】苍生可负:1940  第130章 【凝心·忆】是她先动情:2140  第131章 【凝心·忆】目光痴迷:1966  第132章 【凝心·忆】浅尝辄止:2097
          第133章 【凝心·忆】岁寒峰上:2082  第134章 【凝心·忆】争风吃醋:2037  第135章 【凝心·忆】灼心之问:2128  第136章 【凝心·忆】疏离之磨:1949  第137章 【凝心·忆】所谓白茶:2072  第138章 【凝心·忆】冷心冷情:2006
          第139章 【乖戾·忆】惹祸上身:2046  第140章 【乖戾·忆】半妖之胁:1958  第141章 【乖戾·忆】另请高明:2150  第142章 【乖戾·忆】爱意拉扯:2003  第143章 【乖戾·忆】隐秘挽留:2103  第144章 【乖戾·忆】魔障损心:2489
          第145章 【乖戾·忆】冲师逆徒:2204  第146章 【乖戾·忆】掌门的质问:1839  第147章 【窥情·忆】刺眼红痕:2381  第148章 【窥情·忆】一场赌约:1664  第149章 【窥情·忆】她的依赖:1917  第150章 【窥情·忆】救世救己:2183
          第151章 【窥情·忆】锦别之惑:2068  第152章 【窥情·忆】重返故地:2135  第153章 【窥情·忆】度化魂灵:2251  第154章 【灼凝·忆】情意难忍:1968  第155章 【灼凝·忆】酒醉强吻:2399  第156章 【灼凝·忆】三天情欢:1830
          第157章 【灼凝·忆】古符之阵:2126  第158章 【灼凝·忆】步步向死:1911  第159章 【灼凝·忆】堕渊无悔:2113  第160章 仙界小番外:吃前世的醋:2111  第161章 【封尘·序】上古神界:2019  第162章 【封尘·序】缘聚离散:1981
          第163章 【失魂·序】傻魂:2117  第164章 【失魂·序】回魂:2156  第165章 【云谋·序】发现真相:1998  第166章 【云谋·序】复生之念:2045  第167章 【逝梦·归程】圣神之心:2242  第168章 【逝梦·归程】旧时古忆:1844
          第169章 【逝梦·归程】贺寒之怒:2018  第170章 【逝梦·归程】小别胜新婚:1999  第171章 【逝梦·归程】花海翩然:2101  第172章 【逝梦·归程】神的祈愿:2114  第173章 【烬碎·万劫】沉浮身袭:1846  第174章 【烬碎·万劫】紫云承灵:2176
          第175章 【烬碎·万劫】心碎不复:2260  第176章 【烬碎·万劫】天地与你:1910  第177章 天地相执，情长缘深:2231  第178章 仙界小番外：互相看不起:1967  第179章 后记一：关于两本书的全程时间线:4039  第180章 后记二：她们在做什么:1789
          第181章 后记三：回答一些小问题:2230  第182章 现代篇：凝暖幽会（一）:2063  第183章 现代篇：凝暖幽会（二）:2059  第184章 现代篇：凝暖幽会（三）:1726  第185章 现代篇：凝暖幽会（完）:2167

13:26:53  根基被毁后成了偏执神女的白月光 (穆雪衡) [完结]  142p→199章  1267KB  OK
          https://www.52shuku.net/gl/11_b/bkbCd.html
          第1章 应不识:3613  第2章 竹中人:3042  第3章 她的道:2960  第4章 不动手:3248  第5章 阴魂不散:3020  第6章 你为什么哭:3010
          第7章 会有人爱你:3067  第8章 自省阁下的喧闹:2147  第9章 僭越者:2031  第10章 叶一行的身世:1918  第11章 丹香异远星:2271  第12章 默默守护:1992
          第13章 神识出窍:2014  第14章 心中所念:2020  第15章 我赌沈骨输:2179  第16章 此战，必全力以赴:2051  第17章 乐音化神:2098  第18章 一身血衣:2114
          第19章 被偷看了:2131  第20章 神女心乱了:1894  第21章 邀请帖:2214  第22章 神女吃醋:2188  第23章 举杯邀饮:1954  第24章 糖守糕:2140
          第25章 和她牵手:1935  第26章 骨然玉:2037  第27章 对她的成见:2092  第28章 夜间呢喃语:2274  第29章 沈骨的痛苦过往:2203  第30章 我唤你阿沈可好:2048
          第31章 意外的唇:2235  第32章 与她共住一屋:2013  第33章 再度试探:2031  第34章 不祥之女:2332  第35章 呆阿沈:1895  第36章 被算计的吻:2028
          第37章 北海封印:2225  第38章 坠落:2107  第39章 穆十一与沈十四:2074  第40章 卦凶之人，不可入此岛:1986  第41章 天道以万物为刍狗:2071  第42章 所念所护，皆成一场空！:2035
          第43章 我想听你原来的声音:2010  第44章 亲我一下:2024  第45章 被分开了:2014  第46章 被坏东西盯上了:2058  第47章 还是心疼她:2185  第48章 修罗义：剑意化神！:2328
          第49章 再遇沈暗:2105  第50章 她想活得久一点:2030  第51章 那是她的父母:2125  第52章 思念愈发疯长:2008  第53章 是魔就一定要杀吗？:2037  第54章 半魔血脉是魔煞族的耻辱:2115
          第55章 三生泉下的爱意:2016  第56章 你瞒着我什么？:2103  第57章 不化骨追杀:2284  第58章 与小哑巴的初遇:2303  第59章 不归花海的秘密:2057  第60章 初然被抓:2101
          第61章 遗失的骨然玉:2254  第62章 发狂的沈骨:2135  第63章 初然是龙渊转世？:2014  第64章 二十年前的动乱真相:2029  第65章 何人敢动吾徒！:2022  第66章 她是我的命:2114
          第67章 初然绝境崩溃:2222  第68章 坠入恶血崖:2072  第69章 白骨坟的梦境:2016  第70章 为了她，活下去！:2150  第71章 我想吻你:2016  第72章 海面上的亲吻:2015
          第73章 无为海与不归花:2003  第74章 花海中的告白:2018  第75章 她喜不喜欢初然？:2054  第76章 故人之女，一世情缘:2068  第77章 她不是你的阿然:1998  第78章 玉城往事:2126
          第79章 亲吻被二哥撞见:2205  第80章 初然吃大醋:2122  第81章 沈十四身份暴露:2031  第82章 温泉里的疯狂:2050  第83章 我不会:2096  第84章 耳鬓厮磨:2133
          第85章 命中注定在一起:2089  第86章 雪地里的小初然:1967  第87章 你不想拥有我么:2208  第88章 你的前世，我的今生:2132  第89章 短暂温存:2260  第90章 仙界番外：龙渊的日常二三事:1038
          第91章 仙帝落入凡间:2171  第92章 龙渊苏醒:2079  第93章 初赫幽言之遇:2182  第94章 龙渊的温柔:2026  第95章 风雨欲来:2116  第96章 隐忍委屈的初然:2121
          第97章 初然小院:2031  第98章 妖龙轮回簿是空的:2080  第99章 叶一行赠同心锁:2066  第100章 清晨的贪欢:1965  第101章 被掌门抓包对峙:2043  第102章 沈骨打莫开:2029
          第103章 成亲了才可以:2117  第104章 节制一点:2161  第105章 不喜欢还提亲？:1971  第106章 解毒需欢好之术:2014  第107章 不愿:2006  第108章 云十七露面:2047
          第109章 有希望正常修炼了:2020  第110章 别撩拨我:2040  第111章 种种线索:2039  第112章 你是不是喝醉了？:2159  第113章 幽蓝:1004  第114章 吃干抹净想跑？:2116
          第115章 华武山庄里的秘密:2091  第116章 被保护的残损龙魂:2167  第117章 她替了你的命:2033  第118章 那抹幽蓝:1009  第119章 我想要唤醒龙渊:2094  第120章 夭折的黎星:2114
          第121章 初然的警惕:2072  第122章 夜远星寒毒发作:1996  第123章 止星夜绵:2013  第124章 是我做的不对吗:2060  第125章 龙鳞的指引:2019  第126章 沈骨被带走:2009
          第127章 妖形侵入人魂:2228  第128章 婪日窟底的对峙:2073  第129章 龙脉里的众生:2050  第130章 接受命运:2006  第131章 小别胜新婚:2116  第132章 同我成亲:2048
          第133章 有必要吗:1929  第134章 骨然幽会:2117  第135章 我的妻子:2052  第136章 再遇顾钰:1917  第137章 我不相信你:2174  第138章 为成亲作努力:1970
          第139章 她曾嫉妒沈暗:2064  第140章 沈骨身份遭疑:1969  第141章 沈骨化险为夷:2122  第142章 惊弓之鸟:2087  第143章 魂惊东观海:2163  第144章 背后黑手:2052
          第145章 龙脉之殇:2046  第146章 龙渊之死:2110  第147章 死生契阔:2065  第148章 渊城谈判:2128  第149章 两茫茫:2071  第150章 玉碎血泣:2030
          第151章 上仙初然:1973  第152章 纵使相逢:2020  第153章 世事多迁:2027  第154章 骨然见面:2061  第155章 漫漫追妻路:2108  第156章 亦步亦趋:2052
          第157章 助你破禁:1863  第158章 竹林小院:1899  第159章 同床共枕:2069  第160章 温柔寒夜:2051  第161章 黄道吉日:1978  第162章 狂乱侵袭:1998
          第163章 不解风情:2112  第164章 克制不心动:2013  第165章 君在侧:1011  第166章 共赴云海:2124  第167章 南陵篇:岚水轶事（一）:2100  第168章 南陵篇:岚水轶事（二）:1821
          第169章 南陵篇:岚水轶事（三）:2140  第170章 南陵篇:岚水轶事（完）:1919  第171章 神寂篇:三百四十八（一）:2011  第172章 神寂篇:三百四十八（二）:1976  第173章 神寂篇:三百四十八（三）:2172  第174章 神寂篇:三百四十八（四）:2209
          第175章 神寂篇:三百四十八（五）:2054  第176章 神寂篇:三百四十八（六）:1812  第177章 神寂篇:三百四十八（完）:2117  第178章 骨然篇:大婚之前（一）:1899  第179章 骨然篇:大婚之前（二）:1760  第180章 骨然篇:大婚之前（三）:2041
          第181章 骨然篇:大婚之前（四）:1752  第182章 骨然篇:大婚之前（完）:1952  第183章 风释篇:余萨与齐楠（一）:2116  第184章 风释篇:余萨与齐楠（二）:1781  第185章 风释篇:余萨与齐楠（三）:2159  第186章 风释篇:余萨与齐楠（四）:1869
          第187章 风释篇:余萨与齐楠（五）:2143  第188章 风释篇:余萨与齐楠（六）:2363  第189章 风释篇:余萨与齐楠（完）:2035  第190章 羁绊篇:剑峰三子（一）:1857  第191章 羁绊篇:剑峰三子（二）:1872  第192章 羁绊篇:剑峰三子（三）:1988
          第193章 羁绊篇:剑峰三子（完）:2267  第194章 骨然篇:死生契阔（一）:1726  第195章 骨然篇:死生契阔（二）:1705  第196章 骨然篇:死生契阔（完）:1838  第197章 幽重篇:覆流年（一）:1835  第198章 幽重篇:覆流年（二）:2353
          第199章 幽重篇:覆流年（完）:2667

13:27:55  分手后腹黑年下她总在强制爱 (穆雪衡) [完结]  143p→196章  1252KB  OK
          https://www.52shuku.net/gl/11_b/bkbCb.html
          第1章 分手会遭报应？:2020  第2章 报复前任，气死她:2050  第3章 就是胆子大怎么了？:2341  第4章 被前任美貌迷惑怎么办:1803  第5章 跟踪我还抢辣酱！:2026  第6章 晚上我都抱着你睡:2026
          第7章 摸鱼才是赚公司的钱:1911  第8章 跑到酒吧玩被逮:1882  第9章 被前任抓回家了:2007  第10章 又不是没看过:2042  第11章 初吻都是难忘的:1923  第12章 你只属于我:2233
          第13章 她的爱病入膏肓:2195  第14章 她的爱会苦尽甘来:2009  第15章 你会不会喂粥啊？:1941  第16章 年下就该叫姐姐:2069  第17章 上头后被前任泼冷水:2169  第18章 路灯下的彷徨:2254
          第19章 厉斯辰的噩梦:2224  第20章 她是我的女朋友:2416  第21章 嘴硬要付出代价:2255  第22章 厉总太过分了！:2023  第23章 你梦到了什么？:2275  第24章 心疼她了要不就原谅吧:1915
          第25章 厉斯辰喜欢的收藏品:2188  第26章 异装癖混进le吧啦！:2273  第27章 在吃醋的路上一冲到底:2034  第28章 是我离不开你:1954  第29章 把破碎的镜子粘起来:2280  第30章 爱上你是我的救赎:2099
          第31章 锁着的房间？:2096  第32章 你家里人喊你回去吃饭:2214  第33章 你们两谁生孩子？:2018  第34章 可怕的理性:1954  第35章 她会疯得更厉害:2227  第36章 你不会离开我对不对:2067
          第37章 我会扫清一切阻碍:2087  第38章 求婚戒指引发的一场血案:2099  第39章 小两口演上了:2136  第40章 爱意是对抗的底气:2140  第41章 对你老婆好点:2379  第42章 西餐厅血色事件:2127
          第43章 别放过他:1987  第44章 鬼门关走一遭:2064  第45章 爆发、爱意与温柔:1809  第46章 原来她是爱你的:1971  第47章 有没有想我？:1933  第48章 厉总她黏人得很:2057
          第49章 我老婆都被你们带坏了！:1984  第50章 重焕新生的她:1958  第51章 老婆好像不开心:1909  第52章 要让老婆有安全感:1909  第53章 雷打不动来医院:2041  第54章 西瓜汁很好喝！:1884
          第55章 你要离婚？:2070  第56章 你抱紧我就好了:2069  第57章 疯子自挂东南枝:1923  第58章 暴雨中的失落:1900  第59章 厉总会说情话:1982  第60章 辰禾往事：谁先惦记老婆的:1926
          第61章 好想泡温泉啊:1840  第62章 你会讨厌我的:1877  第63章 发脾气好吓人哦:2026  第64章 厉斯辰的过去:1999  第65章 清醒的老婆好可爱:1994  第66章 你也太喜欢吃醋了吧？:1894
          第67章 不要在这里发癫:2209  第68章 你为什么那样看她？:1975  第69章 离她远一点:1998  第70章 可是我已经准备好了:2276  第71章 你不能欺负你老婆啊！:2070  第72章 还在生气吗老婆？:2062
          第73章 你和沈音谁更坏啊？:2527  第74章 把我关在这里:1750  第75章 厉斯辰她不心安:1998  第76章 你想要我给你链接:2207  第77章 与你共舞:1709  第78章 老婆她新鲜感不断:2343
          第79章 泡温泉不跳舞:2142  第80章 小情侣装不熟:2011  第81章 大巴上的热闹:2138  第82章 大家都来磕CP:2294  第83章 要公开吗？:2008  第84章 被大小姐贴脸开大:2028
          第85章 诡计多端的老婆:2185  第86章 烟花绚烂的夜空:2223  第87章 我觉得我们很像同一类人:2102  第88章 玫瑰与小白花:2092  第89章 镜子上的棋局:2181  第90章 醋坛子打翻了呀厉总:1906
          第91章 属于她的完美结局:1919  第92章 巧合背后的真相:2348  第93章 母亲真正的爱人:1987  第94章 活生生挨揍:2198  第95章 错过的爱人:2179  第96章 梦呓中的爱称:1980
          第97章 你要记住我爱你:1975  第98章 辰禾往事：被老婆拿捏:2056  第99章 宠溺与无奈:2131  第100章 她快要疯了:2210  第101章 辰禾往事：黑暗中的微光:2292  第102章 辰禾往事：意气风发的她:2017
          第103章 辰禾往事：哈雷情缘:2135  第104章 辰禾往事：确认心动:2044  第105章 辰禾往事：心里的位置:2246  第106章 辰禾往事：煎熬与动心:1772  第107章 辰禾往事：探索内心所向:2039  第108章 辰禾往事：老婆闹别扭:2124
          第109章 辰禾往事：救赎爱恋:2272  第110章 梦境噬心痛骨:1937  第111章 不稳定的爆发:2041  第112章 你不要去上班了:2072  第113章 被老婆关在家里了:2186  第114章 病人的精神世界:1869
          第115章 理智与疯狂:2085  第116章 你怎么不乖一点？:2011  第117章 不玩圈子那一套:2038  第118章 反正现在是她老婆啦:2113  第119章 怎样控制幻觉？:2230  第120章 她好像很喜欢你啊宝贝:1843
          第121章 老婆她乱吃醋:2108  第122章 不可能碰到的人:2243  第123章 异世界的老婆:2145  第124章 同床共榻:2082  第125章 月光下的隐秘:2118  第126章 你应该去找她:1916
          第127章 我不记得了:2071  第128章 你把她关起来了？:2315  第129章 情侣之间的拌嘴:2039  第130章 我想要小狐狸:2087  第131章 被老婆查手机:2238  第132章 情感的爆发与争吵:1856
          第133章 天生一对阴暗批:2145  第134章 旧病难医:1948  第135章 我最爱的人:2071  第136章 美好的时光:2079  第137章 电话打的不是时候:2192  第138章 患得患失:1879
          第139章 有人追过我:2029  第140章 世界没意思:1993  第141章 异地恋什么的最讨厌了:2027  第142章 记忆偏差:2246  第143章 精神检测:2051  第144章 被偷家了:2014
          第145章 你不知道的真相:2011  第146章 她的自述:2060  第147章 想要杀她的人:2143  第148章 我不会去见她的:1880  第149章 母亲的遗产:2185  第150章 你小女朋友不会发疯吗？:2045
          第151章 地下的对话:2147  第152章 不怀念就不会难过:2058  第153章 我是谁的孩子？:2304  第154章 老婆又跑出去了:2092  第155章 冷战的厉斯辰:2150  第156章 无药可救的她:2074
          第157章 掉眼泪了还得哄:2000  第158章 你见到我了:2222  第159章 不发疯了:2253  第160章 我有两个母亲:1818  第161章 这个世界的NPC？:1853  第162章 妻妻拌嘴（原向）:2260
          第163章 妻妻吵架（原向）:2277  第164章 得到和失去:1909  第165章 彻底黑化的厉斯辰:1939  第166章 诉说痛苦:2256  第167章 我接受你这个女婿:2040  第168章 拥抱的温度:2078
          第169章 直面痛楚根源:2168  第170章 车祸的罪魁祸首:2028  第171章 真相推测:2189  第172章 唤醒我:2050  第173章 说的话都作数:2269  第174章 告别也是开始:1921
          第175章 小白花的情话:2027  第176章 会答应求婚吗？:2307  第177章 存忆之人:2118  第178章 总裁的约会计划:2080  第179章 海岛望心篇：登场（一）:2003  第180章 海岛望心篇：窥情（二）:2034
          第181章 海岛望心篇：问情（三）:1982  第182章 海岛望心篇：挚爱（完）:2151  第183章 末之外传：小尾巴封禾（一）:2045  第184章 末之外传：厉辰（二）:1996  第185章 末之外传：谈判（三）:1903  第186章 末之外传：遗失（四）:2239
          第187章 末之外传：沉沦（五）:2306  第188章 末之外传：战前（六）:1905  第189章 末之外传：破防（七）:2527  第190章 末之外传：血染（完）:2327  第191章 寻妻记：老婆丢掉了（一）:1905  第192章 寻妻记：不属于她的小辰（二）:2296
          第193章 寻妻记：打别人老婆（三）:2082  第194章 寻妻记：哭唧唧找老婆（四）:2374  第195章 寻妻记：重启人生（完）:2993  第196章 雪吻（终章）:1706

13:28:09  未完 (祈破) [完结]  35p→32章  305KB  OK
          https://www.52shuku.net/gl/10_b/bkbAQ.html
          第1章 预约:3297  第2章 亲妈:3402  第3章 问题不大:3373  第4章 奶布丁:3012  第5章 带走:3071  第6章 没有:3397
          第7章 院长:3198  第8章 一来二去:3254  第9章 不公平:3187  第10章 长命百岁:3760  第11章 距离:3425  第12章 意义:3040
          第13章 关心:3693  第14章 称呼:2996  第15章 司徒医生:3380  第16章 敬仰:3171  第17章 为你好:3588  第18章 拉扯:3560
          第19章 转曲:3145  第20章 可以:3028  第21章 定格:4228  第22章 前后:1128  第23章 绳索:3439  第24章 羽毛:2971
          第25章 狮子:3020  第26章 看见:3312  第27章 是你吗:2693  第28章 单独相处:3046  第29章 你好笨:3013  第30章 恋爱快乐:2196
          第31章 PPT:3166  第32章 院长夫人:2591

13:28:52  小狐妖不许对姐姐撒娇 (静静不想吃饭) [完结]  100p→138章  873KB  OK
          https://www.52shuku.net/gl/08_b/bkb9F.html
          第1章 即墨歆:2204  第2章 狐狸:2194  第3章 拉黑傅司烨:2149  第4章 加好友:2094  第5章 三哥:2159  第6章 视频电话:2049
          第7章 道侣:2077  第8章 父亲:2177  第9章 包厢:2169  第10章 替身情人:2220  第11章 妖术？:2129  第12章 您喜欢女人吗？:2210
          第13章 喜提冤大头一名:2065  第14章 我当即墨歆的情人吧:2018  第15章 性取向的改变:2130  第16章 你喜欢沈暮烟啊？:2080  第17章 投资:2186  第18章 你狐狸尾巴露出来了:2163
          第19章 拆吃入腹:2131  第20章 我的小情人:2066  第21章 情人？:2099  第22章 喜欢钱:2033  第23章 钥匙锁屋里:2044  第24章 反派光环:2026
          第25章 庄祺:2082  第26章 晚安阿曜:2063  第27章 我抱你去:2196  第28章 边界感？:2177  第29章 回老宅见家人:2060  第30章 联姻:2157
          第31章 大哥的烦恼:2084  第32章 即墨歆无语:2212  第33章 别气了，我哄哄你:2166  第34章 暧昧，拥抱:2191  第35章 初吻:2488  第36章 臭女人不负责:2142
          第37章 一起宅家看电视:2110  第38章 即将开学:2198  第39章 带小狐狸上学:2124  第40章 朋友会接吻吗？:2165  第41章 一起吃火锅:2272  第42章 又去走剧情了？:2201
          第43章 即墨歆，我好疼:2165  第44章 一脚踹倒白月光:2032  第45章 轻吻泪痣:2150  第46章 叫姐姐:2222  第47章 和庄祺的交易:2002  第48章 嘴巴张开一点:2109
          第49章 间接接吻:2125  第50章 想牵手:2104  第51章 牵到手，心动:2084  第52章 决定追沈暮烟:2158  第53章 助攻，醍醐灌顶的即墨歆:1956  第54章 吃醋？装醉撩人:2130
          第55章 沈暮烟，让我进门:1857  第56章 终于长嘴了:2229  第57章 沈暮烟喜欢我？:2228  第58章 计划表白:1961  第59章 宠老婆，天经地义:2207  第60章 庄祺踏上远行:2132
          第61章 惊喜:1839  第62章 沈暮烟，我喜欢你:2226  第63章 永远爱我:2246  第64章 捡了个小猫:1955  第65章 想反攻？:2016  第66章 粘人精:2275
          第67章 踢我？:1934  第68章 离婚:2161  第69章 糖糖拜访:2190  第70章 盛薇:2005  第71章 小浅:1889  第72章 还分手吗？:2237
          第73章 新的骂人词汇:2090  第74章 恋爱脑:2071  第75章 争执:1357  第76章 小饼干:2054  第77章 消失:2124  第78章 招蜂引蝶的两人:2079
          第79章 晚霞:2086  第80章 反攻:2081  第81章 进医院:2049  第82章 替身？:2108  第83章 no替身:1916  第84章 和好:2035
          第85章 亲家:1982  第86章 有脏东西:2109  第87章 气运值再创新低:2011  第88章 傅家破产:2091  第89章 秦女士突袭，见家长:2014  第90章 你是我妈妈吗？:2072
          第91章 天道:1954  第92章 谁都不能分开我们:2086  第93章 调情:1990  第94章 礼物:2216  第95章 落魄的傅司烨:1805  第96章 买花:2058
          第97章 你叫谁姐姐呢:2011  第98章 赶走小绿茶:1987  第99章 她为什么不失控？:2132  第100章 腹有诗书气自华:2052  第101章 社牛糖糖:2040  第102章 奸夫:2081
          第103章 殴打陆瑜歌:2057  第104章 敬酒:2080  第105章 离婚协议:1999  第106章 签字:1955  第107章 一个家:2102  第108章 计策:2027
          第109章 根本闲不下来:1979  第110章 阴谋:2256  第111章 黏糊小情侣:1822  第112章 结婚？:2253  第113章 不想当后妈:1900  第114章 偶遇:2053
          第115章 气运已低于宿主:1887  第116章 死法:1663  第117章 刺杀计划:1911  第118章 行动前夕:2174  第119章 好久不见:1989  第120章 他也有系统:1930
          第121章 天道易主:1524  第122章 特殊期:1741  第123章 预产期将近:2011  第124章 回国:1970  第125章 喜欢的:2138  第126章 振妻纲:1038
          第127章 求婚:2579  第128章 苏辞酒1:2155  第129章 苏辞酒2:2239  第130章 苏辞酒3:2198  第131章 苏辞酒4:2366  第132章 苏辞酒5:1702
          第133章 苏辞酒6:1514  第134章 苏辞酒7:2173  第135章 苏辞酒8:1864  第136章 苏辞酒9:1878  第137章 苏辞酒10:2124  第138章 苏辞酒（完）:2087

13:31:15  末世冷血怎么了？惹我老婆都得死 (穆雪衡) [完结]  373p→520章  3318KB  OK
          https://www.52shuku.net/gl/08_b/bkb9E.html
          第1章 被背刺后重生:2087  第2章 蜘蛛侠姐的胜利:2269  第3章 Ctrl+C永远的神:2000  第4章 再靠近一点点~:2288  第5章 我是你的命哦:2084  第6章 姐们要战斗！:2175
          第7章 出门只为扔垃圾:2336  第8章 被食物感动哭了:2175  第9章 如狼似虎的吃相:2057  第10章 赶路只为一个人:2055  第11章 放松下来:1957  第12章 小松鼠如何俘获人心？:2289
          第13章 折中法是杀光他们:2186  第14章 傅影限定烧烤:2224  第15章 我感受你的痛苦:2019  第16章 要她心里的地位:1724  第17章 小松鼠帅气救场:2006  第18章 多喝点水:2043
          第19章 心里有一点点酸:1907  第20章 我想要的你能给:1669  第21章 在雨天中得到盟友:2062  第22章 与你相拥:2035  第23章 轻轻贴近你的耳朵:2183  第24章 等我回来:2075
          第25章 隐秘的注视:2025  第26章 把她抱进身体里:1901  第27章 给小松鼠带吧唧被蹭脸了:1998  第28章 再听一秒就会爆炸:2022  第29章 怪丧的自助餐:2180  第30章 异能暴露但出场很帅:2467
          第31章 莫名其妙的世界:1734  第32章 我不是复神:2059  第33章 觊觎小松鼠会被钉:2266  第34章 堵住小松鼠的嘴巴:2096  第35章 你喜欢她？:1968  第36章 苦肉计让小松鼠心疼:2210
          第37章 小松鼠更依赖她了:1987  第38章 服软的女人最好命:2245  第39章 我的信任都给你:2002  第40章 雾气升腾:2373  第41章 占有的心思在作祟:1964  第42章 暂时的合作:2029
          第43章 逐客还要欺负易拉罐:2582  第44章 睡梦中被咬了一口:1870  第45章 不傻但白甜的小松鼠:2427  第46章 玩的就是bug:1985  第47章 管你就不会只想做朋友:1904  第48章 妥协意味着被哄高兴了:1833
          第49章 火海缭绕黑雾:2247  第50章 归心似箭的她:1905  第51章 是谁的眼神锁定我:2277  第52章 你的眼神有点凶:1757  第53章 傅影的危机感:2339  第54章 她刚刚想亲吻她:2116
          第55章 傅影的反套路:2378  第56章 在床上抢耳机:1771  第57章 悸动的心就像火炉:1777  第58章 傅影的盘问有酸味:2304  第59章 移不开眼的傅影:2188  第60章 你们还不配！:1928
          第61章 握个小手谈个合作:2065  第62章 小肩膀怪硌人的:2245  第63章 渴望得到什么:1913  第64章 揭露她的罪恶:2240  第65章 小松鼠的过去:1993  第66章 傅影值得信任？:2168
          第67章 奇葩异能何其多:1918  第68章 做偷吻的小偷:1459  第69章 深爱无可避免:1994  第70章 戒备且占有心爆炸:1982  第71章 你们不要再打啦:2188  第72章 机灵小松鼠和欠揍傅影:2012
          第73章 以后再也不吃炸鸡了:2265  第74章 给傅影挑好看衣服:2253  第75章 小酌前的种种:2158  第76章 真香定律的小松鼠:2341  第77章 被诱哄的小松鼠:2167  第78章 质问:1820
          第79章 清醒之后的断片:2048  第80章 寒雪与温暖怀抱:2229  第81章 冬日里的小芬芳:1927  第82章 凛冽寒冬与祸鸦:1870  第83章 脸上发热的小松鼠:2143  第84章 在乎傅影像喝水一样容易:1938
          第85章 怪丧的新异种与袭击:2387  第86章 极限操作拿捏小松鼠:1841  第87章 暗恋会紧张兮兮:2251  第88章 反应很大的傅影:2075  第89章 这就是默契:2291  第90章 黑黑的角落有你:2010
          第91章 双生异能的新盟友:2159  第92章 傅影的深沉心思:2090  第93章 以后不会让你疼:2136  第94章 窗边的拥抱:2246  第95章 被抓包:1779  第96章 小松鼠的怀疑:1902
          第97章 喝茶喝得脸红啦？:2117  第98章 所谓爱情:1892  第99章 傅影喜欢她:2366  第100章 心乱如麻的小松鼠:2029  第101章 既定领袖的选择:2099  第102章 小松鼠深夜追踪:2136
          第103章 喜欢傅影有什么不好的？:1954  第104章 小松鼠上钩咯:1945  第105章 小机灵真怪丧:2093  第106章 丧尸猫的围攻:2285  第107章 黑液潮涌:2206  第108章 恨太浅就会死:2149
          第109章 小松鼠要冷战？:1955  第110章 被关门外了:2009  第111章 要被赶下床:2061  第112章 小松鼠咬人了:1760  第113章 一家欢喜一家愁一家怒:2290  第114章 小松鼠的疑惑:1835
          第115章 喜欢一个人会患得患失:2051  第116章 隐秘流动的情愫:2215  第117章 暧昧在涌动:1921  第118章 醉酒夜该表白了:2337  第119章 我喜欢上女孩啦！:4069  第120章 序幕·恶:2346
          第121章 在热恋哦:2177  第122章 想要二人世界:1940  第123章 金戒指给你套上:1869  第124章 只有她可以守护小松鼠:2027  第125章 四面危险重重:2287  第126章 不服气就教训你:1962
          第127章 祸鸦所向:2288  第128章 不要死啊:1892  第129章 气若游丝:2190  第130章 小情侣闹矛盾:1834  第131章 苏醒爱人:2295  第132章 和小松鼠一起出柜:1926
          第133章 沉沦其中的心:2146  第134章 被小松鼠查烟:1939  第135章 你要和我谈恋爱？:1917  第136章 认真给承诺的傅影:2194  第137章 我知道谁信任我:1945  第138章 杀伐果决的傅影:2472
          第139章 为什么在发抖？:2046  第140章 黑墙下的进犯:2368  第141章 投诚与等待:1980  第142章 来自亲姐姐的寒暄:2224  第143章 小松鼠的恨意:2029  第144章 空洞的灵魂:2282
          第145章 解离:2256  第146章 利用完再杀:2163  第147章 打了老婆的姐姐:2185  第148章 姐妹会谈:1934  第149章 互相出柜:1866  第150章 永久异能:2236
          第151章 死过一次:1998  第152章 面对霸凌者:2056  第153章 被打断:1670  第154章 被打断好事气炸:1932  第155章 所谓失去:2208  第156章 我很没用:1933
          第157章 保护她的领域:1867  第158章 打她一巴掌！:2426  第159章 顾妮妮的仇恨:2190  第160章 谁才是赎罪者？:1921  第161章 捅一刀发泄:1757  第162章 祸潮爆发:2308
          第163章 巨鹰之袭:2440  第164章 四面缠斗:1893  第165章 白色的逝亡:2003  第166章 血夜:2025  第167章 战后所思:2022  第168章 苏醒后的争吵:2112
          第169章 傅影的质问:1831  第170章 小松鼠无敌了:2218  第171章 精神联络:2056  第172章 同态复仇:2341  第173章 臣服于你:2181  第174章 多出的记忆:1855
          第175章 高位者的规训:2111  第176章 天台:1540  第177章 次日:1389  第178章 技多不压身:2359  第179章 担心背叛？:2185  第180章 我最爱你了:2015
          第181章 人人都是疯子:1806  第182章 蔷薇酒店:1996  第183章 感受爱人的痛苦:2003  第184章 火锅见真情:2188  第185章 所谓家族:2002  第186章 暗黑色囚笼:2109
          第187章 初见与怀念:1991  第188章 精神洁癖:1743  第189章 作恶多端的傅影:1232  第190章 年轻的战斗力:2176  第191章 除夕夜（一）:2100  第192章 除夕夜（二）:1939
          第193章 除夕夜（三）:2204  第194章 除夕夜（四）:2017  第195章 除夕夜（五）:2140  第196章 不喜欢被逼迫:2035  第197章 幻视之瞳:1869  第198章 与“宋殊”的第一次会面:2149
          第199章 我唯一恨的人:2077  第200章 不可以崩塌的信任:2009  第201章 思维印记:2123  第202章 变数之争:1943  第203章 角斗场训练（一）:2116  第204章 角斗场训练（二）:2097
          第205章 杀死她的玩具:2050  第206章 宋弃与黎霜:2425  第207章 小松鼠的疯意:2133  第208章 宋殊和薄利:1949  第209章 余毅的第二异能:1910  第210章 天台上的爱人:2106
          第211章 傅影之殇:2127  第212章 心之沦陷:1903  第213章 兽形者的矛盾:2184  第214章 惊蛰:1942  第215章 逝亡与希望:2148  第216章 天真与无情:1924
          第217章 普通人翻身之日:1934  第218章 夜间梦呓:2069  第219章 始作俑者:1931  第220章 小孩子的占有欲:2076  第221章 怀念纯情的时候:2219  第222章 爱意与温存:3224
          第223章 会出轨吗？:2154  第224章 3V3模拟战:2127  第225章 模拟战胜方:1955  第226章 不属于她的记忆:1898  第227章 重生事实暴露:2253  第228章 分开一段时间吧:1953
          第229章 感受我吧:2107  第230章 她死亡的那一天（一）:1910  第231章 她死亡的那一天（二）:2094  第232章 她死亡的那一天（三）:2442  第233章 掌控她:1812  第234章 生存的意志:2103
          第235章 布局之人:1963  第236章 死亡背后的计谋:2196  第237章 抓到一只鹰王:2251  第238章 消失的罗泽:1788  第239章 新的俘虏:2286  第240章 请你们吃大餐:1969
          第241章 莫莉丝的选择:2099  第242章 冬季里的残酷:2176  第243章 和兴苑基地:1848  第244章 小诺的预言:1888  第245章 盯向和欧区的眼睛:2223  第246章 我有对象呵呵:2018
          第247章 奇怪的幻想增加了:2018  第248章 循序渐进:1975  第249章 面对面要做什么:2084  第250章 我什么都没看见:2217  第251章 小松鼠三拒贴贴:1907  第252章 焚心:2072
          第253章 高架桥上的焦土:2199  第254章 极致碾压:2285  第255章 亲自送他上路:1957  第256章 绞杀立即执行:2127  第257章 你带我去呀:1883  第258章 我只要你:1954
          第259章 杀死那只小松鼠:2162  第260章 对峙与分手:2099  第261章 没出息:1708  第262章 偷听:2136  第263章 谢谢你:1941  第264章 身份互换:2522
          第265章 口是心非:1599  第266章 声音:2054  第267章 羞耻与决裂:1618  第268章 雨楼初见:2344  第269章 黎霜高烧不退:1823  第270章 光怪陆离:1747
          第271章 圣水沐浴:2500  第272章 你的异能送给我:1971  第273章 驱逐夏弗:2329  第274章 大松鼠留下的信息:2194  第275章 傅影的需求:2088  第276章 情感危机:1630
          第277章 强制烙印:1981  第278章 烧烤晚宴众人聚:2232  第279章 痛不欲生:1798  第280章 前世宋殊的选择（一）:2072  第281章 前世宋殊的选择（二）:1931  第282章 前世宋殊的选择（三）:2382
          第283章 大疯子小疯子:1709  第284章 识时务者有烤肉吃:2039  第285章 生命灵魂都交融:2157  第286章 交易与阵营:2407  第287章 换个衣服:1790  第288章 心机多才能抱得美人归:1976
          第289章 梦境里的囚徒:2171  第290章 苏醒的黎霜:2064  第291章 大松鼠养了金丝雀:2025  第292章 你们不是同一个人:2276  第293章 杀死黎霜:1983  第294章 黎霜变成新人类:2184
          第295章 感受安宁:1972  第296章 孔思思的寒冰铠甲:2024  第297章 惬意初夏:2057  第298章 椎骨新生:2566  第299章 荒诞色彩:1781  第300章 吃人的柏油路面:2086
          第301章 紫色光屏:2377  第302章 胡言乱语制造机:2277  第303章 你看到了什么？:2046  第304章 纯爱的变态版本:2340  第305章 小松鼠的生日礼物:2278  第306章 小松鼠的反应:2012
          第307章 小松鼠的反击:1294  第308章 那些记忆（一）:1994  第309章 那些记忆（二）:2048  第310章 记忆中断:2067  第311章 梦境里的厮杀:2201  第312章 傅影对她的意义:1953
          第313章 望妻石:2173  第314章 你侬我侬:2142  第315章 怪味糖闪击一号楼:2032  第316章 有缘分就会相遇:1931  第317章 独一无二的我们:2097  第318章 异盟新貌:2018
          第319章 金瞳:2062  第320章 宠溺:1790  第321章 什么叫作醋精啊？:2322  第322章 秀恩爱真可恶:2004  第323章 承认错误:2184  第324章 突袭者:2341
          第325章 复活的怪丧？:1793  第326章 人心惶惶:2182  第327章 那些记忆（三）:2107  第328章 那些记忆（四）:2065  第329章 那些记忆（五）:1960  第330章 傅影的疼惜珍爱:1708
          第331章 那些记忆（六）:2546  第332章 那些记忆（七）:2405  第333章 那些记忆（八）:2001  第334章 那些记忆（九）:2446  第335章 傅影的眼泪:1816  第336章 限定春卷小松鼠:2097
          第337章 醒来之后:2096  第338章 脑子里都是罗泽:1988  第339章 被克制的异能:2274  第340章 那些记忆（十）:2177  第341章 那些记忆（十一）:1922  第342章 那些记忆（十二）:1931
          第343章 那些记忆（十三）:2280  第344章 那些记忆（十四）:1964  第345章 那些记忆（十五）:2166  第346章 不让看的记忆:1907  第347章 那就爱惜我:2163  第348章 有没有大boss:2174
          第349章 小松鼠的预测:2016  第350章 不速之客的到来:2303  第351章 赫无生:1968  第352章 超自然的力量:2173  第353章 漫画的结局:1955  第354章 遗失的神器:2177
          第355章 谜团重重:1885  第356章 冷血姐变哭包:1707  第357章 赫无生的过去:2221  第358章 你为什么会记得？:1818  第359章 天地骤暗:2338  第360章 黑云压城灵如月:2134
          第361章 请天神罚:2132  第362章 天道之域的囚徒:2184  第363章 与神明做交易:1872  第364章 殊与影:2529  第365章 那些记忆（十六）:1778  第366章 那些记忆（十七）:1886
          第367章 那些记忆（十八）:2471  第368章 那些记忆（十九）:4037  第369章 容身之处:2017  第370章 物资兑换:2218  第371章 就地正法:2215  第372章 科尔曼大人:2109
          第373章 异盟城的总督:2434  第374章 圣医仁心:1813  第375章 心有所动:1994  第376章 黑影归来:1991  第377章 与影温存:2311  第378章 赔罪与照顾:2299
          第379章 诊所互动:2062  第380章 心有所属:2077  第381章 小松鼠正式现身:1967  第382章 呆若木鸡:2035  第383章 母女情分:1954  第384章 心慌意乱:2292
          第385章 难以和解:2095  第386章 恐惧与摊牌:2048  第387章 微妙试探:2165  第388章 平行世界的新启示:1882  第389章 继任城主:2209  第390章 巧克力之争:1985
          第391章 别扭:1949  第392章 海佑的告白:2205  第393章 近在咫尺的温热:2467  第394章 情根深种:1665  第395章 出发吧我的朋友:2194  第396章 本体在哪儿？:2195
          第397章 闯入实验室:2328  第398章 问号连连:1708  第399章 脑子缺根筋:2101  第400章 五感可以恢复:2043  第401章 别太宠了！:2054  第402章 烧脑的真相:2002
          第403章 你拿我俩打窝？:2135  第404章 血雾:2165  第405章 濒死:2034  第406章 拯救:2144  第407章 不摊牌:1829  第408章 吃瓜的影分身:2278
          第409章 相依相偎:1837  第410章 我有个好主意:2168  第411章 想念:1923  第412章 假如世界重启:2080  第413章 没营养的对话:2174  第414章 看到她了哦:2001
          第415章 重逢旧识:2356  第416章 我想跟你聊聊:2068  第417章 我会永远视奸你:1949  第418章 恋情暴露:2188  第419章 各有所求:2314  第420章 我不喜欢你:1928
          第421章 厉辰不好惹:2114  第422章 问候她:1976  第423章 暴打夏弗:2281  第424章 冤冤相报:2112  第425章 能说会道的聪明女人:2388  第426章 横刀夺爱？:1692
          第427章 怪事:2181  第428章 鬼故事:1878  第429章 你要见总督？:2097  第430章 痛哭流涕地求饶:1996  第431章 傅影我好累:2073  第432章 清醒梦:1972
          第433章 承诺:2133  第434章 海浪滔天:2185  第435章 回家:2024  第436章 小狐狸白又白:2078  第437章 挨家挨户要礼物:2322  第438章 狐狸尾巴摇啊摇:1804
          第439章 平安夜之乱:2031  第440章 怪丧军团:2143  第441章 送你入神域:2155  第442章 最后的通知:2176  第443章 抵触:1929  第444章 众生百相:2246
          第445章 真心话大冒险:4062  第446章 康乐人物传：任梦清和她的木头女友（一）:1868  第447章 康乐人物传：任梦清和她的木头女友（二）:2253  第448章 康乐人物传：任梦清和她的木头女友（三）:1977  第449章 康乐人物传：任梦清和她的木头女友（四）:2166  第450章 康乐人物传：王胜的职场发癫记（一）:2027
          第451章 康乐人物传：王胜的职场发癫记（二）:2371  第452章 康乐人物传：王胜的职场发癫记（三）:1931  第453章 康乐人物传：王胜的职场发癫记（四）:2215  第454章 康乐人物传：韩雅眼中的世界（一）:2020  第455章 康乐人物传：韩雅眼中的世界（二）:2077  第456章 康乐人物传：韩雅眼中的世界（三）:2401
          第457章 康乐人物传：曹剑与他的混血bro（一）:1651  第458章 康乐人物传：曹剑与他的混血bro（二）:2131  第459章 康乐人物传：曹剑与他的混血bro（三）:1994  第460章 康乐人物传：钟云明夏·胆小鬼（上）:2148  第461章 康乐人物传：钟云明夏·胆小鬼（下）:2151  第462章 小松鼠今天也在幸运爆表（一）:2235
          第463章 小松鼠今天也在幸运爆表（二）:1852  第464章 小松鼠今天也在幸运爆表（三）:2125  第465章 小松鼠今天也在幸运爆表（四）:2155  第466章 小松鼠今天也在幸运爆表（五）:1992  第467章 小松鼠今天也在幸运爆表（六）:2086  第468章 小松鼠今天也在幸运爆表（七）:2025
          第469章 小松鼠今天也在幸运爆表（八）:2022  第470章 小松鼠今天也在幸运爆表（九）:2180  第471章 小松鼠今天也在幸运爆表（十）:1964  第472章 小松鼠今天也在幸运爆表（十一）:2154  第473章 小松鼠今天也在幸运爆表（十二）:2235  第474章 小松鼠今天也在幸运爆表（十三）:2086
          第475章 小松鼠今天也在幸运爆表（十四）:2205  第476章 小松鼠今天也在幸运爆表（十五）:2002  第477章 小松鼠今天也在幸运爆表（十六）:2085  第478章 小松鼠今天也在幸运爆表（十七）:2141  第479章 殊影篇之捍卫异国恋（一）:2301  第480章 殊影篇之捍卫异国恋（二）:2235
          第481章 殊影篇之捍卫异国恋（三）:1872  第482章 殊影篇之捍卫异国恋（四）:2106  第483章 殊影篇之捍卫异国恋（五）:2045  第484章 殊影篇之捍卫异国恋（六）:2039  第485章 殊影篇之捍卫异国恋（七）:1971  第486章 殊影篇之捍卫异国恋（八）:1961
          第487章 殊影篇之捍卫异国恋（九）:2221  第488章 殊影篇之捍卫异国恋（十）:2248  第489章 殊影篇之真心话日记（一）:2166  第490章 殊影篇之真心话日记（二）:2156  第491章 殊影篇之真心话日记（三）:2102  第492章 殊影篇之真心话日记（四）:2131
          第493章 神域篇：赫无生星河年记（一）:2186  第494章 神域篇：赫无生星河年记（二）:2085  第495章 神域篇：赫无生星河年记（三）:1943  第496章 神域篇：赫无生星河年记（四）:2037  第497章 殊影篇之镜像人生（一）:2015  第498章 殊影篇之镜像人生（二）:1764
          第499章 殊影篇之镜像人生（三）:2343  第500章 殊影篇之镜像人生（四）:2318  第501章 殊影篇之镜像人生（五）:2233  第502章 南丹番外：血梦（上）:2313  第503章 南丹番外：血梦（下）:1715  第504章 白原智番外：拆解（上）:2149
          第505章 白原智番外：拆解（下）:2241  第506章 日常短篇：傅影的小惊喜:2026  第507章 日常短篇：再遇故人:2343  第508章 思泽番外：冷战（一）:2121  第509章 思泽番外：冷战（二）:1974  第510章 思泽番外：冷战（三）:2142
          第511章 日常短篇：失忆整活（上）:1959  第512章 日常短篇：失忆整活（下）:2079  第513章 夏弗番外：饮恨渡爱（一）:2050  第514章 夏弗番外：饮恨渡爱（二）:2093  第515章 夏弗番外：饮恨渡爱（三）:1926  第516章 夏弗番外：饮恨渡爱（四）:1947
          第517章 夏弗番外：饮恨渡爱（五）:2212  第518章 后记1：艰难的长篇:1858  第519章 后记2：做一个甜宠大帝好难:2205  第520章 后记3：传闻与八卦:1504

13:31:43  影后难撩 (本止戒) [完结]  75p→114章  649KB  OK
          https://www.52shuku.net/gl/08_b/bkb9C.html
          第1章 两座废墟:3021  第2章 《这就是戏》:3008  第3章 施语晴持续作妖:4000  第4章 许昭颜:3023  第5章 施语晴好欠！:3019  第6章 悔如歌:2086
          第7章 演技:2052  第8章 学妹暗恋学姐？:1958  第9章 已读不回:2089  第10章 广告拍摄:2032  第11章 牢笼:2023  第12章 小昭阳？小太阳！:1933
          第13章 许老师交给我你放心！:2215  第14章 施语晴低烧:2021  第15章 许老师，你知道你现在像什么吗？:2094  第16章 许昭颜的狗:2017  第17章 许家:2084  第18章 驯服:1996
          第19章 医院:2014  第20章 狗仗人势？:1773  第21章 CP？:1930  第22章 许昭颜的性张力？:2060  第23章 下雨天是留客天:1992  第24章 陆导：你看着好像不太直:1424
          第25章 蓝心表示带不动:1187  第26章 许老师不经磨:1155  第27章 陌生的名字:2003  第28章 许老师你能抱着我睡吗？:2002  第29章 他怎么老接不住戏？:1976  第30章 《烂片的诞生》:2070
          第31章 施·福尔摩斯·语晴:2014  第32章 潜一百次？:2035  第33章 段柔嘉:1984  第34章 柳青迟:2022  第35章 好朋友:2051  第36章 许老师背地不正经？:1991
          第37章 人畜不分:2044  第38章 旧梦:2042  第39章 签约:1972  第40章 看样子应该是没事:2097  第41章 你好，结婚:2010  第42章 秘密:2054
          第43章 测量:1998  第44章 活祖宗又把许老师惹生气了！:2093  第45章 橙子:2016  第46章 施语晴：……6:2072  第47章 贼偷贼脑？人美心善施语晴！:2018  第48章 许老师是有点叛逆在身上的:2018
          第49章 属于她的颜色:2030  第50章 蓝心：我把全世界好人都杀了！:2077  第51章 许老师，你这里欠我的拿什么还！:2019  第52章 她的盛宴:2020  第53章 两人的弦断了:2055  第54章 明明是你先点的火:1992
          第55章 乖水:2005  第56章 白月光泛滥成灾:2010  第57章 祭日:1104  第58章 误我？:2008  第59章 老段冷静！:2005  第60章 《难合》:2035
          第61章 试镜:2019  第62章 情人:2001  第63章 同居:2029  第64章 她俩是为了销量:2010  第65章 对联:2026  第66章 叫老婆，撒娇？:2032
          第67章 天阶夜色凉如水:2014  第68章 你的扭捏让我觉得恶心！:2016  第69章 柳青迟：我到底在提防什么东西！:2065  第70章 有问题，找段总！:1486  第71章 将计就计:2085  第72章 温合韵服装:1986
          第73章 今年确实很完美了:2037  第74章 《难合》开拍:2010  第75章 入戏施语晴:2011  第76章 怎么释怀？:2016  第77章 招惹:2022  第78章 到时我们聊聊吧:1508
          第79章 再等等:1987  第80章 彼此眼中:1987  第81章 寂寞:1711  第82章 恶心:1301  第83章 流浪:1005  第84章 爱受伤的温合韵:1043
          第85章 如她姓氏般的温柔:1037  第86章 快乐顺遂:1374  第87章 《难合》杀青:1149  第88章 你比我更适合温合韵:1087  第89章 分离:1436  第90章 不对劲？:1047
          第91章 祝你、敬我:1094  第92章 高医生的猜测:1227  第93章 车祸新闻:1101  第94章 血型:1026  第95章 手撕CP:1216  第96章 脸有点疼:1100
          第97章 厌烦:1033  第98章 《真实游戏》:1070  第99章 奇怪的感觉:1057  第100章 阴阳:1237  第101章 小助理神色各异:1085  第102章 游戏黑洞许昭颜:1041
          第103章 禁闭室:1013  第104章 出口:1046  第105章 逃杀:1016  第106章 这就是宿命吧？:1447  第107章 我和我的冤种助理:1472  第108章 许昭颜就是徐梦雅:1431
          第109章 告密者:1611  第110章 施语晴杀疯了:2788  第111章 一张恋爱脑:2444  第112章 记忆恢复:2441  第113章 施语晴的傻逼样:2360  第114章 没有结局的结局:2727

13:32:27  宿敌 (执古御今) [完结]  100p→77章  844KB  OK
          https://www.52shuku.net/gl/08_b/bkb9B.html
          第1章:3952  第2章:4946  第3章:3803  第4章:3048  第5章:3088  第6章:4710
          第7章:3197  第8章:3562  第9章:3458  第10章:3543  第11章:3069  第12章:4065
          第13章:4174  第14章:4002  第15章:3693  第16章:3276  第17章:3405  第18章:3970
          第19章:4164  第20章:4008  第21章:3422  第22章:4156  第23章:3430  第24章:4560
          第25章:4036  第26章:3873  第27章:3867  第28章:4134  第29章:3509  第30章:3686
          第31章:3327  第32章:3524  第33章:4689  第34章:3428  第35章:4023  第36章:3855
          第37章:4203  第38章:3814  第39章:3375  第40章:3651  第41章:3394  第42章:3283
          第43章:3165  第44章:3086  第45章:4094  第46章:3688  第47章:3093  第48章:3749
          第49章:3526  第50章:4309  第51章:3979  第52章:3139  第53章:3195  第54章:3902
          第55章:3362  第56章:3313  第57章:3275  第58章:3743  第59章:3733  第60章:3491
          第61章:3151  第62章:3603  第63章:3478  第64章:4383  第65章:3343  第66章:3429
          第67章:3037  第68章:3282  第69章:3209  第70章:3303  第71章:3328  第72章:3521
          第73章:3064  第74章:3483  第75章:3259  第76章:3385  第77章:4661

13:33:08  师父，请帮弟子解情蛊 (瓜子猫) [完结+番外]  107p→97章  959KB  OK
          https://www.52shuku.net/gl/07_b/bkb8Z.html
          第1章 蛇姬笑了笑：“以小博大，……:3064  第2章 “师父，帮我解情蛊……”……:3198  第3章 “我一会儿还要去跪祠堂。……:4144  第4章 “师父不就是想和我做那样……:3090  第5章 “进去，我要对你施展搜魂……:3037  第6章 正是前几日过来帮她看伤的……:3130
          第7章 “咱们这什么时候来了个小……:2984  第8章 佛指窟？长生之法？！……:3239  第9章 情蛊，就是那个契机。……:3050  第10章 【师父，你这样好像一只……:2836  第11章 小郡主裴茴在凌霄派失踪……:3286  第12章 “魔宗弟子，瑕眦必报。……:2959
          第13章 洛玖瞧着她：“什么样的……:2001  第14章 【可以尝试着第六日解蛊……:2018  第15章 “明天入夜，到我房里来……:1898  第16章 “咱们都是魔宗的弟子，……:2052  第17章 “可是……师父，你的脸……:1955  第18章 “今晚，就劳烦师父教导……:1988
          第19章 “我看到了我的因果。”……:2440  第20章 “师父，我……还有哪里……:1990  第21章 “云晴，你是不是喜欢商……:3169  第22章 这便是洛玖守护了十几年……:3313  第23章 被人伺候是那么舒心:3112  第24章 《清冷师尊与我夜夜欢》……:3285
          第25章 “师父能送我一个这样的……:3313  第26章 昨天没做够:3233  第27章 “肯定把你的生辰宴办的……:3259  第28章 珠内的灵气源源不断的注……:3435  第29章 现在，商千叶要享用自己……:3324  第30章 “我喜欢你这件事情，一……:3358
          第31章 “这是我特意为你准备的……:3474  第32章 那琴竟然就这样在商千叶……:3326  第33章 “你今日受的伤，我来日……:3508  第34章 “我怀疑，凌霄派中有魔……:3488  第35章 糟了，忘记提前解蛊了。……:3324  第36章 【师父真厉害，弄的到处……:3453
          第37章 【蛇姬和那内应有接触了……:3373  第38章 让凌霄派找出那个‘内应……:3491  第39章 天道刹的结界，竟破了一……:3326  第40章 隐藏的那圈荆棘暗纹……:3446  第41章 那个蛇蝎女人竟然在地牢……:3468  第42章 蓝白色的腕带:3474
          第43章 附近几个村子闹了风寒，……:3506  第44章 她怎么还会想着‘下次’……:3407  第45章 “是去疫病的村子吗？”……:3370  第46章 “这场疫病可能不是天灾……:3423  第47章 这道符则是护住人的金丹……:3553  第48章 “师父，你愿意与我结为……:3381
          第49章 “你说得对师父，我们永……:3279  第50章 自爆金丹:3378  第51章 “我叫温霜，是药修的小……:3515  第52章 可以让阿鱼跟她住在一起……:3455  第53章 把商千叶面前的结界给击……:3367  第54章 秦望月缓缓说道：“她，……:3632
          第55章 “既然蛊毒已解，今日你……:3325  第56章 【都说了我不是心魔，我……:3405  第57章 【解魔宗封印者，死！】……:3524  第58章 少女时期的洛玖:3431  第59章 “殇……千叶……？”……:3522  第60章 商千叶还剩不到一年的时……:3563
          第61章 “出来后你随我去南疆一……:3474  第62章 “你当真……不跟我进屋……:3462  第63章 哪来那么大的醋味？:3350  第64章 “这破地方还有下层？”……:3524  第65章 “商千叶，你愿意与我结……:3413  第66章 “凌霄危，速归！”……:3339
          第67章 “叫你阿玖，行吗？”……:3444  第68章 等我死后，就去爱其他人……:3280  第69章 魔宗的少主商千叶:3343  第70章 “阿月，你的灵魂将永远……:3499  第71章 商千叶说：“我要你们所……:3442  第72章 “人死怎么不可以复生？……:3413
          第73章 “容纳灵魂的容器？”……:3465  第74章 “鬼门已开，商施主，你……:3376  第75章 “我找到你了，洛玖。”……:3306  第76章 “从今往后，魔宗的人不……:3348  第77章 “凌霄派，恐怕真的要完……:3280  第78章 “她这个魔族妖女，怎配……:3385
          第79章 凭什么她就是宗主夫人？……:3435  第80章 “你挟持我的这段时间，……:3505  第81章 “我要回凌霄派，你也跟……:3324  第82章 “洛玖恐怕早就和那魔族……:3394  第83章 “阿玖，跟我回魔域吧。……:3403  第84章 今天，商千叶要回来继承……:3349
          第85章 【师父……】:3496  第86章 “殇千叶在外面找她都找……:3315  第87章 低头看着自己的小手小脚……:3359  第88章 【阿玖很危险。】……:3395  第89章 立刻抱上了这颗巨大的金……:3436  第90章 “你怎么不等我死了再来……:3361
          第91章 “我知道你不是商千叶。……:3290  第92章 “正好，我带了师父你喜……:2269  第93章 洛玖看到了里面夹杂的一……:3441  第94章 她的阿玖生病了。……:3304  第95章 ——全书完——:4640  第96章 玉时言x秦……:2641
          第97章 蛇姬x温霜……:4947

13:33:52  嗷！小狗妹来袭 (星星落在湖里) [完结]  114p→78章  982KB  OK
          https://www.52shuku.net/gl/06_b/bkb7W.html
          第1章 在流浪:3009  第2章 好多狗:3478  第3章 汪汪汪:3627  第4章 被制裁:3314  第一章 作话的更新频率做了调整，就不麻烦大家回头去看了，我在第四章这里重新说——:101  第5章 休想逃:3447
          第6章 碎纸机:3233  第7章 没跑掉:3483  第8章 机灵鬼:3103  第9章 哎呀呀:4032  第10章 小狼啊:3245  第11章 相信你:3409
          第12章 听不懂:4458  第13章 接委托:5481  第14章 不是狗:3482  第15章 新线索:3541  第16章 大眼仔:4155  第17章 Autumn:5048
          第18章 辛&乌:10724  第19章 薯饼区:3663  第20章 塞尔星:3395  第21章 水之城:6662  第22章 泡泡车:3476  第23章 博览会:3820
          第24章 下层区:3984  第25章 ID卡:8038  第26章 昏迷了:4718  第27章 猫兽人:4210  第28章 新知识:5542  第29章 黑名单:9768
          第30章 下黑手:3653  第31章 知情者:4343  第32章 表情包:3437  第33章 当导游:4627  第34章 被批评:3829  第35章 当助理:3767
          第36章 警报声:3561  第37章 研究所:3357  第38章 爬管道:3337  第39章 掉马了:3792  第40章 雇佣兵:8592  第41章 得脱敏:3209
          第42章 小黑狼:3624  第43章 老熟人:3783  第44章 有异状:3810  第45章 心跳声:3622  第46章 要健康:3608  第47章 旖旎梦:5329
          第48章 智性恋:4813  第49章 被扣留:3827  第50章 小黑屋:4261  第51章 切入点:5212  第52章 百合花:3725  第53章 好霸道:3697
          第54章 数据库:3366  第55章 逃跑了:3474  第56章 时间线:3235  第57章 Emmie:4389  第58章 小插曲:3624  第59章 新证人:3732
          第60章 全家福:3130  第61章 显眼包:3272  第62章 喜欢你:4789  第63章 熟人诶:3398  第64章 直播间:3650  第65章 赫斯特:4227
          第66章 多喝水:3591  第67章 好笨啊:4878  第68章 我陪你:3721  第69章 第一课:4845  第70章 酒心糖:4087  第71章 吃掉你:4406
          第72章 异食癖:3383  第73章 降落后:4371  第74章 看星星:6704  第75章 馊主意:4336  第76章 找呀找:4570  第77章 正文完:5731

13:34:31  重生在与公主决裂前 (猫一口) [完结]  99p→86章  912KB  OK
          https://www.52shuku.net/gl/06_b/bkb7V.html
          第1章:3129  第2章:3642  第3章:3445  第4章:3213  第5章:3074  第6章:3425
          第7章:3499  第8章:3183  第9章:3716  第10章:3480  第11章:3115  第12章:3182
          第13章:3033  第14章:2526  第15章:3166  第16章:3506  第17章:2648  第18章:2845
          第19章:3113  第20章:3240  第21章:3496  第22章:4096  第23章:4554  第24章:3586
          第25章:3212  第26章:3317  第27章:3197  第28章:3872  第29章:3411  第30章:3483
          第31章:3283  第32章:3410  第33章:3467  第34章:3341  第35章:3534  第36章:3399
          第37章:3432  第38章:3507  第39章:3287  第40章:2482  第41章:2736  第42章:3433
          第43章:3199  第44章:3651  第45章:3287  第46章:4167  第47章:2503  第48章:4034
          第49章:3269  第50章:3273  第51章:4232  第52章:2362  第53章:4439  第54章:2284
          第55章:3296  第56章:4389  第57章:2683  第58章:3793  第59章:3740  第60章:3157
          第61章:3402  第62章:3361  第63章:3195  第64章:4465  第65章:3317  第66章:4102
          第67章:3673  第68章:6470  第69章:3694  第70章:3835  第71章:3734  第72章:3393
          第73章:3774  第74章:4376  第75章:4028  第76章:5657  第77章:4511  第78章:2502
          第79章:3123  第80章:3623  第81章:4791  第82章:3903  第83章:3648  第84章:5026
          第85章:4360  第86章:4464

13:35:11  攻略开国女帝[系统] (汀柏荣荣) [完结]  102p→64章  914KB  OK
          https://www.52shuku.net/gl/06_b/bkb7U.html
          第1章 我要告到联合国，告到星际……:3464  第一章，周一开文就不连更了，日更三千~[比心][比心]:0  第2章 笑得很命苦的样子啊:3117  第3章 夜半惊魂，路遇刺客:3102  第4章 江清玥到天宸宫一游:3090  第5章 陈旧的前朝往事:2545
          第6章 要有心动的感觉，才能完成……:3060  第7章 直哉惟清，高洁纯白:3062  第8章 不能摸，摸了就有感情了哟……:3169  第9章 到天宸宫了，好多人啊…………:3159  第10章 江清玥：好日子啊，老板……:3146  第11章 可怕的早起，可怕的工作……:3100
          第12章 江清玥：我何德何能！我……:3126  第13章 一些江清玥不知道的修罗……:3109  第14章 灯塔尖上的花灯，是沉重……:3122  第15章 谁能奢求富有天下的皇帝……:3130  第16章 这座皇宫里，心里的伤口……:3203  第17章 江清玥的纠结，太后崩……:3196
          第18章 江清玥你个大黄丫头啊，……:3091  第19章 一夜过去，宫女成了才人……:3264  第20章 攻略系统需要真心，谁有……:3131  第21章 江清玥：我不在乎什么真……:3202  第22章 陛下如此未免太过娇宠江……:3181  第23章 嘿嘿，美人，香香的大美……:3123
          第24章 嘴怎么肿了？还破了？吾……:3340  第25章 来，祝大娘子喝汤啦~……:3279  第26章 合成记忆碎片，看看少年……:3192  第27章 祝新月逐鹿天下的开端—……:3400  第28章 抽奖需谨慎，小心抽奖轮……:3246  第29章 朝堂局势，牵一发而动全……:3180
          第30章 我是你的慕少艾，还是你……:3246  第31章 江清玥（正直脸）：我不……:3275  第32章 出宫，换个地方跟皇帝秀……:3274  第33章 帝妃一同出宫赴宴，皇帝……:9645  第34章 按住后脑勺，将人按在胸……:6591  第35章 所有人都觉得皇帝很爱美……:6939
          第36章 今晚宿在天宸宫如何？:6613  第37章 当皇帝难，当明君更难……:6665  第38章 祝新月总是用理所应当的……:7049  第39章 长夜漫漫，光睡觉，多没……:6574  第40章 一夜春宵，食髓知味:6493  第41章 江清玥：我才不要给祝新……:6778
          第42章 这像不像你我的婚书？……:6743  第43章 状态全开，真实版不好惹……:6654  第44章 亲亲真的是世上最舒服的……:6403  第45章 等江清玥下午跑书房……:6475  第46章 江清玥：我亲自主持国宴……:6781  第47章 熬也能熬死那群老登……:6640
          第48章 祝新月：你是我昭告天下……:6519  第49章 臣服者活，不服者亡……:6611  第50章 早上没漱口，不可以亲亲……:6586  第51章 江清玥：谈恋爱不能辜负……:6842  第52章 阿清太好了，很容易引来……:6456  第53章 上官青云：坑姐啊！大半……:6514
          第54章 一口气蹦出来三个任务……:6538  第55章 没人想放弃琅平城，最后……:6587  第56章 这世上怎么会有祝新月这……:6616  第57章 一生一世唯一的一次心动……:6775  第58章 组成属于我们的家:6541  第59章 火器营的奇才——杨青珍……:6554
          第60章 兑换孕丹，封后在即……:6563  第61章 扫清世家威胁，给太子取……:6545  第62章 太子取名昭文，给太子找……:3867  第63章 年年岁岁，岁……:3603

13:35:44  留守日记 (顾染) [完结]  79p→90章  743KB  OK
          https://www.52shuku.net/gl/05_b/bkb75.html
          第1章:2247  第2章:2162  第3章:2025  第4章:2969  第5章:2975  第6章:2046
          第7章:2266  第8章:2190  第9章:2128  第10章:2203  第11章:2702  第12章:2162
          第13章:2321  第14章:2124  第15章:2220  第16章:2055  第17章:2767  第18章:2342
          第19章:2040  第20章:2839  第21章:2702  第22章:3121  第23章:3269  第24章:2846
          第25章:3325  第26章:3412  第27章:3150  第28章:3646  第29章:3612  第30章:3167
          第31章:2582  第32章:2722  第33章:2958  第34章:2923  第35章:3301  第36章:3596
          第37章:2563  第38章:2260  第39章:2023  第40章:2076  第41章:2369  第42章:2263
          第43章:2183  第44章:2267  第45章:2362  第46章:2694  第47章:3315  第48章:3189
          第49章:2864  第50章:3367  第51章:3192  第52章:3732  第53章:2757  第54章:3443
          第55章:3026  第56章:3185  第57章:2378  第58章:2198  第59章:2630  第60章:2505
          第61章:3420  第62章:3482  第63章:2329  第64章:2058  第65章:2174  第66章:3167
          第67章:3315  第68章:3844  第69章:3877  第70章:2233  第71章:3281  第72章:3565
          第73章:3131  第74章:3170  第75章:3560  第76章:2053  第77章:2185  第78章:3550
          第79章:2034  第80章:2062  第81章:3280  第82章:3068  第83章:3244  第84章:2402
          第85章:2072  第86章:3202  第87章:2172  第88章:2097  第89章:2017  第90章:2948

13:36:20  茗城新事 (夭茉) [完结+番外]  90p→73章  800KB  OK
          https://www.52shuku.net/gl/05_b/bkb74.html
          第1章 空降:2693  第2章 贺家:3700  第3章 新报:3183  第4章 熟悉:3024  第5章 误会:3060  第6章 疑惑:3052
          第7章 上任:3076  第8章 闹事:3668  第9章 受伤:3494  第10章 选择:2967  第11章 审批:2968  第12章 招供:3159
          第13章 审讯:2881  第14章 交易:3511  第15章 怀疑:3341  第16章 喜欢:3431  第17章 试探:3238  第18章 往事:3636
          第19章 名字:3503  第20章 亲事:3529  第21章 偶遇:3883  第22章 考虑:2593  第23章 提醒:3882  第24章 帮助:2951
          第25章 邀请:2847  第26章 坦白:3555  第27章 交谈:4241  第28章 直白:3597  第29章 疑问:3261  第30章 晚宴:6192
          第31章 变故:4532  第32章 下落:3527  第33章 心意:4559  第34章 审问:4844  第35章 目的:4606  第36章 落定:4562
          第37章 新报:3400  第38章 靠近:4205  第39章 照片:3875  第40章 庆典:3343  第41章 喜欢:3862  第42章 了解:3215
          第43章 夸奖:3187  第44章 女孩:3569  第45章 生病:4279  第46章 资格:3215  第47章 曹家:3283  第48章 表白:3581
          第49章 表现:3236  第50章 提醒:3207  第51章 调查:3216  第52章 幸运:3544  第53章 来历:4539  第54章 宝藏:3534
          第55章 托举:3242  第56章 程家:3875  第57章 往事:3620  第58章 女校:4315  第59章 生活:3250  第60章 印章:3872
          第61章 初遇:4573  第62章 人选:3245  第63章 立威:3568  第64章 计谋:3553  第65章 夜袭:3176  第66章 背叛:3202
          第67章 围剿:3215  第68章 平定:3251  第69章 变故:3194  第70章 牵连:3276  第71章 死亡:3958  第72章 新生:5393
          第73章 除夕:5128

13:37:17  瓦罐村那一年 (成风夜行) [完结]  145p→93章  1286KB  OK
          https://www.52shuku.net/gl/05_b/bkb72.html
          第1章 松土（1）:3470  第2章 松土（2）:3980  第3章 松土（3）:4680  第4章 松土（4）:4810  第5章 施肥（1）:3820  第6章 施肥（2）:3990
          第7章 施肥（3）:5520  第8章 施肥（4）:3840  第9章 种花（1）:4170  第10章 种花（2）:4560  第11章 种花（3）:4860  第12章 种花（4）:5619
          第13章 种花（5）:3840  第14章 种花（6）:4130  第15章 种花（7）:3880  第16章 种花（8）:3990  第17章 浇水（1）:3610  第18章 浇水（2）:3820
          第19章 浇水（3）:4100  第20章 浇水（4）:3520  第21章 浇水（5）:3510  第22章 浇水（6）:4510  第23章 浇水（7）:4440  第24章 浇水（8）:3860
          第25章 生长（1）:4800  第26章 生长（2）:4380  第27章 生长（3）:4220  第28章 生长（4）:5190  第29章 生长（5）:5150  第30章 生长（6）:4280
          第31章 生长（7）:3500  第32章 生长（8）:4080  第33章 生长（9）:3250  第34章 生长（10）:3040  第35章 生长（11）:3310  第36章 生长（12）:3870
          第37章 分枝（1）:3640  第38章 分枝（2）:3590  第39章 分枝（3）:4140  第40章 分枝（4）:6430  第41章 分枝（5）:7460  第42章 分枝（6）:4200
          第43章 分枝（7）:3820  第44章 分枝（8）:4620  第45章 除草（1）:4170  第46章 除草（2）:4630  第47章 除草（3）:4000  第48章 除草（4）:4050
          第49章 除草（5）:4540  第50章 除草（6）:3940  第51章 除草（7）:3320  第52章 除草（8）:3710  第53章 开花（1）:3980  第54章 开花（2）:3590
          第55章 枯萎（1）:4080  第56章 枯萎（2）:3860  第57章 枯萎（3）:3870  第58章 枯萎（4）:4120  第59章 枯萎（5）:4050  第60章 枯萎（6）:4770
          第61章 并蒂（1）:4260  第62章 并蒂（2）:4530  第63章 并蒂（3）:7460  第64章 并蒂（4）:4200  第65章 并蒂（5）:4370  第66章 并蒂（6）:4760
          第67章 并蒂（7）:5570  第68章 并蒂（8）:5260  第69章 并蒂（9）:4910  第70章 并蒂（10）:5249  第71章 双生（1）:4750  第72章 双生（2）:5570
          第73章 双生（3）:6130  第74章 双生（4）:4540  第75章 双生（5）:6380  第76章 双生（6）:5350  第77章 双生（7）:6080  第78章 双生（8）:5300
          第79章 双生（9）:5130  第80章 双生（10）:6160  第81章 椿龄无尽（1）:5030  第82章 椿龄无尽（2）:3960  第83章 椿龄无尽（3）:5310  第84章 椿龄无尽（4）:4780
          第85章 椿龄无尽（5）:4750  第86章 椿龄无尽（6）:6850  第87章 椿龄无尽（7）:7060  第88章 椿龄无尽（8）:5140  第89章 椿龄无尽（9）:5670  第90章 椿龄无尽（10）:7160
          第91章 椿龄无尽（11）:5630  第92章 全文完:5740  第93章 小彩蛋:1250

13:37:52  不要随便在路边捡猫猫 (律知) [完结+番外]  85p→81章  737KB  OK
          https://www.52shuku.net/gl/02_b/bkb5Q.html
          第1章  [1]:3214  第2章  [2]:3218  第3章  [3]:3590  第4章  [4]:3186  第5章  [5]:2182  第6章  [6]:3150
          第7章  [7]:3195  第8章  [8]:2791  第9章  [9]:3484  第10章  [10]:2066  第11章  [11]:3369  第12章  [12]:2945
          第13章  [13]:2404  第14章  [14]:4203  第15章  [15]:3840  第16章  [16]:3009  第17章  [17]:2561  第18章  [18]:2302
          第19章  [19]:2672  第20章  [20]:2810  第21章:3240  第22章:2941  第23章:3178  第24章:3227
          第25章:4011  第26章:2001  第27章:2174  第28章:3004  第29章:2601  第30章:2882
          第31章:2993  第32章:3210  第33章:2576  第34章:4  第35章:2893  第36章:3514
          第37章:2937  第38章:4  第39章:4  第40章:2208  第41章:3237  第42章:2847
          第43章:2223  第44章:2534  第45章:3218  第46章:2845  第47章:2547  第48章:2559
          第49章:4  第50章:3215  第51章:4005  第52章:4  第53章:7534  第54章:3631
          第55章:3182  第56章:4866  第57章:3687  第58章:4  第59章:3187  第60章:7237
          第61章:6308  第62章:3852  第63章:3236  第64章:4548  第65章:29  第66章:3554
          第67章:4  第68章:5594  第69章:3216  第70章:3173  第71章:3562  第72章:3257
          第73章:4  第74章:3866  第75章:3867  第76章:4557  第77章:2547  第78章:2857
          第79章:3276  第80章:2617  第81章:7235

13:39:43  驯龙手札 (涂尔听) [完结]  292p→264章  2690KB  OK
          https://www.52shuku.net/gl/02_b/bkb56.html
          第1章 为龙:3192  第2章 皇帝之死:3538  第3章 隐踪:3307  第4章 阿尔娃:3253  第5章 回归:3370  第6章 猎物:3170
          第7章 接二连三:3341  第8章 意图:3154  第9章 撞见:3194  第10章 契约:3405  第11章 亲卫:3288  第12章 竞争:3278
          第13章 罗德:3382  第14章 正式上任:3221  第15章 亲卫的日常:3249  第16章 被故意误导的风向:3208  第17章 宴会:3255  第18章 清除:3273
          第19章 来历不明:3367  第20章 盖尔:3236  第21章 第二十一章:3189  第22章 第二十二章:3212  第23章 第二十三章:3331  第24章 第二十四章:3352
          第25章 第二十五章:3048  第26章 第二十六章:3340  第27章 第二十七章:3585  第28章 第二十八章:3310  第29章 第二十九章:3462  第30章 第三十章:3116
          第31章 第三十一章:3045  第32章 第三十二章:3235  第33章 第三十三章:3230  第34章 第三十四章:3256  第35章 第三十五章:3384  第36章 第三十六章:3072
          第37章 第三十七章:3116  第38章 第三十八章:3336  第39章 第三十九章:3354  第40章 第四十章:3356  第41章 第四十一章:3135  第42章 第四十二章:3135
          第43章 第四十三章:3392  第44章 第四十四章:3464  第45章 第四十五章:3115  第46章 第四十六章:3389  第47章 第四十七章:3356  第48章 第四十八章:3234
          第49章 第四十九章:3229  第50章 第五十章:3270  第51章 第五十一章:3168  第52章 第五十二章:3224  第53章 第五十三章:3251  第54章 第五十四章:3476
          第55章 第五十五章:3259  第56章 第五十六章:3330  第57章 第五十七章:3224  第58章 第五十八章:3252  第59章 第五十九章:3138  第60章 第六十章:3441
          第61章 第六十一章:3237  第62章 第六十二章:3110  第63章 第六十三章:3308  第64章 第六十四章:3545  第65章 第六十五章:3705  第66章 第六十六章:3611
          第67章 第六十七章:3285  第68章 第六十八章:3211  第69章 第六十九章:3279  第70章 第七十章:3237  第71章 第七十一章:3471  第72章 第七十二章:3253
          第73章 第七十三章:3246  第74章 第七十四章:3330  第75章 第七十五章:3568  第76章 第七十六章:3345  第77章 第七十七章:3217  第78章 第七十八章:3449
          第79章 第七十九章:3367  第80章 第八十章:3442  第81章 第八十一章:3181  第82章 第八十二章:3448  第83章 第八十三章:3357  第84章 第八十四章:3487
          第85章 第八十五章:3251  第86章 第八十六章:3276  第87章 第八十七章:3244  第88章 第八十八章:3202  第89章 第八十九章:3151  第90章 第九十章:3472
          第91章 第九十一章:3293  第92章 第九十二章:3214  第93章 第九十三章:3460  第94章 第九十四章:3320  第95章 第九十五章:3176  第96章 第九十六章:3232
          第97章 第九十七章:3534  第98章 第九十八章:3521  第99章 第九十九章:3335  第100章 第一百章:3313  第101章 第一百零一章:3650  第102章 第一百零二章:3332
          第103章 第一百零三章:3250  第104章 第一百零四章:3340  第105章 第一百零五章:3154  第106章 第一百零六章:3259  第107章 第一百零七章:3193  第108章 第一百零八章:3323
          第109章 第一百零九章:3321  第110章 第一百一十章:3464  第111章 第一百一十一章:3157  第112章 第一百一十二章:3205  第113章 第一百一十三章:3115  第114章 第一百一十四章:3073
          第115章 第一百一十五章:3073  第116章 第一百一十六章:3220  第117章 第一百一十七章:3226  第118章 第一百一十八章:3153  第119章 第一百一十九章:3275  第120章 第120章:3212
          第121章 第121章:3253  第122章 122:3380  第123章 123:3386  第124章 124:3874  第125章 125:3811  第126章 126章:3397
          第127章 第127章:3318  第128章 第128章:3579  第129章 第129章:3569  第130章 第130章:3303  第131章 第 131 章:3586  第132章 第 132 章:3378
          第133章 第133章:3439  第134章 第134章:3427  第135章 第135章:3774  第136章 第136章:3371  第137章 第137章:4010  第138章 第138章:3495
          第139章 第139章:3551  第140章 第一百四十章:3346  第141章 第141 章:3312  第142章 第 142 章:3659  第143章 第 143 章:3535  第144章 第 144 章:3919
          第145章 第 145 章:3491  第146章 第 146 章:3560  第147章 第 147 章:3717  第148章 第 148 章:3692  第149章 第 149 章:3696  第150章 第 150 章:3692
          第151章 第 151 章:3504  第152章 第 152 章:3578  第153章 第 153 章:3399  第154章 第 154 章:3516  第155章 第 155 章:3372  第156章 第 156 章:3319
          第157章 第 157 章:3537  第158章 第 158 章:3886  第159章 第 159 章:3578  第160章 第 160 章:3360  第161章 第 161 章:3497  第162章 第 162 章:3417
          第163章 第 163 章:3528  第164章 第 164 章:3419  第165章 第 165 章:3243  第166章 第 166 章:3340  第167章 第 167 章:3458  第168章 第 168 章:3736
          第169章 第 169 章:3604  第170章 第 170 章:3556  第171章 第 171 章:3347  第172章 第 172 章:3488  第173章 第 173 章:3458  第174章 第 174 章:3398
          第175章 第 175 章:3154  第176章 第 176 章:3219  第177章 第 177 章:3432  第178章 第 178 章:3426  第179章 第 179 章:3159  第180章 第 180 章:3317
          第181章 第 181 章:3404  第182章 第 182 章:3342  第183章 第 183 章:3413  第184章 第 184 章:3527  第185章 第 185 章:3139  第186章 第 186 章:3279
          第187章 第 187 章:3222  第188章 第 188 章:3237  第189章 第 189 章:3262  第190章 第 190 章:3402  第191章 第 191 章:3279  第192章 第 192 章:3374
          第193章 第 193 章:3233  第194章 第 194 章:3395  第195章 第 195 章:3315  第196章 第 196 章:3259  第197章 第 197 章:3223  第198章 第 198 章:3207
          第199章 第 199 章:3088  第200章 第 200 章:3199  第201章 第 201 章:3370  第202章 第 202 章:3353  第203章 第 203 章:3236  第204章 第 204 章:3390
          第205章 第 205 章:3164  第206章 第 206 章:3416  第207章 第 207 章:3226  第208章 第 208 章:3132  第209章 第 209 章:3348  第210章 第 210 章:3263
          第211章 第 211 章:3091  第212章 第 212 章:3169  第213章 第 213 章:3326  第214章 第 214 章:3376  第215章 第 215 章:3493  第216章 第 216 章:3229
          第217章 第 217 章:3151  第218章 第 218 章:3287  第219章 第 219 章:5132  第220章 第 220 章:3225  第221章 第 221 章:3149  第222章 第 222 章:3362
          第223章 第 223 章:3373  第224章 第 224 章:3229  第225章 第 225 章:3053  第226章 第 226 章:3167  第227章 第 227 章:3284  第228章 第 228 章:3688
          第229章 第 229 章:3177  第230章 第 230 章:3159  第231章 第 231 章:3421  第232章 第 232 章:3140  第233章 第 233 章:3446  第234章 第 234 章:3152
          第235章 第 235 章:3170  第236章 第 236 章:3135  第237章 第 237 章:3191  第238章 第 238 章:3237  第239章 第 239 章:3170  第240章 第 240 章:3128
          第241章 第 241 章:3095  第242章 第 242 章:3250  第243章 第 243 章:3105  第244章 第 244 章:3069  第245章 第 245 章:3148  第246章 第 246 章:3151
          第247章 第 247 章:3292  第248章 第 248 章:3190  第249章 第 249 章:3141  第250章 第 250 章:3112  第251章 第 251 章:3153  第252章 第 252 章:3222
          第253章 第 253 章:2924  第254章 第 254 章:3126  第255章 第 255 章:3193  第256章 第 256 章:3061  第257章 第 257 章:3409  第258章 第 258 章:2938
          第259章 第 259 章:11829  第260章 第 260 章:2495  第261章 番外一:5754  第262章 番外二:4569  第263章 番外三:5248  第264章 番外四:4634

13:40:17  轮台gl (姬小决) [完结]  82p→1章  734KB  OK
          https://www.52shuku.net/gl/02_b/bkb55.html
          第十八章熟识:188445

13:40:46  拒绝清冷年上后她失控了 (盐漆) [完结]  69p→60章  613KB  OK
          https://www.52shuku.net/gl/01_b/bkb4w.html
          第1章 荆棘01:3681  第2章 荆棘02:3705  第3章 荆棘03:3167  第4章 荆棘04:3136  第5章 荆棘05:3308  第6章 荆棘06:3147
          第7章 荆棘07:3580  第8章 荆棘08:3534  第9章 荆棘09:3186  第10章 荆棘10:3355  第11章 荆棘11:3125  第12章 荆棘12:3254
          第13章 荆棘13:3515  第14章 荆棘14:3613  第15章 荆棘15:3231  第16章 荆棘16:3138  第17章 荆棘17:3262  第18章 荆棘18:3296
          第19章 荆棘19:3394  第20章 荆棘20:3444  第21章 荆棘21:4281  第22章 破土01:3285  第23章 破土02:3278  第24章 破土03:3414
          第25章 破土04:3479  第26章 破土05:3694  第27章 破土06:3342  第28章 破土07:3260  第29章 破土08:3520  第30章 破土09:3308
          第31章 破土10:3655  第32章 破土11:3204  第33章 破土12:3572  第34章 破土13:3283  第35章 破土14:3205  第36章 破土15:3395
          第37章 破土16:3222  第38章 破土17:3154  第39章 破土18:3133  第40章 破土19:3357  第41章 破土20:3227  第42章 泥泞01:3210
          第43章 泥泞02:3331  第44章 泥泞03:3035  第45章 泥泞04:3516  第46章 泥泞05:3212  第47章 泥泞06:3343  第48章 泥泞07:3335
          第49章 泥泞08:3531  第50章 泥泞09:3330  第51章 泥泞10:3349  第52章 泥泞11:3410  第53章 泥泞12:3183  第54章 泥泞13:3407
          第55章 泥泞14:3292  第56章 捧花01:3177  第57章 捧花02:3278  第58章 捧花03:3129  第59章 捧花04:3380  第60章 捧花05:5410

13:41:51  被捡来的狐狸吃干抹净后 (溟栩) [完结+番外]  165p→169章  1506KB  OK
          https://www.52shuku.net/gl/01_b/bkb4v.html
          第1章 异动:2572  第2章 判师:2039  第3章 阵法:2055  第4章 帮我:2101  第5章 中毒:2009  第6章 受伤:2130
          第7章 发呆:2044  第8章 吸引:2040  第9章 猜测:2101  第10章 决策:2018  第11章 再次毒发:2010  第12章 戛然而止:2029
          第13章 妖魔:2060  第14章 急救:2023  第15章 回来:2060  第16章 梦魇:2036  第17章 法器:2175  第18章 发现:2164
          第19章 劝说:2035  第20章 着急:2029  第21章 出事了:2031  第22章 看管:2239  第23章 一尺:2121  第24章 沽名钓誉:2011
          第25章 气愤:2048  第26章 着迷:2036  第27章 警告:2081  第28章 出发:2092  第29章 谈话:2081  第30章 要求:3108
          第31章 发现:3065  第32章 护着:3060  第33章 对峙:3068  第34章 云城1:3004  第35章 云城2:3023  第36章 云城3:3039
          第37章 云城4:3108  第38章 云城5:3052  第39章 云城6:3097  第40章 云城7:3191  第41章 云城8:3048  第42章 云城9:3009
          第43章 云城10:3133  第44章 云城11:3140  第45章 云城12:3084  第46章 云城13:3010  第47章 云城14:3047  第48章 云城15:3017
          第49章 云城16:3182  第50章 云城17:3003  第51章 暗杀1:3053  第52章 暗杀2:3084  第53章 暗杀3:3080  第54章 暗杀4:3050
          第55章 暗杀5:3080  第56章 暗杀6:3080  第57章 暗杀7:3080  第58章 暗杀8:3179  第59章 暗杀9:3065  第60章 暗杀10:3034
          第61章 暗杀11:3178  第62章 暗杀12:3240  第63章 暗杀13:3056  第64章 秘境1:3117  第65章 秘境2:3032  第66章 秘境3:3289
          第67章 秘境4:3041  第68章 秘境5:3127  第69章 秘境6:3019  第70章 秘境7:3046  第71章 秘境8:3061  第72章 宗门大比1:3009
          第73章 宗门大比2:3092  第74章 宗门大比3:9951  第75章 宗门大比4:3025  第76章 宗门大比5:3012  第77章 宗门大比6:3192  第78章 宗门大比7:3127
          第79章 宗门大比8:3179  第80章 宗门大比9:3177  第81章 宗门大比10:3203  第82章 宗门大比11:3074  第83章 宗门大比12:3010  第84章 宗门大比13:3124
          第85章 宗门大比14:3204  第86章 宗门大比15:3177  第87章 宗门大比16:3207  第88章 大战1:3251  第89章 大战2:3200  第90章 大战3:3128
          第91章 大战4:3266  第92章 大战5:3059  第93章 大战6:3207  第94章 大战7:3104  第95章 大战8:3156  第96章 大战9:3268
          第97章 大战10:3042  第98章 大战11:3178  第99章 大战12:3220  第100章 大战13:3212  第101章 大战14:3013  第102章 大战15:3030
          第103章 大战16:3211  第104章 平静1:3025  第105章 平静2:3193  第106章 平静3:3125  第107章 平静4:3100  第108章 平静5:3183
          第109章 平静6:3250  第110章 平静7:3031  第111章 平静8:3022  第112章 平静9:3249  第113章 平静10:3048  第114章 平静11:3039
          第115章 平静12:3163  第116章 波澜再起1:3046  第117章 波澜再起2:3099  第118章 波澜再起3:3206  第119章 波澜再起4:3028  第120章 波澜再起5:3190
          第121章 波澜再起6:3098  第122章 波澜再起7:3091  第123章 波澜再起8:3007  第124章 劫1:3097  第125章 劫2:3064  第126章 劫3:3103
          第127章 劫4:3031  第128章 劫5:3092  第129章 劫6:3024  第130章 劫7:3071  第131章 劫8:3071  第132章 劫9:3006
          第133章 劫10:3191  第134章 神1:3016  第135章 神2:3020  第136章 神3:3030  第137章 神4:3027  第138章 神5:3069
          第139章 神6:3003  第140章 神7:3024  第141章 神8:3018  第142章 神9:3046  第143章 神10:3026  第144章 生活1:3015
          第145章 生活2:3015  第146章 生活3:3081  第147章 生活4:3075  第148章 生活5:3024  第149章 生活6:3095  第150章 生活7:3037
          第151章 生活8:3226  第152章 生活9:3111  第153章 生活10:3028  第154章 混乱1:3081  第155章 混乱2:3007  第156章 混乱3:3086
          第157章 混乱4:3198  第158章 混乱5:3107  第159章 混乱6:3024  第160章 混乱7:3074  第161章 混乱8:3071  第162章 混乱9:3058
          第163章 决心1:3108  第164章 决心2:3194  第165章 决心3:3120  第166章 正文完:3075  第167章 番外一:日常生活:3008  第168章 番外二:化形:3026
          第169章 番外三:飞升:4028

13:42:44  鬼鬼娇妻每天都在贴贴 (小吧唧) [完结+番外]  138p→67章  1188KB  OK
          https://www.52shuku.net/gl/01_b/bkb4u.html
          第1章:6121  第2章:4714  第3章:5637  第4章:6881  第5章:3261  第6章:2700
          第7章:4108  第8章:2498  第9章:2647  第10章:2847  第11章:2459  第12章:2789
          第13章:2043  第14章:3107  第15章:3436  第16章:3113  第17章:2552  第18章:2586
          第19章:2742  第20章:10666  第21章:13569  第22章:11627  第23章:13615  第24章:6228
          第25章:10501  第26章:8126  第27章:9713  第28章:9095  第29章:10055  第30章:9041
          第31章:8578  第32章:5075  第33章:4761  第34章:11242  第35章:8549  第36章:6167
          第37章:12574  第38章:9584  第39章:6191  第40章:4361  第41章:6087  第42章:7708
          第43章:7500  第44章:7507  第45章:4756  第46章:3375  第47章:3756  第48章:5850
          第49章:4226  第50章:8043  第51章:4502  第52章:5518  第53章:5354  第54章:8264
          第55章:7814  第56章:4540  第57章:3545  第58章:3555  第59章:3600  第60章:5013
          第61章:3219  第62章:7330  第63章:3092  第64章:3169  第65章:4629  第66章:3020
          第67章:2405

13:43:25  她腰缠万贯 (嗯嗯哦哦) [完结]  106p→103章  969KB  OK
          https://www.52shuku.net/gl/30_b/bkb2E.html
          第001章 三月春:3243  第002章 玉观音:3015  第003章 小野猫:2969  第004章 别发疯:2732  第005章 定风波:2933  第006章 受累了:2988
          第007章 父女俩:2941  第008章 喝大酒:2678  第009章 元宵节:2902  第010章 感念寺:2228  第011章 用谋略:3045  第012章 小尼姑:2422
          第013章 江品言:2431  第014章 好想她:2762  第015章 战匈奴:2607  第016章 共逃亡:3218  第017章 言清和:2884  第018章 提旧事:3144
          第019章 见太后:3092  第020章 好女色:3097  第021章 很为难:3067  第022章 叫姐姐:3041  第023章 定计划:3158  第024章 西北事:3114
          第025章 少夫人:3025  第026章 等着他:3054  第027章 情浓时:2740  第028章 去凤山:3003  第029章 想亲她:3047  第030章 有争吵:3013
          第031章 会认错:3051  第032章 二皇子:3017  第033章 齐少爷:3081  第034章 戚真真:3057  第035章 裴夫人:3036  第036章 百合苑:3097
          第037章 似和离:3162  第038章 诉往事:3058  第039章 往日今日:3071  第040章 割断情谊:3179  第041章 给点教训:3109  第042章 痛呼出声:3072
          第043章 渴了喝水:2941  第044章 疑窦丛生:3042  第045章 因地制宜:2985  第046章 没有误会:3067  第047章 分道扬镳:3042  第048章 中宫皇后:3147
          第049章 都无真情:3038  第050章 心狠手辣:3004  第051章 出走原因:3035  第052章 继续赶路:3170  第053章 三章合一:10053  第054章 修筑瓮城:3048
          第055章 西北军情:3016  第056章 失望透顶:3093  第057章 西南风情:3054  第058章 寻找助力:3116  第059章 成婚生子:3046  第060章 弘靖封王:3193
          第061章 浴血奋战:3116  第062章 世人偏见:3032  第063章 上阵父女兵:3179  第064章 决一死战:3234  第065章 人间炼狱:3202  第066章 不做逃兵:3276
          第067章 城门被破:3220  第068章 西北来信:3171  第069章 要去找她:3169  第070章 营帐强吻:3179  第071章 尼姑跑了:3202  第072章 西北月圆:3180
          第073章 相互看伤:3200  第074章 就亲一亲:3228  第075章 为她争名:3220  第076章 有商有量:3223  第077章 不忍分离:3267  第078章 小狐媚子:3018
          第079章 风波再起:3184  第080章 匿名书信:3201  第081章 承认关系:3208  第082章 青州之行:3207  第083章 窗台做事:3199  第084章 母女相见:3184
          第085章 城门相遇:3206  第086章 发髻乱了:3190  第087章 商议对策:3190  第088章 假意试探:3176  第089章 愚蠢至极:3201  第090章 性命相托:3208
          第091章 重阳起事:3115  第092章 家的感觉:3165  第093章 费心筹谋:3211  第094章 成败攸关:3213  第095章 天子之怒:3267  第096章 见长辈:3231
          第097章 我们养她:3271  第098章 大殿对峙:3037  第099章 小樱桃:3052  第100章 赴宫宴:3395  第101章 祭拜天地妇妇一体:3085  第102章 洞房花烛回忆往事:3167
          第103章 樱桃周岁治理家园:1538

13:44:24  我家恶毒女配绝不是黑莲花 (孟秋时) [完结]  146p→110章  1316KB  OK
          https://www.52shuku.net/gl/30_b/bkb2D.html
          第1章:3664  第2章:4417  第3章:3301  第4章:3668  第5章:3195  第6章:3281
          第7章:3046  第8章:3264  第9章:3030  第10章:3681  第11章:3306  第12章:3062
          第13章:3170  第14章:3263  第15章:3045  第16章:3129  第17章:3364  第18章:3565
          第19章:5397  第20章:3469  第21章:3414  第22章:3354  第23章:3058  第24章:3243
          第25章:3174  第26章:3092  第27章:3330  第28章:3267  第29章:3464  第30章:3186
          第31章:3206  第32章:3294  第33章:3266  第34章:3456  第35章:3538  第36章:3371
          第37章:4089  第38章:3209  第39章:3733  第40章:3673  第41章:3207  第42章:3550
          第43章:3249  第44章:3247  第45章:3361  第46章:3290  第47章:3270  第48章:3657
          第49章:4033  第50章:4289  第51章:3909  第52章:3607  第53章:3393  第54章:3312
          第55章:3362  第56章:3739  第57章:3418  第58章:3374  第59章:3161  第60章:4370
          第61章:3994  第62章:3394  第63章:3257  第64章:4226  第65章:3811  第66章:3584
          第67章:4435  第68章:3348  第69章:3717  第70章:10309  第71章:5560  第72章:4831
          第73章:5342  第74章:5423  第75章:4585  第76章:3633  第77章:6365  第78章:3621
          第79章:4719  第80章:4923  第81章:4683  第82章:4719  第83章:3299  第84章:3358
          第85章:4116  第86章:3855  第87章:3909  第88章:5027  第89章:3370  第90章:10556
          第91章:4183  第92章:3472  第93章:4742  第94章:3318  第95章:4066  第96章:3193
          第97章:4466  第98章:3261  第99章:3569  第100章:9518  第101章:6654  第102章:5308
          第103章:4172  第104章:7083  第105章:3456  第106章:3785  第107章:7746  第108章:3390
          第109章:3689  第110章:3334

13:46:48  帝妻[重生] (辞欲) [完结+番外]  377p→293章  3255KB  OK
          https://www.52shuku.net/gl/30_b/bkb2C.html
          第1章 楔子:1536  第2章 兰院:3400  第3章 闹剧:3360  第4章 出路:3389  第5章 对峙:3342  第6章 消息:3342
          第7章 噩梦:3347  第8章 生变:3434  第9章 拿捏:3428  第10章 暗夜:3456  第11章 送别:3342  第12章 驿站:3349
          第13章 黎明:3355  第14章 逆行:3343  第15章 分晓:3354  第16章 银甲:3394  第17章 追随:3400  第18章 风起:3368
          第19章 规矩:3376  第20章 家宴:3414  第21章 大山:3387  第22章 荀兰:3384  第23章 愤悔:3373  第24章 好戏:3376
          第25章 声张:3346  第26章 借计:3376  第27章 旧情:3387  第28章 暗棋:4081  第29章 帝姬:3062  第30章 游湖:3114
          第31章 御心:3050  第32章 错乱:3054  第33章 巧妙:3086  第34章 回避:3012  第35章 私会:3032  第36章 疯癫:3034
          第37章 红蝶:3128  第38章 春雨:3066  第39章 桃花:3013  第40章 风云:3047  第41章 打赌:3032  第42章 心事:3050
          第43章 唆使:3107  第44章 托付:3074  第45章 贵妃:3084  第46章 春宴:3069  第47章 吃席:3040  第48章 佯醉:3144
          第49章 危境:3084  第50章 棋子:3058  第51章 踏青:3222  第52章 小惩:3066  第53章 静置:3419  第54章 喻山:3247
          第55章 陵宫:3367  第56章 密诏:3031  第57章 锁骨:3049  第58章 接近:3148  第59章 愿者:3140  第60章 赛舟:3163
          第61章 透底:3201  第62章 作饵:3145  第63章 上钩:3071  第64章 翻案:3392  第65章 血夜:3381  第66章 猜疑:4062
          第67章 古刹:3096  第68章 气恼:3110  第69章 择路:3107  第70章 上任:3244  第71章 暗庄:3125  第72章 狭路:3060
          第73章 冰酪:3119  第74章 新局:3016  第75章 与宴:3610  第76章 急雨:3138  第77章 难缠:3114  第78章 巧藏:3182
          第79章 相思:3765  第80章 窥探:3098  第81章 诡计:3161  第82章 珠花:3141  第83章 中秋:3227  第84章 争抢:3223
          第85章 动心:3056  第86章 心动:3176  第87章 牵扯:3561  第88章 山寺:3043  第89章 重阳:3163  第90章 拉扯:3035
          第91章 蝼蚁:3173  第92章 规劝:3364  第93章 心意:3092  第94章 折子:3235  第95章 小昭:3301  第96章 入秋:3075
          第97章 别姬:3092  第98章 中计:4050  第99章 论罪:4079  第100章 狡兔:3543  第101章 走狗:3215  第102章 后手:3350
          第103章 定局:3790  第104章 暗助:3252  第105章 漏网:4125  第106章 许婚:3212  第107章 待嫁:3561  第108章 出阁:3175
          第109章 花烛:4715  第110章 红衾:3170  第111章 藏匿:3066  第112章 讨好:3677  第113章 环绕:3056  第114章 分辨:3331
          第115章 属狗:3137  第116章 回门:3131  第117章 怀抱:3333  第118章 识破:3734  第119章 作答:3066  第120章 表志:3126
          第121章 对酒:3188  第122章 激进:3099  第123章 好事:3050  第124章 感慨:3178  第125章 较量:3078  第126章 祭司:3083
          第127章 守岁:3074  第128章 夜拥:4604  第129章 迎新:3213  第130章 夏热:3069  第131章 公堂:3543  第132章 难哄:3090
          第133章 许诺:3073  第134章 断事:3130  第135章 否卦:3133  第136章 蜜饯:3034  第137章 忡忡:3084  第138章 烹茶:3084
          第139章 拦路:3144  第140章 捣乱:3545  第141章 生疑:3105  第142章 谢幕:3053  第143章 代酒:3135  第144章 宋卿:3163
          第145章 利弊:3105  第146章 博弈:3166  第147章 计策:3239  第148章 夜话:3078  第149章 诏书:3192  第150章 顿悟:3519
          第151章 竹哨:3116  第152章 慌乱:3036  第153章 心机:3651  第154章 诓哄:4028  第155章 不定:3203  第156章 瞎闹:3213
          第157章 危伏:3095  第158章 观棋:3342  第159章 查账:3170  第160章 急动:3175  第161章 课题:3187  第162章 预料:3495
          第163章 相助:3067  第164章 抛砖:3145  第165章 引玉:3139  第166章 病危:3054  第167章 悍雷:3245  第168章 出口:3146
          第169章 形势:3337  第170章 真心:3115  第171章 筹谋:3039  第172章 逼宫:3286  第173章 绝棋:4442  第174章 尽孝:3155
          第175章 归家:3068  第176章 隐患:3254  第177章 灵堂:5110  第178章 入宫:3110  第179章 条件:3054  第180章 病倒:3028
          第181章 病症:3101  第182章 抉择:4133  第183章 契机:3661  第184章 秘闻:3212  第185章 烛火:4691  第186章 昨夕:3306
          第187章 前路:3076  第188章 缘由:3910  第189章 送葬:3110  第190章 迷局:3143  第191章 新路:3126  第192章 沉夜:3212
          第193章 诘问:3296  第194章 诺言:3271  第195章 要求:3095  第196章 折腰:3251  第197章 相和:3810  第198章 军情:5389
          第199章 顺水:5123  第200章 推舟:4857  第201章 夜船:3106  第202章 异动:3256  第203章 有惑:3064  第204章 答疑:3090
          第205章 所愿:3035  第206章 所思:3094  第207章 游说:3300  第208章 棋者:3127  第209章 急行:3070  第210章 过招:3254
          第211章 忠臣:4508  第212章 知己:3098  第213章 良将:3647  第214章 搏杀:4092  第215章 对谈:4133  第216章 突围:4059
          第217章 落棋:4144  第218章 长亭:3128  第219章 临别:3461  第220章 往事:5919  第221章 离愁:4849  第222章 巧合:3728
          第223章 鸿笺:3184  第224章 处境:3946  第225章 衍州:3286  第226章 满月:3069  第227章 忧夜:3055  第228章 恩典:4410
          第229章 寿终:4190  第230章 合作:4342  第231章 圆安:3381  第232章 惊梦:5073  第233章 背叛:5554  第234章 酌酒:4550
          第235章 来因:5603  第236章 国谍:4899  第237章 表忠:4987  第238章 失控:3307  第239章 借兵:3407  第240章 伺机:3295
          第241章 步棋:3247  第242章 少年:5250  第243章 交易:5308  第244章 成事:5291  第245章 囚牢:5282  第246章 疯魔:5295
          第247章 反戈:5382  第248章 先机:5725  第249章 心结:3544  第250章 烧城:3479  第251章 深谋:5297  第252章 远虑:5277
          第253章 诀别:5322  第254章 绞杀:5302  第255章 清醒:5287  第256章 怀恨:5299  第257章 落葬:5582  第258章 端倪:5931
          第259章 爵爷:5955  第260章 绝言:6516  第261章 报仇:5327  第262章 同悲:5325  第263章 遇害:5390  第264章 兵祸:5410
          第265章 设席:5228  第266章 定夺:5314  第267章 疑点:6129  第268章 拜别:5328  第269章 惶恐:5329  第270章 心药:5273
          第271章 汤池:5784  第272章 阿姒:5500  第273章 弃子:5263  第274章 情困:5319  第275章 距离:5276  第276章 和乐:5496
          第277章 争执:5305  第278章 彦歌:3249  第279章 大局:3219  第280章 飓风:3546  第281章 对垒:3096  第282章 作别:3483
          第283章 释然:3559  第284章 内情:5696  第285章 结果:5409  第286章 分说:5236  第287章 番外1:4111  第288章 阿暮(中):7161
          第289章 阿暮(下):8124  第290章 番外2:3249  第291章 红英(二):6245  第292章 红英(三):6334  第293章 阿英(四):5681

13:47:54  偷偷爱上姐姐的秘密情人 (真的要呜呜呜了) [完结+番外]  171p→126章  1531KB  OK
          https://www.52shuku.net/gl/30_b/bkb2B.html
          第1章:3087  第2章:3192  第3章:3221  第4章:3036  第5章:3081  第6章:3092
          第7章:3069  第8章:3069  第9章:3076  第10章:3064  第11章:3083  第12章:3101
          第13章:3831  第14章:3236  第15章:3291  第16章:3051  第17章:2068  第18章:2118
          第19章:2139  第20章:2444  第21章:1630  第22章:2065  第23章:13155  第24章:3253
          第25章:3462  第26章:3507  第27章:3562  第28章:3205  第29章:5747  第30章:3871
          第31章:3214  第32章:3302  第33章:3294  第34章:3562  第35章:3195  第36章:3652
          第37章:3302  第38章:4590  第39章:4277  第40章:3311  第41章:3551  第42章:3656
          第43章:4281  第44章:4044  第45章:5513  第46章:3877  第47章:3747  第48章:4267
          第49章:7182  第50章:3309  第51章:3324  第52章:4224  第53章:3242  第54章:4199
          第55章:4236  第56章:4432  第57章:3688  第58章:4209  第59章:4241  第60章:4058
          第61章:4311  第62章:3897  第63章:4266  第64章:4235  第65章:4274  第66章:4268
          第67章:4488  第68章:4138  第69章:4017  第70章:3932  第71章:5705  第72章:4302
          第73章:5467  第74章:4828  第75章:4941  第76章:4187  第77章:4148  第78章:3463
          第79章:4208  第80章:4272  第81章:4225  第82章:4214  第83章:4167  第84章:4270
          第85章:4329  第86章:4259  第87章:4326  第88章:4689  第89章:4170  第90章:4454
          第91章:4469  第92章:4119  第93章:4363  第94章:4227  第95章:4216  第96章:4055
          第97章:4218  第98章:4330  第99章:4335  第100章:4186  第101章:4295  第102章:4302
          第103章:4521  第104章:4382  第105章:4681  第106章:5007  第107章:4527  第108章:4397
          第109章:4228  第110章:4460  第111章:4010  第112章:4215  第113章:4545  第114章:4565
          第115章:4576  第116章:4589  第117章:4478  第118章:4289  第119章:4362  第120章:4273
          第121章:4326  第122章:4406  第123章:4184  第124章:4649  第125章:5531  第126章:5274

13:48:38  佛系美人太直球 (灼桐) [完结]  112p→89章  934KB  OK
          https://www.52shuku.net/gl/30_b/bkb2A.html
          第1章:4185  第2章:4186  第3章:3597  第4章:2564  第5章:2287  第6章:2623
          第7章:2707  第8章:2637  第9章:2394  第10章:3114  第11章:2842  第12章:2278
          第13章:1380  第14章:2317  第15章:2222  第16章:2337  第17章:2613  第18章:2395
          第19章:3244  第20章:2405  第21章:3470  第22章:3464  第23章:2134  第24章:2927
          第25章:2586  第26章:2398  第27章:2765  第28章:4224  第29章:3690  第30章:3327
          第31章:3973  第32章:3891  第33章:4935  第34章:10726  第35章:4841  第36章:4129
          第37章:4099  第38章:4289  第39章:5234  第40章:4552  第41章:3423  第42章:4549
          第43章:5007  第44章:5317  第45章:3420  第46章:3827  第47章:3798  第48章:3992
          第49章:4509  第50章:3497  第51章:3285  第52章:4334  第53章:3142  第54章:5324
          第55章:4399  第56章:4697  第57章:2678  第58章:3286  第59章:2478  第60章:4134
          第61章:3773  第62章:3391  第63章:4397  第64章:3796  第65章:2727  第66章:3951
          第67章:3300  第68章:3198  第69章:2833  第70章:2699  第71章:3487  第72章:1946
          第73章:1508  第74章:3320  第75章:3978  第76章:2737  第77章:3986  第78章:2886
          第79章:2233  第80章:2808  第81章:3601  第82章:3265  第83章:5170  第84章:4329
          第85章:2823  第86章:2325  第87章:4185  第88章:2316  第89章:4632

13:50:18  大雪满弓刀 (承古) [完结]  257p→205章  2334KB  OK
          https://www.52shuku.net/gl/29_b/bkb2f.html
          第1章 阳光 这一次，她终于抓到了阳光。:3214  第2章 安乐 “拂衣，你杀人了。”……:3495  第3章 是她 她只是在赌，赌自己命不该绝。……:3476  第4章 千灯 “公主，还查么？”惊蛰问。……:3084  第5章 两年 “一个女人而已。”……:4410  第6章 红梅 “送给你。”:3247
          第7章 拂衣 “事了拂衣去，深藏功与名。是个……:3428  第8章 嫉妒 只要稍稍用掐住她的脖子，就能让……:4105  第9章 和亲 你也是公主，你就不怕，同样的事……:3644  第10章 突变 唐拂衣下意识后退了半步，而后快……:3653  第11章 庄生晓梦 “长公主！奴婢尽忠了！”……:3725  第12章 质询 “夫人要见你。”:3288
          第13章 密谋 她未必能活得下来，甚至有可能她……:3582  第14章 冰室 与她们二人同时到的，还有被押解……:3079  第15章 称呼 “你刚刚叫公主什么？”:3624  第16章 夏荷 她想起当年自己接到和亲的旨意离……:3364  第17章 何氏 所谓君子之泽，五世而斩，大约就……:3465  第18章 醒来 那哪是什么公主，活脱脱就是一个……:3343
          第19章 谎言 昏沉间，隐约觉得自己好像做了些……:3306  第20章 线索 “涉川，你看起来很喜欢这位唐姑……:3499  第21章 死了 唐拂衣走出牢房，却忽然发现自己……:4286  第22章 结果 东方既白，薄雾霭霭，有星名曰启……:3833  第23章 孤独 她是那个被丢下的人。:3487  第24章 疯子 这个女人，为了保全女儿，竟可以……:3801
          第25章 幌子 “所以药是假的。”:3351  第26章 故人 “公主运筹帷幄之中，决胜千里之……:3849  第27章 重逢 你的这个梅花络子，是从哪里来的……:3585  第28章 毒发 她应该痛苦，应该难受，应该生不……:4107  第29章 杀意 女孩的声音沙哑，融在这越发浓重……:3250  第30章 点灯 “你会死的。”:3571
          第31章 校场 众目睽睽之下，那被击到空中的长……:3190  第32章 何曦 听说你师承扰月山庄白华真，风雪……:3735  第33章 惊马 她知道苏道安的过去，了解苏道安……:3483  第34章 甜吗？ “不甜，酸的很。”唐拂衣答。……:3710  第35章 老兵 就好像一个下一秒就要碎掉的瓷娃……:3300  第36章 生气 更何况安乐公主集万千宠爱于一身……:3714
          第37章 庆幸 “因为我嫉妒她！”左嫣然猛然抬……:3494  第38章 夜话 “若真有那么一日，我定会去救你……:4330  第39章 偶遇 “冷大人人品贵重，拂衣为何要诋……:3460  第40章 药人 “四殿下……殿下……你果然…………:3226  第41章 关系 “如果我没记错的话，长公主应该……:3571  第42章 混乱 那络子的样式，分明与自己送给安……:3982
          第43章 送礼 冷清怀微微一笑，转身唤了一句：……:3932  第44章 召见 “拂衣，我知道你不喜欢皇上，我……:3765  第45章 诱人 救你和救路边的一条狗有什么区别……:3936  第46章 重要 “不知道。”苏道安答，“不感兴……:3273  第47章 生辰 “生辰快乐，我的小公主。”……:3897  第48章 死局 至此，已成死局。:3575
          第49章 离宫 “这一路凶险异常，一不留神就会……:3273  第50章 逃吧 “公主，若是我说，我心中有恨，……:3213  第51章 绵州 那，若李昌平想害之人并非是苏道……:3129  第52章 怪异 赈灾一事是一柄双刃剑，办好了就……:3323  第53章 坠崖 “师父……我给你说，我做了个………:3422  第54章 少年 “我姓顾，名长清，是个道士。”……:4236
          第55章 心慌 可又能有什么事，需要这一军统帅……:3897  第56章 转圜 “你是在威胁我？”苏栋蹙眉。……:3699  第57章 凶险 她害怕自己找不到苏道安，更怕自……:3624  第58章 相拥 她察觉到自己的体温快速升高，双……:3703  第59章 争吵 “公主昨晚刚扒了我的衣服，今天……:4121  第60章 山洞 苏道安小声嘀咕道：“你不是来救……:3914
          第61章 燕仪 “拂衣，你去给我拿吧。我就在这……:3527  第62章 我全都要 这本是必胜之局，却只因一场……:3198  第63章 苏氏令 这一战，南唐必败。:4081  第64章 师父 师父老了太多，老到她第一眼竟是……:4350  第65章 小九 那位姐姐肯定能猜到蜜饯是小姐送……:3530  第66章 蝴蝶刀 “但我的身后，是我的国，我的……:4286
          第67章 中箭 “以后的路，你要自己走。”……:4184  第68章 三刀 万物失色，她紧紧抱着师父的头颅……:3525  第69章 清晨 “我不想离开。”她开口道，“我……:4246  第70章 回程 “我学艺不精，鎏金是公主最喜欢……:4661  第71章 受封 她听见黑狱中年轻女孩们此起彼伏……:4337  第72章 起始 不论男女，不论出身，只要愿意归……:3217
          第73章 尚宫 “只是没想到三殿下能有如此包容……:3605  第74章 叛徒 而这一次，无人伸手。:4489  第75章 救人 可救人者是她，杀人者亦是她。……:3674  第76章 “信” “不过是一句玩笑话，公主…………:3592  第77章 合作 “殿下可听说过一个词叫，温水煮……:4352  第78章 小公子 “小公子……小公子你…您，您……:4300
          第79章 嗅觉 可先四皇子都已经死了四年，自己……:3367  第80章 郭慈 “妖精！今日姑奶奶我就要收了你……:4183  第81章 旧友 按理说，这么重要的地方，怎么会……:4575  第82章 江清流 “太傅令？”他转头不可思议的……:3823  第83章 抛弃 还有一条线索，或许能派得上用……:3509  第84章 甘维 甘维入狱的真正原因是什么？……:4250
          第85章 遗诏 整件事情的前因后果，甘维在狱中……:3901  第86章 可笑 我要做什么，难道还要征求一个死……:3995  第87章 刘四 而现在，她想要不顾一切制衡权谋……:3647  第88章 为何 最开始是不敢说，后来是没有机会……:3927  第89章 安慰 “可是陆老三。”她开口，“我已……:4314  第90章 乌衣 “不论如何，那孩子总是无辜的。……:4189
          第91章 如果 四人的身影渐渐消失在远处的楼宇……:3126  第92章 八卦 “看来此去还算顺利。”班鹤笑着……:4133  第93章 疯了 动手的日子就定在年后。:4445  第94章 兽夹 可眼前的这个姑娘，没有与自己在……:4011  第95章 中毒 除夕之夜，合宫家宴，十一皇子，……:3150  第96章 花坠 “惠贵妃娘娘……没了。”……:3778
          第97章 悬疑 莫非这宫里还有什么别的势力隐于……:3905  第98章 安心 今夜……就暂且让我再陪公主坐一……:3922  第99章 闭环 原来真正地失而复得，是如此令人……:3721  第100章 徐岚 “苏道安！你还我孩儿的命来！”……:3952  第101章 奇怪 布包小心翼翼地被打开，里头盘着……:4111  第102章 诅咒 “萧祁！这宫里想害你的人千千万……:3645
          第103章 我儿无辜 “大皇子不可杀。”……:3941  第104章 意外 唐拂衣倒吸了一口凉气，若贵妃之……:3720  第105章 查封 她忽然很想抱一抱她的小太阳。……:3763  第106章 真相 “大人，那女人还养蛇！”……:3369  第107章 报仇 “你可知这里，曾经有过多少这样……:3446  第108章 自尽 “你想萧祁怎么死？”:3345
          第109章 正月十二 三年，师父从未来梦里看过自……:3837  第110章 正月十三 “南街祥乐戏班中发现先四皇……:3483  第111章 正月十四（一） “再会。”:3805  第112章 正月十四（二） “你若是无处可去，随……:4308  第113章 正月十五 她是旁观者，是审判者，是胜……:3648  第114章 噩梦 苏道安还活着么？:3788
          第115章 身世 这白纸黑字，洋洋洒洒，若皆为真……:4548  第116章 刑场 她牙关紧咬，蝴蝶刀从袖中滑到……:3925  第117章 苏秀平 “忠魂已死，从此这世上再无萧……:3834  第118章 走吧 “没有人比你伤她更深。”……:4129  第119章 小昭 “我想统领允准我加入银鞍军！”……:4019  第120章 那日 “所有人都死了，只有我活了下来……:3303
          第121章 恩怨 可她却清楚的记得，那个时候，那……:3845  第122章 关城门 她的身后是高耸而厚重的城墙，……:3387  第123章 西域 而自那一战之后，北境苍茫，长城……:4407  第124章 萧都 重要的是，如今是谁坐在这个位置……:2721  第125章 所愿 “阿苡，你怪我不愿来看你，可是……:3694  第126章 离城 “准备一下吧，我亲自带兵，去会……:4318
          第127章 缠斗 可那样的姿态，与其说是撞，……:3553  第128章 死城 唐拂衣用这柄蝴蝶刀取过许多人的……:3446  第129章 拔刀 她只能俯下身，张开双臂，紧紧地……:3318  第130章 三年 “她守的不是城，是我们所有人的……:3970  第131章 班鹤 “换做是我，我会很乐意将你的消……:4896  第132章 山神 “孙家家主，死了。:4378
          第133章 假死 “不可能！绝对不可能！”梁道士……:3756  第134章 六年 “那是山神显灵，是山神显灵啊！……:3566  第135章 末路穷途 “饿到不行了的时候，百姓之……:4334  第136章 邀请 而荒凉干裂的土地之下，是无数长……:3689  第137章 苏醒 “如今我该怎么称呼你？家主，还……:4081  第138章 宣泄 “我很高兴，今日再见，你已是执……:3650
          第139章 麻木 “辛苦了，我的小将军。”……:3235  第140章 辞别 “我是小满，小满……是得要保护……:4003  第141章 冲突 “这些蜜饯，你给过会儿拿去分给……:3964  第142章 骂战 “你若是能应付得了，又怎么会出……:3344  第143章 不交 “既然如此，那老子就先杀了你，……:3512  第144章 比试 “比武功，比军纪，比兵法。”苏……:3824
          第145章 兵法 “正前方四步方向，敌人倒地，可……:3356  第146章 服气 “我不能统领银鞍军。”……:4343  第147章 拒绝 可苏道安到底是个什么样的人？……:3416  第148章 夏至 她的小公主也死在了那场大火之中……:3203  第149章 犹豫 “若是今晚再有雷电，你来我房中……:4838  第150章 鱼肉 “猛兽”收起了她的獠牙，露出其……:3356
          第151章 新政 满手鲜血，眼含慈悲。:4221  第152章 醉醒之间 野性难驯，却越发令人想要征……:1930  第153章 生辰快乐 “下次若是你再敢开着门开着……:3607  第154章 无懈可击 “人家跟你装柔弱呐！你真当……:3198  第155章 逃离 她甚至都没有在自己面前真正的大……:3970  第156章 答案 “你知我从前是从地狱中爬出来的……:4261
          第157章 重建 吃完一块，她舔了舔手指，转头向……:3760  第158章 我手心疼 我给你吹吹，吹吹就不疼了。……:3890  第159章 武神 苏道安看清了——那是一个婴孩。……:3720  第160章 故刀 是她杀死了方立秋，或许同时也杀……:3535  第161章 秦铁衣 “朔气传金柝，寒光照铁衣。好……:3872  第162章 什么？ “……”唐拂衣一时哽住，而后……:4069
          第163章 内奸 她是一个晚上都没有回来过？……:3510  第164章 相信 生死一线，哪怕是片刻的犹豫，都……:4100  第165章 轻云阵 “将军！有人在爬楼车！”……:3667  第166章 去去就来 她的心中有八方沟壑，她的手……:3619  第167章 疼 “拂衣，疼。”:3200  第168章 微光 这一次，她定会好好护着这好不容……:3758
          第169章 碑林 高耸茂密地树木搭起一片幽静与阴……:3394  第170章 恶女寨 而那些停滞在岁月中的故事，却……:3923  第171章 崇州 “你是……陈……陈姑娘？”……:4747  第172章 明月 “何止是我，曾经的西域七国，除……:3838  第173章 先生 “未来，我一定会登上普通人难以……:3677  第174章 然后 将军满目猩红，用尽最后一丝力气……:3676
          第175章 祭拜 于是冻结的光阴重新开始流淌，逝……:3340  第176章 关押 “吩咐什么？”唐拂衣有些烦躁……:3713  第177章 国师 “那就杀了他，再闯出去。”……:3617  第178章 死守 月川不能放，只能守，死守！……:3837  第179章 异动 “他说……”唐拂衣望向苏道安的……:3165  第180章 再见 “既然如此，我也写一封折子上呈……:3944
          第181章 退兵 然而，尽管黑云压境，这场暴雨，……:3717  第182章 伤疤 “所以今日，是我要杀你们。”……:3671  第183章 立春 “是熟人呢。”:4046  第184章 瑞雪 来年，想必会是一个丰收的好年。……:3709  第185章 来得正好 “一点不晚，”她开口，“来……:4720  第186章 紧迫 “依我愚见，是敌是友，还未可知……:3149
          第187章 传闻 “只是此行，我有不得不去的理……:4032  第188章 凯旋 那是碧落的明月堕入黄泉，万物濒……:4559  第189章 原来 原来踏雪而去的人，有一日也会化……:4704  第190章 三桩事 “只要故人安好，见与不见也没……:3685  第191章 言尽于此 可这些真真假假，假假真真皆……:3546  第192章 结盟 至此，尘埃落定，两军汇合，兵临……:3745
          第193章 我不甘心 “先生，你会帮我的吧？”……:4715  第194章 如坠冰窟 最后抬起头，见到远处萧国皇……:3414  第195章 弃子 如果这盘棋已经再无胜算，那就干……:3230  第196章 请命 “属下今日站在这里，正是代表轻……:3893  第197章 左嫣然 “下次再见面，我不会再手下留……:3650  第198章 背叛 “不可能。”陆兮兮的声音变得有……:3429
          第199章 落定 旭日越不过青崖关的城墙。……:4514  第200章 进攻 “当年她助我离开皇宫的时候，就……:3949  第201章 暴雨 这场滂沱大雨中，没有人幸免遇难……:3296  第202章 选择 可世人却忘了，与虎狼同行者，又……:3114  第203章 你是对的 “谁知道呢？许是因为我想要……:4609  第204章 抉择 “我会为你铺路，也会与你一起回……:3714
          第205章 大雪满弓刀 而故事的结局……:4986

13:50:55  只好用医术震惊娱乐圈 (落在字上的雨) [完结]  93p→83章  786KB  OK
          https://www.52shuku.net/gl/28_b/bkb1X.html
          第1章:3183  第2章:3898  第3章:3493  第4章:3618  第5章:3442  第6章:3418
          第7章:3055  第8章:3329  第9章:3593  第10章:3317  第11章:2865  第12章:3116
          第13章:2877  第14章:3412  第15章:3103  第16章:3058  第17章:3228  第18章:3114
          第19章:3642  第20章:3326  第21章:3072  第22章:3195  第23章:3513  第24章:3169
          第25章:4236  第26章:3240  第27章:3331  第28章:3154  第29章:3023  第30章:2560
          第31章:3100  第32章:3049  第33章:3306  第34章:3216  第35章:3139  第36章:3292
          第37章:3200  第38章:3344  第39章:2469  第40章:3122  第41章:3138  第42章:3225
          第43章:3430  第44章:3244  第45章:3020  第46章:3153  第47章:2696  第48章:3010
          第49章:3386  第50章:2097  第51章:3337  第52章:2283  第53章:2351  第54章:2354
          第55章:2652  第56章:2311  第57章:3062  第58章:2212  第59章:3353  第60章:3092
          第61章:3101  第62章:3072  第63章:2468  第64章:3211  第65章:2921  第66章:3158
          第67章:3299  第68章:3128  第69章:2595  第70章:3322  第71章:3325  第72章:3543
          第73章:3303  第74章:3231  第75章:3261  第76章:3330  第77章:3085  第78章:3120
          第79章:2587  第80章:3081  第81章:3049  第82章:3079  第83章:3329

13:51:58  温柔少妇的维修指南 (冯灵钰) [完结]  159p→122章  1418KB  OK
          https://www.52shuku.net/gl/27_b/bkb0n.html
          第1章 初次见面:3376  第2章 接触不良:3443  第3章 心跳失序:3136  第4章 无事发生:3253  第5章 泾渭分明:53  第6章 水汽氤氲:3487
          第7章 进退失据:4049  第8章 星星闪闪:3772  第9章 电流波动:4397  第10章 齿轮停转:4216  第11章 精密校准:4710  第12章 爱意沦陷:3188
          第13章 你去死吧:3069  第14章 打理花园:4780  第15章 心湖涟漪:5077  第16章 封心锁爱:3964  第17章 匿名心语:2999  第18章 空虚寂寞:5127
          第19章 启蒙教材:3693  第20章 水管疏通:4852  第21章 故障频发:3738  第22章 心沼沉沦:3753  第23章 清醒疼痛:4106  第24章 战战兢兢:3223
          第25章 白夜叙事:3462  第26章 惊澜乍起:3512  第27章 戒断反应:3215  第28章 落地上天:4128  第29章 逾越理性:4622  第30章 多想贴近:4212
          第31章 向心公转:5083  第32章 我喜欢你:5193  第33章 即使爱你:5021  第34章 超过自然:5395  第35章 原地堕入:3982  第36章 风眼乐园:3973
          第37章 雨过天晴:4445  第38章 爱与港湾:4204  第39章 她怎么样:3748  第40章 飞蛾扑火:3890  第41章 想要见她:3094  第42章 浪漫晚餐:3888
          第43章 心的两端:3252  第44章 再次出击:3553  第45章 品酒教学:3428  第46章 白日叙事:2956  第47章 昼焚夜烬:3671  第48章 懦弱勇敢:4334
          第49章 包饺子咯:3524  第50章 才艺展示:4679  第51章 苦涩味道:3795  第52章 秘密是她:4957  第53章 旧疾复发:4025  第54章 物不如故:3710
          第55章 厨房水源:3885  第56章 小雨转大:3426  第57章 神的信徒:3408  第58章 星沉姑苏:3334  第59章 龙虾啤酒:3315  第60章 最佳损友:3997
          第61章 性感照片:4577  第62章 小别重逢:3845  第63章 她的礼物:12  第64章 一点日常:3701  第65章 恋爱指南:3608  第66章 星与晚风:3932
          第67章 感冒发烧:3501  第68章 就是喜欢:3596  第69章 是梦与梦:4182  第70章 因果轮回:3901  第71章 别吃我的:3731  第72章 视频通话:3862
          第73章 雨夜奔袭:3858  第74章 太阳煎蛋:4138  第75章 正是良宵:3988  第76章 拉下神坛:3805  第77章 心跳暂停:3503  第78章 应激反应:4456
          第79章 莫名其妙:3866  第80章 口非心非:4631  第81章 自欺欺人:4068  第82章 乌云蔽月:4024  第83章 两不相干:4330  第84章 失恋阵痛:3374
          第85章 界限之外:4369  第86章 味道记忆:3810  第87章 已是入冬:4072  第88章 嫉妒作祟:3900  第89章 原来如此:3976  第90章 蔚然花坊:3863
          第91章 症状类似:3684  第92章 真心朋友:3995  第93章 反向拉黑:3858  第94章 智能门锁:3457  第95章 幕布投影:4237  第96章 破镜难圆:4291
          第97章 特别喜欢:3909  第98章 无心掉马:3303  第99章 落荒而逃:3609  第100章 见义勇为:5195  第101章 我会在的:4285  第102章 我欠她的:3584
          第103章 如此在意:3766  第104章 谵妄状态:3066  第105章 分外眼红:0  第106章 重新开始:3906  第107章 术后护理:3744  第108章 对线高手:4196
          第109章 熬出院了:4063  第110章 双向奔赴:3672  第111章 前任现任:3831  第112章 进局子咯:3940  第113章 请客吃饭:4290  第114章 误会解除:4077
          第115章 叫姐姐叫:4036  第116章 一首勇气:3643  第117章 夜莺玫瑰:3960  第118章 被迫出柜:3764  第119章 随心所动:4387  第120章 没有万一:4592
          第121章 细水长流:4371  第122章 幸福结局:4668

13:52:34  末世捡到前妻后 (再睡拍死) [完结]  87p→75章  783KB  OK
          https://www.52shuku.net/gl/26_b/bkbzz.html
          第1章:2255  第2章:4105  第3章:4323  第4章:4208  第5章:2309  第6章:3163
          第7章:3094  第8章:3129  第9章:3134  第10章:3119  第11章:3086  第12章:3136
          第13章:3076  第14章:3076  第15章:2136  第16章:3091  第17章:3104  第18章:3132
          第19章:3142  第20章:4251  第21章:3474  第22章:2074  第23章:1175  第24章:3067
          第25章:3119  第26章:2117  第27章:3111  第28章:2533  第29章:3166  第30章:3073
          第31章:3093  第32章:3247  第33章:3376  第34章:3173  第35章:3117  第36章:3113
          第37章:3032  第38章:3164  第39章:3667  第40章:1809  第41章:3076  第42章:3229
          第43章:3046  第44章:3191  第45章:3186  第46章:3093  第47章:3175  第48章:3128
          第49章:3213  第50章:3089  第51章:3105  第52章:3111  第53章:3145  第54章:9200
          第55章:4067  第56章:6045  第57章:6130  第58章:6290  第59章:4192  第60章:6163
          第61章:8090  第62章:3683  第63章:3139  第64章:3187  第65章:3548  第66章:3562
          第67章:3667  第68章:5484  第69章:1240  第70章:5107  第71章:3096  第72章:2084
          第73章:3159  第74章:3394  第75章:3521

13:53:22  真千金她一心向我[穿书] (慕辰溪) [完结]  126p→127章  1171KB  OK
          https://www.52shuku.net/gl/26_b/bkbzx.html
          第1章:3080  第2章:3035  第3章:3037  第4章:3016  第5章:3007  第6章:3038
          第7章:3030  第8章:3006  第9章:3002  第10章:3056  第11章:3039  第12章:3007
          第13章:3095  第14章:3030  第15章:3011  第16章:3041  第17章:4000  第18章:2006
          第19章:3005  第20章:3005  第21章:3018  第22章:3019  第23章:3002  第24章:3010
          第25章:3010  第26章:3007  第27章:3005  第28章:3008  第29章:3016  第30章:3001
          第31章:3001  第32章:3010  第33章:3007  第34章:3006  第35章:3002  第36章:3013
          第37章:3001  第38章:3008  第39章:3004  第40章:3006  第41章:3002  第42章:3019
          第43章:3011  第44章:3001  第45章:3002  第46章:3012  第47章:3011  第48章:3011
          第49章:3001  第50章:3010  第51章:3007  第52章:3001  第53章:3012  第54章:3025
          第55章:3002  第56章:3010  第57章:3008  第58章:3006  第59章:3010  第60章:3002
          第61章:3013  第62章:3002  第63章:3002  第64章:3012  第65章:3012  第66章:3012
          第67章:3005  第68章:3007  第69章:3011  第70章:3020  第71章:3009  第72章:3009
          第73章:3002  第74章:3001  第75章:3009  第76章:3004  第77章:3012  第78章:3172
          第79章:3173  第80章:3178  第81章:3186  第82章:3173  第83章:3177  第84章:3170
          第85章:3172  第86章:3176  第87章:3172  第88章:3171  第89章:3172  第90章:3169
          第91章:3172  第92章:3171  第93章:3175  第94章:3175  第95章:3177  第96章:3173
          第97章:3172  第98章:3170  第99章:3169  第100章:3186  第101章:3176  第102章:3177
          第103章:3170  第104章:3170  第105章:3170  第106章:3185  第107章:3182  第108章:3180
          第109章:3176  第110章:3183  第111章:3192  第112章:3178  第113章:3171  第114章:3180
          第115章:3169  第116章:3173  第117章:3172  第118章:3169  第119章:3172  第120章:3168
          第121章:3170  第122章:3170  第123章:3173  第124章:3169  第125章:3175  第126章:3191
          第127章:3247

13:54:24  穿为暴君我靠宠妻一统天下 (村里的一枝花儿) [完结]  146p→114章  1311KB  OK
          https://www.52shuku.net/gl/26_b/bkbzw.html
          第1章:3445  第2章:4123  第3章:3561  第4章:3198  第5章:3122  第6章:3596
          第7章:3653  第8章:3091  第9章:3138  第10章:3158  第11章:3237  第12章:3367
          第13章:3127  第14章:3181  第15章:3049  第16章:3221  第17章:3682  第18章:4136
          第19章:3758  第20章:3150  第21章:4201  第22章:3220  第23章:6353  第24章:4567
          第25章:5451  第26章:3229  第27章:4929  第28章:4384  第29章:4294  第30章:5536
          第31章:4386  第32章:5240  第33章:4080  第34章:4571  第35章:5319  第36章:5268
          第37章:3143  第38章:4423  第39章:3252  第40章:3228  第41章:4405  第42章:4311
          第43章:3865  第44章:3737  第45章:3391  第46章:3715  第47章:3735  第48章:4238
          第49章:5079  第50章:4417  第51章:4132  第52章:3411  第53章:3313  第54章:4502
          第55章:3663  第56章:3775  第57章:3187  第58章:3613  第59章:3738  第60章:4350
          第61章:3619  第62章:4003  第63章:3436  第64章:3339  第65章:3315  第66章:3568
          第67章:5695  第68章:3266  第69章:4702  第70章:5199  第71章:5235  第72章:5219
          第73章:3357  第74章:3398  第75章:3326  第76章:4285  第77章:3448  第78章:3569
          第79章:3370  第80章:3338  第81章:3412  第82章:3203  第83章:3187  第84章:3255
          第85章:3660  第86章:3352  第87章:3135  第88章:4017  第89章:3160  第90章:3093
          第91章:3565  第92章:4329  第93章:3099  第94章:3339  第95章:3835  第96章:3256
          第97章:4502  第98章:3822  第99章:3606  第100章:4129  第101章:3262  第102章:3619
          第103章:3469  第104章:3538  第105章:4501  第106章:3449  第107章:3104  第108章:3354
          第109章:3775  第110章:3116  第111章:3486  第112章:4847  第113章:4212  第114章:3531

13:56:34  [综漫] 贝尔摩德与雪莉 (镜中曼荷) [完结]  339p→145章  2973KB  OK
          https://www.52shuku.net/gl/26_b/bkbzu.html
          第1章:9148  第2章:6173  第3章:5121  第4章:7188  第5章:5730  第6章:4926
          第7章:4638  第8章:4771  第9章:5080  第10章:5028  第11章:5728  第12章:5019
          第13章:4600  第14章:5638  第15章:5076  第16章:4578  第17章:7526  第18章:7099
          第19章:5677  第20章:6684  第21章:9170  第22章:5311  第23章:7494  第24章:10692
          第25章:7487  第26章:6487  第27章:8560  第28章:8673  第29章:6688  第30章:6949
          第31章:8676  第32章:6402  第33章:7646  第34章:6528  第35章:6925  第36章:11623
          第37章:6161  第38章:7334  第39章:7954  第40章:6035  第41章:6499  第42章:6626
          第43章:7376  第44章:10355  第45章:5946  第46章:8243  第47章:7335  第48章:7978
          第49章:7542  第50章:8738  第51章:10091  第52章:10229  第53章:7049  第54章:7803
          第55章:6801  第56章:6474  第57章:6372  第58章:7825  第59章:7508  第60章:7387
          第61章:8813  第62章:7839  第63章:7097  第64章:8688  第65章:8163  第66章:7467
          第67章:10868  第68章:13488  第69章:14961  第70章:10264  第71章:12824  第72章:7627
          第73章:5096  第74章:4567  第75章:6865  第76章:8640  第77章:6917  第78章:5560
          第79章:7740  第80章:5527  第81章:4870  第82章:9327  第83章:9229  第84章:8229
          第85章:12691  第86章:9686  第87章:9839  第88章:8324  第89章:7246  第90章:6345
          第91章:9686  第92章:7082  第93章:7622  第94章:6657  第95章:6734  第96章:7141
          第97章:5560  第98章:6288  第99章:6671  第100章:10149  第101章:8797  第102章:5013
          第103章:9014  第104章:8403  第105章:7132  第106章:4605  第107章:6688  第108章:5309
          第109章:6601  第110章:7048  第111章:7745  第112章:6050  第113章:7569  第114章:5650
          第115章:9741  第116章:8223  第117章:6565  第118章:4894  第119章:7265  第120章:5240
          第121章:5524  第122章:6056  第123章:9249  第124章:9032  第125章:11502  第126章:8153
          第127章:5169  第128章:3764  第129章:4792  第130章:3387  第131章:4559  第132章:4264
          第133章:3763  第134章:3792  第135章:3421  第136章:4038  第137章:2071  第138章:2942
          第139章:3503  第140章:4071  第141章:2600  第142章:2970  第143章:3102  第144章:3672
          第145章:4635

13:56:57  古氏纸扎铺的故事 (颜少安) [完结+番外]  50p→41章  446KB  OK
          https://www.52shuku.net/gl/26_b/bkbzo.html
          第1章 开端:1532  第2章 改命:1608  第3章 求婚:2017  第4章 执念:2103  第5章 告别:1807  第6章 空灵:3138
          第7章 轮回:2505  第8章 离魂:3275  第9章 同居:3317  第10章 因果:3056  第11章 冥纸:4184  第12章 檀香:4456
          第13章 阴阳:3046  第14章 头七:1963  第15章 旅店:4026  第16章 殓服:4040  第16章 怀孕:4031  第17章 认错:3990
          第18章 故里:4059  第19章 中招:4033  第20章 重逢:4028  第21章 遗言:4021  第22章 怨念:4555  第23章 探望:4459
          第24章 迷惑:4004  第25章 团圆:4213  第26章 挑衅:4103  第27章 隐忍:4167  第28章 度假:4236  第29章 得失:4042
          第30章 迷途:4192  第31章 受惊:4095  第32章 碟仙:4059  第33章 怪事:4102  第34章 黑猫:4253  第35章 魂魄:4202
          第36章 破咒:4155  第37章 遗憾:4025  第38章 阴司:4213  第39章 荒废:4152  第40章 番外篇完结:2406

13:57:36  18路末班车 (颜少安) [完结]  101p→101章  924KB  OK
          https://www.52shuku.net/gl/26_b/bkbzn.html
          第1章 调动:7236  第2章 隐形:7339  第3章 离奇:6273  第4章 磁场:4325  第5章 猜测:4094  第6章 发怒:4344
          第7章 再续:4033  第8章 前缘:4218  第9章 凄惨:4183  第10章 死亡:4165  第11章 隐瞒:4101  第12章 执念:4028
          第13章 乔迁:4115  第14章 神奇:4148  第15章 头颅:4071  第16章 往事:4087  第17章 出窍:4181  第18章 生日:4227
          第19章 鬼市:4276  第20章 缺魂:4229  第21章 妖珠:4204  第22章 嫌弃:4170  第23章 担忧:4265  第24章 葬礼:4098
          第25章 猜疑:4120  第26章 阴影:4263  第27章 饿鬼:4002  第28章 破防:4108  第29章 惊悚:4170  第30章 见鬼:4000
          第31章 腻歪:4043  第32章 受伤:4063  第33章 货车:4188  第34章 真假:4002  第35章 药娘:4108  第36章 唤醒:4001
          第37章 遗照:4014  第38章 陌生:4000  第39章 救我:4036  第40章 幻象:4076  第41章 人鱼:4017  第42章 灭魂:4006
          第43章 相馆:4070  第44章 阴井:4043  第45章 尸怪:4008  第46章 委屈:2023  第47章 时光:2019  第48章 误解:2023
          第49章 傀儡:2030  第50章 暴揍:2007  第51章 变化:2002  第52章 内心:2028  第53章 教训:2019  第54章 笛子:2036
          第55章 笃定:2035  第56章 泪目:2030  第57章 残忍:2016  第58章 梦魔:2015  第59章 离体:2119  第60章 时间:2004
          第61章 探秘:2030  第62章 山洞:2015  第63章 猛兽:2010  第64章 阴兵:2002  第65章 安逸:2023  第66章 异样:2003
          第67章 水猴:2026  第68章 机缘:2004  第69章 坎坷:2014  第70章 初恋:2020  第71章 诈尸:2015  第72章 偿还:2005
          第73章 释怀:2014  第74章 旅店:2034  第75章 房间:2002  第76章 闹事:2000  第77章 蛟鱼:2012  第78章 血腥:2054
          第79章 守灵:2064  第80章 曾经:2016  第81章 安抚:2000  第82章 老宅:2004  第83章 认可:2017  第84章 病秧:2001
          第85章 村子:2022  第86章 剃头:2023  第87章 阿尘:2002  第88章 心疼:2040  第89章 梦境:2000  第90章 逆转:2028
          第91章 胞妹:2016  第92章 布偶:2001  第93章 小满:2007  第94章 冥婚:2015  第95章 拜堂:2000  第96章 讲理:2043
          第97章 送别:2012  第98章 回家:2008  第99章 精灵:2036  第100章 陪伴:2011  第101章 再见:2009

13:58:09  绮夜 (漏气沙示) [完结]  84p→83章  750KB  OK
          https://www.52shuku.net/gl/26_b/bkbzl.html
          第1章 出演:3869  第2章 金色:3310  第3章 再次初遇:2952  第4章 有诈:3189  第5章 垂怜:3136  第6章 误会？:3061
          第7章 哭包:2523  第8章 悔不当初:3088  第9章 噩梦:3028  第10章 第二单:3334  第11章 好同事:3080  第12章 风紧扯呼:2676
          第13章 烈日:2190  第14章 目击:3237  第15章 獠牙:3216  第16章 扯谎:3341  第17章 乐意之至:3038  第18章 齿印:2705
          第19章 怀旧:3276  第20章 借钱:3043  第21章 埋首:3145  第22章 讨厌:3031  第23章 衔咬:3035  第24章 失望:3005
          第25章 欠你:2892  第26章 缚:3040  第27章 饥饿:3026  第28章 吃掉:2880  第29章 项圈:2531  第30章 戒尺:2921
          第31章 病假:3016  第32章 搏斗:3214  第33章 拒食:3087  第34章 拒食失败:3151  第35章 最后一次:3066  第36章 拢火:1837
          第37章 永夜:3009  第38章 礼物:2801  第39章 再见:2845  第40章 囚？:3074  第41章 恶心:2945  第42章 别装:2902
          第43章 折磨:2778  第44章 喂药:3008  第45章 怀抱:3541  第46章 有病:4052  第47章 暮色:3077  第48章 微活:3330
          第49章 缄密:3543  第50章 怀念:2934  第51章 坐:2526  第52章 求救:3638  第53章 罪孽:2904  第54章 坏狗:2986
          第55章 痛:3007  第56章 气人:3123  第57章 笨狗:2480  第58章 咬:2804  第59章 名字:2763  第60章 笼:3129
          第61章 正好:2966  第62章 醉:3225  第63章 难懂:2690  第64章 补偿？:3227  第65章 补偿:2172  第66章 糖果盒:3151
          第67章 不换:2876  第68章 葬礼:3412  第69章 前夕:2932  第70章 破晓:2651  第71章 必杀技:2898  第72章 圈套？:2790
          第73章 记仇:2798  第74章 逃:2741  第75章 陷阱:3035  第76章 为我:2592  第77章 应允:3027  第78章 叹:3411
          第79章 泪:5041  第80章 借:1776  第81章 生日:3444  第82章 正文完:2633  第83章 反攻[番外]:748

13:58:47  念念不忘 (萧喵啊喵) [完结]  94p→84章  831KB  OK
          https://www.52shuku.net/gl/26_b/bkbzk.html
          第1章 初见:2377  第2章:3304  第3章:2698  第4章:3210  第5章:3956  第6章:3503
          第7章:4089  第8章:3687  第9章:3602  第10章:3607  第11章:3792  第12章 再见:5860
          第13章:3804  第14章:4025  第15章:3302  第16章:3831  第17章:4093  第18章:3317
          第19章:4167  第20章:3389  第21章 约定:3070  第22章:3535  第23章:3331  第24章:2936
          第25章:3084  第26章:3038  第27章:3161  第28章:3499  第29章:2936  第30章:3037
          第31章:3164  第32章:3138  第33章:3147  第34章:2715  第35章:2846  第36章:3175
          第37章:3129  第38章:3283  第39章:3098  第40章:3101  第41章:3154  第42章:2899
          第43章:2917  第44章:3047  第45章:3863  第46章 京市:3107  第47章:3810  第48章:3384
          第49章:3228  第50章:2995  第51章:2967  第52章:3297  第53章:3167  第54章:2525
          第55章:3113  第56章:2405  第57章:2971  第58章:3170  第59章:2923  第60章:3274
          第61章:3202  第62章:3903  第63章 受伤:3626  第64章:3289  第65章:3642  第66章:3122
          第67章:2740  第68章:2898  第69章:3554  第70章:3174  第71章:3324  第72章:2617
          第73章:2981  第74章:3142  第75章:3113  第76章:3119  第77章:3163  第78章:3095
          第79章:2887  第80章:3490  第81章:2808  第82章:3498  第83章 毕业典礼:3035  第84章 来日方长:3428

14:00:11  离谱 (热到昏厥) [完结+番外]  222p→111章  1829KB  OK
          https://www.52shuku.net/gl/26_b/bkbzi.html
          第1章:3650  第2章:3347  第3章:3188  第4章:3584  第5章:3132  第6章:2170
          第7章:3019  第8章:2208  第9章:3192  第10章:3023  第11章:2553  第12章:3047
          第13章:1569  第14章:2227  第15章:2473  第16章:3199  第17章:2508  第18章:2273
          第19章:2437  第20章:2003  第21章:3597  第22章:3027  第23章:1765  第24章:2205
          第25章:10215  第26章:6654  第27章:6920  第28章:7206  第29章:6358  第30章:6622
          第31章:6507  第32章:6214  第33章:5576  第34章:3232  第35章:3160  第36章:4889
          第37章:3429  第38章:3635  第39章:4530  第40章:3257  第41章:3517  第42章:5206
          第43章:4194  第44章:3917  第45章:8548  第46章:3852  第47章:6340  第48章:6208
          第49章:6532  第50章:6565  第51章:6084  第52章:6562  第53章:6666  第54章:7227
          第55章:6187  第56章:6543  第57章:3527  第58章:6580  第59章:7558  第60章:7540
          第61章:6567  第62章:6559  第63章:7605  第64章:7249  第65章:6726  第66章:7038
          第67章:6962  第68章:6889  第69章:6956  第70章:7604  第71章:6883  第72章:6851
          第73章:3238  第74章:6516  第75章:6922  第76章:6535  第77章:3589  第78章:6271
          第79章:6317  第80章:7036  第81章:6557  第82章:6536  第83章:7013  第84章:6872
          第85章:6642  第86章:6560  第87章:6616  第88章:6591  第89章:6536  第90章:6605
          第91章:6243  第92章:6843  第93章:6375  第94章:6960  第95章:8308  第96章:6526
          第97章:6271  第98章:6095  第99章:6258  第100章:6158  第101章:6361  第102章:6662
          第103章:6111  第104章:6053  第105章:6112  第106章:6243  第107章 正文完结:6692  第108章 番外1:6921
          第109章 番外2:6318  第110章 番外3:4191  第111章 番外4:4181

14:01:12  哈，报应 (热到昏厥) [完结+番外]  151p→114章  1198KB  OK
          https://www.52shuku.net/gl/26_b/bkbzh.html
          第1章 001:4190  第2章 002:2817  第3章 003:4804  第4章 004:3397  第5章 005:3389  第6章 006:3180
          第7章 007:2335  第8章 008:3067  第9章 009:2044  第10章 010:2763  第11章 011:1704  第12章 012:3201
          第13章 013:2620  第14章 014:2354  第15章 015:2241  第16章 016:2705  第17章 017:1081  第18章 018:2277
          第19章 019:3160  第20章 020:2685  第21章 021:2540  第22章 022:3054  第23章 023:2220  第24章 024:9583
          第25章 025:3336  第26章 026:3114  第27章 027:3106  第28章 028:3074  第29章 029:3055  第30章 030:3080
          第31章 031:3472  第32章 032:3401  第33章 033:3589  第34章 034:4727  第35章 035:3548  第36章 036:3194
          第37章 037:3245  第38章 038:5206  第39章 039:3883  第40章 040:7387  第41章 041:4701  第42章 042:3190
          第43章 043:3040  第44章 044:3097  第45章 045:3052  第46章 046:3122  第47章 047:3042  第48章 048:3034
          第49章 049:3092  第50章 050:3069  第51章 051:3083  第52章 052:3390  第53章 053:3131  第54章 054:3092
          第55章 055:3176  第56章 056:3071  第57章 057:3255  第58章 058:3070  第59章 059:3322  第60章 060:3181
          第61章 061:3290  第62章 062:3065  第63章 063:3061  第64章 064:3084  第65章 065:3869  第66章 066:3542
          第67章 067:3640  第68章 068:3070  第69章 069:3082  第70章 070:3839  第71章 071:4233  第72章 072:3657
          第73章 073:3889  第74章 074:3043  第75章 075:4987  第76章 076:3580  第77章 077:5589  第78章 078:3593
          第79章 079:3898  第80章 080:4240  第81章 081:3098  第82章 082:3229  第83章 083:3216  第84章 084:4084
          第85章 085:3196  第86章 086:3244  第87章 087:3060  第88章 088:3250  第89章 089:3635  第90章 090:3088
          第91章 091:3521  第92章 092:4365  第93章 093:4062  第94章 094:3416  第95章 095:3751  第96章 【番外·正常时间线】:3094
          第97章 【番外·正常时间线】:3328  第98章 【番外·正常时间线】:3191  第99章 【番外·古代if时间线】:3321  第100章 【番外·古代if时间线】:3120  第101章 【番外·古代if时间线】:3293  第102章 【番外·古代if时间线】:3272
          第103章 【番外·古代if时间线】:3604  第104章 【番外·古代if时间线】:3972  第105章 【番外·古代if时间线】:3079  第106章 【番外·古代if时间线】:3271  第107章 【番外·古代if时间线】:3909  第108章 【番外·古代if时间线】:3813
          第109章 【番外·古代if时间线】:3724  第110章 【番外·古代if时间线】:4347  第111章 【番外·古代if时间线】:3055  第112章 【番外·古代if时间线】:4407  第113章 【番外·古代if时间线】:5884  第114章 【番外·正常时间线】:4019

14:01:40  应有尽有 (热到昏厥) [完结]  67p→50章  521KB  OK
          https://www.52shuku.net/gl/26_b/bkbzg.html
          第1章:4074  第2章:3470  第3章:3398  第4章:3493  第5章:3390  第6章:3922
          第7章:4152  第8章:3110  第9章:2714  第10章:3124  第11章:3232  第12章:2663
          第13章:2668  第14章:2563  第15章:2889  第16章:2694  第17章:9512  第18章:3858
          第19章:3452  第20章:3123  第21章:3198  第22章:3130  第23章:3315  第24章:3101
          第25章:3013  第26章:3072  第27章:3321  第28章:3077  第29章:3056  第30章:3010
          第31章:3014  第32章:3102  第33章:3148  第34章:3176  第35章:3305  第36章:3102
          第37章:3652  第38章:3015  第39章:3371  第40章:3104  第41章:4475  第42章:3277
          第43章:3146  第44章:3092  第45章:3675  第46章:3888  第47章:3060  第48章:3217
          第49章:3453  第50章:4431

14:02:52  我有嘉宾 (秦淮洲) [完结+番外]  184p→147章  1520KB  OK
          https://www.52shuku.net/gl/26_b/bkbzf.html
          第1章 客从远方来:3705  第2章 反差值:3239  第3章 信徒:3661  第4章 禁止高空抛物:3952  第5章 命:3762  第6章 孤岛:3401
          第7章 航线被云层记载:2864  第8章 蜻蜓吻过:3108  第9章 礼崩乐坏:3164  第10章 与愿印:2393  第11章 秘密:2300  第12章 那你喜欢谁？:2166
          第13章 畏光:2338  第14章 解开成何体统:2150  第15章 柑橘调:2142  第16章 持筠:2058  第17章 寄人篱下:2929  第18章 一起睡吧:2673
          第19章 蝉鸣:2485  第20章 惆怅，蓝调，晚风:2461  第21章 煎熬:2668  第22章 台风警告:2398  第23章 睡就睡:10289  第24章 最后的决定:3624
          第25章 期待回跌:3621  第26章 风雨如晦:3929  第27章 深宅:3624  第28章 梦:3538  第29章 痒与疼之间:3546  第30章 庆幸|遗憾:3636
          第31章 紫色睡裙:3613  第32章 玷染:3670  第33章 藏在深夜:3933  第34章 第34章:3323  第35章 接吻:3434  第36章 荔枝换成葡萄:3249
          第37章 眸光:3313  第38章 你也不知？:3300  第39章 浓:3289  第40章 落脚点:3341  第41章 绯红涟漪:3696  第42章 蛊惑:3289
          第43章 退一万步:3810  第44章 公主:3470  第45章 月亮与夜灯:3362  第46章 扭蛋机与占卜术:3306  第47章 糖衣炮弹:3310  第48章 “结婚照”:3339
          第49章 本相:3250  第50章 悬月:3631  第51章 只是朋友:3325  第52章 赌:3418  第53章 戒酒:3718  第54章 以为世界从此安静:3333
          第55章 丈量:3350  第56章 喵喵喵:3338  第57章 风是南来的风:3399  第58章 以身相许:3323  第59章 掌纹:3377  第60章 诉衷肠:3537
          第61章 见异思迁？:3362  第62章 揽到一弯月:3044  第63章 二人世界:3352  第64章 戏:3278  第65章 不如趁早相守:3969  第66章 叶公好龙:3030
          第67章 沉沦:3258  第68章 你喜欢我什么？:3459  第69章 占有欲:3404  第70章 于礼不合:3262  第71章 还能看见，真好:3397  第72章 据闻姓甘:3356
          第73章 三个月:3390  第74章 火山:3230  第75章 醒:3325  第76章 一盏月光:4429  第77章 景色:4053  第78章 镜国熟人:3896
          第79章 水果般化学反应:3254  第80章 选择:3230  第81章 拼凑她的灵魂:3279  第82章 从头开始:3407  第83章 浪漫虚无的字眼:3215  第84章 日落之后:3291
          第85章 独照:3371  第86章 占:3188  第87章 慌不择路:3558  第88章 “PUA”:3207  第89章 星座:3308  第90章 风与月与白月光:3358
          第91章 交接仪式:3285  第92章 暂停:3279  第93章 甘心与不甘心:3302  第94章 不可替代性:3209  第95章 旧岁音:3357  第96章 草木皆兵:3601
          第97章 盛大的段落:3188  第98章 慈善家:3404  第99章 趁虚而入:3338  第100章 那我想想办法:3854  第101章 选择题:3348  第102章 你能看见我:3369
          第103章 病:3000  第104章 吝啬:3399  第105章 幌子:3250  第106章 天时地利:3312  第107章 溃:3307  第108章 自愧弗如:3449
          第109章 悬:3543  第110章 一束花:3303  第111章 分开:3236  第112章 不过如此:3318  第113章 焚烧:3197  第114章 没那么爱了:3045
          第115章 恨:3883  第116章 “赵持筠”:3590  第117章 无价:2867  第118章 追逐与盗窃:3258  第119章 到不了的*明天:3306  第120章 对不起:3367
          第121章 一言为定:3197  第122章 暧昧期:3176  第123章 过节:3210  第124章 薄:3235  第125章 擦肩而过（添了作话）:5239  第126章 暴风雪与安全屋:3683
          第127章 有意义:3287  第128章 好马不吃回头草:3195  第129章 前女友:3209  第130章 抚琴:3187  第131章 只怕难以自持:3288  第132章 祝词:3211
          第133章 礼物:3275  第134章 愿望成真了吗？:3169  第135章 一场春风:3301  第136章 一周年:2950  第137章 家:3218  第138章 蝉鸣，喧嚣，风声:3287
          第139章 穷极良夜:2892  第140章 悬而未决:3268  第141章 “你不想我走”:2954  第142章 客从远方来（正文完）:4919  第143章 番外：镜城百态 “还好遇见的是你”:4307  第144章 今穿古（上篇） “浔阳江头夜送客的浔”:5382
          第145章 今穿古（中篇） “难道因为带不走，你就不要看了？”:4382  第146章 今穿古（中下篇） 哪里有“永远”这回事情。:3902  第147章 今穿古（终篇） 你会用多久忘记我？:3887

14:03:29  和渣男三口之家？我找老婆行不行 (溯蔌蔌) [完结]  92p→85章  810KB  OK
          https://www.52shuku.net/gl/26_b/bkbze.html
          第1章:3595  第2章:3830  第3章:3375  第4章:3208  第5章:4726  第6章:1722
          第7章:3400  第8章:3255  第9章:3099  第10章:3105  第11章:3435  第12章:3325
          第13章:3086  第14章:3321  第15章:3231  第16章:3231  第17章:2456  第18章:2568
          第19章:2236  第20章:2530  第21章:2696  第22章:2903  第23章:3144  第24章:3198
          第25章:3442  第26章:3154  第27章:3143  第28章:3207  第29章:3131  第30章:3176
          第31章:3341  第32章:3265  第33章:2906  第34章:3206  第35章:2879  第36章:3104
          第37章:3107  第38章:3272  第39章:3382  第40章:3057  第41章:3362  第42章:3332
          第43章:2947  第44章:3574  第45章:3268  第46章:2530  第47章:3069  第48章:3165
          第49章:3351  第50章:2936  第51章:3469  第52章:2883  第53章:3041  第54章:3540
          第55章:3661  第56章:3311  第57章:3266  第58章:3149  第59章:3194  第60章:3102
          第61章:3108  第62章:3220  第63章:3194  第64章:2916  第65章:3083  第66章:3530
          第67章:3508  第68章:3094  第69章:3211  第70章:3040  第71章:3160  第72章:3347
          第73章:3275  第74章:3121  第75章:2184  第76章:3009  第77章:2292  第78章:3042
          第79章:3347  第80章:3504  第81章:2267  第82章:4372  第83章:3175  第84章:3220
          第85章:2592

14:04:28  前女友信息素太好闻了怎么办 (困困大王) [完结]  150p→114章  1286KB  OK
          https://www.52shuku.net/gl/25_b/bkbzd.html
          第1章 前女友:3962  第2章 406:3871  第3章 绿茶味:3666  第4章 醋味:3551  第5章 选课:3507  第6章 抑制剂:3675
          第7章 提问:3434  第8章 吃瓜:3682  第9章 训练:2904  第10章 饭局:3391  第11章 拥抱:2212  第12章 涂药:2403
          第13章 速度:3361  第14章 俩字:2436  第15章 澄清:2860  第16章 道歉:3188  第17章 家事:3659  第18章 枪手:3726
          第19章 校队:3556  第20章 挑衅:3220  第21章 醉意:3153  第22章 吻:3681  第23章 训练:3060  第24章 规律:3522
          第25章 微妙:3737  第26章 热水:3198  第27章 树敌:3844  第28章 姐姐:3450  第29章 枕头:3284  第30章 辛家:3823
          第31章 虐菜:3242  第32章 意外:3306  第33章 病发:3570  第34章 品尝:3285  第35章 茶艺:3395  第36章 蛋糕:3228
          第37章 胆大:3170  第38章 小说:3226  第39章 种子:3459  第40章 偷袭:3417  第41章 组队:3269  第42章 诱饵:3700
          第43章 战术:3674  第44章 缺德:3263  第45章 围剿:3304  第46章 探路:3202  第47章 地图:3725  第48章 上车:3516
          第49章 选择:3566  第50章 登塔:3731  第51章 频道:3696  第52章 偷看:3173  第53章 爆破:3712  第54章 情伤:3307
          第55章 推测:3392  第56章 申请:3727  第57章 开导:3437  第58章 惊喜:3610  第59章 表演:3503  第60章 反诈:3785
          第61章 表姐:3486  第62章 舒家:3672  第63章 浑水:3922  第64章 手镯:3534  第65章 宾客:4174  第66章 名酒:3806
          第67章 闹剧:3505  第68章 拱火:4599  第69章 送礼:4101  第70章 打架:5187  第71章 美梦:3744  第72章 风波:3799
          第73章 开价:3800  第74章 救援:3850  第75章 复盘:4680  第76章 余晖:4021  第77章 妹妹:3620  第78章 坦白:4246
          第79章 会面:5092  第80章 推理:3782  第81章 抱枕:4472  第82章 朋友:4386  第83章 打靶:3718  第84章 肖像:3601
          第85章 热茶:5161  第86章 打赌:4350  第87章 指导:3707  第88章 挨揍:3670  第89章 突发:3671  第90章 计划:4676
          第91章 双雕:4195  第92章 赛场:3654  第93章 奇夜:4029  第94章 仪表:3665  第95章 偷拍:3520  第96章 热闹:3307
          第97章 声东:3437  第98章 击西:3555  第99章 气氛:4187  第100章 狭路:4709  第101章 平民:3846  第102章 威慑:4515
          第103章 防线:3788  第104章 合作:4097  第105章 骤雨:4176  第106章 园区:4066  第107章 幻觉:4220  第108章 买卖:3135
          第109章 会议:4770  第110章 背刺:5483  第111章 天降:5140  第112章 傲慢:3890  第113章 翻天:5329  第114章 覆地:7327

14:04:55  咸鱼Alpha每天只想苟全性命 (咸鱼凌天策) [完结]  73p→51章  626KB  OK
          https://www.52shuku.net/gl/25_b/bkbyR.html
          第1章 这个夜非熬不可吗:3122  第2章 这个酒非喝不可吗:6590  第3章 这个脸非丢不可吗:3553  第4章 这个片非看不可吗:4138  第5章 这个谎非撒不可吗:5036  第6章 这个人非揍不可吗:2181
          第7章 这个人非抱不可吗:2193  第8章 这个枷锁非戴不可吗:2035  第9章 这个游戏非打不可吗:2349  第10章 这个杯非装不可吗:2108  第11章 这个伤非受不可吗:3277  第12章 这个针非打不可吗:2170
          第13章 这个甜品非吃不可吗:2417  第14章 这个窍非开不可吗:2254  第15章 这个气非受不可吗:2461  第16章 这个楼非上不可吗:2017  第17章 这个心非痛不可吗:2339  第18章 这个女人非帮不可吗:2097
          第19章 这个剑非贩不可吗:2177  第20章 这个气非生不可吗:2044  第21章 这个情非谈不可吗:2016  第22章 这个协议非签不可吗:2083  第23章 这条咸鱼要不丢了吧:2120  第24章 她会遇到更好的人，吧？:2113
          第25章 咸鱼竟然也会生病吗:2151  第26章 这口菜非吃不可吗:2069  第27章 语言的艺术:2093  第28章 这个醋非吃不可吗:2081  第29章 没有人会在一直在原地等你:2226  第30章 这个气非生不可啊:2214
          第31章 这个火非点不可吗:2298  第32章 咸鱼被拿捏了:2126  第33章 咸鱼急了:2046  第34章 你怎么敢动她:2074  第35章 是谁动了心:2152  第36章 也可以心动:2101
          第37章 这个牛马非做不可吗:2127  第38章 老实巴交的咸鱼:2533  第39章 居家型咸鱼:2699  第40章 这个别扭非闹不可吗:2356  第41章 照片危机:6375  第44章 这个酒杯非砸不可吗:2223
          第45章 这个白非表不可吗:1950  第46章 这个山非爬不可吗:2075  第47章 这个人非救不可吗:2193  第48章 邀请软软同居:1955  第49章 这个街非逛不可吗:2216  第50章 这个手机非丢不可吗:2291
          第51章 小黑莲也会急的吗:2237  第52章 咸鱼也有做贼的天赋:2198  第53章 这个婚非退不可的呀！:80820

14:05:55  穿书后我竟成了女主初恋 (凑小柴) [完结+番外]  151p→200章  1282KB  OK
          https://www.52shuku.net/gl/25_b/bkbyQ.html
          第1章 姜姜！麻麻来了！:2235  第2章 时间会证明一切。:3203  第3章 我要卷死所有人！！:2519  第4章 舔狗？追妻路漫漫？:2197  第5章 表白。:2457  第6章 小狐狸咬人了！:2154
          第7章 你看够了吗。:2148  第8章 我很喜欢….很喜欢你:3522  第9章 你很重要，姜姜。:2412  第10章 帮忙:2074  第11章 妈粉变质:2291  第12章 救过她的命:2564
          第13章 唯独你不行:2391  第14章 哭不是我的武器:2878  第15章 骂死我，用唾沫星子淹死我。:2434  第16章 护食小狐狸:2683  第17章 做不到会得到惩罚的:1405  第18章 打狐狸屁屁:2326
          第19章 好好的白菜被拱走了。:2153  第20章 晚晚也需要抱吗？我可以！:3025  第21章 裴向晚，你比她还要脏。:2225  第22章 前女友？:2427  第23章 她会开心的吧:2605  第24章 笨蛋小狗:2011
          第25章 脸颊吻:2086  第26章 渣女真该死！:2361  第27章 我喜欢你！姜学姐。:2062  第28章 因为它是美好，我希望你也美好。:2081  第29章 零距离:1982  第30章 唇角。:1462
          第31章 扮演小白兔:2052  第32章 姜姜很不对劲:2024  第33章 鱼儿上钩了:2134  第34章 致命吸引:2190  第35章 白山茶:3395  第36章 圆月的残缺:2168
          第37章 “这样挺好的，会更明显。”:2429  第38章 惩罚.:3444  第39章 这狐狸忒坏:1982  第40章 笨狗:2098  第41章 “晚晚可不可以，过来一下。”:1953  第42章 “我是一定会找到你的”:2084
          第43章 能爱她的只有裴向晚:2408  第44章 鼻血:1902  第45章 “喜欢到想永远在一起”:2200  第46章 “你在偷看我”:2038  第47章 好甜:2205  第48章 血月:1840
          第49章 吸引力:2038  第50章 定制:2015  第51章 冰淇凌:2226  第52章 可爱:2556  第53章 海洋:2034  第54章 “你身上很臭”:2282
          第55章 “真的裴向晚死了。”:2112  第56章 晚安吻:2081  第57章 “没人配得上她”:2057  第58章 喂草莓:1856  第59章 猜想。:2126  第60章 黑蝴蝶:2003
          第61章 “晚晚，时间不多了。”:2087  第62章 古怪老人:1980  第63章 “小狐狸是不是草莓味的。”:2770  第64章 恨不得将裴向晚吻哭。:2017  第65章 草莓味的吻:1788  第66章 梦？:1001
          第67章 “喜欢现在的我”:2179  第68章 小狐狸又咬人了！:2188  第69章 “让我咬你一百次。”:2002  第70章 “你就是月亮”:1996  第71章 “喜欢草莓吗？”:2000  第72章 “姜姜的声音很好听。”:2438
          第73章 “你起红疹子了。”:2125  第74章 “你再亲亲我，再亲亲我。”:2284  第75章 “很难受？”:2015  第76章 “我可以要吗？”:1773  第77章 “可都这样了，真的能停吗？”:1678  第78章 “可惜了。”:1137
          第79章 裴向晚是坏人。:2033  第80章 “可疼了，总是因为你。”:1920  第81章 “橘子汽水”:2346  第82章 强制爱….:2021  第83章 “姜姜骂我是狗。”:2141  第84章 亲吻梨涡:2052
          第85章 涂抹药膏:2030  第86章 “粉色蝴蝶。”:2089  第87章 “晚晚打算什么时候公开我。”:2025  第88章 怒踹宁雪陌！:2020  第89章 银杏的约会。:2062  第90章 拍立得:2000
          第91章 讨厌喝药的狐狸:1970  第92章 “我不是娇气包。”:2031  第93章 “你问我，我一定都会告诉你。”:2066  第94章 “千万别让我失望。”:2021  第95章 拆开独特的礼物。:1884  第96章 小狐狸：呜…呜呜，想看晚晚的脸。:1820
          第97章 狐狸脑袋里全是黄色废料:2204  第98章 “那…亲亲可以吗？”:1743  第99章 “晚晚是在训狐？”:2071  第100章 “不可以再解扣子了！”:1980  第101章 戴项圈:1645  第102章 “你要躺着，不可以这样…”:1824
          第103章 书中人:1874  第104章 “晚晚把我也带上吧！”:1423  第105章 “幼稚园型。”:2066  第106章 赠送红绳。:2137  第107章 小狐狸是黏人精:2080  第108章 “膝盖真的很疼。”:2230
          第109章 “晚晚你放心，听不见的。”:1601  第110章 “看看马甲线。”:2094  第111章 别样的聊天。:2007  第112章 “什么时候她的喜欢能被知晓。”:2018  第113章 “我今晚不会跳舞给你看了。”:1565  第114章 小狐狸去找笨小狗了。:2072
          第115章 “乖一点，姜姜。”:1567  第116章 “你怎么能去看别人！”:2230  第117章 关于她的故事。:1662  第118章 樱桃蛋糕。:2005  第119章 爱抓人、爱吃醋的狐狸。:1083  第120章 小狐狸难过:1303
          第121章 小狐狸讨厌异国恋。:2096  第122章 互相思念。:2035  第123章 “看看我，疼爱我。”:2041  第124章 意大利之旅:2029  第125章 公主霍桑:2047  第126章 国王失踪:1994
          第127章 不死之身:2049  第128章 “你会吵到室友的。”:1938  第129章 与姜时愿断联:2019  第130章 禁止小狗招蜂引蝶:2026  第131章 青梅苦占过酸涩（含副cp澄宛）:2047  第132章 “你不可以抛弃我….”:1978
          第133章 “你是属于我的太阳。”:2006  第134章 “亲亲我。”:1942  第135章 “你要抛弃我吗，刚刚你不快乐吗。”:2002  第136章 裴向晚和樱桃是绝配:2004  第137章 在落地窗前:2006  第138章 小狗不喜欢擦边视频:1978
          第139章 “但我喜欢你，再久些都没关系。”:2037  第140章 小狗得漱口！:2051  第141章 “姜姜不害怕吗？”:2108  第142章 小狗的力气比蚂蚁还小。:2127  第143章 拍照纪念:1810  第144章 “晚晚想去哪？”:2211
          第145章 试衣间。:2009  第146章 “那我就宠一下你吧。”:2009  第147章 奶油作画:2037  第148章 姜时愿吃醋，后果很严重。:1312  第149章 吃人的怪兽:2020  第150章 笨狗：她超爱我:2173
          第151章 怪不得要叫笨狗:2020  第152章 仙女棒:2079  第153章 沉溺于你:1140  第154章 大家！我回来了！:2005  第155章 “我会让你失去一切。”:2023  第156章 惊喜礼物:2027
          第157章 逗狐狸逗过头了:2021  第158章 “近到转头你就能吻到我。”:2011  第159章 姜老板爱上摆烂（含副cp澄宛）:2037  第160章 “草莓要咬碎”:2139  第161章 迷香失效？:2137  第162章 杀人魔头:2043
          第163章 “那到底是什么有罪。”:2247  第164章 “我和我妈说了我们在交往。”:2054  第165章 “让裴向晚替你痛吧。”:2061  第166章 属于我们的摩天轮:2016  第167章 准备大礼:2011  第168章 “也想吃我一拳吗？”:2000
          第169章 “你并没有多爱姜时愿。”:2202  第170章 消失:2009  第171章 曝光身份:2095  第172章 “别想你妻子了好吗？”:2198  第173章 “我该拿你怎么办，裴向晚。”:2042  第174章 特别房间:2091
          第175章 嘴硬王姜时愿:1968  第176章 表现好的奖励:1400  第177章 坦白:2009  第178章 爱偷亲人的狐狸:2019  第179章 “别牵，我这手沾水了。”:2034  第180章 恋爱脑裴小狗:2074
          第181章 狐狸爱啃红苹果:2010  第182章 “你好香啊。”:2196  第183章 “不许动，坐好！”:2006  第184章 裴小狗手不老实，脑袋也是。:2067  第185章 “你死定啦！以后我也看！”:2034  第186章 “看来你很喜欢。”:2098
          第187章 笨狗先飞:1848  第188章 去见于微:2072  第189章 求婚:2009  第190章 小白狐今天是女仆:2044  第191章 “我听你的。”:2030  第192章 “这里可是公司。”:2012
          第193章 “别再奖励我了好吗？”:2031  第194章 “跪下。”:2075  第195章 “喜欢浅粉色。”:2026  第196章 婚礼:2043  第197章 最美日出:2403  第198章 温泉之夜:1961
          第199章 “爱喊妈妈？”:4036  第200章 番外大结局:4263

14:06:27  游戏女主的炮灰小豹崽 (苏里耶) [完结]  77p→89章  674KB  OK
          https://www.52shuku.net/gl/24_b/bkbxw.html
          第1章 穿越:3306  第2章 被拐:3268  第3章 洗豹:3480  第4章 女巫:3006  第5章 撞破:2614  第6章 出城:2641
          第7章 幻境:2267  第8章 危险:2170  第9章 战斗:2111  第10章 怪物:2305  第11章 蓟奇:2456  第12章 圣兽:2005
          第13章 神格:2188  第14章 启程:2066  第15章 可爱:1972  第16章 危险:1871  第17章 发现:1704  第18章 温情:2257
          第19章 麝牛:2300  第20章 雪崩:2208  第21章 壁画:2183  第22章 温暖:2258  第23章 妈妈:2201  第24章 化形:2261
          第25章 重逢:2185  第26章 秘密？:2068  第27章 过往:2173  第28章 身世:2141  第29章 愿意:3566  第30章 休息:3088
          第31章 锚点:3501  第32章 鱼群:3010  第33章 巨鱼:3294  第34章 突变:3118  第35章 海底:3242  第36章 探索:3046
          第37章 指引:3047  第38章 学习:3007  第39章 离开:3019  第40章 漩涡:3078  第41章 沉船:3137  第42章 蝰鱼:3003
          第43章 珍珠:3004  第44章 重伤:3016  第45章 柔情:3063  第46章 善意:3210  第47章 回家:3384  第48章 一起:3039
          第49章 沙海:3096  第50章 蝎子:2054  第51章 净化:1602  第52章 前行:3045  第53章 废墟:3044  第54章 神庙:3002
          第55章 天神:3208  第56章 人面:3016  第57章 相同:2051  第58章 容器:3055  第59章 切断:2045  第60章 阻止:3069
          第61章 渺小:2424  第62章 黄泉枝:2154  第63章 精灵:2119  第64章 暗河:2105  第65章 山洞:2002  第66章 蛆虫:1449
          第67章 落水:1466  第68章 芙安？:1654  第69章 骗局:1654  第70章 出口:1543  第71章 鬼树:1601  第72章 还原:1419
          第73章 山风:2005  第74章 黑萝铃:2078  第75章 高台:2030  第76章 错失:2041  第77章 收束:2556  第78章 消失:2039
          第79章 时机:2027  第80章 逃离:2065  第81章 归来:2338  第82章 伊尼:2624  第83章 法则:2447  第84章 失控:2543
          第85章 重聚:2061  第86章 三头龙:2025  第87章 重遇:2055  第88章 结束:4344  第89章 平静:3655

14:07:16  病美人师姐的导盲豹 (闻柑) [完结]  131p→98章  1139KB  OK
          https://www.52shuku.net/gl/24_b/bkbxv.html
          第1章 大补丹0%:3124  第2章 丹0%:3275  第3章 丹0%:3215  第4章 丹0%:3125  第5章 丹0%:3092  第6章 丹0%:3067
          第7章 丹0%:3089  第8章 丹0%:3131  第9章 丹0%:3140  第10章 丹0%:2481  第11章 丹0%:3187  第12章 丹0%:2072
          第13章 丹0%:2039  第14章 丹0%:2117  第15章 丹0%:2040  第16章 丹0%:3853  第17章 即将迈入丹30%大关:3044  第18章 丹30%:2195
          第19章 丹30%:2019  第20章 丹30%:2305  第21章 丹30%:3080  第22章 丹30%:2651  第23章 丹30%:10159  第24章 丹30%:5228
          第25章 丹30%:5137  第26章 丹30%:4307  第27章 丹30%:3185  第28章 丹30%:3123  第29章 丹30%:3067  第30章 丹30%:3231
          第31章 丹30%:3245  第32章 丹30%:3139  第33章 达成和平约定的丹40%:6182  第34章 丹40%:3073  第35章 丹40%:3241  第36章 丹40%:4170
          第37章 丹40%:3116  第38章 丹40%:3065  第39章 丹40%:3170  第40章 丹40%:3075  第41章 丹40%:3262  第42章 丹40%:3187
          第43章 丹40%:3286  第44章 丹40%:4100  第45章 丹40%:3020  第46章 丹40%:3667  第47章 丹40%:3215  第48章 丹100%:6471
          第49章 告白:7104  第50章 黏她:7082  第51章 醉酒:6707  第52章 副作用:3114  第53章 迷路:3137  第54章 加剧:3246
          第55章 调查:3317  第56章 大雪豹:6117  第57章 家暴:6626  第58章 砍一刀:6223  第59章 选一个:6128  第60章 烟花:6460
          第61章 听话:6578  第62章 花花:3214  第63章 小雪豹:3357  第64章 甜:6597  第65章 魔王:6266  第66章 诚实:6422
          第67章 情敌:6909  第68章 骚扰:3151  第69章 好感度:3560  第70章 长裙:3101  第71章 现代:3484  第72章 偷书:6134
          第73章 救:3133  第74章 单膝跪地:3110  第75章 生辰:3142  第76章 惩戒:3292  第77章 不玩了:3192  第78章 五十万:3320
          第79章 情敌对抗:3283  第80章 身死:3643  第81章 炉鼎:3149  第82章 夺舍:3673  第83章 相见:3667  第84章 暴:6160
          第85章 回宗门:3428  第86章 小发雷霆:4241  第87章 中秋:3194  第88章 第二次:3222  第89章 脱离（一）:1500  第90章 脱离:3133
          第91章 前夕:3056  第92章 表白:3489  第93章 神女:5621  第94章 来历:3294  第95章 缺爱:3126  第96章 等:3364
          第97章 殉情:3275  第98章 二选一（正文完结）:3472

14:09:34  阴鸷公主的妻奴驸马[穿越] (笔墨迹象) [完结]  372p→148章  3313KB  OK
          https://www.52shuku.net/gl/24_b/bkbxt.html
          第1章:3720  第2章:3243  第3章:3220  第4章:3425  第5章:3275  第6章:3357
          第7章:3413  第8章:3130  第9章:3295  第10章:3260  第11章:3545  第12章:3678
          第13章:3374  第14章:3684  第15章:3727  第16章:3977  第17章:3577  第18章:4320
          第19章:5408  第20章:5300  第21章:10368  第22章:8373  第23章:8424  第24章:8652
          第25章:8447  第26章:8412  第27章:8498  第28章:9512  第29章:8452  第30章:9408
          第31章:9402  第32章:8439  第33章:8448  第34章:8360  第35章:8466  第36章:8355
          第37章:8421  第38章:9621  第39章:9353  第40章:9393  第41章:9404  第42章:9499
          第43章:9431  第44章:9362  第45章:8376  第46章:8344  第47章:8394  第48章:8376
          第49章:9357  第50章:9368  第51章:9394  第52章:8365  第53章:7694  第54章:7580
          第55章:8450  第56章:10429  第57章:9370  第58章:10428  第59章:9840  第60章:8514
          第61章:8694  第62章:9410  第63章:9347  第64章:8372  第65章:8440  第66章:10376
          第67章:9452  第68章:9383  第69章:9393  第70章:9504  第71章:8859  第72章:7748
          第73章:8491  第74章:9488  第75章:8839  第76章:8422  第77章:8833  第78章:9445
          第79章:8896  第80章:9449  第81章:8603  第82章:9402  第83章:9469  第84章:8454
          第85章:9385  第86章:8904  第87章:9619  第88章:9488  第89章:8491  第90章:8456
          第91章:9384  第92章:8450  第93章:9404  第94章:9523  第95章:9367  第96章:8471
          第97章:8372  第98章:10408  第99章:8960  第100章:8767  第101章:9754  第102章:10436
          第103章:8427  第104章:8473  第105章:8542  第106章:8506  第107章:8429  第108章:8485
          第109章:8443  第110章:8979  第111章:7402  第112章:8756  第113章:10414  第114章:7973
          第115章:7817  第116章:7180  第117章:7607  第118章:5415  第119章:7378  第120章:7370
          第121章:7451  第122章:6333  第123章:7352  第124章:7474  第125章:7474  第126章:8378
          第127章:7479  第128章:7446  第129章:8626  第130章:4393  第131章:4531  第132章:3664
          第133章:4379  第134章:3592  第135章:4420  第136章:3654  第137章:3172  第138章:3287
          第139章:4404  第140章:4429  第141章:4382  第142章:4458  第143章:4667  第144章:3444
          第145章:3872  第146章:5444  第147章:5409  第148章:6735

14:10:12  伪装绿茶 (橘貓醉酒) [完结]  95p→74章  778KB  OK
          https://www.52shuku.net/gl/24_b/bkbxs.html
          第1章:4408  第2章:3661  第3章:3072  第4章:3260  第5章:3087  第6章:3631
          第7章:3301  第8章:4090  第9章:3237  第10章:3793  第11章:3436  第12章:3385
          第13章:3136  第14章:4076  第15章:4109  第16章:3372  第17章:3478  第18章:4117
          第19章:3138  第20章:3237  第21章:3278  第22章:3871  第23章:3169  第24章:3092
          第25章:3219  第26章:3052  第27章:3270  第28章:3518  第29章:3261  第30章:3092
          第31章:3131  第32章:3237  第33章:4441  第34章:3347  第35章:3234  第36章:3101
          第37章:3245  第38章:3639  第39章:3042  第40章:3274  第41章:3108  第42章:3135
          第43章:3090  第44章:3410  第45章:3473  第46章:3528  第47章:3339  第48章:3059
          第49章:5206  第50章:3182  第51章:3265  第52章:4070  第53章:4578  第54章:4014
          第55章:3678  第56章:3044  第57章:4847  第58章:3300  第59章:3388  第60章:3339
          第61章:3047  第62章:3417  第63章:3746  第64章:3644  第65章:3374  第66章:3336
          第67章:3487  第68章:4535  第69章:3410  第70章:3091  第71章:3458  第72章:2698
          第73章:3218  第74章:4135

14:12:35  准备退圈儿的我翻红了 (姜葱蒜) [完结]  365p→475章  3116KB  OK
          https://www.52shuku.net/gl/24_b/bkbxr.html
          第1章 秦薇:2083  第2章 做义工:1968  第3章 不要作死:2022  第4章 排场:2162  第5章 换房间:2148  第6章 录节目:2020
          第7章 劳动所得:2122  第8章 空降嘉宾:2080  第9章 室友:2048  第10章 勤劳致富:2251  第11章 危机:2119  第12章 不了了之:2002
          第13章 陈年旧事:2054  第14章 摇钱树:2252  第15章 计划有变:2037  第16章 采购:2003  第17章 温情路线:2114  第18章 作精:2004
          第19章 比赛:2061  第20章 排球少女:2042  第21章 大快人心:2011  第22章 回家在即:2097  第23章 尾声:2092  第24章 压力:1049
          第25章 我还有戏可拍么:1048  第26章 峰回路转:2046  第27章 初次见面:2210  第28章 队友:2044  第29章 规则:2088  第30章 报复:2086
          第31章 真相:2194  第32章 机场见:2044  第33章 语言障碍:2054  第34章 格局:2035  第35章 伦敦之旅:2292  第36章 穷游:2027
          第37章 完成任务:2064  第38章 你管账吧:2058  第39章 遇到麻烦:2145  第40章 又一个热搜:2056  第41章 贪图富贵，爱慕虚荣？:2034  第42章 残酷现实:2047
          第43章 罗马:2045  第44章 追逐:2043  第45章 刺客信条:2076  第46章 扰人清梦:2075  第47章 发光:2054  第48章 收入:2078
          第49章 大餐:2032  第50章 霸王餐:2012  第51章 最后一站:2032  第52章 一脸懵:2090  第53章 乌云后的光:2002  第54章 回国啦:2090
          第55章 小目标:2016  第56章 接机:2033  第57章 备注:2047  第58章 kk小剧场:2047  第59章 网暴素人:2074  第60章 新通告:2111
          第61章 采访:2241  第62章 名场面:2274  第63章 互动小专场:2074  第64章 圈粉很多:2094  第65章 徐铭川:2097  第66章 初心:2056
          第67章 女团:2178  第68章 自强不息:2064  第69章 初选:2108  第70章 不好的预感:2175  第71章 退赛:2556  第72章 你相信光吗？:2096
          第73章 阴阳师:2623  第74章 怒火:2270  第75章 初赛结果:2062  第76章 酒局:2076  第77章 姐也见过风浪:2216  第78章 去逆风扬帆吧:2273
          第79章 半封闭:2050  第80章 初遇:2092  第81章 进入状态:2021  第82章 F组:2044  第83章 加油吧练习生:2145  第84章 第一顿，火锅:2333
          第85章 女明星的自律:2270  第86章 帝都贝多芬:2020  第87章 视唱练耳:2223  第88章 舞蹈课:2022  第89章 一展身手:2070  第90章 练习生的一天:2266
          第91章 你能吃完？:2058  第92章 护短:2099  第93章 你们这是商务舱啊:2229  第94章 考核:2207  第95章 下辈子注意点儿:2094  第96章 七人小组:2171
          第97章 我品味怎么了？:2047  第98章 体能很重要:2131  第99章 直播新花样:2301  第100章 花:2263  第101章 赛前准备:2050  第102章 新同事入职:2173
          第103章 热闹夜晚:2279  第104章 同人文:2219  第105章 艺术家上线:2005  第106章 因祸得福:2069  第107章 兜风:2025  第108章 台下十年功:2017
          第109章 初舞台:2029  第110章 小组赛:2013  第111章 superlove:2021  第112章 点评:2008  第113章 现场业务能力:2024  第114章 我不怼记者，除非忍不住:2044
          第115章 问心无愧:2027  第116章 007:2076  第117章 了结:2021  第118章 出差:2037  第119章 主题乐园我们来啦:2153  第120章 追星的快乐:2195
          第121章 我觉得不行:2118  第122章 唯有埋头苦练:2283  第123章 很高兴和你再次合作:2049  第124章 表演课:2117  第125章 解决不完的问题:2086  第126章 觉得不行:2062
          第127章 红妆:2266  第128章 你尽力了:2093  第129章 送别:2067  第130章 二公结束:2159  第131章《Miss.R》:2190  第132章 甜宠文:2106
          第133章 著名编剧秦薇:2131  第134章 直播耍大牌:2079  第135章 伴随着你:2085  第136章 解约:2087  第137章 真正的队友:2130  第138章 抢歌词:2092
          第139章 第三次公演:2133  第140章 你姐秦薇，Rap star:2129  第141章 本期嘉宾:2093  第142章 开启新旅程:2167  第143章 秘密基地:2034  第144章 秦薇的休闲娱乐:2169
          第145章 从来没有:2207  第146章 远离城市:2214  第147章 花海:2209  第148章 灵感:2070  第149章 唱歌:2101  第150章 乡村生活:2158
          第151章 计划赶不上变化:2087  第152章 下雨了哦:2076  第153章 自然灾害:2076  第154章 漫漫长夜:2121  第155章 留下来也是村花:2082  第156章 隐藏cp粉:2496
          第157章 采风成果:2244  第158章 小组作品:2261  第159章 顺利结束:2205  第160章 形象大使拍宣传片:2210  第161章 回家休息:2123  第162章 我支持小祖宗开麦骂人:2135
          第163章 小绿茶:2407  第164章 你的小绿茶:2170  第165章 根本停不下来:2100  第166章 年轻人，作息也要规律:2243  第167章 后援会的礼物:2115  第168章 不知道结果的努力:2087
          第169章 不需要我Rap么？:2166  第170章 是导演拆的cp:2083  第171章 如果一切重来:2072  第172章 顶流归来:2100  第173章 有什么期待吗？:2220  第174章 吕鹅生日快乐:2113
          第175章 一份大礼:2088  第176章 唱一首歌:2072  第177章 准备礼物拆箱:2214  第178章 这事儿过不去了:2255  第179章 烦恼先放一边:2162  第180章 再生父母:2123
          第181章 开场录制:2059  第182章 神秘来信:2046  第183章 躲避追杀:2088  第184章 夜莺:2089  第185章 金汤银行:2120  第186章 地图:2106
          第187章 好难:2198  第188章 我也害怕:2185  第189章 收留:2109  第190章 秦薇闭嘴:2135  第191章 书屋:0  第191章 书屋:2095
          第192章 有用的信息:2167  第193章 邀请函:2063  第194章 卧底是谁:2115  第195章 徐总还是善良:2129  第196章 真有你的:2134  第197章 激动的心:2142
          第198章 好久不见:2113  第199章 等价交换:2112  第200章 回宿舍:2165  第201章 四公，经典才能永流传:2097  第202章 只对你有感觉:2210  第203章 这是你想要的么？:2189
          第204章 天选之女:2048  第205章 背后的支持:2282  第206章 宠鹅:2182  第207章 我有暑假啦:2052  第208章 开party:2190  第209章 厨艺很棒，但武艺也不差:2147
          第210章 你看月光多美，留下来陪我:2288  第211章 一周军训嘛，小事:2274  第212章 怎么又是倒一:2097  第213章 我为什么要卸妆？:3061  第214章 为什么有人采访我？:2480  第215章 干饭人心都凉了:2119
          第216章 你不满意？:2155  第217章 开营仪式:2165  第218章 我那么渺小，悲伤怎么那么大:3213  第219章 这不是八卦，这是关爱学员:2224  第220章 这是什么魔鬼训练？:2308  第221章 人生处处修罗场:2781
          第222章 卧槽卧槽卧槽:2396  第223章 生气，但又不生气:2362  第224章 加练也很轻松嘛:2312  第225章 请假两天，另有安排:2145  第226章 缺席:2456  第227章 你在毁她前程:2793
          第228章 乔老师抱歉，我，来晚了:2588  第229章 萤光之夜:2313  第230章 秦皇怒打宋门神:2602  第231章 我俩不是一个风格么？:2269  第232章 健康最重要:2394  第233章 甜甜是亲人:2257
          第234章 科技的力量:2037  第235章 孙导的小作文·1:2095  第236章 孙导的小作文·2:2116  第237章 孙导的小作文·3:2235  第238章 我要向她表白:2159  第239章 总裁的爱:2398
          第240章 你的表现很好:2148  第241章 管不了别人怎么说:2511  第242章 新朋友，也是队友:2419  第243章 站岗:2476  第244章 单手俯卧撑，你可以么？:2258  第245章 走啊，你家长接你回家:2260
          第246章 前后无所谓，但我必须在上面:2435  第247章 楼上那是姐夫嘛？:2313  第248章 小李的vlog:2265  第249章 混世魔王:2199  第250章 姐姐姐姐:2166  第251章 成年人的崩溃也在一瞬间:2421
          第252章 不是我想哭，是我控制不住:2190  第253章 开机仪式:2174  第254章 天热，容易上火:2469  第255章 吊威亚:2252  第256章 我的演技值得一碗排骨面:2178  第257章 夜戏:2441
          第258章 你有孩子了？:2339  第259章 探班:2414  第260章 退一步越想越气:2402  第261章 姚导的真心话:2405  第262章 哈 哈 哈 哈:2473  第263章 孙甜甜的愧疚:2307
          第264章 旷工:2208  第265章 你的男主，苏漾:2231  第266章 强扭的瓜:2167  第267章 失业:2320  第268章 一起玩:2221  第269章 啊这...是敌是友？:2277
          第270章 小绿茶也是小富婆:2193  第271章 现在抱沈咩咩的大腿来得及嘛？:2335  第272章 一家三口:2360  第273章 我是专业的:2267  第274章 别打扰我睡觉:2119  第275章 苏漾的秘密:2342
          第276章 我的底线是帮你守秘密:2394  第277章 打戏挺费命的:2275  第278章 专业演员:2191  第279章 入戏太深:2247  第280章 乔老师请吃麻辣烫你们信么:2402  第281章 如果换作她会怎么做:2227
          第282章 合同快到期:2229  第283章 失鹅复得:2257  第284章 存款清零？不，存款为负:2160  第285章 咩咩的关心:2336  第286章 沈青青哪里有三观啊:2211  第287章 遵纪守法:2244
          第288章 我们是小打小闹，这才是真的对家:2334  第289章 打人风波:2111  第290章 达成合作:2255  第291章 乔老师悠着点儿:2089  第292章 言出必行:2370  第293章 孙甜甜家:2246
          第294章 是的，鹅在小区里交到朋友了:2116  第295章 在这儿定居也挺好:2346  第296章 美好假期:2115  第297章 和皇帝陛下独处:2205  第298章 相互试探:2110  第299章 中年夫妻，相看两厌:2132
          第300章 救场:2197  第301章 震惊！乔思笑竟对苏漾做出这种事:2250  第302章 你要听实话么？:2253  第303章 酒醉的秦薇:2184  第304章 旧梦:2373  第305章 我要出去叛逆一下:2206
          第306章 大家都要顺利呀:2366  第307章 不能让你受委屈:2253  第308章 这里就是青青草原吧:2273  第309章 是心动啊（2022.新年快乐）:2305  第310章 骑马（2022，新年快乐）:2261  第311章 郭雩洋，out:2109
          第312章 优优的真名:2398  第313章 社死能抢救一下么？:2172  第314章 乔老师这人能处，有事她真上:2182  第315章 这顿饭是陷阱，没吃就对了:2177  第316章 陈年旧cp，也可以拿出来翻炒一下:2109  第317章“你干嘛追着我啊？”:2357
          第318章 这是什么追妻火葬场？:2286  第319章 初衷:2184  第320章 倒霉的妈妈给倒霉开门:2165  第321章 秦·影帝夫人·薇:2150  第322章 你们要的修罗场:2213  第323章 情侣的日常就是什么小事都能吵起来:2465
          第324章 崩塌:2131  第325章 还债吧你:2181  第326章 留观:2109  第327章 快点好起来去挣钱（加更感谢狗子给我漫画书）:2178  第328章 转院:2105  第329章 总要有人背锅:2199
          第330章 沈府贵客:2156  第331章 待业青年秦薇:2248  第332章 救援计划:2199  第333章 云堇业主:2089  第334章 就任性了怎么了:2236  第335章 怎么了？很奇怪么？:2167
          第336章 提前适应退圈儿生活:2101  第337章 快点开车，狗仔拆家:2090  第338章 理性消费快乐购物:2206  第339章 在商言商，你需要挣钱:2214  第340章 从没想过恋爱也是工作:2138  第341章 给你做饭是我的荣幸:2123
          第342章《吕鹅们的恋爱》:2172  第343章 我的未来规划里，有你:2264  第344章 畅销书:2180  第345章 见家长？:2168  第346章 男德典范，偶像苏漾带头内卷:2175  第347章 担当:2122
          第348章 哪有团队参加恋综的:2067  第349章 四个人的恋爱:2148  第350章 车神:2099  第351章 优质新男友:2120  第352章 体贴周到:2113  第353章 我想开车:2190
          第354章 共同的朋友:2388  第355章 明天过后，你还愿意和我继续么？:2259  第356章 理直气壮反黑（加更感谢二十六送我地质锤）:2291  第357章 你要相信，这世界有光:2162  第358章 我当然等到了我的光”:2213  第359章《吕鹅们的日常》:2165
          第360章 挑食不好，但也没办法:2221  第361章 我还有一个问题想问你，你先别睡好么？:2221  第362章 你睡了么睡了么睡了么？:2168  第363章 杀青了，开学了:2080  第364章 合同问题:2170  第365章 合作为了美好未来:2133
          第366章 回归校园生活:2298  第367章 失业的鹅，拯救无业的你:2136  第368章“她没家么？”:2301  第369章 怎么还有作业啊？:2169  第370章 高等的数学:2336  第371章 这才是退圈儿生活:2344
          第372章 未央cp，都给我嗑:2101  第373章 听君一席话，失眠一整晚（上）:2042  第374章 听君一席话，失眠一整晚（下）:2163  第375章 普通情侣的一天:2464  第376章 年度大爽剧:2418  第377章 一颗倔强的红豆:2461
          第378章 恭喜你，你当爸爸了:2180  第379章 一口没吃啊:2083  第380章 励志宝妈，半工半读还要带娃:2034  第381章 是你们学姐仗义:2269  第382章 你敢来么？:2196  第383章 闹矛盾:2282
          第384章 外婆粉:2138  第385章 一些问题:2163  第386章 原因:2238  第387章 终于要看到结果了:2185  第388章 不共戴天:2307  第389章 师生关系:2090
          第390章 你这是人设？:2162  第391章 试镜选角:2156  第392章 你们剧组不缺钱吧？:2158  第393章 试戏:2291  第394章 你这是邀请？:2151  第395章 一份小礼物:2124
          第396章 夜不归宿啊:2146  第397章 走红毯啦:2078  第398章 不和实锤:2100  第399章 坐在一起不吵个架实在有点浪费了吧:2200  第400章 恭喜你:2168  第401章 一定有什么利益考量:2356
          第402章 你脾气怎么变差了？:2080  第403章 冷汗:2322  第404章“当代网友脑回路和我们不太一样啊”:2149  第405章 公关大师乔女士:2247  第406章 豆荚子开分啦:2414  第407章 小秦的格局:2221
          第408章 在热搜榜买了房:2208  第409章 官宣:2227  第410章 居安:2199  第411章 小秦没特长，她只会蹦蹦跳跳:2397  第412章 过关小能手:2427  第413章 袁导选角，靠的是叛逆:2288
          第414章 和袁导约会:2293  第415章“什么都别想”:2193  第416章 官宣，是电影角色的官宣啊:2220  第417章 您这个作业强人所难了:2050  第418章 拍视频太快乐了:2360  第419章 距离完成作业就差九十九条短视频:2217
          第420章 广播剧:2413  第421章 剧本围读:2102  第422章 出行必备，居安:2160  第423章“天才这个词，就是对努力的否定”:2096  第424章“你哪里学来的坏毛病？”:2056  第425章 光环也是有电量的，消耗殆尽就不亮了哦:2082
          第426章 请保持这样的质量，即使慢一点:2079  第427章 聚餐:2183  第428章 二选一吧:2182  第429章 天降馅饼:2171  第430章“乔小姐，你喜欢么？我很喜欢。”:2210  第431章 谁爹:2276
          第432章《交锋》开机:2162  第433章 第一次演对手戏:2152  第434章 演戏要有信念感:2188  第435章 中看不中用:2116  第436章 有照片的实锤:2071  第437章 未央cp太适合演兄弟情啦:2098
          第438章 小朋友来探班啦:2292  第439章 调监控？好的:2162  第440章 这个真的很难么？:2165  第441章 为什么休假还要上班？:2047  第442章 鹅与孔雀:2054  第443章 客串电视剧:2041
          第444章 秦薇，言情剧之光:2090  第445章 cp粉头子什么？:2124  第446章 大大方方营业怎么了？:2189  第447章 想给你们看看日常:2185  第448章 最大赢家陈辛娅:2133  第449章 要拍剑舞啦:2056
          第450章 女明星片场打人，就摆烂了怎么着吧:2115  第451章 没有什么比放假更让人开心了:2063  第452章 劳逸结合，希望所有老板都能懂:2352  第453章 别讲了...我不感兴趣:2207  第454章 难怪片酬高，袁导的要求好多:2103  第455章 分歧:2072
          第456章 这个版本有点伤感:2018  第457章 生死较量:2095  第458章 热恋期:2082  第459章 赵愉的路还没走完:2075  第460章 袁导改剧本的时候偷懒了:2134  第461章 有些事，不是钱能解决的:2141
          第462章 杀青当天，好运连连，好耶:2126  第463章 海岛度假:2062  第464章 听话的孩子有饭吃:2100  第465章 弥补:2112  第466章 吃个鸡腿压压惊:2048  第467章 有用的一定不是鸡腿:2194
          第468章 想多了:2104  第469章 不用骗我，我认得他:2113  第470章 谎言:2194  第471章 跨年之夜1:2235  第472章 跨年之夜2:2087  第473章 不后悔嘛？:2248
          第474章 你手捧希望而来（完本）:2295

14:13:01  限定唱片 (桃叶渡春) [完结]  64p→59章  563KB  OK
          https://www.52shuku.net/gl/24_b/bkbxq.html
          第1章:3054  第2章:3059  第3章:3181  第4章:3237  第5章:3159  第6章:3061
          第7章:3047  第8章:3026  第9章:3090  第10章:3060  第11章:3058  第12章:3361
          第13章:3065  第14章:3072  第15章:3124  第16章:3122  第17章:3188  第18章:3144
          第19章:3055  第20章:3158  第21章:3008  第22章:3116  第23章:3278  第24章:3312
          第25章:3150  第26章:3309  第27章:3084  第28章:3143  第29章:3045  第30章:3092
          第31章:3043  第32章:3020  第33章:3111  第34章:3278  第35章:3229  第36章:3146
          第37章:3358  第38章:3220  第39章:3241  第40章:3353  第41章:3122  第42章:3050
          第43章:3098  第44章:3168  第45章:3299  第46章:3063  第47章:3052  第48章:3243
          第49章:3128  第50章:3167  第51章:3022  第52章:3288  第53章:3145  第54章:3129
          第55章:3164  第56章:3061  第57章:3141  第58章:3104  第59章:3175

14:13:39  死祭后被两个老婆缠上了 (尘风尧) [完结]  98p→91章  858KB  OK
          https://www.52shuku.net/gl/23_b/bkbwy.html
          第1章 生死门:3322  第2章 首遇:3084  第3章 天命体:2399  第4章 修仙路:2447  第5章 共梦:2777  第6章 金屋藏娇:2423
          第7章 区别对待:2875  第8章 问心:2275  第9章 试探:3087  第10章 庆典:3384  第11章 花车巡演:3100  第12章 未来:3098
          第13章 神明无人祭敬:3146  第14章 谎言下的告白:3080  第15章 劫人:3289  第16章 真相:3300  第17章 所谓大义:3282  第18章 天祭:3234
          第19章 鬼王:3208  第20章 生路:3122  第21章 复苏:3105  第22章 渡河:3079  第23章 小鸫西:3080  第24章 瘟病:3140
          第25章 入城:3115  第26章 母亲:3244  第27章 谈心:3130  第28章 关系:2585  第29章 谎言:3086  第30章 重逢:9037
          第31章 明争暗斗:3174  第32章 袭击:3058  第33章 情蛊:3257  第34章 师姐妹:3169  第35章 自相残杀:2243  第36章 报应:3244
          第37章 合作:3096  第38章 连接:3239  第39章 新目标:4010  第40章 窥天:3054  第41章 启程:3039  第42章 秘境:3075
          第43章 “幻境”:3105  第44章 众生莲:3120  第45章 计划:3063  第46章 交锋:3036  第47章 前进:3021  第48章 两面夹击:3096
          第49章 鬼王:3071  第50章 回城:3104  第51章 交涉:3085  第52章 二度:3212  第53章 袭击:3083  第54章 起始:3034
          第55章 束缚:3055  第56章 目标:3095  第57章 承诺:3035  第58章 尸骨:3070  第59章 决定:3030  第60章 断臂:3167
          第61章 坠落:3134  第62章 回家:3118  第63章 惩罚:3096  第64章 突破:3142  第65章 预兆:3049  第66章 跟踪:3052
          第67章 送上门:3065  第68章 禁区医师:3081  第69章 合作:3028  第70章 深入:3019  第71章 迷雾之中:3004  第72章 鬼门:3215
          第73章 混乱初始:2220  第74章 摆渡人:3085  第75章 众生:3024  第76章 规则:3156  第77章 天下宗:3032  第78章 造神:3083
          第79章 人间身:3036  第80章 死劫:3128  第81章 起源与终末（一）:3051  第82章 起源与终末（二）:3102  第83章 起源与终末（三）:3040  第84章 天路:3030
          第85章 前线:3094  第86章 夺权:3182  第87章 覆灭:3018  第88章 斩断:3059  第89章 奔向天路:3039  第90章 斩天:3011
          第91章 人间:3331

14:13:56  重生后和清冷师姐he了 (飞羽觞而醉月) [完结]  43p→39章  388KB  OK
          https://www.52shuku.net/gl/23_b/bkbwx.html
          第1章 衍天（一）:4357  第2章 衍天（二）:4718  第3章 衍天（三）:2861  第4章 衍天（四）:3022  第5章 衍天（五）:3470  第6章 衍天（六）:2821
          第7章 宗门大比（一）:3043  第8章 宗门大比（二）:3151  第9章 宗门大比（三）:3010  第10章 宗门大比（四）:3077  第11章 银月（一）:3159  第12章 银月（二）:3034
          第13章 银月（三）:3035  第14章 银月（四）:3033  第15章 瀚海（一）:3399  第16章 瀚海（二）:3087  第17章 瀚海（三）:4018  第18章 瀚海（四）:3173
          第19章 瀚海（五）:1553  第20章 回宗（一）:6029  第21章 回宗（二）:2951  第22章 蓬莱（一）:2946  第23章 蓬莱（二）:3517  第24章 蓬莱（三）:3104
          第25章 蓬莱（四）:3052  第26章 凡域（一）:3983  第27章 凡域（二）:3121  第28章 太初（一）:3198  第29章 太初（二）:3056  第30章 太初（三）:3525
          第31章 太初（四）:3032  第32章 太初（五）:3312  第33章 除魔（一）:3329  第34章 除魔（二）:3048  第35章 除魔（三）:3351  第36章 除魔（四）:3057
          第37章 终局（一）:3118  第38章 终局（二）:3028  第39章 终局（三）（正文完）:3298

14:14:30  她每晚入我梦中 (能至) [完结]  86p→73章  745KB  OK
          https://www.52shuku.net/gl/23_b/bkbww.html
          第1章:3644  第2章:3168  第3章:3561  第4章:3284  第5章:3618  第6章:3387
          第7章:3072  第8章:3178  第9章:3543  第10章:3423  第11章:3506  第12章:3079
          第13章:3308  第14章:3423  第15章:3593  第16章:3338  第17章:3446  第18章:3611
          第19章:3305  第20章:3676  第21章:3238  第22章:3158  第23章:3525  第24章:3573
          第25章:3505  第26章:3434  第27章:3080  第28章:3414  第29章:3602  第30章:3370
          第31章:3278  第32章:3104  第33章:3576  第34章:3397  第35章:3265  第36章:3335
          第37章:3657  第38章:3380  第39章:3253  第40章:3416  第41章:3299  第42章:3161
          第43章:3436  第44章:3277  第45章:3530  第46章:3256  第47章:3366  第48章:3365
          第49章:3206  第50章:3269  第51章:3387  第52章:3415  第53章:3368  第54章:3311
          第55章:3197  第56章:3073  第57章:3214  第58章:3353  第59章:3263  第60章:3479
          第61章:3458  第62章:3582  第63章:3322  第64章:3167  第65章:3276  第66章:3193
          第67章:3469  第68章:3366  第69章:3249  第70章:3308  第71章:3564  第72章:3236
          第73章:3380

14:15:24  大佬都想养我 (池忻) [完结+番外]  141p→99章  1078KB  OK
          https://www.52shuku.net/gl/23_b/bkbwv.html
          第1章:3201  第2章:3042  第3章:3936  第4章:3436  第5章:3063  第6章:3326
          第7章:3314  第8章:3098  第9章:3995  第10章:3138  第11章:2950  第12章:2611
          第13章:2403  第14章:2258  第15章:2204  第16章:3039  第17章:3243  第18章:3039
          第19章:3183  第20章:3036  第21章:9219  第22章:3225  第23章:3183  第24章:4209
          第25章:3170  第26章:3189  第27章:3269  第28章:3505  第29章:4577  第30章:3526
          第31章:3862  第32章:4178  第33章:3560  第34章:3118  第35章:4600  第36章:3207
          第37章:3086  第38章:3175  第39章:3170  第40章:4175  第41章:4203  第42章:3171
          第43章:3172  第44章:3172  第45章:3505  第46章:5662  第47章:3876  第48章:3251
          第49章:4240  第50章:3503  第51章:3241  第52章:4564  第53章:3844  第54章:4522
          第55章:4188  第56章:4524  第57章:3836  第58章:3502  第59章:3224  第60章:4629
          第61章:4208  第62章:3507  第63章:3191  第64章:4523  第65章:3217  第66章:4175
          第67章:3178  第68章:3170  第69章:3206  第70章:3067  第71章:3174  第72章:3179
          第73章:3171  第74章:3174  第75章:3221  第76章:4510  第77章:3169  第78章:3857
          第79章:3848  第80章:3511  第81章:4210  第82章:3171  第83章:4218  第84章:3173
          第85章:3669  第86章:3848  第87章:3178  第88章:3171  第89章:3221  第90章:3539
          第91章:3264  第92章:3174  第93章:3188  第94章:3171  第95章:3387  第96章:3248
          第97章:3264  第98章:3290  第99章:3897

14:15:49  纯情村姑狠狠钓 (一支朵朵香) [完结]  60p→81章  517KB  OK
          https://www.52shuku.net/gl/23_b/bkbwh.html
          第1章 回乡:3812  第2章 打湿:3169  第3章 搭讪:3188  第4章 理想型:2201  第5章 习惯:2442  第6章 火棘:2658
          第7章 遇仙弯:2215  第8章 杀猪:2078  第9章 退化:2098  第10章 摔了:2388  第11章 送你一只猪脚啊:2091  第12章 要吃我啊:2043
          第13章 技术:1442  第14章 为什么有那种眼神:1177  第15章 冰淇凌:3127  第16章 她可真大胆:1532  第17章 思想塑造:2853  第18章 睡觉:2139
          第19章 她能图你什么:2091  第20章 大胆自拍:2069  第21章 梦到:2101  第22章 见友忘友:2058  第23章 阿姨找你有事:2133  第24章 有副作用？:2046
          第25章 进城:2225  第26章 亲一下:2431  第27章 周千龄真奇怪:2019  第28章 打架:2030  第29章 皮实:2014  第30章 千龄:2280
          第31章 实验:2080  第32章 该不会喜欢女人吧:2075  第33章 坏种:2074  第34章 应该保持距离:2195  第35章 告白:2089  第36章 拜年:2179
          第37章 荒唐往事:2218  第38章 你们到底吃了多少辣椒！:2108  第39章 村公所私会:2189  第40章 被骗:2088  第41章 办卡:2145  第42章 书信传情:2076
          第43章 共尝禁果1(清):2242  第44章 共尝禁果2(清):6  第45章 共尝禁果3(清):2  第46章 共尝禁果4（清）:1  第47章 妹来揍爹:2101  第48章 大梦一场:2088
          第49章 回炎州？:1982  第50章 你们怎么了:1849  第51章 有点想你:2211  第52章 摊牌:2063  第53章 缠绵的芭蕾:2114  第54章 回城:2337
          第55章 只是喜欢女人:2193  第56章 邪恶女大:2168  第57章 朋友圈的暧昧:2568  第58章 妹来进城:2325  第59章 推车留下！:2098  第60章 深夜危机:2199
          第61章 相见:2345  第62章 还记得xxx吗？:2090  第63章 往事:1930  第64章 周老师:1680  第65章 妹来去哪儿了:2177  第66章 我喜欢你，千龄:2203
          第67章 威胁（清）:1342  第68章 你喜欢这样的？（清）:1442  第69章 同居:2131  第70章 都过去了:2100  第71章 “今天手累坏了吧”:2083  第72章 晚餐:2385
          第73章 蠢货:2124  第74章 “你不恨我吗？”:2187  第75章 不速之客:2185  第76章 识破:2454  第77章 不理解:1869  第78章 感冒:2095
          第79章 回校:2156  第80章 邪恶女高:2250  第81章 后续大纲:954

14:16:06  与落难大小姐重逢以后 (文南喵) [完结]  43p→37章  382KB  OK
          https://www.52shuku.net/gl/22_b/bkbvo.html
          第1章:2027  第2章:4114  第3章:3134  第4章:2994  第5章:3233  第6章:3245
          第7章:3205  第8章:3477  第9章:3255  第10章:3112  第11章:3006  第12章:3127
          第13章:3403  第14章:3363  第15章:3342  第16章:2718  第17章:3248  第18章:3275
          第19章:6626  第21章:4116  第22章:2891  第23章:2515  第24章:3099  第25章:3635
          第26章:3309  第27章:3439  第28章:3120  第29章:3276  第30章:3207  第31章:3025
          第32章:3313  第33章:3703  第34章:6429  第36章:3443  第37章:3513  第38章:3315
          第39章:3448

14:17:07  穿为恶龙后被圣女缠上了 (问西来意) [完结]  162p→120章  1516KB  OK
          https://www.52shuku.net/gl/21_b/bkbuw.html
          第1章:3066  第2章:3327  第3章:2973  第4章:3139  第5章:3071  第6章:3181
          第7章:3416  第8章:2808  第9章:3017  第10章:3324  第11章:2399  第12章:2764
          第13章:2464  第14章:2438  第15章:2334  第16章:2135  第17章:2560  第18章:2022
          第19章:2177  第20章:2250  第21章:2210  第22章:2271  第23章:2648  第24章:9759
          第25章:6488  第26章:6662  第27章:6363  第28章:6643  第29章:6450  第30章:6564
          第31章:6784  第32章:6544  第33章:6579  第34章:3353  第35章:3498  第36章:3388
          第37章:3398  第38章:3313  第39章:3356  第40章:3348  第41章:3329  第42章:3290
          第43章:3367  第44章:3486  第45章:3653  第46章:3710  第47章:3641  第48章:3828
          第49章:3564  第50章:3643  第51章:3795  第52章:3682  第53章:3323  第54章:4184
          第55章:3708  第56章:3645  第57章:3403  第58章:3362  第59章:3723  第60章:3460
          第61章:3373  第62章:3539  第63章:3485  第64章:3357  第65章:3358  第66章:3542
          第67章:3652  第68章:3266  第69章:3382  第70章:3326  第71章:3528  第72章:3405
          第73章:3371  第74章:3566  第75章:3512  第76章:3884  第77章:3490  第78章:3433
          第79章:3451  第80章:3608  第81章:3672  第82章:3885  第83章:3372  第84章:3658
          第85章:4193  第86章:3348  第87章:3331  第88章:3523  第89章:3369  第90章:3641
          第91章:3291  第92章:3314  第93章:3446  第94章:3465  第95章:3491  第96章:6358
          第97章:6651  第98章:6461  第99章:6564  第100章:6352  第101章:6484  第102章:6576
          第103章:6428  第104章:6451  第105章:4963  第106章:6130  第107章:3363  第108章:6358
          第109章:6414  第110章:6403  第111章:6630  第112章:6621  第113章:6620  第114章:6416
          第115章:6479  第116章:6546  第117章:6538  第118章:6668  第119章:6350  第120章:6333

14:17:49  当厨神遇上影后：甜宠百分百 (冬天吃羊肉) [完结]  111p→126章  1036KB  OK
          https://www.52shuku.net/gl/21_b/bkbuu.html
          第1章 灶火与镁光灯下的平行线:2715  第2章 错位的星辰与灶火:2030  第3章 清晨的碰撞与旧鞋风波:2198  第4章 苦涩的药香与意外的触碰:2815  第4章 （续）暖流与别扭的萌芽:4057  第5章 同塌而眠与清晨的烟火:4154
          第6章 衣柜里的“新衣”与心口的涟漪:3807  第7章 药膳灶火与兄长的目光:3257  第8章 “瑶光”初绽与芒果布丁的甜:2864  第9章 夜话与晨曦里的微光:2853  第10章 晨光里的涟漪与指尖的触碰:2146  第11章 心湖微澜与夜话的试探:2343
          第12章 雷雨夜的心跳与无声的暖巢:2672  第13章 暖巢之后与无声的默契:2188  第14章 无声的暖流与意外的“马甲”:2500  第15章 闺蜜驾到与心绪的涟漪:2463  第16章 毛球的征服与心动的余音:2959  第17章 喵星人的羁绊与心照不宣:2297
          第18章 毛茸茸的纽带与新晨的笨拙:2069  第19章 习惯的靠近与笔下微光:1599  第20章 家庭圆桌与无声的观察:3164  第21章 喵星人出道记与片场的心安:3634  第22章 星光的余韵与心照的靠近:3380  第23章 归家的长兄与萌动的星火:3174
          第24章 会议室的初遇与“星爪印”的星火:3765  第25章 配方里的硝烟与心尖的微澜:3977  第26章 火锅氤氲与心防微醺:2504  第27章 晨光里的窘迫与“星爪印”的暗礁:3438  第28章 暗流涌动与无声的依靠:2879  第29章 星光的余韵与新旅途的邀约:2815
          第30章 星爪印的锚点与新的启航:3335  第31章 星轨的暂歇与聚光灯的召唤:3154  第32章 烟火人间的初舞台:4530  第33章 聚光灯下的涟漪与韭菜饺子的回响:2628  第34章 童年记忆的滋味与改良版饺子的奇袭:4108  第35章 烟火气里的暗涌与糖霜下的微澜:2258
          第36章 喧嚣中的孤岛与糖霜下的风暴:3191  第37章 聚光灯下的成长与暗处的涟漪:3253  第38章 盛宴落幕与月圆之约:4105  第39章 月圆之后，前路迢迢:3629  第40章 风暴前夕:3182  第41章 无声的支撑与骤起的波澜:3558
          第42章 破局与新生:2790  第43章 双线并进:2541  第44章 跨越山海的连线:2584  第45章 突破与暗涌:2778  第46章 归途与萌芽:2022  第47章 归家与温存:3091
          第48章 沉淀与思量:4058  第49章 并肩的序曲:1560  第50章 璀璨的救赎:3198  第51章 归途与新生:1672  第52章 舆论涟漪与烟火日常:1315  第53章 慢火炖煮的时光:1493
          第54章 味蕾上的记忆与心尖的暖流:1713  第55章 家的味道与温暖的涟漪:1824  第56章 晨光里的新章:2112  第57章 尘埃落定与烟火蓝图:1929  第58章 冬日的暖阳与双生之约:2439  第59章 深潭微光与心扉初启:5395
          第60章 初雪无声与心之所向:2443  第61章 冬日暖阳与灶台烟火:1983  第62章 新居落成与心之所安:2378  第63章 灶火初燃与心香弥漫:3220  第64章 香气盈门与心弦微动:2854  第65章 星光下的烟火:2235
          第66章 心之所向:2973  第67章 暖意氤氲与指尖微颤:3054  第68章 晨光熹微与心照不宣:2226  第69章 直播间的涟漪与沉默的壁垒:2931  第70章 蜜意无声:1582  第71章 康乃馨的“敬意”与越界的指尖:2652
          第72章 心湖微澜:2628  第73章 心乱如麻与无声的注视:2008  第74章 无声的凉茶与心照不宣的晚餐:2341  第75章 不速之客与新年序曲:2974  第76章 醉眼朦胧与指尖的温度:2878  第77章 夜色微醺与心照不宣:2254
          第78章 归家的暖意:3280  第79章 苏家的团圆:3129  第80章 团圆饭与守岁惊雷:2504  第81章 真心话的惊雷:1807  第82章 新雪初霁:2559  第83章 林记的暖光:2672
          第84章 心照-告白:2878  第85章 晨曦微光与新年伊始:2540  第86章 雪人与烟花:2531  第87章 启程:2288  第88章 星城初日:2257  第89章 星城日常与异地温度:1837
          第90章 新挑战与醋意微澜:2350  第91章 探班风波与“家属”待遇:2599  第92章 醋意暗涌与舆论风波:2432  第93章 风波再起与特别的守护:2888  第94章 吃醋.失控:2984  第95章 新的挑战:2365
          第96章 无声的支持与全力以赴:2059  第97章 归程与休整:2082  第98章 战略部署与本能反应:2768  第99章 初入“楚门的世界”:2714  第100章 集体劳动与“意外”频发:2564  第101章 溪边的阳光与风铃的秘密:3561
          第102章 果园的微酸与蜜糖:3001  第103章 下雨日:2721  第104章 一日交换生:3725  第105章 生病:2707  第106章 病愈后的窘迫:3215  第107章 蜂糖危机与团队协奏曲:2838
          第108章 晨露与心绪:2508  第109章 暗室寻踪与心跳共振:3634  第110章 心愿:2526  第111章 庆功.导演坦白了:2627  第112章 猎影行动:3047  第113章 邀约:3341
          第114章 出发:1659  第115章 碧海初体验:3064  第116章 晨光、皮划艇与心跳的涟漪:2104  第117章 海风、味蕾与心照不宣的晨光:1869  第118章 惊雷:3398  第119章 晨光、环岛与心照不宣的日常:3151
          第120章 落日下的吻:1662  第121章 归途、侧影与涟漪初起:1758  第122章 官宣？:2216  第123章 日常、壁垒与未来的序章:1987  第124章 剪辑:2061  第125章 海屿为证，光阴为誓:2998

14:18:44  一个恋综怎么牛鬼蛇神这么多 (子晓时) [完结]  147p→205章  1291KB  OK
          https://www.52shuku.net/gl/21_b/bkbus.html
          第1章 让我噎死算了！:2557  第2章 大花苦茶子:2028  第3章 不瞒姐姐说，我命里缺1:2141  第4章 狗男女别想谈恋爱:2191  第5章 别怪我心狠手辣:2572  第6章 你个拉拉别太过分！:2160
          第7章 癫公癫婆play的一环:2311  第8章 向我证明你自己！:1965  第9章 小样，我还拿不下你？:2137  第10章 我对姐姐一见钟情了:2057  第11章 第一次约会:2033  第12章 皮燕子兜不住屎:2105
          第13章 嘤！:2032  第14章 姐姐，你想泡我姑奶奶？:2210  第15章 我是拉拉，不喜欢男人:2255  第16章 祝姚，我爱你:2259  第17章 陌生:1955  第18章 姐姐吃醋了:2116
          第19章 真有一见钟情？:2051  第20章 你的优越感有没有链接啊？:2146  第21章 考哥，别考了:2033  第22章 ＃楚玉竹 一拳超人＃:2069  第23章 你不想教训一下情敌？:2023  第24章 八仙过海，各显神通:2065
          第25章 阮娇绵觉醒了？:2212  第26章 练习接吻:2045  第27章 绝命超人CP:2061  第28章 男仆咖啡厅:2077  第29章 提供一个情报:2060  第30章 这可不行啊:2131
          第31章 不要喜欢直女！:2333  第32章 还能离咋滴，凑活过呗:2163  第33章 我对她没兴趣:2036  第34章 怎么那么坏呢:2128  第35章 她还得谢谢咱呢:2045  第36章 啧啧啧，没眼看！:2059
          第37章 怎一个惨字了得:2029  第38章 她喜欢楚玉竹:2061  第39章 约会圣地水族馆:2068  第40章 一日情人，明天见:2075  第41章 什么玩意儿？:1933  第42章 下凡历劫的原因:2051
          第43章 先度过此刻:2034  第44章 姐姐好听话啊:2019  第45章 要不要感受一下？:2052  第46章 睁着眼睛说瞎话:2104  第47章 我成多余的了:2103  第48章 算我倒霉吧:2077
          第49章 加油，楚小葵！:2040  第50章 天崩地裂的嘴:2116  第51章 楚玉竹就是这么追人的？:2040  第52章 再问就不礼貌了:2009  第53章 自己的老婆自己宠:2099  第54章 你别无理取闹:2078
          第55章 这人居然有脑子:2052  第56章 险中求胜:2029  第57章 好了，你听话点:2042  第58章 可以再过分一点:2025  第59章 我不喜欢你了:2042  第60章 死绿茶:2096
          第61章 吻住:2063  第62章 开个房吧:2027  第63章 做了:1898  第64章 不惜一切代价:2022  第65章 姐姐好爱我:2049  第66章 动容了吗？:2030
          第67章 大做特做！:2088  第68章 她只贪恋几天:2053  第69章 一起洗澡吧？:1930  第70章 度假岛:2021  第71章 神秘的仪式:2104  第72章 紧张刺激的团体活动:2040
          第73章 试胆大会:2061  第74章 心肝宝贝:2039  第75章 还好人没事:2078  第76章 坏了。玩脱了。:2025  第77章 我有个副业:2032  第78章 怎么把我女朋友追回来？:2016
          第79章 祝姚吃醋了:2013  第80章 谢谢你，蟑螂！:2017  第81章 如果你想，我可以陪你:2057  第82章 这就是祝姚的恋爱观:2035  第83章 综艺拍摄结束:2040  第84章 世界的bug？:2045
          第85章 自己作的孽自己还:2036  第86章 她巴不得呢:2038  第87章 完蛋了:2188  第88章 牺牲是有必要的:2047  第89章 那就是你前任？:2108  第90章 女同大联盟？？？:2021
          第91章 你们是来相亲的吗？:2039  第92章 分宿舍:2036  第93章 初评级结束:2017  第94章 金智伊与伊藤优:2025  第95章 果真是卧虎藏龙:2033  第96章 会不会心疼她？:2149
          第97章 要来探班？:2045  第98章 再遇祝姚:2060  第99章 给我一个解释:2028  第100章 我喜欢你:2008  第101章 女朋友:2012  第102章 第一次公演分组:2038
          第103章 一公舞台直播:2012  第104章 三天假期:2043  第105章 就好这一口:1982  第106章 回楚家一趟:2052  第107章 姐姐想要什么奖励？:2027  第108章 爽文女主一样的:2065
          第109章 再遇鞠颜:2069  第110章 我没同意分手，宝贝:2040  第111章 家家有本难念的经:2038  第112章 意外:2077  第113章 情绪失控:2104  第114章 别哭:2077
          第115章 你是我亲姐吗:2077  第116章 这么在乎我啊？:1966  第117章 金屋藏娇:2047  第118章 我已经没有家了:2034  第119章 我们是彼此的女朋友了:2028  第120章 心疼:2104
          第121章 姐们儿身体好着呢:2014  第122章 这是要阮娇绵的命啊:2026  第123章 亏你还是姐姐呢:2059  第124章 不重要的人:1979  第125章 戏中人:2026  第126章 路演:2068
          第127章 表白:2045  第128章 到底是什么来头？:2053  第129章 T.T.G.:2078  第130章 变态吧:2083  第131章 是她太喜欢楚玉竹了吗？:2126  第132章 注定无疾而终:2039
          第133章 当然是因为姐姐爱我了:2020  第134章 安装个定位好不好:2058  第135章 演都不演了:1970  第136章 和祝姚分手:2017  第137章 急死了:2032  第138章 被关禁闭:2008
          第139章 这么刺激，谁的瓜？:2095  第140章 和顾修瑾联姻？:2035  第141章 朋友一生一起走:2041  第142章 我等你回家:2022  第143章 结梁子:2053  第144章 累了，毁灭吧:2080
          第145章 我要开始背刺你了:2041  第146章 她怎么配呢:2038  第147章 真是疯了:2021  第148章 你在犯什么混？:2039  第149章 看她怎么收拾她:2066  第150章 跑什么，过来:2074
          第151章 不要试图逃跑:2077  第152章 哄人计划第一步:2111  第153章 真是油盐不进啊:1938  第154章 她要流泪了:2027  第155章 她会放楚玉竹自由的:2034  第156章 怎么玩都可以:2049
          第157章 一分一秒都不会离开:1962  第158章 没死成:2037  第159章 躺着要什么力气:2034  第160章 “我打算明天带你出门”:2050  第161章 以身饲虎:2055  第162章 怀疑的种子:2015
          第163章 你让我冷静一下:2100  第164章 正好破局:2032  第165章 难评:2020  第166章 生日宴:2097  第167章 我给你自由:2074  第168章 真是见鬼了:2046
          第169章 跟祝姚分手了吗？:2016  第170章 真让人费解:2019  第171章 我重新追你:2034  第172章 风水轮流转:2027  第173章 剧本杀:2059  第174章 鞠颜还是很在乎她的嘛:2088
          第175章 你是不是报班了？:2051  第176章 小猫咬尾巴:2066  第177章 第二次背刺:2031  第178章 我是真的很后悔:2018  第179章 这是她应该受的罪:2042  第180章 够刺激:2018
          第181章 我得了绝症:2018  第182章 有我在:2010  第183章 鬼母！:2070  第184章 我是你的追求者:2041  第185章 什么时候办婚礼？:2058  第186章 你们没老婆是吧？:2071
          第187章 这么容易满足？（正文完）:2010  第1章 颜绵:她是我的未来（1）:2050  第2章 颜绵:她是我的未来（2）:2007  第3章 颜绵:她是我的未来（3）:2005  第4章 颜绵:她是我的未来（4）:2108  第5章 颜绵:她是我的未来（5）:2002
          第6章 颜绵:她是我的未来（6）:2024  第7章 颜绵:她是我的未来（7）:2124  第8章 颜绵:她是我的未来（8）:2118  第9章 颜绵:她是我的未来（9）:2225  第1章 柳苏：死性不改（1）:2157  第2章 柳苏：死性不改（2）:2007
          第3章 柳苏：死性不改（3）:2092  第1章 肖柳：灰姑娘与二小姐:2130  第1章 天界：不羡鸳鸯不羡仙（1）:2041  第2章 天界：不羡鸳鸯不羡仙（2）:2008  第3章 天界：不羡鸳鸯不羡仙（3）:2009  第4章 天界：不羡鸳鸯不羡仙（4）:2047
          第0章 后记:1110

14:19:20  吸引力法则 (木随风) [完结]  94p→94章  841KB  OK
          https://www.52shuku.net/gl/20_b/bkbug.html
          第1章:1760  第2章:3102  第3章:2532  第4章:2832  第5章:2761  第6章:2559
          第7章:2824  第8章:2644  第9章:3000  第10章:3250  第11章:2605  第12章:2572
          第13章:2316  第14章:3135  第15章:3179  第16章:3381  第17章:3380  第18章:2835
          第19章:3271  第20章:3206  第21章:2982  第22章:2855  第23章:2470  第24章:3784
          第25章:3099  第26章:2892  第27章:2336  第28章:3523  第29章:2207  第30章:2875
          第31章:2437  第32章:2779  第33章:3101  第34章:3027  第35章:2872  第36章:3233
          第37章:3093  第38章:2668  第39章:3065  第40章:2666  第41章:2839  第42章:2966
          第43章:2611  第44章:3295  第45章:3017  第46章:3024  第47章:2979  第48章:3014
          第49章:2861  第50章:3289  第51章:2746  第52章:2720  第53章:3149  第54章:2985
          第55章:3109  第56章:3000  第57章:3018  第58章:2847  第59章:3064  第60章:2905
          第61章:2995  第62章:2894  第63章:3073  第64章:3429  第65章:3174  第66章:2865
          第67章:3011  第68章:3060  第69章:3105  第70章:2913  第71章:3187  第72章:3261
          第73章:2961  第74章:3161  第75章:3071  第76章:3124  第77章:3060  第78章:2858
          第79章:3168  第80章:3254  第81章:3162  第82章:3022  第83章:3063  第84章:2863
          第85章:3635  第86章:3002  第87章:3070  第88章:3156  第89章:3157  第90章:3022
          第91章:2908  第92章:3119  第93章:2823  第94章:3106

14:19:46  腹黑青梅总对我心怀不轨 (木子光) [完结]  66p→63章  562KB  OK
          https://www.52shuku.net/gl/19_b/bkbsS.html
          第1章:3304  第2章:2803  第3章:3545  第4章:3158  第5章:2702  第6章:3040
          第7章:3081  第8章:2499  第9章:2024  第10章:4263  第11章:3164  第12章:2304
          第13章:2024  第14章:2031  第15章:2149  第16章:1825  第17章:1778  第18章:3592
          第19章:3835  第20章:1864  第21章:1891  第22章:1646  第23章:1775  第24章:1629
          第25章:2160  第26章:9250  第27章:3387  第28章:3213  第29章:3839  第30章:3231
          第31章:3251  第32章:3168  第33章:3021  第34章:3010  第35章:3005  第36章:3022
          第37章:3034  第38章:3000  第39章:2549  第40章:2666  第41章:3017  第42章:2210
          第43章:3185  第44章:3002  第45章:3174  第46章:3009  第47章:3001  第48章:3001
          第49章:3026  第50章:3078  第51章:3013  第52章:3085  第53章:3010  第54章:3019
          第55章:3011  第56章:3099  第57章:3065  第58章:2885  第59章:3284  第60章:2849
          第61章:2595  第62章:2757  第63章:2593

14:20:46  抱抱我的秦总监 (湮秋) [完结]  160p→98章  1422KB  OK
          https://www.52shuku.net/gl/19_b/bkbsR.html
          第1章 惊觉（一）:5556  第2章 惊觉（二）:5920  第3章 惊觉（三）:11674  第4章 朝圣（一）:7682  第5章 朝圣（二）:3617  第6章 朝圣（三）:8773
          第7章 朝圣（四）:3615  第8章 朝圣（五）:6543  第9章 朝圣（六）:4603  第10章 朝圣（七）:4783  第11章 朝圣（八）:8279  第12章 燃点（一）:9875
          第13章 燃点（二）:6985  第14章 燃点（三）:6224  第15章 燃点（四）:4032  第16章 燃点（五）:5252  第17章 燃点（六）:3836  第18章 燃点（七）:5978
          第19章 燃点（八）:8821  第20章 声调（一）:4018  第21章 声调（二）:6839  第22章 声调（三）:6435  第23章 声调（四）:4137  第24章 声调（五）:4141
          第25章 声调（六）:7904  第26章 声调（七）:3561  第27章 声调（八）:7345  第28章 声调（九）:4761  第29章 惯性（一）:3718  第30章 惯性（二）:4093
          第31章 惯性（三）:3149  第32章 惯性（四）[并肩走着:4268  第33章 肿痛（一）:3674  第34章 肿痛（二）:6032  第35章 肿痛（三）:6052  第36章 肿痛（四）:6062
          第37章 肿痛（五）:3286  第38章 肿痛（六）:5064  第39章 端倪（一）:3625  第40章 端倪（二）:6392  第41章 端倪（三）:3620  第42章 端倪（四）:6011
          第43章 端倪（五）:3279  第44章 端倪（六）:3742  第45章 端倪（七）:3287  第46章 端倪（八）:3012  第47章 端倪（九）:5273  第48章 失吻（一）:3894
          第49章 失吻（二）:3282  第50章 失吻（三）:4116  第51章 失吻（四）:6179  第52章 失吻（五）:3345  第53章 失吻（六）:3043  第54章 失吻（七）:3192
          第55章 失吻（八）:3313  第56章 失吻（九）:4326  第57章 失吻（十）:4235  第58章 失吻（十一）:6425  第59章 焦点（一）:3384  第60章 焦点（二）:3494
          第61章 焦点（三）:6416  第62章 焦点（四）:5031  第63章 焦点（五）:4344  第64章 焦点（六）:3924  第65章 焦点（七）:3778  第66章 焦点（八）:4197
          第67章 焦点（九）:5072  第68章 裂缝（一）:5470  第69章 裂缝（二）:3389  第70章 裂缝（三）:3168  第71章 裂缝（四）:5074  第72章 裂缝（五）:6569
          第73章 裂缝（六）:3722  第74章 裂缝（七）:6157  第75章 裂缝（八）:6548  第76章 剖心（一）:4157  第77章 剖心（二）:3072  第78章 剖心（三）:4099
          第79章 剖心（四）:6398  第80章 剖心（五）:3258  第81章 剖心（六）:4637  第82章 剖心（七）:8204  第83章 剖心（八）:3041  第84章 剖心（九）:4117
          第85章 剖心（十）:3215  第86章 剖心（十一）:2759  第87章 剖心（十二）:3314  第88章 虹吸（一）:4832  第89章 虹吸（二）:4199  第90章 虹吸（三）:3194
          第91章 虹吸（四）:3821  第92章 虹吸（五）:3090  第93章 虹吸（六）:5279  第94章 虹吸（七）:3165  第95章 虹吸（八）:3145  第96章 虹吸（九）:4792
          第97章 坦途（一）:6487  第98章 坦途（二）:2402

14:21:57  废物赘A的病娇娘子 (不赊月) [完结]  194p→146章  1752KB  OK
          https://www.52shuku.net/gl/19_b/bkbsQ.html
          第1章 床上醒来:3283  第2章 要她入赘:3234  第3章 谭府一日:3183  第4章 床上打架:3410  第5章 盲盒系统:3209  第6章 独家秘药:3615
          第7章 一片凌乱:3737  第8章 我等不了:3601  第9章 弹幕炸了:3293  第10章 你我和离:3948  第11章 腰间红痕:3155  第12章 兑换金币:3280
          第13章 软饭真香:3523  第14章 凭空消失:3249  第15章 江宴被抓:2143  第16章 夜探大牢:2021  第17章 那你吻我:3429  第18章 卸磨杀驴:3231
          第19章 狡兔三窟:2668  第20章 我们参加:3386  第21章 修罗场下:3494  第22章 被抄家了:2696  第23章 流放北地:9291  第24章 流放之路:6761
          第25章 各显神通:7190  第26章 山洞避雨:6369  第27章 照顾病号:5478  第28章 流放日常:5723  第29章 苦中作乐:5487  第30章 突发状况:5363
          第31章 意外收获:5510  第32章 下水救人:5708  第33章 夜遇狼群:5257  第34章 赶路日常:5734  第35章 借点信素:5618  第36章 小心暧昧:5465
          第37章 突发暴雪:5173  第38章 关于棉衣:4346  第39章 冬日事忙:6424  第40章 日常亲亲“亲坏了？”:5689  第41章 马贼来了:5677  第42章 有新车了:4459
          第43章 有人惦记:4488  第44章 麻烦来了:5488  第45章 班头死了:5289  第46章 吃兔子肉:3279  第47章 被发现了:2251  第48章 没事找事“叫她姐姐？”:5237
          第49章 冬季日常:5212  第50章 摸鱼日常:3173  第51章 吃鱼日常:3343  第52章 突发事件:3357  第53章 要哭坏了:2325  第54章 惊险过河:3188
          第55章 弹尽粮绝:6240  第56章 是地瓜粉:5291  第57章 抵达北地:4186  第58章 一触即发:5211  第59章 打起来了:2270  第60章 北地一日:5358
          第61章 北地二日:5233  第62章 北地三日:5198  第63章 北地四日:3204  第64章 北地五日:2438  第65章 北地六日:3341  第66章 北地七日:3251
          第67章 北地八日:4220  第68章 北地九日:5239  第69章 北地十日:4276  第70章 北地十一:5192  第71章 北地十二:3274  第72章 北地十三:4264
          第73章 北地十四:3424  第74章 北地十五:4210  第75章 北地十六:4305  第76章 北地十七:5177  第77章 北地十八:4252  第78章 北地十九:5220
          第79章 北地二十:5629  第80章 北地二一:4251  第81章 北地二二:3272  第82章 北地二三:4770  第83章 北地二四:5201  第84章 北地二五:3263
          第85章 北地二六:4215  第86章 北地二七:4246  第87章 北地二八:5257  第88章 北地二九:4236  第89章 北地三十:4246  第90章 北地三一:3255
          第91章 北地三二:4191  第92章 北地三三:3302  第93章 北地三四:3222  第94章 北地三五:4292  第95章 北地三六:3187  第96章 北地三七:4323
          第97章 北地三八:3332  第98章 北地三九:4188  第99章 北地四十:3376  第100章 北地四一:3280  第101章 北地四二:3201  第102章 北地四三:3365
          第103章 北地四四:3397  第104章 北地四五:1907  第105章 北地四六:3373  第106章 北地四七:4305  第107章 北地四八:3325  第108章 北地四九:3504
          第109章 北地五十:5465  第110章 北地五一:3761  第111章 北地五二:4212  第112章 北地五三:3367  第113章 北地五四:3272  第114章 北地五五:3240
          第115章 北地五六:2410  第116章 北地五七:3426  第117章 北地五八:3310  第118章 北地五九:3254  第119章 北地六十:3322  第120章 北地六一:3513
          第121章 北地六二:5218  第122章 北地六三:2661  第123章 北地六.四:4460  第124章 北地六五:3223  第125章 北地六六:2197  第126章 北地六七:3272
          第127章 北地六八:3299  第128章 北地六九:3197  第129章 北地七十:2407  第130章 北地七一:5584  第131章 北地七二:4220  第132章 北地七三:3243
          第133章 北地七四:3351  第134章 北地七五:3213  第135章 北地七六:29  第136章 北地七七:5198  第137章 北地七八:3235  第138章 北地七九:4357
          第139章 北地八十:3241  第140章 北地八一:2221  第141章 北地八二:2579  第142章 北地八三:3335  第143章 北地八四:3191  第144章 北地八五:3286
          第145章 北地八六:3361  第146章 北地八七:3318

14:24:15  成为合欢宗妖女的短命灵宠 (乱曲) [完结]  291p→139章  2597KB  OK
          https://www.52shuku.net/gl/19_b/bkbsP.html
          第001章 穿成猫:2967  第002章 就地落户:3019  第003章 不许上床:2994  第004章 宗主:3358  第005章 小妖精:2558  第006章 金元宝:2980
          第007章 小土包子:2958  第008章 小仙兽:2906  第009章 出气:3190  第010章 娇气:3112  第011章 药王谷:2618  第012章 想吃鱼:2669
          第013章 猫猫头:2893  第014章 碧罗果:2319  第015章 姑姑:2462  第016章 真贤惠:2443  第017章 吓哭:2173  第018章 夜不归宿:2396
          第019章 勾引:2379  第020章 坐骑:2369  第021章 往事:2244  第022章 洗澡:3405  第023章 妖女:9350  第024章 逛街:6756
          第025章 月老庙:6856  第026章 色相:7244  第027章 仙剑宗:6746  第028章 半夜做贼:7002  第029章 打架:6556  第030章 乌龙:6852
          第031章 哄猫:6703  第032章 修炼:6587  第033章 共浴:6913  第034章 小鞋子:6463  第035章 说话（已修）:6800  第036章 拐人:7535
          第037章 主人:6481  第038章 误会:6485  第039章 挫败:6900  第040章 坏女人:7429  第041章 春日躁动:8198  第042章 出关:6536
          第043章 双修:6915  第044章 离开:8227  第045章 找猫:7597  第046章 拜师:6727  第047章 寻猫启事:6455  第048章 历劫:6726
          第049章 六品丹药:7539  第050章 化形:7306  第051章 相遇:6784  第052章 姐姐:6787  第053章 小跟班:6772  第054章 爱生气:7105
          第055章 醉酒:6743  第056章 发热:6582  第057章 过分:6562  第058章 西岭城:6752  第059章 姬崽:6490  第060章 美人姐姐（深水加更）:3392
          第061章 合作:6419  第062章 误会解除:6614  第063章 抱紧我（深水加更）:7890  第064章 宝贝:8148  第065章 进入坟场:5992  第066章 卖萌（深水加更）:8463
          第067章 双修？:7516  第068章 狭路相逢:7874  第069章 开窍:7870  第070章 我帮你:7432  第071章 谈心:6413  第072章 三鬼齐聚:7871
          第073章 下不了床:5875  第074章 前辈的指导:6469  第075章 掉马:6460  第076章 算账:7049  第077章 灵契:7011  第078章 认主（含深水加更）:7607
          第079章 表白:7627  第080章 答案:6533  第081章 出坟场:8608  第082章 翻旧账:7478  第083章 灭门:6507  第084章 欢喜她:6881
          第085章 记账:7498  第086章 真双修:7203  第087章 交心:6721  第088章 药王谷:8102  第089章 周国（已修）:6815  第090章 是道侣:6556
          第091章 奖励:6822  第092章 记性:7818  第093章 伤感情（已修）:6653  第094章 天道（已修）:6362  第095章 百花宗:6585  第096章 打劫:9932
          第097章 练字:6435  第098章 讲理（师尊组戏份多）:6451  第099章 千机阁:4795  第100章 画剑:6153  第101章 最初（已修）:7090  第102章 漂亮姐姐:6471
          第103章 一场美梦:6704  第104章 破阵:8025  第105章 贵人:6754  第106章 换心:6946  第107章 清虫计划（已修）:7197  第108章 诛魔（已修）:10690
          第109章 正文完结:6837  第110章  又想娶，又犯懒。:6178  第111章  婚后生活:6594  第112章  “我喜欢你与我开玩笑”:6860  第113章  她想保护琼音:6170  第114章  两情若是久长时……:6272
          第115章  人只有活着，才能追求自己想要的。:6168  第116章  美玉琼音:7277  第117章  “你是笨蛋吗？”:6502  第118章  绮玉她……好似有些误会了:7506  第119章  “阿音……我不会……”:6561  第120章  “绮玉，你好乖”:6169
          第121章  她想要琼音，也是最想要的:6541  第122章  大婚之日:6027  第123章  变态师徒组合:6197  第124章  “我会后空翻，你要看吗？”:6510  第125章  可惜了这张脸，没人一亲芳泽。:6186  第126章  “可以借用一下你的手吗？”:6167
          第127章  小木头的本质依旧是木头。:6647  第128章  “我现在寿数才一千”:6184  第129章  变了，也没变。:6223  第130章  你是我的天降小宝呀！:6216  第131章  你会被别的姨ee们亲死的！:6191  第132章  她怀疑……自家猫是人！:6177
          第133章  烧猫！:6291  第134章  “正宫的位置永远都是你的！”:6307  第135章  她不接受任何人入侵这片领地！:6174  第136章  “你什么时候学会踩奶了？”:6544  第137章  小宝能化人了？:6517  第138章  “以后你就是我的道侣了”:6687
          第139章  一切，又重新开始了。:6281

14:25:15  假死后，冰山前妻疯执了 (小飞象来喽) [完结+番外]  152p→104章  1252KB  OK
          https://www.52shuku.net/gl/19_b/bkbsO.html
          第1章 玩偶（修）:3637  第2章 避嫌（修）:3398  第3章 灯红:3326  第4章 酒绿:3359  第5章 微醺:3550  第6章 咬痕:2924
          第7章 南墙:3737  第8章 后事:3070  第9章 月相（修）:2910  第10章 锚点:2172  第11章 受伤:3024  第12章 晚宴:3225
          第13章 恩怨:3097  第14章 算计:2072  第15章 往事:2337  第16章 旧账:2109  第17章 征兆:2157  第18章 闹事:3102
          第19章 协议:3167  第20章 告别:1979  第21章:2813  第22章:3240  第23章:3534  第24章:3271
          第25章:4286  第26章:8209  第27章:6256  第28章:4384  第29章:6325  第30章:3287
          第31章:4961  第32章:5609  第33章:4229  第34章:8857  第35章:3565  第36章:3382
          第37章:4617  第38章:4900  第39章:3319  第40章:3487  第41章:3908  第42章:3655
          第43章:4593  第44章:3592  第45章:3353  第46章:4213  第47章:2972  第48章:3569
          第49章:3303  第50章:3286  第51章:3209  第52章:3556  第53章:3692  第54章:3606
          第55章:3639  第56章:4361  第57章:3682  第58章:4259  第59章:3943  第60章:3880
          第61章:4226  第62章:3613  第63章:3606  第64章:3665  第65章:4250  第66章:3275
          第67章:3884  第68章:3663  第69章:4261  第70章:4220  第71章 （修）:5243  第72章:3738
          第73章:4333  第74章:4052  第75章:4684  第76章:4642  第77章:5626  第78章:4455
          第79章:4273  第80章:4326  第81章:3678  第82章:3605  第83章:4390  第84章:3788
          第85章:4552  第86章:3589  第87章:4356  第88章:4339  第89章:4685  第90章:3561
          第91章:5249  第92章:4317  第93章:4993  第94章:4853  第95章:6305  第96章:5389
          第97章:3640  第98章:3867  第99章:3347  第100章:3667  第101章:3158  第102章:6876
          第103章 除夕（上）:2778  第104章 除夕（下）:5317

14:25:56  离婚律师很难撩 (板栗红烧肉) [完结]  111p→99章  1019KB  OK
          https://www.52shuku.net/gl/19_b/bkbsN.html
          第1章:3664  第2章:3246  第3章:3232  第4章:3140  第5章:3071  第6章:3144
          第7章:3112  第8章:3142  第9章:3137  第10章:3025  第11章:3070  第12章:3047
          第13章:3054  第14章:3180  第15章:3075  第16章:3027  第17章:3085  第18章:3182
          第19章:3128  第20章:3077  第21章:3089  第22章:3208  第23章:3073  第24章:3197
          第25章:3105  第26章:2356  第27章:2145  第28章:2374  第29章:1853  第30章:2000
          第31章:1795  第32章:2421  第33章:3079  第34章:2781  第35章:2757  第36章:3132
          第37章:2197  第38章:1862  第39章:3034  第40章:3040  第41章:3945  第42章:6113
          第43章:6377  第44章:3066  第45章:3360  第46章:5229  第47章:3135  第48章:6937
          第49章:3073  第50章:4266  第51章:4927  第52章:5026  第53章:6140  第54章:4603
          第55章:3110  第56章:3381  第57章:3371  第58章:3480  第59章:5090  第60章:2208
          第61章:1371  第62章:2026  第63章:5090  第64章:4048  第65章:3358  第66章:3990
          第67章:3621  第68章:3793  第69章:3136  第70章:2180  第71章:5048  第72章:3056
          第73章:3596  第74章:2443  第75章:4575  第76章:4032  第77章:3435  第78章:4589
          第79章:3830  第80章:2334  第81章:3276  第82章:3457  第83章:2475  第84章:4112
          第85章:3315  第86章:4511  第87章:3701  第88章:4110  第89章:4065  第90章:3160
          第91章:3858  第92章:3314  第93章:3463  第94章:3737  第95章:3408  第96章:3677
          第97章:3461  第98章:3870  第99章:4754

14:26:31  合租到钓系前女友后 (暗灯) [完结]  89p→56章  754KB  OK
          https://www.52shuku.net/gl/19_b/bkbsM.html
          第1章 第一个夏天:3217  第2章 第二个夏天:3346  第3章 第三个夏天:4363  第4章 第四个夏天:3385  第5章 第五个夏天:3566  第6章 第六个夏天:3399
          第7章 第七个夏天:3376  第8章 第八个夏天:2889  第9章 第九个夏天:3332  第10章 第十个夏天:3390  第11章 第十一个夏天:3123  第12章 第十二个夏天:6086
          第13章 第十三个夏天:2659  第14章 第十四个夏天:3397  第15章 第十五个夏天:4071  第16章 第十六个夏天:4126  第17章 第十七个夏天:3700  第18章 第十八个夏天:11119
          第19章 第十九个夏天:5192  第20章 第二十个夏天:3566  第21章 第21个夏天:6128  第22章 第22个夏天:4177  第23章 第23个夏天:4612  第24章 第24个夏天:4380
          第25章 第25个夏天:4449  第26章 第26个夏天:4503  第27章 第二十七个夏天:5748  第28章 第二十八个夏天:6045  第29章 第二十九个夏天:6509  第30章 第三十个夏天:6119
          第31章 第三十一个夏天:5489  第32章 第三十二个夏天:6101  第33章 第三十三个夏天:6058  第34章 第三十四个夏天:3612  第35章 第三十五个夏天:4431  第36章 第三十六个夏天:5400
          第37章 第三十七个夏天:3302  第38章 第三十八个夏天:5144  第39章 第三十九个夏天:3326  第40章 第四十个夏天:7565  第41章 第四十一个夏天:3777  第42章 第四十二个夏天:7701
          第43章 第四十三个夏天:3431  第44章 第四十四个夏天:3682  第45章 第四十五个夏天:3539  第46章 第四十六个夏天:3728  第47章 第四十七个夏天:3634  第48章 第四十八个夏天:5115
          第49章 第四十九个夏天:3116  第50章 第五十个夏天:4790  第51章 第五十一个夏天:6306  第52章 第五十二个夏天:2578  第53章 第五十三个夏天:4373  第54章 第五十四个夏天:4262
          第55章 第五十五个夏天:3282  第56章 第五十六个夏天:3265

14:27:33  反派她总想诱服我 (七千折戏) [完结]  169p→134章  1477KB  OK
          https://www.52shuku.net/gl/19_b/bkbsL.html
          第1章:4779  第2章:3067  第3章:3386  第4章:3105  第5章:3491  第6章:3184
          第7章:3044  第8章:3178  第9章:2256  第10章:2826  第11章:2530  第12章:2790
          第13章:3699  第14章:3571  第15章:3471  第16章:2794  第17章:2430  第18章:3342
          第19章:2746  第20章:2582  第21章:2853  第22章:2456  第23章:8365  第24章:3221
          第25章:3186  第26章:3697  第27章:2561  第28章:3287  第29章:3094  第30章:5130
          第31章:3456  第32章:3308  第33章:3209  第34章:4581  第35章:4150  第36章:4292
          第37章:3637  第38章:3469  第39章:3323  第40章:3442  第41章:3481  第42章:4588
          第43章:4193  第44章:3522  第45章:3221  第46章:5497  第47章:3640  第48章:3654
          第49章:3354  第50章:3071  第51章:3205  第52章:3626  第53章:4942  第54章:3205
          第55章:3665  第56章:2686  第57章:5154  第58章:4698  第59章:4440  第60章:3200
          第61章:3140  第62章:3393  第63章:6338  第64章:3321  第65章:3955  第66章:4812
          第67章:3435  第68章:3667  第69章:3709  第70章:3734  第71章:3319  第72章:2939
          第73章:3305  第74章:4084  第75章:3371  第76章:4260  第77章:4145  第78章:3777
          第79章:3494  第80章:3592  第81章:3388  第82章:3473  第83章:4145  第84章:6037
          第85章:3451  第86章:5778  第87章:4865  第88章:3357  第89章:4327  第90章:6214
          第91章:3010  第92章:3083  第93章:4248  第94章:3114  第95章:3456  第96章:3507
          第97章:3163  第98章:3434  第99章:3917  第100章:3333  第101章:3151  第102章:3235
          第103章:3428  第104章:3752  第105章:3392  第106章:3133  第107章:3263  第108章:3278
          第109章:3170  第110章:3258  第111章:3132  第112章:3429  第113章:4277  第114章:3045
          第115章:3363  第116章:3067  第117章:6043  第118章:4133  第119章:3185  第120章:3241
          第121章:3679  第122章:3067  第123章:3254  第124章:3245  第125章:3252  第126章:5527
          第127章:3543  第128章:3389  第129章:3316  第130章:5603  第131章:3409  第132章:3497
          第133章:3188  第134章:5210

14:28:12  傲娇老婆是只猫头鹰 (鱼碗酒) [完结]  103p→81章  903KB  OK
          https://www.52shuku.net/gl/19_b/bkbsK.html
          第1章:3269  第2章:3621  第3章:3753  第4章:3123  第5章:3398  第6章:3577
          第7章:3305  第8章:3132  第9章:3420  第10章:3562  第11章:3139  第12章:3568
          第13章:3239  第14章:3732  第15章:3808  第16章:3795  第17章:3688  第18章:4799
          第19章:3362  第20章:3854  第21章:3819  第22章:3545  第23章:3165  第24章:3809
          第25章:3552  第26章:3675  第27章:3506  第28章:3553  第29章:3311  第30章:3774
          第31章:3527  第32章:3746  第33章:3322  第34章:3440  第35章:3561  第36章:2939
          第37章:3807  第38章:3890  第39章:3293  第40章:4526  第41章:4784  第42章:3607
          第43章:3414  第44章:3836  第45章:3332  第46章:3846  第47章:3291  第48章:7265
          第49章:3734  第50章:4141  第51章:3250  第52章:3613  第53章:3221  第54章:3299
          第55章:3248  第56章:4191  第57章:3533  第58章:3426  第59章:4845  第60章:3638
          第61章:3754  第62章:3254  第63章:3739  第64章:3609  第65章:4158  第66章:4076
          第67章:3307  第68章:3266  第69章:3833  第70章:3359  第71章:3702  第72章:3274
          第73章:3397  第74章:3715  第75章:3253  第76章:3639  第77章:3480  第78章:3289
          第79章:3772  第80章:6381  第81章:4883

14:29:14  Omega她总想标记我 (有菜有爱写) [完结]  168p→140章  1487KB  OK
          https://www.52shuku.net/gl/19_b/bkbsJ.html
          第1章 1%酒店，情迷:3642  第2章 2%针锋相对:3671  第3章 3%片场标记:3666  第4章 4%重生:3595  第5章 5%就此别过:3238  第6章 6%逼迫:3272
          第7章 7%失控:3395  第8章 8%杀心:3284  第9章 9%再一次试探:4598  第10章 10%死犟:3360  第11章 11%劝解:3161  第12章 12%我不会喜欢你的:3265
          第13章 13%就范:3356  第14章 14%限时福利:3475  第15章 15%你想怎么样？:3545  第16章 16%放手:3583  第17章 17%发情:3483  第18章 18%诱发源:3461
          第19章 19%回家吧！孩子:3433  第20章 20%CP:3379  第21章 21%戳破:3315  第22章 22%罗生门:3585  第23章 23%道歉:3505  第24章 24%死对头:3532
          第25章 25%你行不行啊？:3495  第26章 26%抓包:3597  第27章 27%好像……:3395  第28章 28%违和感:3615  第29章 29%占有欲:3586  第30章 30%发情:3458
          第31章 31%标记:3441  第32章 32%补发:3565  第33章 33%融洽:4657  第34章 34%改规则:3426  第35章 35%黑幕:3700  第36章 36%冷暴力:3673
          第37章 37%五一快乐:3648  第38章 38%报复:3858  第39章 39%拒绝:3695  第40章 40%嗯哼:5648  第41章 41%形如陌路:6195  第42章 42%压前奏:10227
          第43章 43%渐显:3494  第44章 44%嗯:3060  第45章 45%嗯:3059  第46章 46%嗯:3326  第47章 47%欧耶！:3170  第48章 48%坦白:3372
          第49章 49%心怀鬼胎:3684  第50章 50%比赛前夕:3519  第51章 51%表演:3673  第52章 52%出道:3644  第53章 53%曹:3352  第54章 54%底气:3456
          第55章 55%辗转:3132  第56章 56%紧急:3093  第57章 57%所谓伊人:3606  第58章 58%舞台:3216  第59章 59%吃醋:3735  第60章 60%变故:3662
          第61章 61%掉马前奏:3474  第62章 62%有言难开:3314  第63章 63%戳穿:3418  第64章 64%消息量有点大:4458  第65章 65%抱歉:3474  第66章 66%馹:3885
          第67章 67%反扑:3302  第68章 68%脑子疼:4150  第69章 69%分别:3943  第70章 70%虐虐虐:3361  第71章 71%爱本无罪:3268  第72章 72%8.1打卡:4097
          第73章 73%8.2打卡:3254  第74章 74%打卡:3128  第75章 75%来了来了:3178  第76章 76%最后的分别:3303  第77章 77%分不了一点:3245  第78章 78%打卡:4125
          第79章 79%过往:3823  第80章 80%顺畅:3101  第81章 81%深沉:3245  第82章 82%解散:3094  第83章 83%咳咳:3070  第84章 84%勇气:3296
          第85章 85%咳咳:3153  第86章 86%结束:3059  第87章 87%日常:3036  第88章 88%剑拔弩张:3282  第89章 89%和好:3573  第90章 90%热搜:4037
          第91章 91%坦白:3871  第92章 92%她磕的cp要be了吗？:3592  第93章 93%又给她得到了:5166  第94章 94%最后一曲！:3251  第95章 95%离别:3348  第96章 96%:3236
          第97章 97%:3436  第98章 98%法案被拒:3316  第99章 99%希望两人九九:3631  第100章 100%痛苦:4778  第101章 101%一些日常:3263  第102章 102%笨拙的爱:3332
          第103章 103%能不能咬一口？:3597  第104章 104%主人:4506  第105章 105%吃醋:4199  第106章 106%自投罗网:3453  第107章 107%刺激:3233  第108章 108%外泄:3459
          第109章 109%官宣:3253  第110章 110%诱导发情:3263  第111章 111%发情期:3313  第112章 112%发情:3274  第113章 113%嗯哼:3196  第114章 114%憋屈:3226
          第115章 115%臆想:3304  第116章 116%一些日常:3120  第117章 117%天台:4043  第118章 118%找不到北:3348  第119章 119%一些日常:3215  第120章 120%一些馹常:3227
          第121章 121%一生要强的女人:3364  第122章 122%一些日常:3221  第123章 123%谩骂:3349  第124章 124%获奖:3299  第125章 125%有点刀:3425  第126章 126%cj:3254
          第127章 127%馹死:3203  第128章 128%日常:3263  第129章 129%剧情:3225  第130章 130%翻车:3319  第131章 131%塑料CP:3214  第132章 132%不过十分钟:3543
          第133章 133%强行下线:3223  第134章 134%十五分钟:3440  第135章 135%反攻前奏:3231  第136章 136%反攻上（失败篇）:3645  第137章 137%反攻（do晕版）:3313  第138章 138%获奖:3279
          第139章 139%大结局上:3162  第140章 140%大结局下:3616

14:29:48  傅里叶告别 (日出月落) [完结]  82p→75章  777KB  OK
          https://www.52shuku.net/gl/19_b/bkbsI.html
          第1章 同桌:4320  第2章 讲题:3368  第3章 面包:3497  第4章 笑脸:3009  第5章 崴脚:3127  第6章 英语:3737
          第7章 同行:3110  第8章 围巾:3972  第9章 纸条:3307  第10章 公式:3276  第11章 雨伞:3079  第12章 电话:3710
          第13章 距离:3627  第14章 约定:3135  第15章 目光:3510  第16章 横杆:3831  第17章 触碰:3983  第18章 邀约:3155
          第19章 静默:3236  第20章 蛋糕:3186  第21章 热量:3370  第22章 关切:3845  第23章 诗稿:3656  第24章 约定:3635
          第25章 家庭:3137  第26章 志愿:3729  第27章 不愿:4020  第28章 晚安:3103  第29章 告白:3104  第30章 接吻:3029
          第31章 爱你:3573  第32章 早读:3502  第33章 一路:3056  第34章 心意:3193  第35章 淬毒:4152  第36章 唯你:4595
          第37章 支持:3286  第38章 勇敢:3102  第39章 接纳:3184  第40章 偏执:8428  第41章 加油:3958  第42章 深夜:3462
          第43章 高考:3095  第44章 查分:3401  第45章 报道:3278  第46章 角落:3004  第47章 宣告:3484  第48章 发烧:4740
          第49章 错误:3242  第50章 回家:3899  第51章 饺子:3054  第52章 海边:3608  第53章 海约:3038  第54章 咳嗽:3250
          第55章 对决:3040  第56章 毕业:3003  第57章 租房:3167  第58章 新家:3637  第59章 叽喳:3415  第60章 预兆:3456
          第61章 征兆:3564  第62章 减少:3282  第63章 画展:3045  第64章 卖房:3030  第65章 古镇:4213  第66章 故地:3142
          第67章 遗书:3004  第68章 生日:3250  第69章 诗集:3120  第70章 晚安:3072  第71章 未解:2911  第72章 回影:3260
          第73章 相思:2900  第74章 墓碑:2749  第75章 终章:3255

14:30:15  穿书后女主看上了女扮男装的我 (姜满满) [完结]  72p→69章  624KB  OK
          https://www.52shuku.net/gl/18_b/bkbrK.html
          第1章 穿书:3507  第2章 弓弦刀:2600  第3章 遇见原书主角:3256  第4章 我唤你燕蝉可好:3214  第5章 迷香:2644  第6章 鬼令牌:3223
          第7章 她好像喜欢燕蝉:2429  第8章 想关筝了:2528  第9章 喜欢:3007  第10章 牢笼:2305  第11章 是糖不是毒药:2497  第12章 燕蝉觉得自己有点死了:3494
          第13章 燕蝉是混蛋:2167  第14章 贴贴:3356  第15章 第一种歪门邪道:2097  第16章 第二种歪门邪道:2290  第17章:2053  第18章 酆都鬼市:3215
          第19章 被迫:2073  第20章 禁地:2068  第21章 鬼王降灵:3021  第22章 船上:2011  第23章 船中:2019  第24章 鬼食肆:2368
          第25章 醒花:2945  第26章 三次:2991  第27章 高听寒的诡计:2071  第28章 贪心的关筝:3022  第29章 不栖潭:2850  第30章 出生:3251
          第31章 分家:3411  第32章 桃花寺:4215  第33章 暴雨与时疫:3560  第34章 回京:3332  第35章 庆功宴:3570  第36章 接人:3407
          第37章 关二姑娘:2991  第38章 赏花宴？:3195  第39章 算计与纠结:3247  第40章 姻缘:3561  第41章 关筝求人:3152  第42章 作画:3730
          第43章 内室:3080  第44章 夫人or娘子or心肝:3303  第45章 恃宠生娇:3666  第46章 “故意”:3903  第47章 求娶:3300  第48章 大婚:3261
          第49章 温泉山庄:3154  第50章 求签问卦:3247  第51章 离去:3499  第52章 降灵:2093  第53章 骨头与鳞片:3118  第54章 亲昵:3104
          第55章 害怕:2986  第56章 四海螺:2992  第57章 噩梦:3039  第58章 衣裙风波:3225  第59章 亲昵:3216  第60章 死局将至:3041
          第61章 选择:3019  第62章 我想跟你做个交易:3024  第63章 四海螺:3014  第64章 我是你的:3155  第65章 口渴:2966  第66章 长戟:3154
          第67章 沙漠/亚特兰蒂斯:3015  第68章 悲伤:2960  第69章 完结章:1276

14:30:44  骨罗烟 (以木桑) [完结+番外]  74p→60章  636KB  OK
          https://www.52shuku.net/gl/18_b/bkbrJ.html
          第1章:3540  第2章:2624  第3章:4178  第4章:3690  第5章:3087  第6章:2848
          第7章:3502  第8章:3125  第9章:3474  第10章:4101  第11章:3120  第12章:2876
          第13章:2421  第14章:3475  第15章:3421  第16章:3772  第17章:2430  第18章:4241
          第19章:3208  第20章:3369  第21章:3233  第22章:3273  第23章:3822  第24章:3602
          第25章:3908  第26章:3638  第27章:4689  第28章:3544  第29章:3450  第30章:3616
          第31章:3649  第32章:3471  第33章:3615  第34章:3562  第35章:3285  第36章:3736
          第37章:3692  第38章:3794  第39章:3122  第40章:3738  第41章:3673  第42章:3877
          第43章:3464  第44章:3271  第45章:3855  第46章:3427  第47章:3535  第48章:3089
          第49章:4001  第50章:3630  第51章:3205  第52章:3110  第53章:4185  第54章:3354
          第55章:4672  第56章:3073  第57章 [番外]:3090  第58章 [番外]:4181  第59章 [番外]:1070  第60章 [番外]:4289

14:31:34  绿茶影后戏真多 (阿空啊) [完结]  127p→108章  1113KB  OK
          https://www.52shuku.net/gl/18_b/bkbrI.html
          第1章:3668  第2章:3687  第3章:3699  第4章:3569  第5章:3589  第6章:3400
          第7章:3187  第8章:3351  第9章:3323  第10章:3252  第11章:3190  第12章:3461
          第13章:3100  第14章:3781  第15章:3626  第16章:3359  第17章:3812  第18章:3334
          第19章:3279  第20章:3540  第21章:3666  第22章:3565  第23章:3282  第24章:3464
          第25章:3375  第26章:3808  第27章:3722  第28章:3350  第29章:3204  第30章:3461
          第31章:3209  第32章:3262  第33章:3250  第34章:3519  第35章:3619  第36章:3299
          第37章:3196  第38章:4218  第39章:3657  第40章:3483  第41章:3172  第42章:3187
          第43章:3373  第44章:3019  第45章:3203  第46章:3170  第47章:3256  第48章:3211
          第49章:3452  第50章:3257  第51章:3041  第52章:3233  第53章:3012  第54章:3843
          第55章:3309  第56章:3225  第57章:3188  第58章:3320  第59章:3266  第60章:3351
          第61章:3227  第62章:3590  第63章:3313  第64章:3027  第65章:3257  第66章:3534
          第67章:3281  第68章:3220  第69章:3010  第70章:3227  第71章:3077  第72章:3302
          第73章:3006  第74章:3536  第75章:3349  第76章:3251  第77章:3008  第78章:3623
          第79章:3024  第80章:3238  第81章:3292  第82章:3266  第83章:3029  第84章:3058
          第85章:3308  第86章:3069  第87章:3024  第88章:3233  第89章:3212  第90章:3502
          第91章:3298  第92章:3626  第93章:3039  第94章:4516  第95章:3227  第96章:3365
          第97章:3353  第98章:4224  第99章:3582  第100章:3883  第101章:3620  第102章:3305
          第103章:3514  第104章:3574  第105章:3975  第106章:3528  第107章:3212  第108章:5186

14:32:03  偷看青梅小号后 (凛冬白菜) [完结+番外]  75p→72章  672KB  OK
          https://www.52shuku.net/gl/17_b/bkbqR.html
          第1章 花束:3015  第2章 小号:3028  第3章 蹭课:3025  第4章 包厢:3005  第5章 录音:3006  第6章 细雨:3023
          第7章 烟缸:3001  第8章 向前:3002  第9章 酸奶:3037  第10章 亲吻:3012  第11章 庄园:3022  第12章 金屋:3035
          第13章 倒影:3046  第14章 看房:3046  第15章 旅馆:3044  第16章 手机:3025  第17章 喝茶:3047  第18章 礼盒:3001
          第19章 雨声:3048  第20章 早晨:3015  第21章 过往:3038  第22章 窗帘:3027  第23章 楼顶:3091  第24章 猛料:3021
          第25章 分寸:3002  第26章 项链:3026  第27章 考试:3014  第28章 影子:3044  第29章 消化:3008  第30章 问题:3081
          第31章 时间:3040  第32章 朋友:3055  第33章 保护:3019  第34章 点菜:3067  第35章 爬山:3047  第36章 蛛网:3034
          第37章 雨天:3028  第38章 宝石:3193  第39章 报道:3036  第40章 开学:3067  第41章 军训:3050  第42章 投票:3055
          第43章 鸽子:3012  第44章 空调:3068  第45章 招新:3051  第46章 约谈:3055  第47章 秘密:3058  第48章 外套:3067
          第49章 聚餐:3047  第50章 合同:3120  第51章 目的:3162  第52章 私心:3277  第53章 选择:3189  第54章 养猫:3217
          第55章 相撞:3037  第56章 想象:3409  第57章 坠落:3033  第58章 记录:3135  第59章 新闻:3032  第60章 遗嘱:3078
          第61章 理解:3250  第62章 登录:3097  第63章 阴霾:3153  第64章 一直:3555  第65章 睡衣:3127  第66章 智能:3039
          第67章 九成:3092  第68章 结局:3374  第69章 童年番外1[番外]:3146  第70章 童年番外2[番外]:3447  第71章 童年番外3[番外]:3013  第72章 童年番外4[番外]:3166

14:33:21  仙君，你徒弟的弱不禁风是装的 (知鱼之寻) [完结]  211p→276章  1819KB  OK
          https://www.52shuku.net/gl/17_b/bkbqI.html
          第1章 梦里不知身是客:2680  第2章 故人之影初相见:2023  第3章 同师姐话意悠悠:2038  第4章 门派招贤共商讨:2016  第5章 初测仙缘往昔起:2067  第6章 仙缘石测出意外:2196
          第7章 私藏之物羞红脸:2105  第8章 痛苦如影紧相随:2305  第9章 侧房幽处隐华光:3187  第10章 低喃细雨诉幽思:2255  第11章 鄙人剑法名以理:2063  第12章 幽隐潜伏岁月长:2539
          第13章 入门锻体磨意志:2048  第14章 人形桩前浑不惧:2034  第15章 恰似轻纱遮蔽日:2058  第16章 浪费当知定被罚:2510  第17章 汇聚无门意彷徨:2439  第18章 秀目凝思心未静:2591
          第19章 曾许傲对世间事:2088  第20章 一念贪馋惹祸殃:2044  第21章 善解人意夺命粥:2074  第22章 梦回当年无忧时:2017  第23章 不争不论不在意:2208  第24章 故友遥送生辰礼:2119
          第25章 心思故意寻关照:2512  第26章 向上之资自当争:2138  第27章 无端照看抱蓬回:2064  第28章 值守夜逢月下客:2121  第29章 听闻入选不喜榜:2118  第30章 浮生玉册惨遭盗:2147
          第31章 事出蹊跷弟子伤:2164  第32章 初探浮生定魔气:2036  第33章 双人赌酒杯中花:2071  第34章 有意关切撩心房:2034  第35章 浮生入梦回魔渊:2085  第36章 浮生现隐执念到:2081
          第37章 玉册引诱聚魂种:2459  第38章 亡灵怨怒笛音安:2208  第39章 荷花池洗断邪欲:2254  第40章 荷花池畔索赔偿:2079  第41章 亲师姐妹明算账:2040  第42章 周旋商讨授课忙:2123
          第43章 授课小试寐林中:2038  第44章 林遇狸兽险象来:2147  第45章 空中遇险冷香至:2388  第46章 救人渡血伤不说:2178  第47章 众人求情勿怪罪:2036  第48章 疑惑伤口趣味生:2044
          第49章 问询浮生惹疑虑:2056  第50章 共忆夕阳余暮时:2027  第51章 短青赋予明楼景:2013  第52章 体内竟有她灵气:2036  第53章 乐知带伤重回宗:2011  第54章 往事替身往事多:2160
          第55章 世间总为难女人:2028  第56章 蓄谋告知反被误:2047  第57章 误会之解暖粥送:2054  第58章 试炼大会如约至:2028  第59章 寻其开心笑张扬:2632  第60章 试炼分组考场中:3408
          第61章 缝混挑衅傲气生:2184  第62章 请战已下炼器中:2052  第63章 炼器比试两不误:2111  第64章 缝混破防索赔偿:2029  第65章 问寻在意心无底:2136  第66章 药修考场眼不清:1961
          第67章 不究云书为何气:2039  第68章 剑法初初露马脚:2038  第69章 擂台之争现神器:2039  第70章 交流受伤已险胜:2062  第71章 接拜师茶领入门:2035  第72章 赠姓忽感穿堂风:2174
          第73章 疑梦疑云擅入屋:2020  第74章 进屋被要求束发:2123  第75章 梳发不知蛊已入:2006  第76章 暗处窥探浮生现:2123  第77章 初见闭门不准入:2142  第78章 同床共枕心底藏:2006
          第79章 师徒怎授受不亲:2034  第80章 欲览书籍撩拨频:2015  第81章 池中嬉闹水波漾:1996  第82章 池中继续选与否:2027  第83章 特殊默契迷梦魇:2072  第84章 不速之客已来访:2046
          第85章 默默吐槽心意坚:2016  第86章 忆晔到访往事仇:2039  第87章 争吵梦回当年事:1985  第88章 互相误会疑虑生:2072  第89章 多情无情皆有情:2167  第90章 竟然遥吃自己醋:2012
          第91章 待选无从欲讨要:2042  第92章 师尊关怀不正道:2065  第93章 问询浮生交还记:2001  第94章 师尊已去宗门殿:2059  第95章 魔灵泄露宗门乱:2062  第96章 浮生局初被陷害:2072
          第97章 当初丢失谜团清:2021  第98章 推入魔渊愧疚生:2077  第99章 自愿领三十二雷:2048  第100章 各方长老齐求情:2029  第101章 雷劫暗引蛊心疼:1998  第102章 带伤换取其上药:2021
          第103章 相拥纠结同回屋:2025  第104章 上药报复小心思:2050  第105章 相互试探心迹显:2071  第106章 承诺未成逃避生:2026  第107章 气运加持病魔驱:2084  第108章 调戏别扭不可忆:2037
          第109章 情怀解馋惦念归:2011  第110章 闲聊无意盼心安:2094  第111章 真相犹豫待选择:2036  第112章 初见心境已不同:2053  第113章 试探唤名已回答:2059  第114章 心烦意乱不敢视:2019
          第115章 洗脑定心着急归:2006  第116章 同锁屋中暧昧升:2008  第117章 同床共枕捆绑成:2050  第118章 相拥梦中惶恐生:2016  第119章 忽净魔渊异动扰:2041  第120章 上药不知疼为何:2038
          第121章 异动告知隐欢逃:2003  第122章 心经起欢岁年年:2060  第123章 纸张记录多小事:2031  第124章 精血镇魔星相印:2011  第125章 异动心安寻归靠:2084  第126章 蛊动负责欲念起:2044
          第127章 强取豪夺话语伤:1980  第128章 罚看相拥共枕眠:2051  第129章 睡醒古春降魔会:2105  第130章 报名鼓励心虚藏:2036  第131章 夜伴饮酒计谋成:2075  第132章 醉酒初醒伴争吵:2047
          第133章 争吵奖励讨论中:2041  第134章 抱歉察觉蛊在身:2020  第135章 带礼闲聊嫌隙生:2066  第136章 境虽跌但血不改:2028  第137章 质问揽怀亦主动:2093  第138章 下山受令启任务:2168
          第139章 徒儿加油师看戏:2029  第140章 入府询问八百岁:2031  第141章 疏璇异事情书写:2011  第142章 上树调戏观察中:2030  第143章 未知观测觉羞耻:1980  第144章 树间调戏询妖魔:2068
          第145章 试探犹豫情不定:2033  第146章 开战危险秘探头:2057  第147章 对战执念问看管:2068  第148章 鞭刑抽打傲气减:2015  第149章 出现往事缘起时:2025  第150章 鬼佛惊面疏隐到:2096
          第151章 相生相伴相依恋:2058  第152章 欲拒还迎解语花:2025  第153章 表白罪孽突变生:1931  第154章 年少情深断已厌:2029  第155章 明了驱赶魂相融:2036  第156章 去妖魔携手远走:2057
          第157章 向阳新生共天涯:2091  第158章 换衣羞赧心已动:2042  第159章 花灯游行心念动:1892  第160章 花灯送礼回手链:3122  第161章 欢喜生梦魇难消:2941  第162章 梦醒拴住糕点香:2049
          第163章 寻求真相勿欺骗:2026  第164章 真相大白意难平:2047  第165章 以己之身开魔渊:2017  第166章 渊口闭合已疯魔:2058  第167章 往事随风不堪守:2072  第168章 道歉愧疚错已成:2012
          第169章 愧疚罪孽伞下戏:2072  第170章 计谋玩雪锦鲤府:2032  第171章 进府观觉景萧条:2021  第172章 师徒相处眼眶红:2051  第173章 妖丹碎裂崩溃声:2083  第174章 逐出师门计划无:2005
          第175章 双份选择都绝路:2067  第176章 五日相处意圆满:2037  第177章 相伴过往顺平安:2035  第178章 消散悲哀终道别:2056  第179章 藏匿血珠竟满匣:2083  第180章 血珠满匣不愿诺:2012
          第181章 蓄谋然话本之争:2007  第182章 买糕蛊虫终现形:2090  第183章 情绪上头刀剑向:2025  第184章 一厢情愿寻当年:2142  第185章 躲藏半庭月寻人:2003  第186章 卧棺回想驱她离:2000
          第187章 入棺解蛊心难安:2027  第188章 逃离机会早落空:2069  第189章 蓄意报复棺中乐:2010  第190章 哄说汤池索补偿:2508  第191章 池中鸳鸯主权宣:1531  第192章 记仇哄睡修为涨:1916
          第193章 村落相遇两相谈:2050  第194章 相互对比给零花:2054  第195章 闹鬼冥婚惊恨嫁:2037  第196章 探访训听心寒伤:2051  第197章 叫嚷欢呼开路难:1996  第198章 鸢莲殊途执念深:2034
          第199章 鸢死已做恶鬼生:2035  第200章 怨气结合姝鬼出:2001  第201章 执念当年笑语亡:2045  第202章 死于非命人性泯:2067  第203章 放纵缘由血珠混:2002  第204章 远观复仇心自闲:2015
          第205章 复仇完成无逃者:2023  第206章 殊途同归开棺木:2074  第207章 入土为安再见面:2023  第208章 同归奈何耳清静:2029  第209章 回峰荒唐见礼中:2026  第210章 婚服礼物卿心动:6082
          第211章 所做无悔杀伐起:2048  第212章 一片废墟宗主落:2011  第213章 浮生做局师姐亡:2102  第214章 抽魔维护寻浮生:2061  第215章 浮生无踪落花情:2042  第216章 宗门叛逃惹非议:2131
          第217章 话语如刀放离宗:2035  第218章 好友牵挂盼徒醒:2044  第219章 半庭月中谈两清:2116  第220章 欲离被控欢喜空:2016  第221章 囚于掌心再控蛊:1993  第222章 商议三月假爱意:1952
          第223章 半庭温馨同相处:2028  第224章 双渡见证意未知:2044  第225章 半庭撩拨酒中乐:2066  第226章 如今沉溺两相依:1958  第227章 放肆度过些许日:1922  第228章 心意难通心中闷:2125
          第229章 救酒朦胧送上门:2039  第230章 温存离别日已到:1997  第231章 半庭掩藏凝竹走:2035  第232章 是非大义送轮回:2049  第233章 释真修独下魔渊:2057  第234章 察孕成仙众人懵:2164
          第235章 成仙失踪无可寻:2207  第236章 八年期许戚念云:2047  第237章 认错求归相思苦:2050  第238章 人偶之名醋意生:2150  第239章 迫切入屋故齑粉:2042  第240章 做饭打扫亦忙碌:2035
          第241章 睡梦低喃话语眠:2036  第242章 同归换情难自禁:2108  第243章 真心实意入计谋:2241  第244章 玩心四起勿扰信:1958  第245章 寻人入套荷包香:2160  第246章 深入交流回云纺:1934
          第247章 坦诚相待暖意生:1933  第248章 相互欢喜念念云:2093  第249章 先入为主关怀起:2075  第250章 同睡感慨请帖到:2065  第251章 送帖婚期已提前:2033  第252章 出门寻礼话语糙:2028
          第253章 回顾修魂往事哀:2065  第254章 受邀前往玄英宗:2041  第255章 隔阂总有难以释:2049  第256章 醉意吃醋破绽出:1991  第257章 欺负欲哭低声哄:4066  第258章 逆徒报复无拒绝:2042
          第259章 念云入峰遇寄欢:2077  第260章 念云相伴暖意生:2061  第261章 相伴婚宴再相见:2078  第262章 婚成同心共祝贺:2011  第263章 婚宴结束送礼归:2005  第264章 商讨婚宴强制开:4067
          第265章 重回沐生曲声杨:4109  第266章 婚宴重请剑灵出:4012  第267章 剑灵欲求人赐名:4072  第268章 为礼金忙碌奔波:2047  第269章 成婚在即众人贺:2031  第270章 大婚相待同心走:2056
          第271章 婚宴终成至圆满:2038  第272章 忆晔一抹微寄欢（番外）:4034  第273章 忆晔一抹微寄欢（二）:2123  第274章 忆晔一抹微寄欢（三）:1951  第275章 忆晔一抹微寄欢（四）:2007  第276章 忆晔一抹微寄欢（完）:2218

14:33:38  当反派疯狂爱上自己后 (抹茶叶子) [完结]  41p→32章  361KB  OK
          https://www.52shuku.net/gl/16_b/bkbqF.html
          第1章 怪胎:3793  第2章 逃跑计划:3732  第3章 越狱失败:3403  第4章 救赎反派:3694  第5章 威胁:3912  第6章 车祸:4096
          第7章 回家:4128  第8章 监护人:5176  第9章 上学:4574  第10章 特别的周末:3381  第11章 墓地:3483  第12章 表白:3671
          第13章 长命锁:4693  第14章 束之高阁:3519  第15章 初梦:3726  第16章 上梁不正下梁歪:3492  第17章 天价遗产:3387  第18章 大学生活:3416
          第19章 52011:3510  第20章 卓然:4134  第21章 万恶的资本家:3246  第22章 江从月之死:3229  第23章 邪恶版江乐:3721  第24章 复活甲-1，生命+1:3539
          第25章 真假江乐:3157  第26章 小白江乐vs老手江从月:3646  第27章 爱有所值:3035  第28章 撒谎精:3310  第29章 近在咫尺:3210  第30章 落幕:3574
          第31章 结束:4627  第32章 故事再次重启:3947

14:33:57  悬月未缺 (此间疏色) [完结+番外]  49p→41章  426KB  OK
          https://www.52shuku.net/gl/16_b/bkbqE.html
          第1章 楔子:3418  第2章 豆腐小巷:2863  第3章 请旨:3731  第4章 臣领旨:3920  第5章 解卦:3413  第6章 游魂:3624
          第7章 火烧:3899  第8章 长街:3458  第9章 再遇:3837  第10章 偷听:3094  第11章 解卦:3185  第12章 败露:3095
          第13章 上妆:3075  第14章 养伤:3144  第15章 故人（上）:1919  第16章 故人（下）:3078  第17章 剖白:3281  第18章 同骑:2259
          第19章 子瞻:3342  第20章 逆天:3359  第21章 桂花糕:3231  第22章 出征:3557  第23章 战术:3753  第24章 朝谏（上）:4436
          第25章 朝谏（下）:3325  第26章 幽禁:3729  第27章 对峙:3008  第28章 奔赴:3749  第29章 重伤:4513  第30章 使诈:3711
          第31章 残魄（上）:4129  第32章 残魄（下）:4537  第33章 作践:3416  第34章 独白:3540  第35章 告白:3308  第36章 心意:3983
          第37章 全盘:3115  第38章 因果:3014  第39章 换命:3727  第40章 求娶:2947  第41章 疏色[番外]:2100

14:35:08  [燕云十六声] 小温总今晚吃什么 (小金井吉法师) [完结]  195p→125章  1821KB  OK
          https://www.52shuku.net/gl/16_b/bkbqD.html
          第1章:4304  第2章:4655  第3章:4172  第4章:6354  第5章:5716  第6章:5103
          第7章:5845  第8章:3330  第9章:5127  第10章:3293  第11章:6260  第12章:6672
          第13章:4286  第14章:3107  第15章:5765  第16章:4898  第17章:4142  第18章:5113
          第19章:6114  第20章:6780  第21章:4108  第22章:4143  第23章:4237  第24章:4558
          第25章:3875  第26章:6283  第27章:6732  第28章:3759  第29章:5566  第30章:3867
          第31章:3991  第32章:3891  第33章:3951  第34章:6104  第35章:3680  第36章:5020
          第37章:4543  第38章:6526  第39章:3597  第40章:3814  第41章:3666  第42章:4186
          第43章:7685  第44章:3479  第45章:4127  第46章:3459  第47章:6189  第48章:2992
          第49章:4197  第50章:5779  第51章:6118  第52章:3557  第53章:6004  第54章:3703
          第55章:6485  第56章:3870  第57章:4026  第58章:5662  第59章:3748  第60章:3419
          第61章:4555  第62章:3912  第63章:5446  第64章:4071  第65章:6343  第66章:6334
          第67章:6005  第68章:5732  第69章:5742  第70章:4190  第71章:3375  第72章:3542
          第73章:3636  第74章:4384  第75章:4047  第76章:5754  第77章:6068  第78章:5921
          第79章:4977  第80章:4315  第81章:5849  第82章:7272  第83章:7115  第84章:7238
          第85章:5536  第86章:5898  第87章:4409  第88章:4195  第89章:4884  第90章:6181
          第91章:6279  第92章:5861  第93章:5695  第94章:5565  第95章:3826  第96章:3997
          第97章:4044  第98章:4862  第99章:3297  第100章:4192  第101章:5967  第102章:6113
          第103章:3319  第104章:4172  第105章:5899  第106章:5160  第107章:6025  第108章:7128
          第109章:5402  第110章:3977  第111章:3266  第112章:4207  第113章:3821  第114章:6241
          第115章:5967  第116章:6350  第117章:6179  第118章:3234  第119章:4401  第120章:3416
          第121章:4785  第122章:4117  第123章:3373  第124章:4167  第125章:4234

14:35:33  我追的人在暗恋我 (一两半夏) [完结]  63p→112章  574KB  OK
          https://www.52shuku.net/gl/16_b/bkbqC.html
          第1章 重生:3012  第2章 催婚:3176  第3章 秘密:2061  第4章 遇见:2040  第5章 好巧:1573  第6章 看上:1500
          第7章 谢谢:1511  第8章 帮忙:1615  第9章 真好:1562  第10章 电话:1529  第11章 没有:1609  第12章 在意:1507
          第13章 偶遇:1556  第14章 有啊:1526  第15章 缘分:1515  第16章 好香:2856  第17章 闻闻:1538  第18章 可以:1532
          第19章 紧张:1532  第20章 直觉:1527  第21章 巧合:1560  第22章 期待:1528  第23章 一定:1508  第24章 很甜:1516
          第25章 节凑:2807  第26章 准备:1517  第27章 没有:1511  第28章 技巧:2126  第29章 真巧:2004  第30章 误会:1506
          第31章 好吃:1533  第32章 可以:1534  第33章 送你:1520  第34章 谢谢:2050  第35章 庆祝:1626  第36章 甜辣:1555
          第37章 期待:1634  第38章 不会:1654  第39章 靠近:1564  第40章 做饭:1544  第41章 想亲:2058  第42章 以后:1695
          第43章 奇怪:1658  第44章 你俩:1627  第45章 留下:1532  第46章 没谈:1535  第47章 不会:1502  第48章 鞋带:2502
          第49章 有的:1546  第50章 真好:1614  第51章 密码:1540  第52章 宁宁:2375  第53章 刚好:1509  第54章 想想:1539
          第55章 擦脸:1501  第56章 发现:1535  第57章 睡着:1512  第58章 醒了:1518  第59章 早餐:1549  第60章 很好:1506
          第61章 解释:1512  第62章 你说:1510  第63章 考虑:1526  第64章 没有:1503  第65章 真的:1536  第66章 有啊:1542
          第67章 接受:1534  第68章 接送:2552  第69章 如何:1626  第70章 照片:1533  第71章 开心:1534  第72章 疑惑:1517
          第73章 暗恋:1505  第74章 要亲:1539  第75章 没错:1533  第76章 不会:1509  第77章 以后:1555  第78章 原来:1568
          第79章 恋爱:1531  第80章 不信:1568  第81章 给你:1532  第82章 进度:1575  第83章 拍照:1534  第84章 情话:1577
          第85章 不会:1528  第86章 一起:1556  第87章 密码:1514  第88章 回家:2502  第89章 宝宝:1523  第90章 你好:1520
          第91章 在乎:1513  第92章 她说:1579  第93章 阳光:1536  第94章 房子:1584  第95章 真好:1511  第96章 家人:1569
          第97章 重视:1523  第98章 深夜:1511  第99章 图纸:1540  第100章 出门:1526  第101章 关机:1537  第102章 交换:2422
          第103章 没事:1505  第104章 有你:1535  第105章 喜欢:1528  第106章 小沐:1569  第107章 提议:1786  第108章 没看:1627
          第109章 计划:1554  第110章 戒指:2061  第111章 永远:1891  第112章 新房:1531

14:36:02  翻墙 (北方三岛) [完结]  75p→80章  669KB  OK
          https://www.52shuku.net/gl/15_b/bkboN.html
          第1章:2035  第2章:2357  第3章:2270  第4章:2019  第5章:2230  第6章:2033
          第7章:2637  第8章:2243  第9章:2418  第10章:3672  第11章:2817  第12章:2331
          第13章:2971  第14章:2458  第15章:3309  第16章:2712  第17章:2607  第18章:2059
          第19章:2031  第20章:3233  第21章:2283  第22章:2587  第23章:3055  第24章:2473
          第25章:2644  第26章:2125  第27章:2170  第28章:2789  第29章:2509  第30章:2726
          第31章:2878  第32章:2311  第33章:2569  第34章:2384  第35章:2078  第36章:2389
          第37章:3230  第38章:2253  第39章:3075  第40章:2187  第41章:3049  第42章:2905
          第43章:2330  第44章:2146  第45章:3522  第46章:2491  第47章:2907  第48章:3247
          第49章:3505  第50章:2200  第51章:4128  第52章:2344  第53章:2497  第54章:2628
          第55章:2898  第56章:2083  第57章:2911  第58章:3049  第59章:4009  第60章:2625
          第61章:3234  第62章:4063  第63章:2538  第64章:3586  第65章:3588  第66章:3224
          第67章:3810  第68章:3568  第69章:2354  第70章:2732  第71章:3466  第72章:2936
          第73章:2712  第74章:2315  第75章:3105  第76章:2727  第77章:2412  第78章:3051
          第79章:4063  第80章:2657

14:36:28  拜金鬼与抠门精 (余穗安) [完结]  65p→57章  598KB  OK
          https://www.52shuku.net/gl/15_b/bkboM.html
          第1章 我叫季瑛:3059  第2章 白玉盘:3526  第3章 武汉的小情人儿:3415  第4章 离婚:3707  第5章 跳槽与下岗:3507  第6章 妈妈的诺亚方舟:3036
          第7章 一分钱难倒薛时绾:3054  第8章 薛时绾的选择:3539  第9章 分别:3964  第10章 情书:3156  第11章 周雯:3753  第12章 公道:3421
          第13章 姥姥，妈妈，我:3197  第14章 分科:3078  第15章 武汉:3124  第16章 争吵:3455  第17章 再见，武汉:3201  第18章 冷馄饨:3688
          第19章 孤立:3114  第20章 班费:3460  第21章 离开:4243  第22章 大学:3834  第23章 散伙饭:1973  第24章 薛时绾的深圳:3553
          第25章 官司与和解:3034  第26章 再见，深圳:2287  第27章 重逢季瑛:3202  第28章 表白:3242  第29章 季瑛也喜欢我:4976  第30章 不解风情:3513
          第31章 陈旭:3109  第32章 再见，季瑛:3714  第33章 名校代写:3362  第34章 波士顿:4441  第35章 找到薛建国:3055  第36章 家庭教师:3443
          第37章 十年后的重逢:3811  第38章 尴尬的再见:3536  第39章 因为我爱你:3369  第40章 WR公司:3550  第41章 斯林特女士:3509  第42章 病情反复:3945
          第43章 姐姐:3577  第44章 房子:3272  第45章 和我结婚:3044  第46章 纽约的纸醉金迷:3158  第47章 撕破脸:4058  第48章 账目:2839
          第49章 少年季瑛:3766  第50章 威胁:3287  第51章 复仇进度条加速:3169  第52章 争吵:3243  第53章 最终的复仇:5156  第54章 幸存以后:3635
          第55章 别再离开我:3367  第56章 真正的十八岁:2805  第57章 结局:5897

14:37:11  我们这十年 (他叮) [完结+番外]  115p→84章  1016KB  OK
          https://www.52shuku.net/gl/15_b/bkboB.html
          第1章:2903  第2章:2968  第3章:3850  第4章:4626  第5章:4627  第6章:4219
          第7章:4329  第8章:4420  第9章:3253  第10章:3165  第11章:4525  第12章:5318
          第13章:3212  第14章:3750  第15章:3569  第16章:5111  第17章:3911  第18章:3225
          第19章:4571  第20章:4468  第21章:4296  第22章:4891  第23章:4090  第24章:4049
          第25章:4600  第26章:4437  第27章:3927  第28章:3609  第29章:3688  第30章:4833
          第31章:3022  第32章:4732  第33章:3189  第34章:2709  第35章:3934  第36章:4331
          第37章:2732  第38章:3442  第39章:3658  第40章:3877  第41章:4182  第42章:3250
          第43章:3650  第44章:3488  第45章:3570  第46章:3080  第47章:4001  第48章:3721
          第49章:4484  第50章:4486  第51章:6534  第52章:4008  第53章:4458  第54章:4420
          第55章:3187  第56章:5062  第57章:5215  第58章:4214  第59章:4502  第60章:3706
          第61章:3870  第62章:3395  第63章:4695  第64章:4169  第65章:3990  第66章:3133
          第67章:4479  第68章:3529  第69章:4724  第70章:3580  第71章:4066  第72章:4510
          第73章:4762  第74章:7148  第75章:3258  第76章:3720  第77章:2788  第78章:3777
          第79章:4068  第80章:3609  第81章:4417  第82章:3102  第83章:3720  第84章 番外一:3678

14:37:30  我撩的女人竟是财阀千金 (晒月光的树) [完结]  49p→45章  422KB  OK
          https://www.52shuku.net/gl/15_b/bkbo4.html
          第1章 粉色雨:3329  第2章 燥热的夏天:3271  第3章 登堂入室:3473  第4章 小鱼跑掉了:3051  第5章 财阀家的小女儿:3099  第6章 今天下雨了:3025
          第7章 像狗一样:3077  第8章 得逞:3100  第9章 我还以为你走了:3142  第10章 等我:3036  第11章 温柔乡:3077  第12章 不是情侣:3078
          第13章 如果她愿意的话:3016  第14章 自杀:3056  第15章 秩序:3045  第16章 孤儿:3055  第17章 下流:3118  第18章 特别特别想:3035
          第19章 她的情话:3218  第20章 “弥补”:3048  第21章 养女:3019  第22章 痛经:3018  第23章 她的十五岁:3025  第24章 不缺朋友:3055
          第25章 胆小鬼:3023  第26章 粗鲁的告白:3108  第27章 没经验:3071  第28章 午夜天堂:3018  第29章 没按耐住:3014  第30章 去你家:3048
          第31章 下辈子太远:3031  第32章 她很危险:3125  第33章 判词:3089  第34章 记得想我:3020  第35章 两颗棋子:3060  第36章 花:3007
          第37章 真正的初见:3000  第38章 Sweet talk:3142  第39章 转机:3043  第40章 橙子吻:3152  第41章 风雨欲来:2692  第42章 薄荷巧克力:3025
          第43章 我愿意:3079  第44章 清晨天狗山:3034  第45章 梦醒:3138

14:38:29  仙尊今日又在倒霉 (苍狗又白云) [完结]  151p→129章  1382KB  OK
          https://www.52shuku.net/gl/15_b/bkbo1.html
          第1章:3029  第2章:2990  第3章:3304  第4章:3429  第5章:4014  第6章:3202
          第7章:5091  第8章:3462  第9章:4178  第10章:4625  第11章:3406  第12章:3658
          第13章:2805  第14章:3748  第15章:3235  第16章:4299  第17章:4563  第18章:4437
          第19章:3624  第20章:2582  第21章:3194  第22章:2543  第23章:3361  第24章:2830
          第25章:3488  第26章:3650  第27章:3474  第28章:3071  第29章:3154  第30章:3039
          第31章:3397  第32章:3990  第33章:3584  第34章:3185  第35章:3087  第36章:3147
          第37章:3549  第38章:3105  第39章:3098  第40章:3385  第41章:3093  第42章:3218
          第43章:3177  第44章:2891  第45章:2757  第46章:3153  第47章:2762  第48章:2924
          第49章:3062  第50章:3325  第51章:3215  第52章:3163  第53章:3020  第54章:3820
          第55章:3431  第56章:3346  第57章:3589  第58章:4798  第59章:3125  第60章:3049
          第61章:3773  第62章:2787  第63章:3120  第64章:3039  第65章:3887  第66章:3103
          第67章:3461  第68章:3058  第69章:3002  第70章:2879  第71章:3152  第72章:3820
          第73章:3985  第74章:3134  第75章:3561  第76章:3471  第77章:4146  第78章:3057
          第79章:4666  第80章:3169  第81章:3655  第82章:3051  第83章:4602  第84章:3165
          第85章:2796  第86章:3109  第87章:3843  第88章:3002  第89章:3310  第90章:3170
          第91章:2937  第92章:3147  第93章:2933  第94章:3322  第95章:3648  第96章:3128
          第97章:4404  第98章:3009  第99章:3256  第100章:3206  第101章:3171  第102章:3607
          第103章:3159  第104章:4964  第105章:3257  第106章:3076  第107章:3641  第108章:2956
          第109章:3526  第110章:3005  第111章:3532  第112章:3105  第113章:3207  第114章:3306
          第115章:4115  第116章:3487  第117章:3588  第118章:3356  第119章:3565  第120章:3248
          第121章:3500  第122章:3448  第123章:3020  第124章:3516  第125章:3230  第126章:3598
          第127章:2511  第128章:12309  第129章:18663

14:38:55  我只想要小钱钱[娱乐圈] (路小糖) [完结+番外]  69p→60章  627KB  OK
          https://www.52shuku.net/gl/15_b/bkbo0.html
          第1章:2677  第2章:2563  第3章:2284  第4章:3155  第5章:3771  第6章:4302
          第7章:4857  第8章:3219  第9章:3465  第10章:2401  第11章:2729  第12章:2802
          第13章:3359  第14章:2777  第15章:2656  第16章:3626  第17章:3055  第18章:2769
          第19章:3681  第20章:5733  第21章:3038  第22章:3798  第23章:3222  第24章:3073
          第25章:4521  第26章:3199  第27章:3118  第28章:3501  第29章:3239  第30章:3107
          第31章:5517  第32章:3300  第33章:3405  第34章:3314  第35章:3273  第36章:3254
          第37章:3370  第38章:3169  第39章:3596  第40章:3025  第41章:4133  第42章:3479
          第43章:3796  第44章:5023  第45章:3411  第46章:3280  第47章:3965  第48章:3165
          第49章:3072  第50章:3677  第51章:4120  第52章:3172  第53章:3726  第54章:3954
          第55章:3239  第56章:3022  第57章:4102  第58章 （完）:3191  第59章 番外一:3646  第60章 番外二:4004

14:39:25  我在演综谈恋爱 (十六艾) [完结]  77p→72章  672KB  OK
          https://www.52shuku.net/gl/15_b/bkboz.html
          第1章:3500  第2章:3187  第3章:3407  第4章:3295  第5章:3326  第6章:3592
          第7章:3705  第8章:3262  第9章:3112  第10章:3107  第11章:3232  第12章:3371
          第13章:3254  第14章:3256  第15章:3046  第16章:3048  第17章:3124  第18章:3135
          第19章:3418  第20章:3036  第21章:3167  第22章:3292  第23章:3016  第24章:3031
          第25章:3218  第26章:2055  第27章:2022  第28章:3210  第29章:2098  第30章:2273
          第31章:2399  第32章:2065  第33章:2099  第34章:2051  第35章:2140  第36章:2673
          第37章:2068  第38章:2126  第39章:2016  第40章:2203  第41章:3140  第42章:2039
          第43章:10228  第44章:3047  第45章:4116  第46章:3156  第47章:3506  第48章:3354
          第49章:3289  第50章:3409  第51章:3130  第52章:3459  第53章:3031  第54章:3609
          第55章:3355  第56章:3027  第57章:3168  第58章:3515  第59章:3036  第60章:3074
          第61章:3224  第62章:3031  第63章:3160  第64章:3280  第65章:3038  第66章:3200
          第67章:3206  第68章:3545  第69章:3120  第70章:3386  第71章:3028  第72章:3194

14:39:51  上综艺前影后她失忆了 (墨尘以言) [完结]  67p→64章  594KB  OK
          https://www.52shuku.net/gl/15_b/bkboy.html
          第一章:1212  第二章:1267  第三章:1802  第四章:3179  第五章:2098  第六章:2469
          第七章:2088  第八章:1493  第九章:1277  第十章:3152  第十一章:1830  第十二章:2520
          第十三章:1784  第十四章:2566  第十五章:1714  第十六章:1520  第十七章:1434  第十八章:1284
          第十九章:2628  第二十章:2579  第二十一章:2763  第二十二章:1740  第二十三章:2150  第二十四章:3203
          第二十五章:3056  第二十六章:3561  第二十七章:2148  第二十八章:3322  第二十九章:3526  第三十章:3200
          第三十一章:3157  第三十二章:3516  第三十三章:3146  第三十四章:3130  第三十五章:3383  第三十六章:3121
          第三十七章:3024  第三十八章:3173  第三十九章:3251  第四十章:3753  第四十一章:3599  第四十二章:3128
          第四十三章:3134  第四十四章:10106  第四十五章:3741  第四十六章:4111  第四十七章:4026  第四十八章:3010
          第四十九章:5318  第五十章:3288  第五十一章 年少篇:3396  第五十二章 年少篇:3589  第五十三章 年少篇:6040  第五十四章 年少篇:74
          第五十五章 年少篇:3112  第五十六章:3691  第五十七章:3106  第五十八章:3352  第五十九章:3305  第六十章:3264
          第六十一章:4891  第六十二章:5228  第六十三章:3057  第六十四章 正文完结:5784

14:40:31  三句话让腹黑前妻气到吐血 (宁久葳) [完结]  108p→80章  918KB  OK
          https://www.52shuku.net/gl/15_b/bkbox.html
          第1章:3058  第2章:3388  第3章:3696  第4章:3029  第5章:3281  第6章:3030
          第7章:3065  第8章:3035  第9章:3064  第10章:2359  第11章:3178  第12章:3146
          第13章:3034  第14章:3297  第15章:2721  第16章:3641  第17章:3653  第18章:3145
          第19章:3327  第20章:3382  第21章:3226  第22章:3189  第23章:3292  第24章:2906
          第25章:3256  第26章:3265  第27章:3212  第28章:3181  第29章:3302  第30章:3220
          第31章:3233  第32章:3290  第33章:3319  第34章:4459  第35章:3579  第36章:3683
          第37章:3532  第38章:3342  第39章:3026  第40章:6666  第41章:5925  第42章:6232
          第43章:6218  第44章:3302  第45章:3410  第46章:3478  第47章:3211  第48章:4614
          第49章:4243  第50章:5814  第51章:6028  第52章:6208  第53章:6217  第54章:6181
          第55章:6242  第56章:3346  第57章:5344  第58章:4399  第59章:4658  第60章:4293
          第61章:3504  第62章:3679  第63章:3732  第64章:3419  第65章:3225  第66章:3184
          第67章:3192  第68章:3280  第69章:3337  第70章:3241  第71章:3785  第72章:3396
          第73章:3212  第74章:3558  第75章:3514  第76章:3396  第77章:3382  第78章:3061
          第79章:3086  第80章 正文完结:4598

14:41:07  魔女与她美丽矜贵的宝物美人 (幺五) [完结]  96p→89章  867KB  OK
          https://www.52shuku.net/gl/15_b/bkbow.html
          第一章:2834  第二章:3952  第三章:3249  第四章:3095  第五章:3394  第六章:3719
          第七章:3020  第八章:3668  第九章:3433  第十章:1942  第十一章:3545  第十二章:3104
          第十三章:2544  第十四章:2407  第十五章:3562  第十六章:3034  第十七章:3335  第十八章:3455
          第十九章:3023  第二十章:3170  第二十一章:3040  第二十二章:3012  第二十三章:2833  第二十四章:3272
          第二十五章:3279  第二十六章:3026  第二十七章:3613  第二十八章:4159  第二十九章:3520  第三十章:3369
          第三十一章:3207  第三十二章:3385  第三十三章:3593  第三十四章:3185  第三十五章:3001  第三十六章:3084
          第三十七章:3014  第三十八章:3022  第三十九章:3243  第四十章:3103  第四十一章:2617  第四十二章:3235
          第四十三章:3512  第四十四章:3019  第四十五章:3272  第四十六章:3441  第四十七章:3440  第四十八章:3057
          第四十九章:3055  第五十章:3416  第五十一章:3943  第五十二章:3666  第五十三章:3247  第五十四章:3190
          第五十五章:3360  第五十六章:3595  第五十七章:3118  第五十八章:3381  第五十九章:3043  第六十章:3236
          第六十一章:3259  第六十二章:3166  第六十三章:3047  第六十四章:3088  第六十五章:3028  第六十六章:3124
          第六十七章:3392  第六十八章:3128  第六十九章:3237  第七十章:3030  第七十一章:3085  第七十二章:3156
          第七十三章:3614  第七十四章:3077  第七十五章:3196  第七十六章:3232  第七十七章:4622  第七十八章:3514
          第七十九章:3171  第八十章:3230  第八十一章:3047  第八十二章:3139  第八十三章:3089  第八十四章:3182
          第八十五章:3202  第八十六章:3021  第八十七章:3248  第八十八章:3029  第八十九章:3195

14:42:04  恋爱脑竟是我自己[快穿] (路与不) [完结]  156p→141章  1339KB  OK
          https://www.52shuku.net/gl/15_b/bkbov.html
          第1章 学姐×学妹（1）:3399  第2章 学姐×学妹（2）:3138  第3章 学姐×学妹（3）:3088  第4章 学姐×学妹（4）:2929  第5章 学姐×学妹（5）:3031  第6章 学姐×学妹（6）:2508
          第7章 学姐×学妹（7）:2604  第8章 学姐×学妹（8）:2432  第9章 学姐×学妹（9）:2520  第10章 学姐×学妹（10）:2238  第11章 学姐×学妹（11）:2337  第12章 学姐×学妹（12）:2763
          第13章 学姐×学妹（13）:2624  第14章 学姐×学妹（14）:2727  第15章 学姐×学妹（15）:2377  第16章 学姐×学妹（16）:2248  第17章 学姐×学妹（17）:2572  第18章 学姐×学妹（18）:2167
          第19章 学姐×学妹（19）:2292  第20章 学姐×学妹（20）:2107  第21章 学姐×学妹（21）:2339  第22章:2068  第23章 学姐×学妹（23）:2519  第24章 学姐×学妹（24）:2267
          第25章 学姐×学妹（25）:7754  第26章 学姐×学妹（26）:3203  第27章 学姐×学妹（27）:3525  第28章 学姐×学妹（28）:3234  第29章 学姐×学妹（29）:3018  第30章 学姐×学妹（30）:3107
          第31章 学姐×学妹（31）:3054  第32章 学姐×学妹（完）:3108  第33章 师尊×徒弟（1）:3342  第34章 师尊×徒弟（2）:3189  第35章 师尊×徒弟（3）:3040  第36章 师尊×徒弟（4）:3248
          第37章 师尊×徒弟（5）:3042  第38章 师尊×徒弟（6）:3136  第39章 师尊×徒弟（7）:3021  第40章 师尊×徒弟（8）:3132  第41章 师尊×徒弟（9）:3175  第42章 师尊×徒弟（10）:3019
          第43章 师尊×徒弟（11）:3230  第44章 师尊×徒弟（12）:3014  第45章 师尊×徒弟（13）:3007  第46章 师尊×徒弟（14）:3124  第47章 师尊×徒弟（15）:3440  第48章 师尊×徒弟（16）:8715
          第49章 师尊×徒弟（完）:3622  第50章 好姐姐×直球小狗（1）:3582  第51章 好姐姐×直球小狗（2）:3760  第52章 好姐姐×直球小狗（3）:3328  第53章 好姐姐×直球小狗（4）:3579  第54章 好姐姐×直球小狗（5）:3589
          第55章 好姐姐×直球小狗（6）:3655  第56章 好姐姐×直球小狗（7）:3015  第57章 好姐姐×直球小狗（8）:3007  第58章 好姐姐×直球小狗（9）:3052  第59章 好姐姐×直球小狗（10）:3032  第60章 好姐姐×直球小狗（11）:3006
          第61章 好姐姐×直球小狗（12）:3451  第62章 好姐姐×直球小狗（13）:3072  第63章 好姐姐×直球小狗（14）:3382  第64章 好姐姐×直球小狗（15）:3055  第65章 好姐姐×直球小狗（16）:3049  第66章 好姐姐×直球小狗（17）:3028
          第67章 好姐姐×直球小狗（18）:3213  第68章 好姐姐×直球小狗（19）:3006  第69章 好姐姐×直球小狗（20）:3038  第70章 好姐姐×直球小狗（21）:3321  第71章 好姐姐×直球小狗（22）:3034  第72章 好姐姐×直球小狗（23）:3006
          第73章 好姐姐×直球小狗（24）:3164  第74章 好姐姐×直球小狗（25）:3374  第75章 好姐姐×直球小狗（26）:3052  第76章 好姐姐×直球小狗（27）:3016  第77章 好姐姐×直球小狗（28）:3022  第78章 好姐姐×直球小狗（29）:3075
          第79章 好姐姐×直球小狗（30）:3320  第80章 好姐姐×直球小狗（31）:3023  第81章 好姐姐×直球小狗（32）:3033  第82章 好姐姐×直球小狗（33）:3214  第83章 好姐姐×直球小狗（34）:3124  第84章 好姐姐×直球小狗（35）:3039
          第85章 好姐姐×直球小狗（36）:3051  第86章 好姐姐×直球小狗（37）:3087  第87章 好姐姐×直球小狗（38）:3070  第88章 好姐姐×直球小狗（39）:3036  第89章 好姐姐×直球小狗（40）:3005  第90章 好姐姐×直球小狗（41）:3605
          第91章 好姐姐×直球小狗（完）:4277  第92章 护法大人×美丽女主（1）:3182  第93章 护法大人×美丽女主（2）:3429  第94章 护法大人×美丽女主（3）:3150  第95章 护法大人×美丽女主（4）:3024  第96章 护法大人×美丽女主（5）:3072
          第97章 护法大人×美丽女主（6）:3124  第98章 护法大人×美丽女主（7）:3083  第99章 护法大人×美丽女主（8）:3050  第100章 护法大人×美丽女主（9）:3018  第101章 护法大人×美丽女主（10）:3072  第102章 护法大人×美丽女主（11）:3174
          第103章 护法大人×美丽女主（完）:3354  第104章 猫猫×狐狐（1）:3330  第105章 猫猫×狐狐（2）:3074  第106章 猫猫×狐狐（3）:3058  第107章 猫猫×狐狐（4）:3033  第108章 猫猫×狐狐（5）:3177
          第109章 猫猫×狐狐（6）:3027  第110章 猫猫×狐狐（7）:3064  第111章 猫猫×狐狐（8）:3107  第112章 猫猫×狐狐（9）:3009  第113章 猫猫×狐狐（10）:3034  第114章 猫猫×狐狐（11）:3059
          第115章 猫猫×狐狐（12）:3087  第116章 猫猫×狐狐（13）:3246  第117章 猫猫×狐狐（14）:3086  第118章 猫猫×狐狐（15）:3138  第119章 猫猫×狐狐（16）:3054  第120章 猫猫×狐狐（17）:3070
          第121章 猫猫×狐狐（18）:3048  第122章 猫猫×狐狐（19）:3056  第123章 猫猫×狐狐（20）:3047  第124章 猫猫×狐狐（21）:3193  第125章 猫猫×狐狐（完）:3111  第126章 霸总×假千金（1）:3083
          第127章 霸总×假千金（2）:3036  第128章 霸总×假千金（3）:3019  第129章 霸总×假千金（4）:3077  第130章 霸总×假千金（5）:3033  第131章 霸总×假千金（6）:3140  第132章 霸总×假千金（7）:3051
          第133章 霸总×假千金（8）:3010  第134章 霸总×假千金（9）:3067  第135章 霸总×假千金（10）:3042  第136章 霸总×假千金（11）:3053  第137章 霸总×假千金（12）:3004  第138章 霸总×假千金（13）:3087
          第139章 霸总×假千金（14）:3232  第140章 霸总×假千金（15）:3175  第141章 霸总×假千金（完）:3041

14:42:49  李娥 (牛尔尔) [完结+番外]  122p→129章  1087KB  OK
          https://www.52shuku.net/gl/15_b/bkbou.html
          第1章:2406  第2章 撑着破伞的傻子:1983  第3章 寡妇李娥:2026  第4章 早餐店老板娘:1495  第5章 家:1120  第6章 小狗淘淘:1643
          第7章 的相好:2230  第8章 不怕人说:1713  第9章 二十四岁:1091  第10章 昝秀贞的故事（上）:1889  第11章 昝秀贞的故事（下）:1513  第12章 那件事:2029
          第13章 没有标题:2147  第14章 昝文溪打工:1017  第15章 老刘早餐店:1584  第16章 都搬吧:2230  第17章 夜晚:1232  第18章:1458
          第19章 没事的:2160  第20章 借钱:2026  第21章 还钱:1734  第22章 打架:1366  第23章 好饿啊:2496  第24章 打人:1336
          第25章 吃蛋糕:1686  第26章 隔阂:2089  第27章 淅淅沥沥:1848  第28章 别管人家:1357  第29章 厌恶她:1252  第30章 混混沌沌:1032
          第31章 侧耳听:1575  第32章 气味:1734  第33章 有德巷五号:1136  第34章 买手机1:1171  第35章 买手机2:2035  第36章 买手机3:2289
          第37章 买手机4:2097  第38章 买手机5:2006  第39章 买手机6:1379  第40章 买手机7:1439  第41章 卖盒饭1:1036  第42章 卖盒饭2:1027
          第43章 卖盒饭3:1264  第44章 卖盒饭4:1703  第45章 卖盒饭5:1357  第46章 卖盒饭6:1901  第47章 卖盒饭7:1115  第48章 卖盒饭8:1067
          第49章 卖盒饭9:1229  第50章 卖盒饭10:1291  第51章 搂腰:1029  第52章 结婚的意义:1042  第53章 酸奶:1556  第54章 心烦意乱:1736
          第55章 猫:1352  第56章 野餐:3714  第57章 小狗们:3109  第58章 李娥好:3867  第59章 李娥坏:3655  第60章 不用:3498
          第61章 人言可畏:4274  第62章 都是邻居:3125  第63章 拍拍照:3375  第64章 猫:3097  第65章 薄情人:3300  第66章 七分裤:3559
          第67章 逛街:3237  第68章 不要命:3265  第69章 酱酱:3177  第70章 怕痒:3297  第71章 淘淘与甜甜:3226  第72章 pe烂:3151
          第73章 丹丹:3257  第74章 你同情我吗:3821  第75章 酸奶水果捞:3791  第76章 好日子:3622  第77章 恐惧:3361  第78章 闻所未闻:3056
          第79章 李娥赖皮:3206  第80章 一家子的幸福生活vlog-锁定版:3779  第81章 你为什么要偷拍她:3355  第82章 昝文溪之死:3951  第83章 李娥的梦:3089  第84章 再次:4107
          第85章 停止内耗:3441  第86章 送送她:3760  第87章 什么关系:4096  第88章 你知道同性恋是什么吗:5393  第89章 李娥的十八岁:4537  第90章 往后别再维护我了:4130
          第91章 未来的事:3125  第92章 徐欢欢的视角:3484  第93章 这样一个人:3117  第94章 我知道你喜欢我:3041  第95章 李娥VS徐欢欢:4019  第96章 别这样:4169
          第97章 女通讯录吵架实录:3604  第98章 女通讯录腻歪日常:3371  第99章 快乐的事01:3300  第100章 快乐的事02:3537  第101章 不快乐的事01:3932  第102章 不快乐的事02:3686
          第103章 不快乐的事03:3203  第104章 快乐的事03:3363  第105章 快乐的事04:3609  第106章 快乐的事05:4432  第107章 快乐的事06:3178  第108章 雪夜01:3110
          第109章 雪夜02:3050  第110章 雪夜03:3230  第111章 常觉亏欠:4095  第112章 各有心思:3239  第113章 我教你写:3480  第114章 婚姻:3395
          第115章 报应:4203  第116章 夜晚:3757  第117章 过年01:3504  第118章 过年02:4417  第119章 过年03:3391  第120章 过年04:5126
          第121章 过年05:3887  第122章 前夜01:5281  第123章 前夜02:3944  第124章 前夜03:4269  第125章 这夜01:3213  第126章 这夜02:3575
          第127章 这夜03:6312  第128章 番外：一家子的幸福生活vlog-解锁版:3156  第129章 这夜04-完结:4967

14:43:24  看不惯那个修无情道的 (宫北夏里) [完结+番外]  93p→95章  837KB  OK
          https://www.52shuku.net/gl/15_b/bkbot.html
          第1章:2848  第2章:2349  第3章:1860  第4章:2967  第5章:1815  第6章:3677
          第7章:2788  第8章:2134  第9章:3679  第10章:2658  第11章:3270  第12章:4858
          第13章:5064  第14章:5451  第15章:4042  第16章:2837  第17章:4670  第18章:3456
          第19章:4158  第20章:11460  第21章:3006  第22章:2583  第23章:3550  第24章:4837
          第25章:4144  第26章:3860  第27章:3025  第28章:3031  第29章:2337  第30章:4208
          第31章:3339  第32章:3180  第33章:3859  第34章:4316  第35章:3132  第36章:3176
          第37章:3097  第38章:3153  第39章:2499  第40章:3584  第41章:6324  第42章:5201
          第43章:3085  第44章:3031  第45章:2228  第46章:3053  第47章:2720  第48章:3559
          第49章:3031  第50章:3114  第51章:3122  第52章:2189  第53章:2066  第54章:2029
          第55章:2541  第56章:2330  第57章:2114  第58章:2126  第59章:2243  第60章:2160
          第61章:2038  第62章:2170  第63章:2055  第64章:2128  第65章:2066  第66章:2133
          第67章:2262  第68章:2219  第69章:2012  第70章:2135  第71章:2012  第72章:2061
          第73章:2414  第74章:2031  第75章:2031  第76章:2206  第77章:2010  第78章:3459
          第79章:2054  第80章:2042  第81章:2181  第82章:2037  第83章:2070  第84章:2051
          第85章:2061  第86章:2089  第87章:2255  第88章:2077  第89章:2012  第90章:2028
          第91章:2009  第92章:2012  第93章:2001  第94章:2389  第95章:2057

14:44:15  公主今天救世了吗 (白苍逢) [完结+番外]  137p→130章  1208KB  OK
          https://www.52shuku.net/gl/15_b/bkbos.html
          第1章 苏醒:3030  第2章 试探:3030  第3章 法则:2035  第4章 任务:2115  第5章 世子:2150  第6章 不驯:1000
          第7章 法则:3045  第8章 半宿:2990  第9章 许诺:3180  第10章 对答:3140  第11章 出宫:4130  第12章 纷争:3500
          第13章 投石:3052  第14章 辩论:3465  第15章 储君:3440  第16章 先帝:3320  第17章 凤凰:3020  第18章 失算:3441
          第19章 暴毙:3510  第20章 阴煞:3187  第21章 夜探:9004  第22章 荒唐:3097  第23章 母亲:3057  第24章 青楼:3316
          第25章 酸苦:2282  第26章 战场:2016  第27章 救人:1900  第28章 偿命:4506  第29章 医者:3501  第30章 念头:3152
          第31章 办学:3038  第32章 移居:3052  第33章 金玉:3012  第34章 民意:504  第35章 滔天:6053  第36章 收徒:3049
          第37章 血缘:2959  第38章 认亲:3037  第39章 开学:3064  第40章 搅合:2237  第41章 测算:3916  第42章 向荣:3618
          第43章 教材:2603  第44章 蜕变:3225  第45章 出事:3232  第46章 阴谋:2899  第47章 原谅:2579  第48章 香囊:2226
          第49章 常氏:3899  第50章 计数:3203  第51章 女傅:3212  第52章 少年:3227  第53章 火锅:3091  第54章 纷争:3030
          第55章 时间:3010  第56章 回家:3027  第57章 疲累:3057  第58章 心事:3056  第59章 日常:3037  第60章 乱起:3088
          第61章 军备:3059  第62章 查抄:3015  第63章 生辰:3010  第64章 愧疚:3045  第65章 邀功:3040  第66章 分配:3040
          第67章 喘息:3040  第68章 失败:3005  第69章 离别:3015  第70章 将归:3170  第71章 迂回:3025  第72章 告白:3185
          第73章 大婚:3085  第74章 昏迷:3015  第75章 咳血:3175  第76章 询问:3005  第77章 尸体:3010  第78章 要求:3005
          第79章 症状:3188  第80章 杂乱:3187  第81章 回音:3025  第82章 心思:3210  第83章 女装:3045  第84章 如故:3040
          第85章 要钱:3025  第86章 进展:3030  第87章 水灾:3030  第88章 飞涨:3590  第89章 赴宴:3055  第90章 国师:3230
          第91章 传承:3095  第92章 阻拦:3055  第93章 告罄:3010  第94章 购买:3005  第95章 人选:3275  第96章 犹豫:3025
          第97章 大悲:3005  第98章 曲径:3235  第99章 骚乱:3015  第100章 疏影:3170  第101章 登基:3015  第102章 交代:3438
          第103章 见面:3010  第104章 契机:3020  第105章 再次:3015  第106章 争执:3041  第107章 如常:3029  第108章 令牌:3030
          第109章 交易:3030  第110章 溯源:3020  第111章 血缘:3010  第112章 协议:3030  第113章 拥抱:3020  第114章 疑问:3005
          第115章 万民:3045  第116章 崽崽:3035  第117章 曾经:3195  第118章 庇护:3055  第119章 缺憾:3050  第120章 条件:3035
          第121章 团子【三六】:3185  第122章 囹圄【三六】:3023  第123章 糖块【三六】:3021  第124章 冲突【三六】:3220  第125章 遇刺【三六】:3057  第126章 清醒【三六】:3217
          第127章 五感【三六】:2176  第128章 消息【三六】:2037  第129章 三愿【三六】:2155  第130章 命格【三六】:2478

14:44:56  雁回 (破破破) [完结+番外]  108p→109章  1003KB  OK
          https://www.52shuku.net/gl/15_b/bkboq.html
          第1章:3188  第2章:2105  第3章:1670  第4章:1785  第5章:2087  第6章:1929
          第7章:2211  第8章:2302  第9章:3415  第10章:2565  第11章:2449  第12章:3050
          第13章:2458  第14章:2639  第15章:2626  第16章:1805  第17章:3001  第18章:3837
          第19章:3734  第20章:2517  第21章:3795  第22章:2102  第23章:2906  第24章:2683
          第25章:2931  第26章:2797  第27章:2376  第28章:2380  第29章:2164  第30章:3191
          第31章:2824  第32章:3186  第33章:3687  第34章:2866  第35章:2818  第36章:2673
          第37章:2717  第38章:2923  第39章:2969  第40章:3076  第41章:2753  第42章:3142
          第43章:3722  第44章:3564  第45章:3267  第46章:3387  第47章:2258  第48章:3047
          第49章:3323  第50章:3442  第51章:3612  第52章:3494  第53章:3547  第54章:2663
          第55章:2705  第56章:2500  第57章:3025  第58章:2350  第59章:3780  第60章:2634
          第61章:2459  第62章:3550  第63章:2780  第64章:2554  第65章:2535  第66章:4153
          第67章:3077  第68章:4010  第69章:4273  第70章:2868  第71章:2877  第72章:2919
          第73章:3039  第74章:3179  第75章:3064  第76章:3080  第77章:3473  第78章:3822
          第79章:3398  第80章:4400  第81章:2700  第82章:2734  第83章:2712  第84章:3057
          第85章:3245  第86章:3068  第87章:3847  第88章:3618  第89章:3814  第90章:3822
          第91章:2906  第92章:2969  第93章:3135  第94章:2854  第95章:2758  第96章:3084
          第97章:3440  第98章:4129  第99章:2995  第100章:2842  第101章:3507  第102章 （正文完）:4681
          第103章 番外一 （if线）向死求生1[番外]:3411  第104章 番外一 （if线）向死求生2[番外]:3161  第105章 番外一 （if线）向死求生3[番外]:5264  第106章 番外一 （if线）向死求生4[番外]:2802  第107章 番外二 （if线2）光芒万丈[番外]:3701  第108章 番外三 后来[番外]:4178
          第109章 后记[番外]:3125

14:45:34  变A后，我标记了死对头 (鲸饮吞海) [完结+番外]  101p→88章  904KB  OK
          https://www.52shuku.net/gl/14_b/bkboc.html
          第1章 我穿了？:3897  第2章 宋影后:3294  第3章 洁癖:3337  第4章 她不是她:3089  第5章 宋落雪给的浪漫:3389  第6章 爽度++++1:3164
          第7章 剧本大改:3091  第8章 九百九十九朵玫瑰:3720  第9章 另有其人:3068  第10章 微博粉丝混战:3044  第11章 吊桥效应:3120  第12章 一起逛街:3155
          第13章 麻烦的身体:3080  第14章 辣妹妆:3067  第15章 杀青:3038  第16章 公开恋情:3027  第17章 宋落雪要跳河？:3031  第18章 先跳为敬:3061
          第19章 发高烧:3066  第20章 来，标记我:3028  第21章 临时标记:3079  第22章 周浅跟宋落雪的CP粉:3023  第23章 正式退圈:3033  第24章 周浅的大粉:3206
          第25章 首映典礼:3103  第26章 突然出现的宋落雪【倒V开始】:3107  第27章 吃醋:3069  第28章 怀疑:3071  第29章 双重人格障碍:3927  第30章 爆红:3145
          第31章 幽会:3091  第32章 原女主的白月光:3019  第33章 爆发:3064  第34章 电影邀约【倒V结束】:3011  第35章 打消宋落雪的疑心:9039  第36章 试镜:3024
          第37章 试镜成功:3041  第38章 修罗场:3016  第39章 停车场:3032  第40章 亲自做早餐:3129  第41章 养母:3111  第42章 敲诈:3008
          第43章 合同:3056  第44章 生病:3030  第45章 新的大粉:3082  第46章 拍爆破戏:3061  第47章 报复:3013  第48章 同学聚会:3099
          第49章 撇清关系:3045  第50章 越线:3081  第51章 绑架:3108  第52章 线索:3083  第53章 手链:3168  第54章 诱饵:3014
          第55章 初恋:3681  第56章 自曝马甲:3030  第57章 亲吻:3026  第58章 以前钓的鱼:3047  第59章 侦探:6162  第60章 破绽:3042
          第61章 照片:3024  第62章 互相掉马:3210  第63章 隔阂:3078  第64章 偏袒:3052  第65章 我们谈谈:3032  第66章 阴阳怪气:3031
          第67章 放飞自我:3011  第68章 一个月为期:3024  第69章 杀青宴:3046  第70章 锋芒:3022  第71章 心动瞬间:3288  第72章 回忆:3224
          第73章 入围金像奖:3241  第74章 abo设定:3116  第75章 夫人:3012  第76章 新剧本:3019  第77章 开机仪式:3064  第78章 四个小时:6069
          第79章 热吻:3050  第80章 恐婚:3333  第81章 获奖:3205  第82章 情.趣内.衣:6066  第83章 我们什么时候结婚:3089  第84章 告别过去:4556
          第85章 领证:4611  第86章 Breeze and freedom:6027  第87章 婚礼【大结局】:5604  第88章 关于高中舞台剧:6240

14:46:37  驸马是个纨绔gl (凌风雪) [完结]  174p→163章  1516KB  OK
          https://www.52shuku.net/gl/14_b/bkbob.html
          第1章 初遇公主:3071  第2章 救下公主:3081  第3章 捉拿采花贼:3041  第4章 天选驸马:3029  第5章 大婚之日:3060  第6章 约法三章:3086
          第7章 公主真可怕:3254  第8章 斗武:3071  第9章 驸马中毒:3037  第10章 本宫的驸马本宫救:3011  第11章 浅吻:3057  第12章 感情升温:3045
          第13章 进宫对峙:3074  第14章 傀儡驸马:3031  第15章 隔阂:3065  第16章 初到渠县遇怪医:3037  第17章 渠县鬼影露初芒:3106  第18章 王家宅子现老妪:3027
          第19章 驸马不要得寸进尺:3109  第20章 别说话，吻本宫。:3100  第21章 夫妻双双诉真情:3086  第22章 怪医口中得线索:3119  第23章 渠县迷雾终散开:3047  第24章 华岩寺下遇截杀:3029
          第25章 唤本宫绮罗:3118  第26章 情到深处自然浓:3101  第27章 假凤虚凰乱云川:3072  第28章 窗台月下许承诺:3044  第29章 摘星楼巧解危机:3079  第30章 琴瑟和鸣两相好（倒v开始）:3018
          第31章 重返云川:3048  第32章 醉酒:3059  第33章 扮猪吃老虎:3085  第34章 宫宴争奇斗艳:3038  第35章 宫宴暗藏杀机:3132  第36章 奏一曲凤求凰:3034
          第37章 引蛇出洞:3045  第38章 山雨欲来风满楼:3053  第39章 夜闯九重宫阙:3029  第40章 长乐公主驾到:3120  第41章 鸳鸯被暖行尽欢:2886  第42章 为你画眉一世:2950
          第43章 瓮中捉鳖:3085  第44章 误会横生:2858  第45章 满园春色:2838  第46章 驸马是个妻管严:3028  第47章 鸾凤和鸣:3006  第48章 冷面阎王:3046
          第49章 设局捉贼:3102  第50章 捉贼行动:3078  第51章 斩首示众:3040  第52章 上元佳节:3069  第53章 危从中来:3032  第54章 为她解香:2368
          第55章 游湖泛舟:3031  第56章 情报组织:3043  第57章 今生有你:3049  第58章 宫中生乱:3037  第59章 太后设宴:3024  第60章 攻心之计（1）:3042
          第61章 攻心之计（2）:3035  第62章 攻心之计（3）:3189  第63章 公主撩人:3049  第64章 小吵小闹:3072  第65章 宸妃之死:3057  第66章 举杯同饮:3075
          第67章 悬案又起:3056  第68章 天机晓阁:3016  第69章 质疑的爱:3137  第70章 不如不见:3045  第71章 吾夫亲启:3043  第72章 疯癫美人:3062
          第73章 红颜如霜:3107  第74章 再见故人:3097  第75章 爱情赌徒:3115  第76章 夫君，回家。:3117  第77章 夫君，别走。:2672  第78章 不要纯爱:3040
          第79章 危险人物:3064  第80章 江雪中计:3122  第81章 她只爱她:3125  第82章 马嵬坡前救夫君:3129  第83章 爱妻成疾:3151  第84章 她们的爱:3114
          第85章 情敌相见:3143  第86章 江雪身世:3279  第87章 敌国来犯:3111  第88章 初露锋芒:3092  第89章 一生一世的妻（倒v结束）:3132  第90章 公主中箭:3130
          第91章 救妻！救妻！:3129  第92章 画地为牢:3094  第93章 以我命换你命:3105  第94章 娘子大人:3013  第95章 纨绔子弟:3119  第96章 引狼入局:3130
          第97章 纨绔学院:3110  第98章 卧龙凤雏:3133  第99章 故弄玄虚:3076  第100章 抛砖引玉:3124  第101章 缱绻温柔:3103  第102章 你记得我就好:3102
          第103章 一战成名:3099  第104章 学院恶霸:3119  第105章 睹物思妻:3135  第106章 投石问路:3151  第107章 一叶障目:3104  第108章 鸡飞狗跳的学院:3126
          第109章 欲加之罪:3050  第110章 江雪遭遇陷害:3082  第111章 东风恶，欢情薄。:3144  第112章 公主为夫翻案（上）:3254  第113章 公主为夫翻案（中）:3170  第114章 公主为夫翻案（下）:3072
          第115章 天若有情天亦老:3050  第116章 最是凝眸无限意:3270  第117章 此情无计可消除:3103  第118章 一寸相思一寸灰:3146  第119章 倘若南风知她意:3050  第120章 前尘往事皆成空:3153
          第121章 以死破局杀太子:3119  第122章 十里长欢难再寻:3080  第123章 天选女将星现世:3087  第124章 江雪欲参西凉军:3085  第125章 再探鬼市寻宝剑:3047  第126章 公主府内奸显形:3073
          第127章 锦官城一夜骤变:3133  第128章 青城山下遇惊险:3122  第129章 犹恐相逢是梦中:3077  第130章 今夕复何夕:3123  第131章 连环之计破锦城:3082  第132章 勇闯道馆夺宝剑:3101
          第133章 千里姻缘一线牵:3108  第134章 公主追夫火葬场:3129  第135章 一往情深深几许:3107  第136章 愿有岁月可回首:3081  第137章 且以深情共白头:3074  第138章 有情人终有离别:3150
          第139章 云川亡国前奏曲:3126  第140章 故来相决绝。:3097  第141章 心似已灰如尘木:3093  第142章 江雪初入新兵营:3115  第143章 乌蒙山对战敌兵:3073  第144章 二殿下到访军营:3062
          第145章 出兵边塞永泰城:3133  第146章 永泰大牢遇故人:3098  第147章 亦可铁甲披寒光:3153  第148章 穿越腾格里沙漠:3063  第149章 沙漠遭遇狼群:3107  第150章 狼群危机化解:3086
          第151章 永乐客栈遇袭:3105  第152章 红水城之战（上）:3101  第153章 红水城之战（下）:3146  第154章 相见亦是恨:3105  第155章 为夫带你走:3096  第156章 真相大白之日:3090
          第157章 往事过眼云烟:3075  第158章 携妻脱困云川:3083  第159章 云缠风不知所起:3112  第160章 情深似海是纠缠:3078  第161章 只愿相伴天涯路:3073  第162章 远离朝堂纷争:3062
          第163章 年年岁岁不相负:3025

14:47:01  废太子生平有三恨 (虞姬叹) [完结+番外]  62p→61章  544KB  OK
          https://www.52shuku.net/gl/14_b/bkboa.html
          第一章:3397  第二章:3603  第三章:2576  第四章:2498  第五章:1731  第六章:2330
          第七章:1520  第八章:1426  第九章:3062  第十章:3343  第十一章:4170  第十二章:3366
          第十三章:3377  第十四章:3032  第十五章:3129  第十六章:3081  第十七章:3275  第十八章:2225
          第十九章:3437  第二十章:3005  第二十一章:3212  第二十二章:3334  第二十三章:3657  第二十四章:3096
          第二十五章:1075  第二十六章:3023  第二十七章:3748  第二十八章:3095  第二十九章:3227  第三十章:3606
          第三十一章:3534  第三十二章:3110  第三十三章:1111  第三十四章:2596  第三十五章:2596  第三十六章:3010
          第三十七章:3862  第三十八章:3037  第三十九章:3588  第四十章:4036  第四十一章:4743  第四十二章:2794
          第四十三章:5102  第四十四章:2394  第四十五章:3165  第四十六章:1596  第四十七章:3220  第四十八章:2263
          第四十九章:3287  第五十章:3007  第五十一章:3089  第五十二章:2416  第五十三章:2673  第五十四章:1905
          第五十五章:2439  第五十六章 (大结局倒计时、三):3100  第五十七章 (大结局倒计时、二):2191  第五十八章 (大结局倒计时、一):2015  第五十九章 皇后与赵梦川番外:2587  第六十章 镜妖番外:1758
          第六十一章 小情侣篇(前世今生，几大段重复描写，慎看):3841

14:48:06  别撩 (沧海惊鸿) [完结+番外]  175p→156章  1456KB  OK
          https://www.52shuku.net/gl/14_b/bkbnZ.html
          第1章:3500  第2章:3230  第3章:3256  第4章:3170  第5章:3197  第6章:2960
          第7章:3983  第8章:3407  第9章:3416  第10章:3000  第11章:3203  第12章:3100
          第13章:3132  第14章:2853  第15章:2946  第16章:3036  第17章:3008  第18章:3017
          第19章:3089  第20章:2991  第21章:2105  第22章:2500  第23章:2521  第24章:3074
          第25章:3116  第26章:3046  第27章:3108  第28章:3034  第29章:3080  第30章:3173
          第31章:3066  第32章:3091  第33章:3181  第34章:3121  第35章:3295  第36章:3116
          第37章:3227  第38章:3046  第39章:3087  第40章:3041  第41章:2963  第42章:3154
          第43章:3131  第44章:2791  第45章:3036  第46章:3057  第47章:2884  第48章:3012
          第49章:3026  第50章:3002  第51章:2851  第52章:3033  第53章:2725  第54章:3160
          第55章:2660  第56章:2466  第57章:2249  第58章:3084  第59章:3138  第60章:3013
          第61章:3014  第62章:2885  第63章:3085  第64章:3115  第65章:3116  第66章:3102
          第67章:3071  第68章:3182  第69章:3055  第70章:3038  第71章:3047  第72章:3033
          第73章:3156  第74章:3138  第75章:3033  第76章:3049  第77章:3044  第78章:3146
          第79章:3169  第80章:3027  第81章:3221  第82章:3146  第83章:3226  第84章:3021
          第85章:3080  第86章:3038  第87章:3125  第88章:3090  第89章:3163  第90章:3106
          第91章:3278  第92章:3026  第93章:3044  第94章:3110  第95章:3155  第96章:3030
          第97章:3094  第98章:3017  第99章:3018  第100章:3222  第101章:3123  第102章:3033
          第103章:3217  第104章:3015  第105章:3174  第106章:3122  第107章:3074  第108章:3351
          第109章:3024  第110章:3081  第111章:3021  第112章:3049  第113章:3021  第114章:3015
          第115章:3071  第116章:3049  第117章:3292  第118章:3016  第119章:3106  第120章:3064
          第121章:3222  第122章:3067  第123章:3113  第124章:3104  第125章:3034  第126章:3101
          第127章:3054  第128章:3085  第129章:3064  第130章:3016  第131章:3047  第132章:3111
          第133章:3091  第134章:3067  第135章:3220  第136章:3114  第137章:3126  第138章:3097
          第139章:3045  第140章:3002  第141章:3002  第142章:2975  第143章:3046  第144章:3210
          第145章:3187  第146章:3110  第147章:3151  第148章:3043  第149章:3123  第150章:3007
          第151章:3206  第152章:3166  第153章:3110  第154章:3021  第155章:3259  第156章 番外:3643

14:48:56  被影后渣后我演技突飞猛进 (镜渺) [完结]  135p→112章  1213KB  OK
          https://www.52shuku.net/gl/14_b/bkbnY.html
          第1章:2778  第2章:2223  第3章:2228  第4章:2192  第5章:2567  第6章:2377
          第7章:2277  第8章:2301  第9章:2060  第10章:2364  第11章:3754  第12章:2192
          第13章:2526  第14章:2535  第15章:2518  第16章:2508  第17章:2737  第18章:2925
          第19章:2346  第20章:2337  第21章:3378  第22章:2339  第23章:2184  第24章:2318
          第25章:2400  第26章:2457  第27章:2021  第28章:2467  第29章:3066  第30章:3103
          第31章:10675  第32章:5305  第33章:4640  第34章:4275  第35章:4436  第36章:4891
          第37章:4249  第38章:3045  第39章:4249  第40章:5075  第41章:3243  第42章:3319
          第43章:4193  第44章:3634  第45章:2368  第46章:2672  第47章:3052  第48章:3057
          第49章:3080  第50章:3940  第51章:5212  第52章:3982  第53章:7449  第54章:3325
          第55章:3236  第56章:3025  第57章:3180  第58章:3278  第59章:3086  第60章:3113
          第61章:3460  第62章:5339  第63章:3514  第64章:3166  第65章:3250  第66章:3358
          第67章:3122  第68章:3203  第69章:2221  第70章:2756  第71章:4714  第72章:4057
          第73章:3497  第74章:3157  第75章:3126  第76章:4159  第77章:6261  第78章:3144
          第79章:3071  第80章:2116  第81章:1770  第82章:3600  第83章:2268  第84章:2513
          第85章:4707  第86章:1800  第87章:2394  第88章:3648  第89章:3638  第90章:2472
          第91章:2277  第92章:3732  第93章:7810  第94章:3341  第95章:3174  第96章:3077
          第97章:3253  第98章:3601  第99章:2278  第100章:6147  第101章:2650  第102章:3259
          第103章:4243  第104章:2976  第105章:12487  第106章:6181  第107章:5987  第108章:3086
          第109章:6127  第110章:3096  第111章:6255  第112章:10840

14:50:03  被迫和闪婚老婆组CP (易长书) [完结+番外]  182p→115章  1552KB  OK
          https://www.52shuku.net/gl/14_b/bkbnX.html
          第1章:3112  第2章:3098  第3章:3260  第4章:3127  第5章:2558  第6章:3189
          第7章:2798  第8章:3263  第9章:2914  第10章:2941  第11章:3039  第12章:3253
          第13章:2682  第14章:3201  第15章:3463  第16章:3646  第17章:3499  第18章:2255
          第19章:3060  第20章:2596  第21章:3077  第22章:2939  第23章:2868  第24章:3086
          第25章:10213  第26章:3869  第27章:4528  第28章:3212  第29章:3629  第30章:3896
          第31章:3276  第32章:3241  第33章:3198  第34章:3854  第35章:3583  第36章:4233
          第37章:4511  第38章:3242  第39章:3905  第40章:3543  第41章:6587  第42章:6219
          第43章:6189  第44章:6183  第45章:6562  第46章:6267  第47章:6236  第48章:6223
          第49章:6243  第50章:6238  第51章:6582  第52章:6197  第53章:6993  第54章:6187
          第55章:6207  第56章:6285  第57章:6620  第58章:6208  第59章:6572  第60章:6209
          第61章:6286  第62章:6250  第63章:6670  第64章:6265  第65章:6234  第66章:6899
          第67章:6874  第68章:6601  第69章:6217  第70章:6582  第71章:6174  第72章:6248
          第73章:6241  第74章:6223  第75章:3555  第76章:4248  第77章:3881  第78章:3238
          第79章:4579  第80章:4579  第81章:3205  第82章:3219  第83章:4206  第84章:4279
          第85章:3612  第86章:3205  第87章:3236  第88章:4560  第89章:5208  第90章:3193
          第91章:3186  第92章:3212  第93章:3182  第94章:4203  第95章:3586  第96章:4869
          第97章:2343  第98章:3882  第99章:3182  第100章:3251  第101章:3228  第102章:3205
          第103章:3193  第104章:3179  第105章:3506  第106章:3195  第107章:3885  第108章:4549
          第109章:3882  第110章 番外①:5582  第111章 番外②:3209  第112章 番外③:4861  第113章 番外④:3231  第114章 番外⑤:7586
          第115章 番外⑥:3203

14:51:02  我为总监解风情 (鱼不忆99) [完结+番外]  160p→88章  1406KB  OK
          https://www.52shuku.net/gl/14_b/bkbnW.html
          第1章:3566  第2章:4423  第3章:3788  第4章:3297  第5章:3818  第6章:4239
          第7章:4662  第8章:4053  第9章:4175  第10章:4293  第11章:4287  第12章:4112
          第13章:3516  第14章:3385  第15章:4419  第16章:3812  第17章:3868  第18章:3755
          第19章:3912  第20章:3673  第21章:4285  第22章:3915  第23章:3317  第24章:3426
          第25章:10885  第26章:3850  第27章:4690  第28章:3559  第29章:4858  第30章:4918
          第31章:4520  第32章:4386  第33章:3339  第34章:3888  第35章:4356  第36章:4882
          第37章:4208  第38章:5178  第39章:3667  第40章:3856  第41章:3850  第42章:4969
          第43章:4629  第44章:4252  第45章:4511  第46章:4893  第47章:4912  第48章:4522
          第49章:6629  第50章:6566  第51章:6299  第52章:6583  第53章:5627  第54章:4202
          第55章:4893  第56章:5888  第57章:5336  第58章:6705  第59章:5626  第60章:7197
          第61章:7388  第62章:7266  第63章:7370  第64章:7205  第65章:7909  第66章:7336
          第67章:7252  第68章:5685  第69章:7588  第70章:7870  第71章:4226  第72章:4590
          第73章:4357  第74章:4235  第75章:6639  第76章:5908  第77章:3856  第78章:3628
          第79章:4550  第80章:6188  第81章:7225  第82章:6181  第83章:7560  第84章:6340
          第85章:8888  第86章 正文完结:10878  第87章 番外剧场:10558  第88章 番外完结:10865

14:52:31  我的翻译官老婆 (第五湛) [完结]  246p→202章  2148KB  OK
          https://www.52shuku.net/gl/14_b/bkbnV.html
          第1章:2653  第2章:4564  第3章:3918  第4章:3585  第5章:3281  第6章:3608
          第7章:3732  第8章:3138  第9章:2200  第10章:3779  第11章:3571  第12章:2228
          第13章:2615  第14章:2086  第15章:2140  第16章:2689  第17章:2478  第18章:3030
          第19章:2414  第20章:2323  第21章:5430  第22章:6306  第23章:4574  第24章:4221
          第25章:3227  第26章:3523  第27章:3548  第28章:3583  第29章:3480  第30章:3406
          第31章:3252  第32章:3284  第33章:3311  第34章:3206  第35章:3144  第36章:3905
          第37章:3214  第38章:3315  第39章:3425  第40章:3399  第41章:3325  第42章:3244
          第43章:3468  第44章:3681  第45章:3566  第46章:3328  第47章:3373  第48章:4534
          第49章:3372  第50章:3623  第51章:3610  第52章:3569  第53章:3433  第54章:3457
          第55章:3930  第56章:3276  第57章:3648  第58章:3649  第59章:5173  第60章:2935
          第61章:3582  第62章:3275  第63章:3282  第64章:3673  第65章:3818  第66章:3418
          第67章:3764  第68章:4136  第69章:3320  第70章:3172  第71章:3951  第72章:3911
          第73章:3360  第74章:3105  第75章:3524  第76章:3335  第77章:3074  第78章:3683
          第79章:3812  第80章:3281  第81章:3625  第82章:3765  第83章:3594  第84章:3390
          第85章:3395  第86章:3087  第87章:3025  第88章:3411  第89章:3513  第90章:3446
          第91章:3416  第92章:3327  第93章:3228  第94章:3243  第95章:3065  第96章:3401
          第97章:6103  第98章:3215  第99章:3367  第100章:3339  第101章:3536  第102章:3580
          第103章:3139  第104章:3749  第105章:4682  第106章:3260  第107章:3668  第108章:3207
          第109章:3184  第110章:3353  第111章:3378  第112章:3409  第113章:3114  第114章:4357
          第115章:3762  第116章:3362  第117章:3692  第118章:3983  第119章:3127  第120章:3290
          第121章:3391  第122章:3717  第123章:5022  第124章:3284  第125章:3471  第126章:3216
          第127章:5953  第128章:3451  第129章:3417  第130章:3373  第131章:3317  第132章:3493
          第133章:3258  第134章:3987  第135章:3648  第136章:3197  第137章:3812  第138章:3525
          第139章:3528  第140章:3592  第141章:2358  第142章:3793  第143章:4003  第144章:3565
          第145章:2439  第146章:3222  第147章:2161  第148章:3701  第149章:3189  第150章:3429
          第151章:3300  第152章:3194  第153章:3339  第154章:3210  第155章:3601  第156章:3332
          第157章:3671  第158章:4102  第159章:3312  第160章:3416  第161章:3413  第162章:3362
          第163章:3330  第164章:3676  第165章:3311  第166章:3784  第167章:3265  第168章:4020
          第169章:3573  第170章:3446  第171章:3609  第172章:3235  第173章:4101  第174章:4267
          第175章:3431  第176章:3989  第177章:3420  第178章:3284  第179章:3851  第180章:3397
          第181章:3328  第182章:3290  第183章:3894  第184章:3391  第185章:3489  第186章:3426
          第187章:3881  第188章:4440  第189章:3411  第190章:4271  第191章:3353  第192章:3407
          第193章:3326  第194章:3338  第195章:3678  第196章:3310  第197章:3572  第198章:3345
          第199章:3851  第200章:3876  第201章:3376  第202章:5309

14:53:25  成为残疾姐姐的小可怜 (小错儿) [完结]  146p→107章  1287KB  OK
          https://www.52shuku.net/gl/14_b/bkbnU.html
          第1章:2165  第2章:2540  第3章:5402  第4章:2083  第5章:2097  第6章:2465
          第7章:2081  第8章:2548  第9章:2791  第10章:2105  第11章:3774  第12章:2102
          第13章:2039  第14章:2094  第15章:2144  第16章:3028  第17章:2127  第18章:1611
          第19章:3408  第20章:2042  第21章:3425  第22章:1978  第23章:2175  第24章:2097
          第25章:2161  第26章:2241  第27章:2326  第28章:2075  第29章:2259  第30章:10521
          第31章:3596  第32章:3592  第33章:5227  第34章:3181  第35章:3882  第36章:3938
          第37章:3862  第38章:4184  第39章:3171  第40章:3531  第41章:3188  第42章:5197
          第43章:5532  第44章:5186  第45章:3307  第46章:5051  第47章:7553  第48章:6849
          第49章:3178  第50章:5870  第51章:4170  第52章:3195  第53章:3838  第54章:6197
          第55章:6181  第56章:6214  第57章:3839  第58章:3178  第59章:6841  第60章:10171
          第61章:3555  第62章:6227  第63章:7639  第64章:3183  第65章:3174  第66章:3200
          第67章:3552  第68章:3536  第69章:3190  第70章:3196  第71章:4568  第72章:3192
          第73章:3649  第74章:3874  第75章:3210  第76章:4519  第77章:6202  第78章:3173
          第79章:3226  第80章:6189  第81章:6202  第82章:6196  第83章:6503  第84章:3529
          第85章:3520  第86章:5941  第87章:6187  第88章:3189  第89章:2851  第90章:6203
          第91章:6173  第92章:3190  第93章:2839  第94章:3169  第95章:3177  第96章:3171
          第97章:5517  第98章:4508  第99章:5177  第100章:3226  第101章:3187  第102章:3867
          第103章:3186  第104章:3184  第105章:5516  第106章:5848  第107章:5235

14:53:59  别无她选 (柏拉路) [完结+番外]  91p→74章  782KB  OK
          https://www.52shuku.net/gl/14_b/bkbnT.html
          第1章:3163  第2章:3552  第3章:3537  第4章:3383  第5章:2867  第6章:3116
          第7章:3168  第8章:3303  第9章:3198  第10章:3428  第11章:3429  第12章:3181
          第13章:3149  第14章:3136  第15章:3808  第16章:3319  第17章:3201  第18章:3433
          第19章:3187  第20章:3455  第21章:3632  第22章:3274  第23章:3413  第24章:3093
          第25章:3212  第26章:2909  第27章:2981  第28章:2768  第29章:2923  第30章:3882
          第31章:3278  第32章:3496  第33章:3404  第34章:3437  第35章:3427  第36章:3679
          第37章:3980  第38章:3791  第39章:3030  第40章:3409  第41章:4125  第42章:3081
          第43章:3384  第44章:3631  第45章:3370  第46章:3984  第47章:3791  第48章:3829
          第49章:4330  第50章:3960  第51章:4412  第52章:3176  第53章:3634  第54章:3600
          第55章:3094  第56章:4047  第57章:3510  第58章:4390  第59章:4193  第60章:3305
          第61章:3526  第62章:3658  第63章:3649  第64章:3620  第65章:4179  第66章:3681
          第67章:1328  第68章:3925  第69章:2997  第70章:3965  第71章:4078  第72章:4397
          第73章 番外一:3290  第74章 番外二:3835

14:54:57  渣A她又在作死 (遗世仙) [完结]  157p→97章  1376KB  OK
          https://www.52shuku.net/gl/14_b/bkbnS.html
          第1章 茉莉青提:3555  第2章 薄荷黑巧:3074  第3章 杨枝甘露:3060  第4章 芋泥麻薯:3010  第5章 提拉米苏:3197  第6章 草莓啵啵:3070
          第7章 柠檬卡仕达:3061  第8章 半熟芝士:3110  第9章 芒果西米露:3125  第10章 双皮奶:3628  第11章 草莓班戟:2175  第12章 雷神巧克力:2132
          第13章 奶油号角:2546  第14章 香蕉可丽饼:2007  第15章 焦糖布丁:2241  第16章 手指泡芙:2128  第17章 拿破仑蛋糕:2665  第18章 玛德琳:2792
          第19章 马卡龙:2319  第20章 萨芭雍:1861  第21章 焦糖苹果挞:1136  第22章 巧克力布朗尼:1669  第23章 甜甜圈:4711  第24章 苹果糖:10033
          第25章 枫糖浆:3491  第26章 草莓冰沙:3101  第27章 柠檬奶冻:4421  第28章 西多士:3478  第29章 抹茶可露丽:2110  第30章 磅蛋糕:3118
          第31章 熔岩巧克力:3097  第32章 红豆铜锣烧:3102  第33章 黄油年糕:2340  第34章 海盐曲奇:1483  第35章 太妃糖:2059  第36章 蛋黄酥:2648
          第37章 闪电泡芙:2153  第38章 萨赫蛋糕:3504  第39章 布蕾脆脆奶芙:3307  第40章 黑糖珍珠圣代:1861  第41章 舒芙蕾:4343  第42章 茉莉奶绿:2743
          第43章 甜蛋羹:1572  第44章 芋圆葡萄:3375  第45章 伯牙绝弦:3097  第46章 云深幽兰:3116  第47章 抹茶四季春:3049  第48章 橙C美式:3224
          第49章 抹茶柚子冰:3206  第50章 香柠绿茶:3551  第51章 苹果金凤梨:3322  第52章 芋圆奶茶:3519  第53章 酒酿圆子:3234  第54章 芒果芭菲:2718
          第55章 焦糖玛奇朵:3138  第56章 卡布奇诺:3037  第57章 柚C美式:3091  第58章 阳光青提美式:3463  第59章 歌剧院:3024  第60章 荔枝冰萃:3008
          第61章 莫吉托:3327  第62章 恰巴塔:3145  第63章 巧克力碱水结:6343  第64章 苏式月饼:6099  第65章 马蹄爆爆珠:6434  第66章 香草丝绒拿铁:6044
          第67章 波士顿派:6030  第68章 椰椰烧仙草:6110  第69章 乳酸菌冰茶:6040  第70章 葡萄气泡美式:6320  第71章 桂香拿铁:7044  第72章 抹茶拿铁:9053
          第73章 桃桃红柚:5835  第74章 软酪小方:8722  第75章 可可芭蕾:9337  第76章 芦荟美式:5847  第77章 小白巧拿铁:10149  第78章 熊猫陨石拿铁:9191
          第79章 玫瑰花香拿铁:8682  第80章 荔枝乳酸菌冰茶:3213  第81章 多肉葡萄咖:3023  第82章 乌龙奶茶:3398  第83章 小桑葚果蔬茶:3064  第84章 抹茶好喝椰:10609
          第85章 气泡苏打水:9926  第86章 金桂荔枝冻冻:10067  第87章 芒芒生椰甘露:9969  第88章 葡萄冰茶:9533  第89章 奶皮子拿铁:9759  第90章 什锦冰沙:9541
          第91章 红茶玛奇朵:9578  第92章 鲜芋奶绿:9168  第93章 葡萄柚绿:9219  第94章 酸奶草莓绿:9225  第95章 生椰杨枝甘露:5086  第96章 蜜桃乌龙:7298
          第97章 草莓味生椰拿铁:16362

14:56:04  成为病娇O的毛茸茸 (其叶卿卿) [完结+番外]  185p→121章  1624KB  OK
          https://www.52shuku.net/gl/14_b/bkbnO.html
          第1章:3599  第2章:3266  第3章:3350  第4章:3046  第5章:3059  第6章:3060
          第7章:3068  第8章:3047  第9章:3052  第10章:2055  第11章:2135  第12章:2747
          第13章:2128  第14章:2257  第15章:2028  第16章:2137  第17章:1947  第18章:2277
          第19章:2038  第20章:2828  第21章:2242  第22章:2078  第23章:2128  第24章:2909
          第25章:9636  第26章:5635  第27章:4968  第28章:5948  第29章:5173  第30章:6668
          第31章:6302  第32章:6361  第33章:7071  第34章:6201  第35章:6200  第36章:6201
          第37章:6401  第38章:6246  第39章:6201  第40章:6301  第41章:6403  第42章:8049
          第43章:6340  第44章:6201  第45章:6200  第46章:6345  第47章:6251  第48章:6200
          第49章:6423  第50章:6067  第51章:6269  第52章:6201  第53章:6200  第54章:6201
          第55章:6465  第56章:6394  第57章:6201  第58章:6069  第59章:6000  第60章:6201
          第61章:6102  第62章:6000  第63章:6123  第64章:3253  第65章:3601  第66章:3200
          第67章:3300  第68章:3401  第69章:3600  第70章:3346  第71章:3001  第72章:3200
          第73章:6490  第74章:3683  第75章:3646  第76章:3900  第77章:3200  第78章:3324
          第79章:3300  第80章:3508  第81章:3301  第82章:3656  第83章:6251  第84章:3252
          第85章:3249  第86章:3001  第87章:6044  第88章:3201  第89章:3471  第90章:3600
          第91章:3361  第92章:4062  第93章:3601  第94章:3372  第95章:3600  第96章:5387
          第97章:9201  第98章:3745  第99章:6109  第100章:8497  第101章 后记（一）:2993  第102章 后记（二）:3200
          第103章 后记（三）:3200  第104章 后记（四）:3196  第105章 后记（五）:4394  第106章 后记（六）:3198  第107章 古代种田if线（一）:3200  第108章 古代种田if线（二）:3299
          第109章 古代种田if线（三）:3600  第110章 古代种田if线（四）:4000  第111章 古代种田if线（五）:3554  第112章 古代种田if线（六）:3000  第113章 古代种田if线（七）:5000  第114章 古代if线（八）:3944
          第115章 古代if线（九）:3900  第116章 古代if线（十）:3600  第117章 古代if线（十一）:3300  第118章 古代if线（十二）:3898  第119章 古代if线（十三）:4295  第120章 古代if线（十四）:12295
          第121章 祝福:1902

14:57:15  假千金死后她追悔莫及 (豆米吃火锅) [完结]  171p→131章  1514KB  OK
          https://www.52shuku.net/gl/14_b/bkbnN.html
          第1章:3415  第2章:3352  第3章:4122  第4章:3718  第5章:3198  第6章:4713
          第7章:3505  第8章:4195  第9章:3486  第10章:4051  第11章:4687  第12章:4285
          第13章:3350  第14章:3062  第15章:4243  第16章:4377  第17章:3871  第18章:2394
          第19章:3473  第20章:3418  第21章:2852  第22章:3271  第23章:3427  第24章:3193
          第25章:3423  第26章:2174  第27章:3493  第28章:4829  第29章:5673  第30章:4356
          第31章:3665  第32章:3890  第33章:3615  第34章:3895  第35章:3243  第36章:4177
          第37章:3486  第38章:4272  第39章:5377  第40章:3926  第41章:3610  第42章:4230
          第43章:4237  第44章:3245  第45章:3997  第46章:4537  第47章:3911  第48章:4264
          第49章:4994  第50章:4932  第51章:3301  第52章:5397  第53章:5181  第54章:3957
          第55章:4269  第56章:5246  第57章:3342  第58章:4259  第59章:3323  第60章:3601
          第61章:3916  第62章:4677  第63章:3336  第64章:3376  第65章:4043  第66章:3603
          第67章:4312  第68章:3713  第69章:4527  第70章:3654  第71章:3397  第72章:4068
          第73章:3780  第74章:3664  第75章:3980  第76章:3593  第77章:3911  第78章:3765
          第79章:3702  第80章:4554  第81章:3671  第82章:4262  第83章:4239  第84章:3280
          第85章:3882  第86章:3587  第87章:3550  第88章:3313  第89章:3585  第90章:6731
          第91章:3679  第92章:3933  第93章:3233  第94章:3422  第95章:3419  第96章:5296
          第97章:4562  第98章:3667  第99章:4556  第100章:3698  第101章:2715  第102章:3239
          第103章:3288  第104章:3002  第105章:2683  第106章:2823  第107章:2818  第108章:4339
          第109章:3296  第110章:3330  第111章:4988  第112章:2237  第113章:3610  第114章:3273
          第115章:3240  第116章:3587  第117章:3384  第118章:3610  第119章:3292  第120章:3211
          第121章:3552  第122章:3646  第123章:3635  第124章:3555  第125章:3538  第126章:3593
          第127章:3571  第128章:4243  第129章:3352  第130章:4650  第131章:7985

14:58:03  今也则亡 (稚怯) [完结+番外]  130p→98章  1120KB  OK
          https://www.52shuku.net/gl/14_b/bkbnM.html
          第1章 重生:3791  第2章 结契:3526  第3章 血海:3720  第4章 鬼胎:3585  第5章 祭品:3800  第6章 神官:3906
          第7章 无常:3606  第8章 十五:3625  第9章 尸林:3361  第10章 旖旎:3438  第11章 流萤:3302  第12章 冷月:3312
          第13章 成仙:2381  第14章 水井:2776  第15章 幻境:5393  第16章 新娘:3288  第17章 黑市:3765  第18章 氤氲:3288
          第19章 暴露:2278  第20章 日光:3702  第21章 失控:3312  第22章 人偶:3769  第23章 青竹:3359  第24章 作画:3488
          第25章 诡影:3387  第26章 脱离:3224  第27章 试炼:3159  第28章 野果:6153  第29章 鲛人泪（一）:4206  第30章 鲛人泪（二）:3345
          第31章 寄苍海（三）:5685  第32章 壁上观（四）:3344  第33章 唇齿寒（五）:4607  第34章 唇齿寒（六）:4008  第35章 见天光（七）:3249  第36章 见天光（八）:3430
          第37章 不眠夜:3300  第38章 似旧人:4123  第39章 恶夜魇:3197  第40章 沧溟枢:3947  第41章 女子青楼:4420  第42章 夜会情人:4280
          第43章 临界暧昧:4404  第44章 当街抢亲:3986  第45章 盲女听春:3233  第46章 甘之如饴:3457  第47章 又见故人:4054  第48章 生死契阔:4252
          第49章 孤女命薄:3836  第50章 囚徒共犯:4032  第51章 命运与共:3922  第52章 冬敕玉京:3527  第53章 湮灭尘烟:3396  第54章 幻域:3501
          第55章 放纵:3925  第56章 归山:2950  第57章 醉酒:3483  第58章 旧梦:3458  第59章 变故:3209  第60章 着迷:5186
          第61章 对峙:3617  第62章 定论:3332  第63章 兽耳:4833  第64章 前世:4420  第65章 悸动:3947  第66章 冷骤:5432
          第67章 师姐:4443  第68章 是生灭法:4114  第69章 业果不虚:5902  第70章 息妄归真:3788  第71章 一夜梅花开:3669  第72章 言行情难却:3500
          第73章 魔族二公主:3692  第74章 九幽鬼域:3357  第75章 猫妖狸奴:3211  第76章 灯引重逢:2587  第77章 不二宿命:3353  第78章 贪嗔痴妄:3295
          第79章 意乱情迷:3093  第80章 混乱:4106  第81章 囚禁:3367  第82章 伪装:4052  第83章 甘愿:3213  第84章 如鲠:3524
          第85章 破裂:4097  第86章 碎玉:3474  第87章 残缺:3128  第88章 前兆:3632  第89章 地狱修罗:3486  第90章 魔器认主:2699
          第91章 生死天劫:3664  第92章 弑神灭君:3065  第93章 魂寂无名:3996  第94章 殉情拜生:3476  第95章 四季更迭:5018  第96章 今也则亡:5828
          第97章 颠鸾倒凤:3076  第98章 鸾凤和鸣:5838

14:58:40  死遁后，无情道师尊她后悔了 (愿望成真) [完结]  99p→79章  866KB  OK
          https://www.52shuku.net/gl/14_b/bkbnL.html
          第1章 天煞孤星:2490  第2章 初相见:2847  第3章 提醒:3265  第4章 信任:3081  第5章 告诫:3312  第6章 规则:3114
          第7章 变故:3199  第8章 练气五层:3132  第9章 拍卖会（一）:3198  第10章 拍卖会（二）:3075  第11章 放纵:3096  第12章 剑灵:3097
          第13章 初入宗门:3122  第14章 识破伪装:3124  第15章 误会:3214  第16章 无恙:3069  第17章 练气七层:3147  第18章 预感:3183
          第19章 修习剑法:3119  第20章 前因后果:3112  第21章 醋意:3020  第22章 玄幽重水:3072  第23章 执念:3101  第24章 剑气初成:3055
          第25章 决定:3061  第26章 克制:3083  第27章 幻术:3257  第28章 掌门之言:3195  第29章 连胜:3172  第30章 临战突破:3298
          第31章 掌门之令:3047  第32章 求情:3143  第33章 醉吻:10180  第34章 通感:6809  第35章 厮磨:8368  第36章 预言:7239
          第37章 情思:3192  第38章 秘境开启:3958  第39章 思念:3537  第40章 相见:4238  第41章 渡气:4909  第42章 掉马:5614
          第43章 绮念:4886  第44章 心魔:4200  第45章 入梦:6183  第46章 清醒:3619  第47章 结丹:3210  第48章 秘法:4571
          第49章 承诺:5037  第50章 离开:3552  第51章 客栈:3206  第52章 变故:3589  第53章 西沙劫起:3594  第54章 错杀挚爱:4052
          第55章 复生:3811  第56章 希望:3364  第57章 百年:3266  第58章 错过:3205  第59章 重逢:4065  第60章 心软:3252
          第61章 共枕:3283  第62章 同眠:3661  第63章 心殇:3223  第64章 矛盾:3321  第65章 回宗:3325  第66章 预感:3853
          第67章 酸楚:3276  第68章 异象:3245  第69章 魔气:3240  第70章 形势:3219  第71章 反转:3322  第72章 危机:3222
          第73章 天道:3214  第74章 灭魔:3201  第75章 故人:3238  第76章 合籍大典:3348  第77章 结为道侣:3343  第78章 执掌乾坤:3301
          第79章 共长生:3095

14:59:16  与决裂的偏执青梅重逢后 (浪呈) [完结]  95p→70章  848KB  OK
          https://www.52shuku.net/gl/14_b/bkbnK.html
          第1章 打小人 世界真细小:2696  第2章 威胁 一个焦急，一个冷漠。……:4397  第3章 报复 手腕一转，牵住祝亦年的手。……:4204  第4章 开始 “那我陪你走快点。”:2806  第5章 咖啡 手指不可避免擦过祝亦年前胸……:2207  第6章 系扣 映在镜子的窈窕身影:2321
          第7章 香氛 但我很喜欢你:3024  第8章 雪糕 自顾自抹去文向好指尖的雪糕:2822  第9章 阿黄 “阿年，我爱你。”……:3336  第10章 购物 颧骨直直撞上文向好微张的唇……:3795  第11章 解释 “没骗你，肿了。”:3926  第12章 做饭 “应该练得很好吧。”:4041
          第13章 哄睡 从床沿这边移到另一边:3554  第14章 露营 “……你想要吗？”:3773  第15章 狗绳 蓬松柔软的触感透过掌心:2577  第16章 蜂蜜 舌尖舔过滴过两人虎口的蜂蜜……:2566  第17章 试探 视线只容纳得下对方:2681  第18章 受伤 “阿好，我想进去看看你。”……:2910
          第19章 关心 目光像是在肌肤游走的蛇:2800  第20章 坏事 在门未有动静时快速拧开瓶盖……:2924  第21章 待客 “哪一种喜欢？”:2225  第22章 酒吧 要抢走那杯马天尼:3992  第23章 抢酒 文向好所有的声音被祝亦年的唇堵……:2637  第24章 缠吻 化守为攻，咬了上去:2228
          第25章 洗澡 甩开垂在她腿根间的手臂:4393  第26章 醒来 被她揽着的，也紧紧拥着她的……:3970  第27章 公园 非要用友谊的名头自欺欺人:4074  第28章 喷泉 “我们的嘴角都破了。”:4049  第29章 乌龙 这是祝亦年想和她一起看的电影？……:2383  第30章 例子 你是不是有喜欢的人:3092
          第31章 求签 “求姻缘。”:3705  第32章 擦拭 耳畔的温热气息:3675  第33章 秘密 祝亦年额角流着鲜血:5287  第34章 遮阳 牵个手不可以吗？:4257  第35章 芬梨 “写你喜欢的人的名字。”……:3974  第36章 密语 “我已经无法压抑自己的情感”……:4245
          第37章 耳夹 爱人最好，朋友也行，仇人亦可……:5189  第38章 整蛊 “嗯，的确很软。”:4946  第39章 跳舞 你来我往的博弈:3452  第40章 牌局 双膝夹住其原本欲退回的脚腕……:10821  第41章 警醒 陷入虚妄的温柔乡:4476  第42章 犹豫 不能再推进下去了。:3612
          第43章 合作 “我要同你一齐走。”:3982  第44章 拥抱 为什么这个拥抱要迟到十年？……:3768  第45章 冤枉 手掌一把将文向好推向一旁:4229  第46章 错话 “你能不能不要再缠着我”……:8189  第47章 出走 灿烂的一切没有等到今晚的主人翁……:4828  第48章 修改中可不买 祝亦年日记:2196
          第49章 重见 “你好。”:4043  第50章 光临 “一起睡。”:5077  第51章 选择 “或者，同我舌吻。”:6435  第52章 说明 没有人能够比你更懂我:4942  第53章 考核 直接摔在祝亦年身上:4798  第54章 租房 朋友的界限:5803
          第55章 床垫 不宣的亲密:5001  第56章 入职 “我饿了。”:4225  第57章 心机 在你的房间（修）:5233  第58章 别扭 “手很湿。”:4756  第59章 游戏 给你喜欢的人打电话:4184  第60章 退步 两种喜欢是否相同:4017
          第61章 难题 “阿好，你爱一个人是什么样子？……:3733  第62章 散步 “朋友可以一起踩星星，对吧？”……:3019  第63章 快乐 “一路顺风。”:5462  第64章 过节 “再示范一次给我看看呢。”……:2797  第65章 游玩 “我已经放下暗恋”:4030  第66章 海滩 缓缓向文向好靠近，再靠近……:3726
          第67章 庆祝 想重新讲完中断的表白:4872  第68章 栽赃 “……这些是假的。”:6473  第69章 清算 我正想打的小人，是你:5112  第70章 毕打爱人 正文完:3900

14:59:47  你到底有多少好姐姐 (岁拾) [完结+番外]  80p→75章  667KB  OK
          https://www.52shuku.net/gl/14_b/bkbnJ.html
          第1章 Chapter1 倒反天罡:2102  第2章 Chapter2 拿起手机:2064  第3章 Chapter3 不合时宜:2306  第4章 Chapter4 只给你听:2366  第5章 Chapter5 会有奖励:2071  第6章 Chapter6 粉色裙子:2218
          第7章 Chapter7 就这个吧:2510  第8章 Chapter8 兰博基尼:2614  第9章 Chapter9 加个微信:2515  第10章 Chapter10 亲亲表情:2561  第11章 Chapter11 一杆清台:2540  第12章 Chapter12 做好朋友:2368
          第13章 Chapter13 已读不回:2512  第14章 Chapter14 随时可以:2083  第15章 Chapter15 红裙照片:2161  第16章 Chapter16 喜欢就好:2167  第17章 Chapter17 医院相遇:2182  第18章 Chapter18 举一反三:2181
          第19章 Chapter19 车坏掉了:2269  第20章 Chapter20 死了多好:2347  第21章 Chapter21 欲盖弥彰:2223  第22章 Chapter22 周年庆典:2191  第23章 Chapter23 特别礼物:2225  第24章 Chapter24 面馆相遇:2278
          第25章 Chapter25 加个好友:2237  第26章 Chapter26 因为是你:2136  第27章 Chapter27 周年庆典:2075  第28章 Chapter28 不告而别:2754  第29章 Chapter29 去拿外套:2687  第30章 Chapter30 滔天怒火:2723
          第31章 Chapter31 不会再见:2728  第32章 Chapter32 未来前路:2714  第33章 Chapter33 果然有缘:2623  第34章 Chapter34 认识一下:2733  第35章 Chapter35 一次尝试:3320  第36章 Chapter36 抓娃娃机:2938
          第37章 Chapter37 去我那里:3771  第38章 Chapter38 半杯红酒:3100  第39章 Chapter39 好巧不巧:3332  第40章 Chapter40 发错人了:3447  第41章 Chapter41 在线试探:3118  第42章 Chapter42 藏好马甲:2771
          第43章 Chapter43 怪可爱的:3739  第44章 Chapter44 送了发夹:2991  第45章 Chapter45 快点醒来:3425  第46章 Chapter46 真是笨蛋:3347  第47章 Chapter47 好毒的嘴:3461  第48章 Chapter48 恋爱关系:3858
          第49章 Chapter49 悄悄祈祷:3456  第50章 Chapter50 爱情白痴:3684  第51章 Chapter51 亲自喂饭:2661  第52章 Chapter52 索要名分:4113  第53章 Chapter53 记得想我:4092  第54章 Chapter54 大胆尝试:3819
          第55章 Chapter55 新的开始:3366  第56章 Chapter56 这很重要:3430  第57章 Chapter57 真的好坏:4427  第58章 Chapter58 聪明宝宝:3709  第59章 Chapter59 留下吻痕:3692  第60章 Chapter60 隔空递话:3314
          第61章 Chapter61 占据上风:3340  第62章 Chapter62 互相监督:3675  第63章 Chapter63 没送礼物:3376  第64章 Chapter64 答非所问:2803  第65章 Chapter65 依偎入眠:3779  第66章 Chapter66 语言艺术:3371
          第67章 Chapter67 刻苦学习:2547  第68章 Chapter68 想我没有:3056  第69章 Chapter69 吃掉冰沙:3105  第70章 Chapter70 做个好梦:3315  第71章 Chapter71 丰收季节:3743  第72章 Chapter72 新的一岁:4029
          第73章 Chapter73 每天都说:3138  第74章 Chapter74 做了个梦:3384  第75章 Chapter75 大学校……:3153

15:01:14  恶龙小姐与哑巴小厨娘 (嗜眠) [完结]  229p→144章  2055KB  OK
          https://www.52shuku.net/gl/14_b/bkbnE.html
          第1章:2946  第2章:3680  第3章:6009  第4章:4550  第5章:3220  第6章:4454
          第7章:3653  第8章:1762  第9章:3176  第10章:4664  第11章:3575  第12章:3458
          第13章:2238  第14章:2642  第15章:3058  第16章:3274  第17章:3933  第18章:7913
          第19章:8027  第20章:3493  第21章:6349  第22章:6136  第23章:3025  第24章:4967
          第25章:8404  第26章:3814  第27章:3815  第28章:8478  第29章:3484  第30章:9051
          第31章:4133  第32章:5901  第33章:1724  第34章:7672  第35章:7811  第36章:3776
          第37章:3019  第38章:3360  第39章:3066  第40章:3355  第41章:4787  第42章:2319
          第43章:3067  第44章:3360  第45章:3648  第46章:3004  第47章 小小加更:3657  第48章:4224
          第49章:3248  第50章:3684  第51章:3298  第52章:3081  第53章:3408  第54章:6707
          第55章:3399  第56章:3209  第57章:3165  第58章:3448  第59章:3125  第60章:3099
          第61章:3319  第62章:2964  第63章:3391  第64章:7663  第65章:6797  第66章:3330
          第67章:3367  第68章:3143  第69章:3294  第70章:3078  第71章:3269  第72章:3365
          第73章:3091  第74章:3288  第75章:3699  第76章:2986  第77章:3495  第78章:3474
          第79章:3352  第80章:3474  第81章:4027  第82章:6406  第83章:3422  第84章:6436
          第85章:4044  第86章:5989  第87章:3546  第88章:3414  第89章:3474  第90章:5006
          第91章:4909  第92章:6473  第93章:7044  第94章:5865  第95章:6390  第96章:6574
          第97章:6517  第98章:6726  第99章:6559  第100章:6405  第101章:6158  第102章:6819
          第103章:6628  第104章:7267  第105章:5468  第106章:6471  第107章:6933  第108章:6113
          第109章:6396  第110章:6578  第111章:6437  第112章:6667  第113章:7220  第114章:5814
          第115章:6067  第116章:6556  第117章:6208  第118章:6505  第119章:6141  第120章:6494
          第121章:6906  第122章:5990  第123章:6402  第124章:6259  第125章:6837  第126章:2694
          第127章:5237  第128章:2307  第129章:3373  第130章:3325  第131章:5093  第132章:4553
          第133章 我喜欢你:5320  第134章:9464  第135章:2720  第136章:3400  第137章:4727  第138章:8016
          第139章:3777  第140章:6682  第141章:3451  第142章:3494  第143章:3721  第144章 正文完:5457

15:02:17  案发现场禁止谈情说爱1.0 (同心难改的胡耀耀) [完结+番外]  172p→152章  1576KB  OK
          https://www.52shuku.net/gl/14_b/bkbnD.html
          第1章 序章:5132  第2章 失责:3556  第3章 盛典:3119  第4章 影后:4294  第5章 命案:3920  第6章 笔录:3730
          第7章 报到:4194  第8章 曾经:3849  第9章 家宴:4072  第10章 心理:3718  第11章 套路:4015  第12章 恋人:3762
          第13章 顾问:3449  第14章 公司:4114  第15章 验证:3625  第16章 诱饵:3391  第17章 黑喵:3442  第18章 宠溺:3321
          第19章 校园:3730  第20章 拍摄:3343  第21章 温柔:3687  第22章 争执:3657  第23章 沈总:4676  第24章 病因:3166
          第25章 靓汤:3516  第26章 晚宴:4430  第27章 收网:4137  第28章 审讯:4107  第29章 逮捕:3762  第30章 鸡汤:3924
          第31章 落败:4077  第32章 花园:3575  第33章 亲吻:3615  第34章 盘问:3450  第35章 宵夜:3671  第36章 黄昏:3422
          第37章 定性:3321  第38章 定性II:3361  第39章 结案:4386  第40章 家宴:3559  第41章 约会:3227  第42章 偶遇:4153
          第43章 锦旗:3450  第44章 尸体:3735  第45章 死者:3351  第46章 疲惫:3229  第47章 诱惑:3144  第48章 殴打:3526
          第49章 抓人:3198  第50章 绯闻:3665  第51章 父女:3286  第52章 威慑:3731  第53章 律己:3163  第54章 钟情:3901
          第55章 神灵:3194  第56章 选择:3677  第57章 家宴:3084  第58章 爱意:3394  第59章 线索:3159  第60章 奶茶:3542
          第61章 树敌:3270  第62章 回家:3362  第63章 为难:4042  第64章 演绎:3188  第65章 强势:3241  第66章 猫蛊:3526
          第67章 情深:3563  第68章 细碎:3260  第69章 叙诡:3557  第70章 笑怼:3830  第71章 缜密:3176  第72章 目击:3654
          第73章 探班:3291  第74章 糟糕:3151  第75章 大胆:3261  第76章 各自:3318  第77章 捅破:3067  第78章 控诉:3033
          第79章 心疼:3309  第80章 人证:3193  第81章 真凶:3211  第82章 视频:3410  第83章 心事:3691  第84章 出发:3427
          第85章 露营:3507  第86章 推理:3389  第87章 拥吻:3512  第88章 日出:3184  第89章 离开:3835  第90章 莱茗:3217
          第91章 莱茗II:3167  第92章 莱茗III:3048  第93章 莱茗IV:3153  第94章 莱茗V:3203  第95章 莱茗VI:3413  第96章 莱茗VII:3189
          第97章 莱茗VIII:3148  第98章 莱茗IX:3250  第99章 莱茗X:3392  第100章 莱茗XI:3084  第101章 莱茗XII:3099  第102章 莱茗XIII:3239
          第103章 莱茗XIV:3480  第104章 莱茗XV:3168  第105章 莱茗XVI:3171  第106章 莱茗XVII:3170  第107章 莱茗XVIII:3129  第108章 莱茗XIX:3380
          第109章 莱茗XX:3168  第110章 莱茗XXI:3487  第111章 莱茗XXII:3046  第112章 莱茗XXIII:3084  第113章 莱茗XXIV:3363  第114章 莱茗XXV:3541
          第115章 莱茗XXVI:3213  第116章 莱茗XXVII:3231  第117章 死寂:3163  第118章 呆滞:3091  第119章 一体:3433  第120章 深渊:3140
          第121章 洛村:3360  第122章 疲惫:3183  第123章 宴会:3625  第124章 见面:3309  第125章 密室:3058  第126章 恶心:3264
          第127章 弑父:3196  第128章 弑父II:3300  第129章 回归:3296  第130章 对峙:3031  第131章 认同:3206  第132章 晕倒:3103
          第133章 重逢:3223  第134章 清晨:3587  第135章 耀眼:3183  第136章 判断:3470  第137章 认可:3201  第138章 吃醋:3091
          第139章 失踪:3335  第140章 失踪II:3055  第141章 失踪III:3131  第142章 失踪IV:3869  第143章 失踪V:4221  第144章 失踪VI:3172
          第145章 失踪VII:4220  第146章 解救:4218  第147章 救援:3377  第148章 告破:3601  第149章 赢家:2979  第150章 赢家II:3132
          第151章 完结:4995  第152章 番外:4807

15:02:53  在雨季上升 (bqal) [完结+番外]  95p→76章  892KB  OK
          https://www.52shuku.net/gl/14_b/bkbnC.html
          第1章:3760  第2章:2930  第3章:2110  第4章:2295  第5章:3666  第6章:4397
          第7章:2471  第8章:3123  第9章:3716  第10章:3085  第11章:2040  第12章:2359
          第13章:3008  第14章:2353  第15章:3546  第16章:2064  第17章:3185  第18章:2860
          第19章:2356  第20章:3520  第21章:2364  第22章:1928  第23章:3160  第24章:2655
          第25章:3457  第26章:4176  第27章:3401  第28章:2523  第29章:3327  第30章:3549
          第31章:3261  第32章:3411  第33章 连清灏番外1:9322  第34章:1407  第35章:3346  第36章:3775
          第37章:2696  第38章:3539  第39章:3621  第40章:3195  第41章:4122  第42章:3834
          第43章:2351  第44章:2821  第45章:3824  第46章:4246  第47章:3158  第48章:2544
          第49章:3748  第50章:4025  第51章:3491  第52章 连清灏番外2:11414  第53章:3285  第54章:4811
          第55章:4152  第56章:3443  第57章:3170  第58章:3253  第59章:8318  第60章:4566
          第61章:5628  第62章:2648  第63章:4249  第64章:7147  第65章:4960  第66章:4581
          第67章:4399  第68章:4305  第69章:6587  第70章:3741  第71章:7439  第72章:5053
          第73章:7105  第74章:4862  第75章:6813  第76章 全文完:7161

15:03:32  谎的言，世的界gl[姐狗] (四只碗) [完结+番外]  107p→76章  950KB  OK
          https://www.52shuku.net/gl/13_b/bkbl0.html
          第1章 雨夜:3867  第2章 初吻（修）:3602  第3章 试试（修）:2677  第4章 游戏（修）:3476  第5章 女儿（修）:3106  第6章 纯爱（修）:2717
          第7章 故人（修）:2925  第8章 主动:1553  第9章 争论:4123  第10章 日常:2571  第11章 老婆（修）:3084  第12章 电话:2495
          第13章 dirty talk:3290  第14章 醋王:3491  第15章 矛盾:3014  第16章 决定:2467  第17章 童年:2903  第18章 答辩:2572
          第19章 生日:2806  第20章 小年:2590  第21章 逗弄:4040  第22章 除夕:3271  第23章 忆昔:5268  第24章 入职:3893
          第25章 反击:4625  第26章 官宣:7197  第27章 前世:7099  第28章 坏狗:4815  第29章 笼子:7111  第30章 妈妈:7879
          第31章 真相:11678  第32章 报复:6930  第33章 病态:5473  第34章 忏悔:5074  第35章 逃离:2518  第36章 讨厌:4506
          第37章 夜场:5304  第38章 惩罚（上）:5005  第39章 惩罚（下）:3505  第40章 时针:5686  第41章 阴雨:5108  第42章 初秋:2881
          第43章 春梦:4771  第44章 过去:2833  第45章 溯雪:3855  第46章 邮件:3248  第47章 告白（修）:4522  第48章 奇点:3158
          第49章 烟花:4429  第50章 拒爱:5006  第51章 枉死:4064  第52章 焚天:6587  第53章 暴雨:7115  第54章 危局:6354
          第55章 血秋（重逢前的倒二章）:8116  第56章 事故:13830  第57章 重逢:2672  第58章 装醉:3811  第59章 歧义（修）:4354  第60章 remote control:2374
          第61章 拥抱:4282  第62章 纯黄（修）:1606  第63章 复婚:2172  第64章 破绽:1724  第65章 请柬:4337  第66章 伴娘:3708
          第67章 求婚:7232  第68章 蜜月:3230  第69章 故地（有彩蛋）:4185  第70章 [锁] 该章节由作者自行锁定:3  第71章 if现代姑侄线预告:444  第72章 第一个晨昏:2121
          第73章 宠物的自疑:2256  第74章 爬行的宠物:2540  第75章 姑母的许可:3297  第76章 关系冷静期:2544

15:04:03  为了追老婆我不咸鱼啦 (木糖哎) [完结+番外]  80p→95章  735KB  OK
          https://www.52shuku.net/gl/13_b/bkblz.html
          第1章:2618  第2章:3002  第3章:2895  第4章:2380  第5章:2541  第6章:2972
          第7章:2393  第8章:2477  第9章:2566  第10章:2369  第11章:2359  第12章:2716
          第13章:2080  第14章:2491  第15章:2651  第16章:2919  第17章:2741  第18章:2889
          第19章:3063  第20章:3336  第21章:2888  第22章:4118  第23章:2961  第24章:2510
          第25章:3031  第26章:2845  第27章:3262  第28章:3017  第29章:2313  第30章:2138
          第31章:3549  第32章:2709  第33章:2470  第34章:3082  第35章:3032  第36章:2401
          第37章:2901  第38章:2335  第39章:2577  第40章:2386  第41章:2717  第42章:2429
          第43章:2126  第44章:2023  第45章:2512  第46章:2372  第47章:2373  第48章:2250
          第49章:2694  第50章:2497  第51章:2781  第52章:2002  第53章:2739  第54章:2206
          第55章:2180  第56章:2514  第57章:2641  第58章:2093  第59章:2649  第60章:3077
          第61章:2488  第62章:2718  第63章:2231  第64章:2875  第65章:2132  第66章:2625
          第67章:3190  第68章:2420  第69章:2466  第70章:2170  第71章:2942  第72章:2758
          第73章:2445  第74章:2342  第75章:2689  第76章:2121  第77章:2712  第78章:2186
          第79章:2151  第80章:2304  第81章:2147  第82章:3055  第83章:2498  第84章:2671
          第85章:2772  第86章:2102  第87章:2148  第88章:2699  第89章:2118  第90章:2156
          第91章:2104  第92章:2079  第93章:2110  第94章 番外一:2047  第95章 番外二:2338

15:05:42  女书生，制霸科举 (阿消) [完结+番外]  273p→243章  2453KB  OK
          https://www.52shuku.net/gl/13_b/bkblq.html
          第1章:3170  第2章:3186  第3章:2958  第4章:3414  第5章:3209  第6章:3250
          第7章:3448  第8章:3199  第9章:3105  第10章:3162  第11章:3190  第12章:3245
          第13章:3174  第14章:3302  第15章:3165  第16章:3038  第17章:3228  第18章:3332
          第19章:3238  第20章:3261  第21章:9551  第22章:3033  第23章:3110  第24章:3074
          第25章:3004  第26章:3918  第27章:3331  第28章:3106  第29章:3726  第30章:3112
          第31章:3221  第32章:3185  第33章:3293  第34章:3170  第35章:3382  第36章:3178
          第37章:3748  第38章:3063  第39章:3170  第40章:3444  第41章:3400  第42章:3279
          第43章:3177  第44章:3179  第45章:3118  第46章:3163  第47章:3282  第48章:3473
          第49章:3656  第50章:3377  第51章:3277  第52章:3265  第53章:3476  第54章:3349
          第55章:3194  第56章:3514  第57章:3405  第58章:3388  第59章:3366  第60章:3422
          第61章:3084  第62章:3237  第63章:3340  第64章:3253  第65章:3247  第66章:3072
          第67章:3483  第68章:3317  第69章:3125  第70章:3328  第71章:3265  第72章:3329
          第73章:3099  第74章:3309  第75章:3132  第76章:3252  第77章:3072  第78章:3020
          第79章:3069  第80章:3611  第81章:3385  第82章:3267  第83章:3345  第84章:3101
          第85章:3015  第86章:3101  第87章:3553  第88章:3133  第89章:3140  第90章:3172
          第91章:3002  第92章:3788  第93章:3350  第94章:3187  第95章:3076  第96章:3340
          第97章:3238  第98章:3147  第99章:3152  第100章:3487  第101章:3131  第102章:3505
          第103章:3578  第104章:3270  第105章:3112  第106章:3060  第107章:3125  第108章:3142
          第109章:3158  第110章:3495  第111章:3301  第112章:3955  第113章:3286  第114章:3180
          第115章:6822  第116章:3081  第117章:3879  第118章:4064  第119章:3329  第120章:3357
          第121章:3022  第122章:3157  第123章:3286  第124章:3013  第125章:3332  第126章:3160
          第127章:3168  第128章:4077  第129章:3238  第130章:3318  第131章:3229  第132章:3224
          第133章:3111  第134章:3184  第135章:3369  第136章:3259  第137章:3278  第138章:3209
          第139章:3110  第140章:3470  第141章:3131  第142章:3158  第143章:3050  第144章:3113
          第145章:3286  第146章:3551  第147章:3383  第148章:3424  第149章:3382  第150章:3269
          第151章:3120  第152章:3281  第153章:3346  第154章:3260  第155章:3337  第156章:3142
          第157章:3301  第158章:3320  第159章:3164  第160章:3425  第161章:3430  第162章:3287
          第163章:3517  第164章:3307  第165章:3223  第166章:3355  第167章:3147  第168章:3409
          第169章:3203  第170章:3641  第171章:3235  第172章:3104  第173章:3095  第174章:3345
          第175章:3052  第176章:3740  第177章:3744  第178章:4017  第179章:3076  第180章:3255
          第181章 这眼睛真亮:3372  第182章:3183  第183章:3362  第184章:3229  第185章:3093  第186章:3589
          第187章:3299  第188章:3024  第189章:3149  第190章:3101  第191章:3540  第192章:3348
          第193章:3246  第194章:3331  第195章:3319  第196章:3209  第197章:3338  第198章:3004
          第199章:3308  第200章:3002  第201章:3535  第202章:3454  第203章:3029  第204章:3161
          第205章:3384  第206章:3665  第207章:3354  第208章:3108  第209章:3493  第210章:3163
          第211章:3204  第212章:3200  第213章:3305  第214章:3236  第215章:3183  第216章:3311
          第217章:3402  第218章:3114  第219章:3886  第220章:3547  第221章:3080  第222章:3124
          第223章:3334  第224章:3473  第225章:3392  第226章:3252  第227章:3661  第228章:3532
          第229章:3169  第230章:3445  第231章:3065  第232章:3162  第233章:3105  第234章:3034
          第235章:3437  第236章:3620  第237章:3431  第238章:3231  第239章:3729  第240章:3401
          第241章:4076  第242章:8160  第243章:3196

15:06:39  咫尺偏爱 (不二一白) [完结+番外]  157p  (无章节标记)  1372KB  OK
          https://www.52shuku.net/gl/12_b/bkbkM.html
          全文: 463482字

15:07:16  酸乌梅 (讨酒的叫花子) [完结+番外]  98p→73章  838KB  OK
          https://www.52shuku.net/gl/12_b/bkbkK.html
          第1章 chapter 001 “他们不要你……:3365  第2章 chapter 002 给她了，就是……:3426  第3章 chapter 003 “你好没出息……:3098  第4章 chapter 004 “求求你，求……:3202  第5章 chapter 005 “别怕，我会……:3433  第6章 chapter 006 “我走了，你……:3046
          第7章 chapter 007 我是笨蛋:3655  第8章 chapter 008 上中学了:3124  第9章 chapter 009 温允好像变得……:4157  第10章 chapter 010 得分屋睡了……:3271  第11章 chapter 011 “不准看我，……:3057  第12章 chapter 012 “我原谅你了……:3043
          第13章 chapter 013 她本来就是我……:3282  第14章 chapter 014 弯绕的小心思……:3132  第15章 chapter 015 你陪陪我嘛:3074  第16章 chapter 016 在其他人看不……:3220  第17章 chapter 017 高中:3053  第18章 chapter 018 “不是不能抱……:3103
          第19章 chapter 019 “谁给我妹写……:3071  第20章 chapter 020 埋她颈侧吸味……:8634  第21章 chapter 021 甜的:5151  第22章 chapter 022 乍一看像是亲……:4771  第23章 chapter 023 “别哼，娇里……:3362  第24章 chapter 024 “喜欢？”……:3381
          第25章 chapter 025 高中结束:3351  第26章 chapter 026 “你不会也有……:3581  第27章 chapter 027 “干什么呀，……:3467  第28章 chapter 028 亲她的下巴，……:4526  第29章 chapter 029 舔了一小口……:4437  第30章 chapter 030 故意逗弄人:3394
          第31章 chapter 031 磨人:3355  第32章 chapter 032 饶了我吧，理……:4286  第33章 chapter 033 “不要……”……:3324  第34章 chapter 034 “乖，听话………:3398  第35章 chapter 035 做了坏事心虚……:3412  第36章 chapter 036 脸都憋红了……:3454
          第37章 chapter 037 “对，只能归……:3654  第38章 chapter 038 “你今晚看光……:4730  第39章 chapter 039 初吻:4765  第40章 chapter 040 亲了又亲:4454  第41章 chapter 041 “下回咬我别……:3274  第42章 chapter 042 搬回一屋住:4701
          第43章 chapter 043 她妈和温世林……:4414  第44章 chapter 044 “老实点。”……:5862  第45章 chapter 045 “不要闹，很……:4393  第46章 chapter 046 我也是你的。……:4821  第47章 chapter 047 “你亲我一下……:6441  第48章 chapter 048 这次才是主动……:3331
          第49章 chapter 049 温情与安抚……:3963  第50章 chapter 050 浓浓爱意:4775  第51章 chapter 051 第一次单独出……:4031  第52章 chapter 052 “你是想我的……:3312  第53章 chapter 053 掀起她的悸动……:3372  第54章 chapter 054 “香的。”……:3325
          第55章 chapter 055 “喜不喜欢？……:3271  第56章 chapter 056 “看我。”……:3354  第57章 chapter 057 抓包:3411  第58章 chapter 058 被动出柜……:3334  第59章 chapter 059 “是不是时余……:4346  第60章 chapter 060 拉锯:4756
          第61章 chapter 061 缓和局面:3763  第62章 chapter 062 回转:3381  第63章 chapter 063 和解:3492  第64章 chapter 064 那啥啥……就……:3338  第65章 chapter 065 “咬重点都没……:3341  第66章 chapter 066 “我喜欢…………:3261
          第67章 chapter 067 “我也喜欢你……:3400  第68章 chapter 068 我可是你的童……:3475  第69章 chapter 069 老婆孩子热炕……:3302  第70章 大结局 正文完:3763  第71章 番外一 吃醋:3403  第72章 番外二 老板，你包｜养我吧:3626
          第73章 番外三 全文完:5386

15:07:54  连枝共冢[娱乐圈] (假鱼) [完结]  101p→52章  849KB  OK
          https://www.52shuku.net/gl/12_b/bkbkJ.html
          第1章 四年不见:3522  第2章 外套:3522  第3章 礼尚往来:3718  第4章 音乐会:3353  第5章 警告:3323  第6章 唯唯诺诺:3303
          第7章 校园暴力:3256  第8章 手腕力量:3471  第9章 微信:3235  第10章 选修课程:3778  第11章 更衣室:3440  第12章 缠在一起:3079
          第13章 指甲:3147  第14章 太岁:2682  第15章 游戏:3175  第16章 你的味道:3768  第17章 偷偷地:4190  第18章 口红:4147
          第19章 叫老公:3246  第20章 亲吻:3063  第21章 能干可靠:3321  第22章 你在早恋:9977  第23章 我的奖牌:6520  第24章 我喜欢:6111
          第25章 生日快乐:3876  第26章 愿望:3401  第27章 年级第一:4132  第28章 裙子:3915  第29章 过渡:4539  第30章 你会懂得:6212
          第31章 是这样吗:6252  第32章 分手吧:6197  第33章 不需要你:4054  第34章 冲突:6574  第35章 长记性:9323  第36章 车祸:3727
          第37章 热搜:10394  第38章 轮到她了:10372  第39章 好久不见:10656  第40章 替身:10321  第41章 堵上你的嘴:10558  第42章 海晏汤:11336
          第43章 严静仪:10427  第44章 你需要我:10436  第45章 口红:6203  第46章 重新:6189  第47章 怀孕:9538  第48章 拔刀吧情敌:4420
          第49章 愁苦:6313  第50章 见面:4692  第51章 做吗:3824  第52章 全文完:3356

15:08:29  古早虐文女主的渣A前妻 (华澜君) [完结]  94p→77章  823KB  OK
          https://www.52shuku.net/gl/12_b/bkbkI.html
          第1章 第 1 章 怀里这个女人是谁？:3522  第2章 第 2 章 仿佛一朵娇艳的玫瑰正在慢……:3173  第3章 第 3 章 岂不是还要标记！:2260  第4章 第 4 章 没想到这么快机会就来了。……:3397  第5章 第 5 章 多一眼他都不想看到这个不……:2354  第6章 第 6 章 标记牙蠢蠢欲动。:2693
          第7章 第 7 章 女主会清洗掉她的信香吗？:2234  第8章 第 8 章 想要见到温瑾安咬上一口的……:2249  第9章 第 9 章 她到底想要什么？:2636  第10章 第 10 章 难道她有什么秘密是自己……:3071  第11章 第 11 章 腺体像是被唤醒了记忆般……:3087  第12章 第 12 章 就不能委婉一些，非要如……:3493
          第13章 第 13 章 她的演技如此高超了吗？……:2881  第14章 第 14 章 心情莫名有些沉重。:2986  第15章 第 15 章 昨晚的安抚时房间里桃子……:3068  第16章 第 16 章 她就是被这双眼睛给骗了……:4013  第17章 第 17 章 她也该适当的表表衷心。……:2280  第18章 第 18 章 她必须早做逃走的打算才……:2175
          第19章 第 19 章 好好的一个乾元怎么就不……:3169  第20章 第 20 章 到底是谁想断谁的活路。……:3424  第21章 第 21 章 两个宝贝疙瘩打起来了。……:3506  第22章 第 22 章 温瑾安突然就很期待看到……:12676  第23章 第 23 章 不愧是女主。:3342  第24章 第 24 章 这样的女孩本该千娇百宠……:3399
          第25章 第 25 章 果然还是自己天真了。……:3274  第26章 第 26 章 睡一起？！:5083  第27章 第 27 章 世上怎么会有这么娇气的……:3512  第28章 第 28 章 惊喜不断:3354  第29章 第 29 章 仿佛印证她之前的猜测:5275  第30章 第 30 章 背着温瑾安，秦泱颇有些……:4888
          第31章 第 31 章 心疼自己坤泽是好事，但……:3436  第32章 第 32 章 她可以确定秦泱根本不识……:3373  第33章 第 33 章 如果不是已经知道她不是……:3358  第34章 第 34 章 秦泱姐姐真的很疼瑾安姐……:5022  第35章 第 35 章 如果你输了给我一千两，……:3471  第36章 第 36 章 该死的自己怎么就哭了？……:3363
          第37章 第 37 章 猝不及防，一口桃香……:3320  第38章 第 38 章 总不能说她好像看到她……:3369  第39章 第 39 章 她就说怎么眼熟，敢情是……:3281  第40章 第 40 章 秦泱差点破防，当着她……:3279  第41章 第 41 章 靠！竟然是女配！……:3365  第42章 (三合一) 她虽然今天没洗澡，但也不……:8878
          第43章 第 43 章 她果然在打温瑾安的主意……:3710  第44章 第 44 章 打听秦泱有没有纳妾的意……:3299  第45章 第 45 章 温瑾安被宫里的人带走。……:3342  第46章 第 46 章 本宫问你，你可有欺负过……:3709  第47章 第 47 章 皇儿恋爱脑无疑了。……:4433  第48章 第 48 章 自己可是写了整整两页，……:3317
          第49章 第 49 章 秦泱确实很厉害。:3373  第50章 第 50 章 敢情专坑熟人！:3368  第51章 第 51 章 乾元怎么发热期比坤泽还……:5788  第52章 第 52 章 温瑾安：“....……:3322  第53章 第 53 章 她与那林小姐会不会从前……:3278  第54章 第 54 章 报恩的办法很多，……:2368
          第55章 第 55 章 乔迁:4036  第56章 第 56 章 大晚上为什么要换衣服？……:3398  第57章 第 57 章 她都怀疑自己的腺体都快……:3368  第58章 第 58 章 女配怎得还跟……:3277  第59章 第 59 章 “我会派人送你们回……:2404  第60章 第 60 章 文竹便是之前留在公……:4088
          第61章 第 61 章 沿街的小商贩也有……:4818  第62章 第 62 章 秦泱笑笑，从马车上……:3355  第63章 第 63 章 “就是用一些吸引顾……:3383  第64章 第 64 章 “来，给你介绍一……:3474  第65章 第 65 章 可为什么....……:3279  第66章 第 66 章 秦泱最终选定了天香……:2982
          第67章 第 67 章 “殿下，程将军求见。……:2649  第68章 第 68 章 听她这么一说，温瑾……:1563  第69章 第 69 章 见她不接，秦泱也懒……:1293  第70章 第 70 章 秦泱沉默了，没想到逃离……:3348  第71章 第 71 章 她是要认账，还是要认账……:3353  第72章 第 72 章 她敢肯定温瑾安绝对是故……:2577
          第73章 第 73 章 以前怎么没发现温瑾安这……:2267  第74章 第 74 章 她肚子里的孩子应该还是……:5166  第75章 第 75 章 她这么快就忘了秦家人曾……:4126  第76章 第 76 章 殿下这是心疼秦小姐呢。……:4054  第77章 第 77 章 山水有相逢:2890

15:08:53  开机甲申请第10086次被拒 (沈心素) [完结]  62p→54章  562KB  OK
          https://www.52shuku.net/gl/12_b/bkbkH.html
          第1章 不安 “你4岁就去酒吧？”……:3790  第2章 异常 “给个创口贴呗”:3873  第3章 嗜血 “你快死了”:3522  第4章 入狱 “该你履行承诺了”:3289  第5章 羁绊 “重新回到地面”:3115  第6章 实验 “我的眼里，只有异种”:3285
          第7章 战友 “一闪一闪亮……呜呜呜”……:3015  第8章 飞天 “猎鹰只能开这么快吗”:3049  第9章 行踪 “我们脚下都是异种”:3123  第10章 仿生人 “这些仿生人，全是你的脸”……:3126  第11章 血月 “溴雾浓度303”:3314  第12章 低温 “奇怪，油门呢”:3486
          第13章 谈心 “你愿意相信我们吗”:3106  第14章 疑虑 “怎么不等我们死了再来”……:5035  第15章 质疑 “地面本该是人类的”:3675  第16章 回去 “许安不见了”:3568  第17章 实验 五彩纸折叠的机械风的裙子…………:3169  第18章 研究 “如实告诉我，冯览是不是仿生人……:3085
          第19章 解质 “不要让任何人想起我”:3077  第20章 变故 “你的戒指真好看”:3102  第21章 危机 “这些异种有翅膀！”:3116  第22章 惊现 “地面真的有人类”:3033  第23章 失忆 “你怎么奇奇怪怪的”:3079  第24章 朝拜 “乖，让一下”:3217
          第25章 博士 “她不是人”:3138  第26章 许安 “许你一生平安，万事顺遂”……:3340  第27章 袒露 “我的小说没了，你得赔我”……:3112  第28章 净化 “海水真的是蓝色”:3270  第29章 噩梦 “她死前，喊了我一声哥哥”……:3703  第30章 日记 “我杀了他”:3685
          第31章 房子 “用异种做的房子……”……:4151  第32章 怪物 “我们这些人，没一个手上干净”……:4323  第33章 异变 “饥寒交迫，换子相食”……:6892  第34章 协作 “你这张皮可真好看”:3409  第35章 昭雪 “我的两个人类小朋友”:3253  第36章 公司 “我可是个柔弱的小女孩”……:3185
          第37章 美容院 “大难临头各自飞”:3594  第38章 葬礼 “我只想给她一场葬礼”:3205  第39章 回忆 “带我走吧”:3285  第40章 真相 “杀了我们，把一切都带走”……:3249  第41章 训练 “你永远猜不准她下一步落在哪”……:6068  第42章 母系社会 “你真的能让男的下蛋？”……:3191
          第43章 猜想 “异种是人类自己创造出来的”……:3219  第44章 心脏 “所有异种的视线都看向了一个地……:3238  第45章 异种 “你们异种也没多少只了吧”:2311  第46章 骸骨 “每过五秒，我就杀一个人”……:3135  第47章 伪世 “这次任务中只有四个人类”:3477  第48章 幻象 “高跟鞋王国？”:3156
          第49章 海洋 “寂静之海，只有她的声音回荡”……:3173  第50章 人鱼 “这是回到地面的唯一办法”……:3283  第51章 陨落 “天之骄女一日陨落”:3183  第52章 实验体 “0301实验体……”……:3221  第53章 重现 “人类变成异种的全过程”……:3124  第54章 胜利 “除了她”:3607

15:09:15  小熊姐姐的耳朵真好摸 (欲馋) [完结]  58p→38章  492KB  OK
          https://www.52shuku.net/gl/12_b/bkbkG.html
          第1章 蜂蜜小面包:3946  第2章 肉桂红糖巴布卡:5359  第3章 奶油泡芙:3657  第4章 焦糖布丁:2677  第5章 烤肉:3013  第6章 树莓歌剧院蛋糕:4120
          第7章 玉米蛋挞酥:2982  第8章 麦芽糖:3036  第9章 没有甜品:2363  第10章 舒芙蕾:4797  第11章 冰牛奶:3411  第12章 蜂蜜云朵舒芙蕾:6060
          第13章 香草冰淇淋:4307  第14章 巧克力:4903  第15章 玛格丽特饼干:4191  第16章 没有甜品2.0:4010  第17章 酥脆面包干:3434  第18章 小笼包:4153
          第19章 漏奶华:4113  第20章 蜂蜜:6497  第21章 酥皮面包:2376  第22章 慕斯蛋糕:3783  第23章 生日蛋糕:5183  第24章 蜂蜜酒:4782
          第25章 蜂蜜凹蛋糕:5157  第26章 蜂蜜小熊:5251  第27章 蜂蜜凹蛋糕2.0:7181  第28章 梅多维克蛋糕:4388  第29章 蜂蜜千层蛋糕:3579  第30章 琥珀核桃:3959
          第31章 手指饼干:4290  第32章 锡兰红茶:5351  第33章 甜酒酿桃子:3139  第34章 冰糖葫芦:5736  第35章 巧克力糖渍橙皮条:2932  第36章 柠檬蛋白挞:5752
          第37章 狄丝巧克力:3722  第38章 我愿意:5890

15:10:30  参加选秀，还没出道就塌房了 (北海有条九尾鱼) [完结+番外]  204p→302章  1831KB  OK
          https://www.52shuku.net/gl/12_b/bkbkC.html
          第1章 接触:1766  第2章 “能不能只和我一个小朋友玩”:2034  第3章 昔时已去:2006  第4章 姐姐:1824  第5章 言言:1705  第6章 前往录制地:2007
          第7章 综艺:2024  第8章 只想看她:2007  第9章 看着她笑:2023  第10章 她会坚守这段感情:2007  第11章 吻她的额头:2014  第12章 “我可以充当你的家长”:2011
          第13章 猜礼服颜色:2002  第14章 红色衬美人:2008  第15章 爱是带着占有欲的:2001  第16章 以后我会带她去演戏:2006  第17章 向着她笑:2011  第18章 我等你:2032
          第19章 哭？:1559  第20章 被她撩:2008  第21章 “姐姐……”:1458  第22章 压票:2012  第23章 抢歌:2023  第24章 卷王:2015
          第25章 在等你:2012  第26章 你是高岭之花:2008  第27章 说真的你又不信:2024  第28章 成名在望:2012  第29章 她好香啊……:2005  第30章 我想和你接吻:2019
          第31章 轻点亲:2005  第32章 “不怕不怕……”:2009  第33章 今天还难受吗？:2014  第34章 她的脚踝:2014  第35章 爱上了你之后我开始领悟:2021  第36章 羡慕cp粉的好心态:2035
          第37章 别哭，“有我呢”:2019  第38章 可以和老婆炒cp:2012  第39章 神马！你结婚了？:2016  第40章 禁止留痕:2029  第41章 二轮分组:2009  第42章 她的耳垂:2009
          第43章 “宝宝……”:1816  第44章 只要你想，哪里都可以:2036  第45章 看雪是借口，想见你是真:2001  第46章 坐我腿上:2005  第47章 惹人怜爱:2015  第48章 我是我:2009
          第49章 “可以撒娇，也可以哭”:1826  第50章 直的？骗你的:2026  第51章 想她:2026  第52章 想你:2020  第53章 六亲缘浅:2015  第54章 互撕:2051
          第55章 你也要照顾好自己:2009  第56章 匿名送药:2024  第57章 逆天策划:2002  第58章 她怎么那么好看:2011  第59章 为什么是鲸跃:2011  第60章 你很好了:2044
          第61章 把你当好朋友才抽风:2019  第62章 讨你欢心的把戏:2033  第63章 你朋友和今老师谁更好看:2007  第64章 一个吻:1998  第65章 脸红心跳:1806  第66章 情绪稳定的时去:2040
          第67章 让我看看你:1986  第68章 我要喝奶茶:1924  第69章 算了算了:2027  第70章 “乖，专心一点”:1772  第71章 她不是我女朋友:2016  第72章 打麻将:2006
          第73章 靠谱:2012  第74章 节目炸了，原地出道:2026  第75章 想咬她:2015  第76章 交杯酒:2026  第77章 我不是肺雾:2008  第78章 又菜又要:2005
          第79章 她什么时候才能:1689  第80章 亦师亦友亦恋人:2019  第81章 谁要做你的秘书？:2030  第82章 围巾上有她的气息:2025  第83章 接她下班:2020  第84章 “不是女朋友，是妻子”:2016
          第85章 听她的:2007  第86章 试镜:2028  第87章 试镜结果:2003  第88章 “吻我”:2009  第89章 流鼻血:2024  第90章 我要做美甲了！:1967
          第91章 带她回家:2011  第92章 我是你宝宝:2019  第93章 百年好合:2005  第94章 她好好亲:1738  第95章 浪漫绝缘体:2002  第96章 吉时:2022
          第97章 23件礼物:2008  第98章 和过去和解:2008  第99章 除夕:2007  第100章 团综准备:2015  第101章 “姐姐……抱抱”:1533  第102章 宝宝，你是一个宝宝:2008
          第103章 团综第一期:2012  第104章 对妻子的话，持绝对服从态度:2025  第105章 宝宝不知道:2004  第106章 定妆照:2004  第107章 我信你:2008  第108章 去见她:2002
          第109章 付浸轻:2014  第110章 老鼠没你好看:2009  第111章 咬她……:1405  第112章 你们俩谁先表白的？:1863  第113章 木兰：你结婚了！？:2004  第114章 禁止撒娇:2000
          第115章 她好懂我:2006  第116章 要不我赔你点吧:2005  第117章 赔你点钱:2017  第118章 团综第二期:2005  第119章 木筏:2006  第120章 她手受伤了！:2015
          第121章 适当休息:2009  第122章 慈善晚宴:2011  第123章 她的小心思:2007  第124章 她真有意思:2006  第125章 想吻她:2002  第126章 心跳好快:2034
          第127章 有她在的团综:2003  第128章 文文你吃的也太差了:2004  第129章 碰到她的鼻尖:2008  第130章 她明明就很愿意:2017  第131章 口红:2003  第132章 你不觉得你很乖吗:2018
          第133章 睡颜:1628  第134章 爱你 ? ????:1919  第135章 她的30岁:2004  第136章 就算你是假的，我也舍不得:2015  第137章 “你说你爱我、想我”:2006  第138章 “跟我进组吧”:2018
          第139章 可以啊～:2008  第140章 今小姐的小心思:2026  第141章 让她心疼我:2009  第142章 和她搭戏:2017  第143章 时去，鹤玄:2015  第144章 又是捧杀又是PUA:2005
          第145章 新剧录制:2004  第146章 剧组生活:2032  第147章 摸脸:2002  第148章 师尊～:2034  第149章 她的咬痕:1731  第150章 习惯叫师尊:1940
          第151章 拍她:2006  第152章 喝茶:2008  第153章 选择性脸盲:2005  第154章 耳朵红也能演出来吗:2035  第155章 喜欢，但拒绝谈恋爱:2020  第156章 你道理多，你老婆说不过你:2018
          第157章 拍摄摸脸:2008  第158章 那唇色能对吗？:2017  第159章 签名:2017  第160章 正经合照:2020  第161章 小发雷霆:2005  第162章 好爱她:1137
          第163章 兴奋:1969  第164章 原来她生气是这样:1977  第165章 倒杯水给我:2000  第166章 不需要任何人爱我，只要你爱我就足够:2017  第167章 教她:2036  第168章 可以插段吻戏:2024
          第169章 对戏？:2020  第170章 吻戏:2013  第171章 起哄:2008  第172章 她的腰:2006  第173章 摸摸马甲线:2017  第174章 尊重你～:2013
          第175章 被冒犯了:2003  第176章 战损版镜明:2018  第177章 说我什么坏话了:2008  第178章 她戴上眼镜:2002  第179章 话多:2003  第180章 治好她嘴硬的毛病:2006
          第181章 今小姐超多小心思:2016  第182章 时装周:2006  第183章 别说，还挺配:2008  第184章 你别只叫一个姐字！:2004  第185章 摸摸她:2002  第186章 等我们老了:2011
          第187章 吹风机:2002  第188章 难道她真是天才:2001  第189章 亲:1880  第190章 别太急:1511  第191章 比心:2001  第192章 缥缈楼:2010
          第193章 “不要叫我小孩啦”:2009  第194章 糟糕。。。:1999  第195章 后悔:2007  第196章 尊重:2012  第197章 剧本:2000  第198章 大惊小怪:2022
          第199章 又撒娇:2000  第200章 打情骂俏:2012  第201章 总是ng:2010  第202章 抱着她:2002  第203章 换手机:2006  第204章 除了我还叫谁姐姐呢？:2013
          第205章 小言言:2000  第206章 请补偿我:2006  第207章 替身:2002  第208章 能者多劳:2001  第209章 贴贴:2001  第210章 这辈子就这样了:2033
          第211章 心一直在:2009  第212章 如果没有爱:2008  第213章 冷:2002  第214章 吻:2005  第215章 牙印:2001  第216章 好不乖:2011
          第217章 反差:2002  第218章 重逢:2013  第219章 她怎么……哪哪都好看:2004  第220章 三十年:2007  第221章 哭好多次:2003  第222章 在意:2019
          第223章 豆德:2006  第224章 变故:1677  第225章 心疼:2005  第226章 忘记报备:2008  第227章 变脸大师:2001  第228章 一点点:2009
          第229章 微醺1:2003  第230章 微醺2:2019  第231章 微醺3:2006  第232章 微醺4:2005  第233章 木下:2006  第234章 辛苦:2003
          第235章 为了维持人设说的话，她怎么还当真了:2006  第236章 “哦哦哦”:2009  第237章 你最好是:2013  第238章 嗯:2021  第239章 你猜猜:2002  第240章 约饭:2012
          第241章 你就算了:2009  第242章 明天会更好:2012  第243章 出来了:2002  第244章 您您您:2013  第245章 你那时候很冷:2007  第246章 姐姐为什么不下水:2015
          第247章 马甲线:2013  第248章 糊作非为:2006  第249章 清淡饮食:2002  第250章 小动物:2009  第251章 此时非彼时:2009  第252章 我说你是完美女人:2012
          第253章 窝囊:2010  第254章 心善？:2005  第255章 我说你……:2005  第256章 你会来我的梦里吗:2002  第257章 游戏:2001  第258章 情绪:2008
          第259章 少加戏:2004  第260章 归墟:2027  第261章 天池:2012  第262章 香水:2009  第263章 木下城副本2.0:2010  第264章 怎么品怎么好品:2001
          第265章 杀青宴，“说你很好很会照顾人”:2005  第266章 空降:2006  第267章 新年第一场雪:2013  第268章 “你都不想我吗”:2017  第269章 真面目:2012  第270章 吻她的耳垂:2011
          第271章 采访:2009  第272章 突如其来的她:2006  第273章 一个很宠溺的笑:2010  第274章 接吻不会换气了？:2007  第275章 解散:2007  第276章 “很美，我爱你”:2014
          第277章 主持她的毕业典礼:2009  第278章 温暖与爱:2007  第279章 还得是资本:2012  第280章 为你高兴:2002  第281章 片尾曲:2004  第282章 定档:2014
          第283章 剧宣综艺:2001  第284章 @时去 女朋友:2037  第285章 官宣:2005  第286章 浅晒结婚证:2011  第287章 西皮粉要过年了:2003  第288章 八卦:2014
          第289章 这次真的不一样:2010  第290章 新的开始:2012  第291章 摄像头:2011  第292章 投过简历但被刷了:2022  第293章 注意安全:2012  第294章 婚纱:2007
          第295章 猫:2021  第296章 名字:2016  第297章 舆论:2000  第298章 结尾:2070  第299章 番外1 兰因絮果:2001  第300章 番外2 兰因絮果:2031
          第301章 番外3 兰因絮果:2008  第302章 番外4 兰因絮果:2180

15:11:40  小巷原来那么长 (顾徕一) [完结+番外]  192p→90章  1641KB  OK
          https://www.52shuku.net/gl/12_b/bkbk8.html
          第1章 楔子:4489  第2章 尾戒:3686  第3章 往事:3311  第4章 花钱:4510  第5章 偶遇:4502  第6章 副驾:3815
          第7章 酒吧:4550  第8章 原来:3644  第9章 阿芙佳朵:3114  第10章 然后:3129  第11章 身高差:3110  第12章 港岛:3555
          第13章 酒店:3321  第14章 不要动:3146  第15章 情书:2805  第16章 直球:2853  第17章 嘿！:3348  第18章 “啪”。:2487
          第19章 想不到:6538  第20章 全力:4031  第21章 初吻:6646  第22章 习惯:6461  第23章 过年:6815  第24章 公开:7009
          第25章 吐息:6429  第26章 关键词:6173  第27章 礼物:6621  第28章 “傻女。”:6332  第29章 港岛:7049  第30章 眼神:6677
          第31章 拐点:6376  第32章 牙洞:6281  第33章 咨询:6761  第34章 淋浴间:6252  第35章 在线搜:6189  第36章 小痣:6180
          第37章 留下:7414  第38章 真相:6660  第39章 心事:7034  第40章 “有空吗？”:6888  第41章 挺好:6568  第42章 邀请:6713
          第43章 修罗场:6154  第44章 认真:6379  第45章 “搞什么？”:7488  第46章 卧室:6400  第47章 “说啊！”:6173  第48章 程巷想:6514
          第49章 马路:7191  第50章 雨夜:6390  第51章 “陶天然！”:7392  第52章 陌生:7462  第53章 后知后觉:7002  第54章 视线:6617
          第55章 怎么回事:6380  第56章 手指:7093  第57章 微妙:6565  第58章 陶天然问:6738  第59章 访客:6571  第60章 霓虹:6240
          第61章 生日:6304  第62章 喜欢:7185  第63章 天意:6174  第64章 表白:7255  第65章 约会:7118  第66章 占有欲:7042
          第67章 参观:6900  第68章 回家:7328  第69章 教程:6653  第70章 一天:6254  第71章 破戒:7628  第72章 依赖:7182
          第73章 出游:7347  第74章 壁炉:6683  第75章 诱惑:6957  第76章 约会后:6973  第77章 官宣:7211  第78章 “陶老师。”:7264
          第79章 薄唇:6337  第80章 齿痕:6882  第81章 重逢:6303  第82章 倒计时:6448  第83章 偿还:6534  第84章 重启:6027
          第85章 再见:6182  第86章 终章:8842  第87章 番外1:6430  第88章 番外2:6200  第89章 番外3:6067  第90章 番外+彩蛋:7431

15:12:31  坏孩子改造计划 (南溪未央) [完结+番外]  139p→129章  1226KB  OK
          https://www.52shuku.net/gl/12_b/bkbk7.html
          第1章:3404  第2章:3473  第3章:3264  第4章:3071  第5章:3040  第6章:3227
          第7章:3146  第8章:3081  第9章:3220  第10章:3006  第11章:3043  第12章:3106
          第13章:3078  第14章:3229  第15章:3039  第16章:3058  第17章:3070  第18章:3099
          第19章:3087  第20章:3082  第21章:3031  第22章:3096  第23章:3098  第24章:3085
          第25章:3036  第26章:3010  第27章:3059  第28章:3007  第29章:3088  第30章:3083
          第31章:3074  第32章:3170  第33章:3130  第34章:3034  第35章:3068  第36章:3083
          第37章:3025  第38章:3097  第39章:3058  第40章:3099  第41章:3057  第42章:3019
          第43章:3018  第44章:3189  第45章:3061  第46章:3025  第47章:3005  第48章:3039
          第49章:3016  第50章:3037  第51章:3029  第52章:3077  第53章:3253  第54章:3109
          第55章:3054  第56章:3015  第57章:3155  第58章:3068  第59章:3150  第60章:3001
          第61章:3039  第62章:3012  第63章:3016  第64章:3012  第65章:3062  第66章:3055
          第67章:3041  第68章:3015  第69章:3015  第70章:3072  第71章:3118  第72章:3021
          第73章:3019  第74章:3113  第75章:3116  第76章:3137  第77章:3196  第78章:3040
          第79章:3120  第80章:3117  第81章:3283  第82章:3100  第83章:3172  第84章:3048
          第85章:3007  第86章:3169  第87章:3112  第88章:3370  第89章:3082  第90章:3059
          第91章:3019  第92章:3130  第93章:3251  第94章:3010  第95章:3009  第96章:3092
          第97章:3035  第98章:3066  第99章:3172  第100章:3018  第101章:3102  第102章:3539
          第103章:3179  第104章:3110  第105章:3103  第106章:3149  第107章:3138  第108章:3192
          第109章:3271  第110章:3463  第111章:3076  第112章:3094  第113章:3344  第114章:3192
          第115章:3486  第116章:3123  第117章:3269  第118章 if顾棠晚收养了小昭野(一):3392  第119章 if顾棠晚收养了小昭野(二):3205  第120章 if顾棠晚收养了小昭野(三):3505
          第121章 if顾棠晚收养了小昭野(四):3645  第122章 if顾棠晚收养了小昭野(五):3204  第123章 if顾棠晚收养了小昭野(六):3056  第124章 if顾棠晚收养了小昭野(七):3374  第125章 if顾棠晚收养了小昭野(八):3193  第126章 if顾棠晚收养了小昭野(九):3396
          第127章 if顾棠晚收养了小昭野(十):3190  第128章 if顾棠晚收养了小昭野(十一):3500  第129章 if顾棠晚收养了小昭野(十二):4029

15:12:57  学霸也偏科 (A与Z) [完结+番外]  66p→35章  562KB  OK
          https://www.52shuku.net/gl/12_b/bkbk5.html
          第1章 同桌:2483  第2章 雨声:5902  第3章 走近:5740  第4章 盔甲:6027  第5章 眼镜:7383  第6章 飞鸟:5574
          第7章 三节:7356  第8章 高烧:6059  第9章 不冷:5736  第10章 雪天:6460  第11章 双标:5058  第12章 夜奔:5148
          第13章 温暖:5017  第14章 水桶:5030  第15章 流言:8909  第16章 告白:6576  第17章 双亲:7567  第18章 改姓:7319
          第19章 畅想:6082  第20章 家事:6333  第21章 妈妈:6527  第22章 红绳:4964  第23章 希望:9275  第24章 小猫:4283
          第25章 阳光:3664  第26章 小狗:4114  第27章 生日:3459  第28章 背你:6494  第29章 是家:3782  第30章 平静:3475
          第31章 决择:3397  第32章 观赛:3339  第33章 娃娃:2453  第34章 毕业:3058  第35章 大学·相融[番外]:1564

15:14:32  怎么啦，情敌就不能变成老婆吗 (梦很轻) [完结+番外]  262p→323章  2229KB  OK
          https://www.52shuku.net/gl/12_b/bkbk3.html
          第1章 啊，叫我截胡女主？:2471  第2章 该摊牌了！:2411  第3章 你要敬酒不吃吃罚酒吗？:2669  第4章 你以为我恨的人是你？:2428  第5章 你瞧瞧，你这过的是什么日子:2323  第6章 吃了吗，我的宝？:2515
          第7章 这份早餐不是给你的:2438  第8章 是谁，在试图带坏他的未婚妻:2862  第9章 该向他讨债了！:2601  第10章 不要哭啦，都听你的:2464  第11章 做错了事情，还这么多要求:2568  第12章 做不到，真的做不到！:2513
          第13章 钱的事情我会想办法:2111  第14章 你的表情，看起来不像是不喜欢啊？:2368  第15章 投喂:2203  第16章 果然是一个贪图享受的坏女人:2302  第17章 我等你，我在你家楼下等你！:2566  第18章 这是行善积德:2346
          第19章 陆续，你回去吧:2679  第20章 我就勉为其难地伺候伺候你吧:2200  第21章 偷吃的瓜，甜不甜？:2220  第22章 真把她惹急了，她就……:2255  第23章 满足感，还是罪恶感？:2271  第24章 没什么，可能是我鼻子出错了吧:2386
          第25章 我比你更懂女主的需求！:2312  第26章 我也觉得贞羽那样的女孩子很好:2437  第27章 亲一下而已，不会怎么样的吧？:2597  第28章 你见过他这些丑陋的模样吗？:2279  第29章 就吃一口，应该没事:2486  第30章 白贞羽的确比陆续好多了:2304
          第31章 你脖子上戴的什么？:2330  第32章 有单独相处的时间，就会有机会:2309  第33章 这是她主动的，不能怪我了吧？:2073  第34章 朋友，是朋友！:2437  第35章 大小姐不会吃亏了吧？:2326  第36章 想扳倒男主？没这么容易:2156
          第37章 正人君子，怎么会干这种事情:2161  第38章 谁先发疯谁就输了:2118  第39章 以后，我们就只做普通朋友吧:2222  第40章 难道这就是天意吗？:2281  第41章 果然是笨蛋，什么都做不到:2207  第42章 明明很伤心，怎么还饿了？:2456
          第43章 这才是真正的你啊，小贞羽:2471  第44章 是社恐，才不是黏人！:2264  第45章 我这是专注的眼神，是深情！:2248  第46章 你想要亲我，对吧:2446  第47章 那等会儿我再问一遍:2437  第48章 我是不是吹牛，你试试就知道:2488
          第49章 我是你见不得人的朋友？:2198  第50章 胆子肥了，敢拧她这个金主了？:2249  第51章 不，没有那种可能性了:2200  第52章 一件小小的麻烦事:2702  第53章 高冷，矜持，以及正经，全是装的！:2190  第54章 要走也是他走，你走什么？:2330
          第55章 社恐会主动约人出门嘛？:2694  第56章 我真是宠你没办法:2227  第57章 玩什么假惺惺的纯情:2105  第58章 心的距离在靠近:2610  第59章 她的声音，很御:2061  第60章 这个叫欲擒故纵:2229
          第61章 这是做男主该付出的代价:2524  第62章 宿舍藏人了吗？:2349  第63章 有新世界的大门要打开了:2091  第64章 我才不是担心别人……:2257  第65章 有福自己享，有难大家扛？:2817  第66章 被人像是打小孩一样打了:2406
          第67章 江柠，这并不好玩！:2111  第68章 我跑掉了，你不能再动我了！:2447  第69章 你爸妈来了:2364  第70章 你的青梅我爱吃，笑纳了:2275  第71章 为什么要在没人的地方:2373  第72章 胡思乱想的感觉，真讨厌:2083
          第73章 陆续，我给你两个选择！:2291  第74章 白贞羽，你也有两个选择！:2446  第75章 该来的时候不来，不该来的时候乱来:2218  第76章 少见多怪，我坏嘛！:2325  第77章 叛逆！我就要主动一次！:2239  第78章 打个赌吧，白贞羽:2237
          第79章 现在就开始期待过年:2343  第80章 穿这个，来钱快！:2583  第81章 思念会发酵:2063  第82章 一个人偷偷地想，偷偷地开心:2259  第83章 那里面可是我满满的爱意啊:3107  第84章 啊，是我女儿被甩了吗？:2240
          第85章 她是个欺负人的惯犯，你还替她着想:2312  第86章 谁先说话谁就输的游戏:2232  第87章 她说她要上车了吗？:2285  第88章 你可真是太受欢迎了:2348  第89章 欲望俩字怎么写？:2297  第90章 这么丢脸，要怎么办呢:2193
          第91章 要尽心尽力，帮人帮到底:2095  第92章 这是婆婆看媳妇的眼神:2884  第93章 今夜，江柠不回家:2259  第94章 你在跟谁嚣张呢，小妹妹？:2405  第95章 何须她江柠来指点江山？:2284  第96章 你这个忘恩负义的女人！:2267
          第97章 给江柠的新年礼物:2098  第98章 橘势大好，继续守株待兔:2152  第99章 是属猫的:2206  第100章 是个无眠夜:2094  第101章 才不是娇妻！:2560  第102章 人就怕有比较:2362
          第103章 此时无声胜有声:2128  第104章 有了奖励，好孩子下次才会更努力:2696  第105章 怎么只有猜错的惩罚？:2065  第106章 做了一个重要的决定:2165  第107章 等到鱼儿上钩的那一天:2248  第108章 我现在什么都懂了:2349
          第109章 干净卫生很重要:2154  第110章 你要学会反抗啊，白小姐:2237  第111章 保证？又保证！:2213  第112章 要更换人生目标了:2160  第113章 为人妻子的觉悟:2190  第114章 没有劲，根本听不见！:2398
          第115章 女主光环是这样蹭的:2109  第116章 你们当这是出门春游吗？:2217  第117章 我还欠你钱呢:2248  第118章 体会她的不容易:2094  第119章 捂不热的人心就不要:2322  第120章 小贞羽还是太天真:2273
          第121章 她绝不会嫁人的:2243  第122章 我们来得不是时候:2681  第123章 白贞羽原本的命运:2204  第124章 你想要让他们怎么还债:2234  第125章 我是个薄情的人吗？:2144  第126章 惹谁都不能惹江柠:2349
          第127章 你在京都做的什么工作呢？:2525  第128章 我喜欢江柠，我和她在一起了:2461  第129章 帮我，你要帮我！:2254  第130章 江柠，我们现在是什么关系？:2368  第131章 白贞羽大部分时候都聪明得很:2923  第132章 发现了不得了的真相:2465
          第133章 别跟着我学坏了:2056  第134章 就亏待她一个人？:2260  第135章 我现在开始正经:2163  第136章 江柠，欺负我吧:2106  第137章 江柠就不会有失态的时候？:2064  第138章 这个仇，必须得狠狠地报:2270
          第139章 江柠要开始当正经人了？:2130  第140章 一个唱白脸，一个唱红脸:2388  第141章 我的演技，要好过你！:2274  第142章 你希望我们的关系被公开吗？:2334  第143章 此事要好好谋划:2214  第144章 想打江家的主意？:2389
          第145章 事已至此，先吃饭吧:2177  第146章 我太想进步了:2670  第147章 无法给江柠生一个孩子:2142  第148章 你是被江柠吓破了胆子:2389  第149章 要不，两位转院吧？:2237  第150章 我怎么才能相信你们呢？:2612
          第151章 娇妻在怀，当然得意:2180  第152章 你从来都没有用这种眼神看过我:2306  第153章 快把你的地址告诉我:2060  第154章 她每句话都是真心话:2149  第155章 亲爱的，慢点吃:2071  第156章 单纯的柠柠，能知道吗？:2225
          第157章 嘴巴紧一点:2327  第158章 陆续被囚了:2293  第159章 别说话，继续吃:2196  第160章 愿君多采撷:2109  第161章 你怎么进来的！:2268  第162章 大早上就在胡思乱想:2145
          第163章 他们都冤枉了江柠:2249  第164章 你的确很强，但我开挂了:2249  第165章 哟，你脸红了:2118  第166章 你要放弃？:2214  第167章 是不是学校里有人欺负你:2171  第168章 已经回不了头了！:2202
          第169章 想要卖掉男主吗？:2398  第170章 给男主一个念头:2107  第171章 陆续，你又在矫情:2265  第172章 这就是今晚的大怨种？:2114  第173章 宿主有什么馊主意？:2091  第174章 她重生了！:2387
          第175章 地下室还是你的归宿:2117  第176章 这个贼不好抓:2080  第177章 忍什么？我不忍！:2126  第178章 别挣扎了，弟弟:2099  第179章 想要看白贞羽的泳装对吧！:2114  第180章 确认过眼神，是情敌:2254
          第181章 溺水:2211  第182章 你只是不小心:2156  第183章 你不要嫌我笨，不要赶我走:2208  第184章 她会连自己的女儿都不认识？:2277  第185章 您帮帮我:2121  第186章 这俩人真不愧是亲母女:2149
          第187章 可能是我的子孙后代:2177  第188章 是由老天决定的:2191  第189章 老祖宗留下的宝藏:2082  第190章 江柠，你对天发誓！:2088  第191章 我没有出手的必要:2086  第192章 你们遇到神棍了吧！:2213
          第193章 还以为她是曾经的白贞羽？:2208  第194章 我和人机约什么会？:2228  第195章 以我的魅力，这并非不可能:2131  第196章 我和江柠已经……:2191  第197章 就这么喜欢当电灯泡:2215  第198章 才没有在学习的时候想你:2210
          第199章 您看，她打我～:2356  第200章 到底谁是顶号狗啊？:2108  第201章 这就是她教导成功的证明:2234  第202章 当真吗:2289  第203章 这就是你的羡慕嫉妒恨？:2085  第204章 他们才是一家四口:2150
          第205章 是存心来折磨江家的吧？:2431  第206章 就你有系统是吧！:2102  第207章 她必须要稳稳地拿下他:2144  第208章 来，赌一把:2048  第209章 江柠给他吃了东西！:2171  第210章 别人会骗你，我可不会:2176
          第211章 这是他最脆弱的时候:2315  第212章 我陆续好歹是个男人:2167  第213章 男主光环转移:2227  第214章 准备替新男主生孩子吧！:2085  第215章 她依然是男主的劲敌:2182  第216章 我看你像是能生儿子的:2182
          第217章 江柠，你还敢来！:2315  第218章 江小姐真是重情重义:2164  第219章 你们俩不适合:2118  第220章 我出手就是了！:2284  第221章 你女朋友不会生气吧:2099  第222章 挂和挂也是有区别的:2092
          第223章 是你们，你们不冷静啊！:2153  第224章 不能给她太多喘息的时间:2083  第225章 明明我还有活下去的希望:2052  第226章 她终于知道怕了:2164  第227章 骗人？骗人也罪不至此:2058  第228章 还不多谢柠柠:2150
          第229章 你好，我是来要人的:2117  第230章 能不能白给？:2259  第231章 他对她肯定是真爱:2139  第232章 陆小姐，还装是吗？:2318  第233章 你太糊涂了:2185  第234章 我要让爸妈知道，你是冒牌货:2050
          第235章 我是你真正的女儿啊:2067  第236章 我终究只能做我自己的主:2154  第237章 我赎罪就是了！:2192  第238章 就是跟江柠死磕到底:2225  第239章 妈妈是可以信任的吗？:2154  第240章 你还有什么要说的吗？:2084
          第241章 你这样太不人道了:2106  第242章 我只是个女儿身:2149  第243章 没错，我就是来看热闹的:2257  第244章 她又不是什么坚定的异性恋:2093  第245章 我们什么时候开始啊？:2125  第246章 大小姐，你不会是害羞了吧:2218
          第247章 想一辈子跟你在一起:2289  第248章 心正在发生变化:2095  第249章 你会回家的，对吧？:2081  第250章 宿主，咱是不是低调点:2250  第251章 我可不想被江柠误会！:2163  第252章 你知道谁干的吗？:2258
          第253章 我是她的对象，我肯定知道:2198  第254章 你还想不想要子孙后代了！:2098  第255章 罪恶的种子，早已在心底:2093  第256章 好人是有好报的:2356  第257章 外面的世界太危险:2261  第258章 怎么了，我睡着了吗？:2096
          第259章 没时间悲伤了:2221  第260章 可以赖皮一次:2038  第261章 他一直是个过分善良的孩子:2071  第262章 陆续是这样一个妖精:2169  第263章 活到今天为止的意义:2115  第264章 你为什么不知道感恩？:2078
          第265章 你是陆续？你是我儿子？:2100  第266章 这山里有神仙吧！:2112  第267章 她不可能这么快怀孕的:2106  第268章 你们家的风水，有点奇怪:2290  第269章 你明明是先来的:2158  第270章 江柠是祸事的源头:2138
          第271章 这是陆续最辉煌的时刻:2157  第272章 你怎么能这么渣啊！:2113  第273章 这话听着咋这么耳熟呢？:2200  第274章 我出来了，我真的出来了！:2121  第275章 陆续身边只有你一个男人:2142  第276章 你怀孕了！:2126
          第277章 我没死，你很失望？:2224  第278章 你认输了？:2202  第279章 幸运指数－100:2120  第280章 那就取代它！:2154  第281章 不信这个邪:2198  第282章 骗子！你们白家人都是骗子:2155
          第283章 天道意志的消散:2075  第284章 你就当我是中二病晚期吧:2222  第285章 剧本世界混乱了！:2064  第286章 遇到小时候的她了:2207  第287章 小萝莉，不禁逗:2218  第288章 你也不怕我是坏人？:2053
          第289章 他们都在骗我:2100  第290章 好孩子应该去睡觉了:2208  第291章 没有什么特别的企图吗？:2166  第292章 辈分不能乱了:2142  第293章 这女儿白养啦！:2124  第294章 我们俩长得可有点像:2053
          第295章 她要给小贞羽铺路了:2190  第296章 想办法好好哄着:2184  第297章 姐姐收养我吧:2173  第298章 哪里都不去！:2319  第299章 这一次，命运的方向由她自己掌控:2082  第300章 到那个时候，她们再续母女缘:2393
          第301章 小贞羽最讨厌说话不算数的人哦:2077  第302章 把柠柠姐姐还给我:2116  第303章 养成了一只不得了的腹黑兔:2108  第304章 永远都是你在为我撑伞:2200  第305章 她还是她，她只是真正地长大了:2155  第306章 见面就哭唧唧的，没出息:2091
          第307章 谁先撩了谁？:2129  第308章 这已经不仅仅是恋爱脑了吧！:2185  第309章 不怕她哪天把你卖了？:2226  第310章 以你妻子的身份陪着你:2122  第311章 他们的新人生:2143  第312章 我就等着吃软饭了:2119
          第313章 今天，能不能让我欺负一次？:2235  第314章 才不是喜欢吃醋的人:2011  第315章 这一届的主角都不行:2036  第316章 恋爱脑晚期，治不了:2036  第317章 我好像准备得还不够充分:1527  第318章 总有一天，会再见面的（终）:2428
          第319章 番外 陆续与袁子雅（1）:2056  第320章 陆续与袁子雅（2）:2296  第321章 陆续与袁子雅（3）:2157  第322章 江柠的带娃日常（1）:1896  第323章 江柠的带娃日常（2）:2062

15:15:13  昨天还是情敌，今天变成了老婆 (机巧少女) [完结]  102p→115章  886KB  OK
          https://www.52shuku.net/gl/12_b/bkbk2.html
          第1章 天崩开局？难蚌！:2601  第2章 这小女人到底发什么疯？:2084  第3章 江小月给作者想寄刀片:1884  第4章 原来她这个小萝莉一点都不小:1523  第5章 恶毒千金的扮演:2605  第6章 同桌？同桌！？:2385
          第7章 不许给我吐出来:2360  第8章 对混蛋男主使用炎拳吧:2480  第9章 江小月有点疯:2665  第10章 但夏沐柔更疯:2508  第11章 放学在教室里等我:2028  第12章 胸大无脑的坏女人:2253
          第13章 今晚你是陪定我了:2217  第14章 她仿佛就像是一只任人摆弄的小白兔:2620  第15章 爱哭的小女友？:1650  第16章 可能是夏同学太漂亮了……:3002  第17章 当我的女仆，喊我主人:2277  第18章 暂别的两人:2082
          第19章 沐柔她真的明白了！？:1385  第20章 未必就无法撼动苏家！:2114  第21章 江小月被人欺负了:2294  第22章 果然恶毒千金在视奸她！:2138  第23章 吃掉，一点都不要剩下:2128  第24章 双女主间的勾心斗角:2499
          第25章 糟糕，她有点心动！:3075  第26章 小嘴欠欠的，屁股痛痛的:2670  第27章 她们之间不会存在友谊:2573  第28章 舞会的闹剧:2264  第29章 命运的转折点:2668  第30章 不，已经结束了:3042
          第31章 我倒是真希望你可以宠宠我呢:2350  第32章 苏家与夏家:3097  第33章 她居然是在为我担心？:2289  第34章 这两人简直就是在谈恋爱啊！:2569  第35章 男友衬衫？女友衬衫！:3109  第36章 原来真的是见家长！:2757
          第37章 小猫咪被惹急了也是会挠人的！:2293  第38章 “我是直的”:2465  第39章 夏沐柔，江小月与陆辰:2097  第40章 小月儿原来喜欢女生！？:2217  第41章 一大早上就给我产粮啊:2411  第42章 夏沐柔终于心软啦？:3114
          第43章 你就不能对我好一点吗？:1883  第44章 怎么感觉，我赚了？:2472  第45章 两人感情的升温期？:2633  第46章 少女的脸红，有时候不仅仅是害羞:2179  第47章 错位接吻:3658  第48章 她不是真正的千金？:3025
          第49章 你明明就是想泡我:2726  第50章 她们就注定要相爱相杀吗？:2266  第51章 争吵的两位千金:3135  第52章 再次坐在了她的腿上:3112  第53章 统子，我不干啦！:2308  第54章 向恶毒千金发起约会！:3083
          第55章 恋爱约会（上）:2897  第56章 恋爱约会（下）:3203  第57章 终于，夏沐柔开始心慌了:3226  第58章 那你还不快去把老婆追回来！？:2768  第59章 没有她我可以过得更好:2563  第60章 充满美好的新生活！:2402
          第61章 江小月，你究竟去哪了？:3171  第62章 说错话的下场！:2654  第63章 找不到的江小月:1605  第64章 月湾大桥:2479  第65章 很显然，你辜负了她:3270  第66章 我会弥补给她……:1551
          第67章 夏沐柔的追妻之路:2532  第68章 偶尔擦肩的相遇:3094  第69章 直到彻底忘记她:1636  第70章 刹那间的重逢！:2240  第71章 姐姐你是谁呀？:2209  第72章 甩了她一耳光:2187
          第73章 夏沐柔的心破碎了:1901  第74章 该轮到你去追求她了:3295  第75章 她没到，谁也不准动筷子！:2387  第76章 请问这里有芭菲卖吗？:2531  第77章 非她不可:2067  第78章 你吃一口，剩下的归我:3678
          第79章 江小月的内心:2252  第80章 把一切让还给她:2029  第81章 圣诞夜（上）:2678  第82章 圣诞夜（中）:3679  第83章 圣诞夜（下）:2547  第84章 胸口好闷，想吐:1833
          第85章 大概只是我没睡好吧:2326  第86章 我真的来晚了吗，月儿:2133  第87章 今晚就麻烦你照顾她啦:3419  第88章 如果是月儿的话，可以:2161  第89章 想真正得到你的心:2532  第90章 只能仅那一瞬的时间占有着她:3885
          第91章 破镜重圆的她们:3154  第92章 欢迎回家:2668  第93章 真假千金故事的落幕:2491  第94章 再看一秒她都会羞晕过去:3217  第95章 谁是你老婆，臭不要脸:2259  第96章 我可以再吃一次你做的饭吗:2456
          第97章 比如，和我接吻:3440  第98章 距离好结局的最后一步:2239  第99章 陷入颓势的苏家:2108  第100章 我已经是有女朋友的人了:2404  第101章 不良少女:2468  第102章 连我的女人都敢动？:2549
          第103章 不入虎穴，焉得虎子:2525  第104章 与苏家的决战前夕:2157  第105章 合同，与一纸婚约:2653  第106章 苏家，今天必须死！:2429  第107章 退隐之人:2010  第108章 投降吧，外面全都是警察:2206
          第109章 你已经有心上人了吗？:2249  第110章 恭喜，系统使命已完成:2013  第111章 票价是，一个吻:3243  第112章 作为情侣的约会:3889  第113章 我喜欢你，可以当我的女朋友吗？:2725  第114章 终章·远行的恋爱蜜月:2236
          第115章 完结感言:1184

15:15:54  穿书拯救女主：意外把她攻略了 (尾巴难藏) [完结+番外]  107p→146章  941KB  OK
          https://www.52shuku.net/gl/12_b/bkbk1.html
          第1章 被撞后的初遇:2815  第2章 成为你的五年粉丝:1970  第3章 她是个别扭的人:2069  第4章 跟我回家吧:2053  第5章 她说让我当她助理:2093  第6章 一定争取到助理一职:2283
          第7章 我想许两个愿:2028  第8章 为什么要许这个愿:2054  第9章 你改变不了结局:1985  第10章 我不是孤军奋战:2101  第11章 去吧，有我在:2020  第12章 取你命的人:2023
          第13章 她好温柔:2130  第14章 你是正宫:2092  第15章 分别十五天:2150  第16章 真男主出场？:2073  第17章 大声密谋:2108  第18章 不能连累她:2051
          第19章 少了什么:2033  第20章 陆钰玮的真实身份:2019  第21章 为什么抱我:2037  第22章 不要再沉沦:2025  第23章 试镜:2044  第24章 你怎么确定你不是主角:2238
          第25章 连心声也没有:2081  第26章 回去吧要听话:2215  第27章 蒋弋的计划:2124  第28章 没有她我不会顺遂:2099  第29章 真抱了啊:2087  第30章 我自愿的:2182
          第31章 被造谣雪藏:2052  第32章 为什么只能是朋友:2114  第33章 心中有愧:2104  第34章 她喜欢陆钰玮？:2058  第35章 回不了头:2011  第36章 突遇沙暴:2161
          第37章 憋屈的穿越者:2178  第38章 少女的爱恋无疾而终:2114  第39章 主角光环生效:2234  第40章 愚钝:2034  第41章 五月还会再相遇吗:2180  第42章 终于看见她了:2132
          第43章 有故人想见你:2142  第44章 刚刚是不是亲了:2119  第45章 她现在都会开越野了？:2082  第46章 胡乱撩拨一通:2147  第47章 陷进了误区:2076  第48章 还好她是演员:2332
          第49章 你终于回来了:2087  第50章 点火不灭火:2056  第51章 我不理解:2239  第52章 我没有银幕初吻:2159  第53章 男主竟是我自己:1885  第54章 我是周诗瑶的狗:2156
          第55章 做好身败名裂的准备:2087  第56章 没有更新关于我的情报:2221  第57章 你到底是什么身份:2037  第58章 一模一样的玉:2287  第59章 我还是喜欢你叫我姐姐:2138  第60章 是我先喜欢你妈妈:2085
          第61章 偏执的小叔:2188  第62章 你真亲啊:2037  第63章 你到底在沙漠学了什么:2039  第64章 枉为上面那一个:2127  第65章 二号决策者:2010  第66章 是不是太凶了:2137
          第67章 麻烦你了保镖大人:2161  第68章 沉默就是默认:1893  第69章 是谁该求饶:2210  第70章 兄弟对峙:2171  第71章 进度已过二分之一:2100  第72章 可能因为你快死了:2049
          第73章 共情:2185  第74章 我希望你一直开心:2000  第75章 她在沙漠走了很久:2168  第76章 我的秘密要告诉你吗:2068  第77章 藏在阴影处的兔子:2053  第78章 我跟她不一定有未来:2097
          第79章 角落里的灰太狼面具:2085  第80章 我能第一个找到你:2120  第81章 我知道你的心:2017  第82章 在众人中只看向你:2010  第83章 接吻被看见:2017  第84章 公主抱:2023
          第85章 比我想象中更劲爆:1981  第86章 你说的我都信:2372  第87章 从读者变成爱人:4055  第88章 二十岁就有老婆:2025  第89章 星星陨落只在一瞬:2068  第90章 永生永世孤独:2032
          第91章 真诚之人不得善终:2002  第92章 别忘了来时路:2029  第93章 我会为你擦眼泪:2049  第94章 被我捷足先登:2007  第95章 没想过你会离开我:2043  第96章 她说过不会离开我:2011
          第97章 你的小狗很爱你:2012  第98章 我来落井下石:2008  第99章 做点有趣的事:2052  第100章 我也在等你动手:2055  第101章 吃饱了才能打:2000  第102章 站我身后:2018
          第103章 男主会不会太多了:2025  第104章 入虎穴:2035  第105章 我看不一定:2031  第106章 你叫我我就出现:2017  第107章 对不起我来晚了:2004  第108章 我给你讲个故事吧:2026
          第109章 你擦就不疼:2010  第110章 这样你就不会受伤了:2007  第111章 谁允许你凶她了:2044  第112章 被仇家追杀？:2007  第113章 不会见不到我的:2006  第114章 跟救赎文有什么区别:2004
          第115章 我怕我护不住你:2004  第116章 我有点自私了:2022  第117章 她只喜欢我:2030  第118章 最受欢迎新人奖:2008  第119章 像蒋弋那么小心眼的人:2006  第120章 知心爱人:2040
          第121章 一定要回来找我:2034  第122章 但现在你也危险了:2053  第123章 不要辜负大家的心意:2001  第124章 如你黑暗的内心:2012  第125章 这个人自负到极致:2035  第126章 这下头更痛了:2021
          第127章 无人不冤，有情皆孽:2046  第128章:2015  第129章:2012  第130章:2025  第131章:2069  第132章:2031
          第133章:2032  第134章:2003  第135章:2000  第136章:2044  第137章:2052  第138章 独属自己的百转千回:2003
          第139章 有下落了:2004  第140章 原来你也在想我吗:2032  第141章 快回去吧:2036  第142章 妈妈，我喜欢的是女生:2024  第143章 尾声:2017  第144章 番外一：追星？:1589
          第145章 番外二第二次相遇:2393  第146章 番外三：三个穿越者:4126

15:16:20  始乱终弃后发现对象是偏执狂 (西兔耳) [完结+番外]  69p→60章  614KB  OK
          https://www.52shuku.net/gl/12_b/bkbkz.html
          第1章 警告:4081  第2章 惊喜:3251  第3章 火车:4770  第4章 标本:3097  第5章 偶遇:2961  第6章 前任:3304
          第7章 强硬:3450  第8章 打架:3210  第9章 梦醒:4570  第10章 决定:4452  第11章 收藏:3407  第12章 发现:1990
          第13章 对峙:2488  第14章 合约:2585  第15章 变化:4725  第16章 模特:3063  第17章 西装:3166  第18章 高中:3343
          第19章 回忆:2275  第20章 聚会:7038  第21章 睡觉:2933  第22章 欧洲:3539  第23章 布展:3742  第24章 初恋:3311
          第25章 厉害:3182  第26章 游戏:4170  第27章 开车:3558  第28章 胜利:3094  第29章 墓园:3096  第30章 发烧:3117
          第31章 病历:3361  第32章 年会:3154  第33章 处理:3120  第34章 恐惧:2596  第35章 坦诚:3815  第36章 证据:3607
          第37章 晚宴:3861  第38章 跨年:3777  第39章 吃醋:4678  第40章 违约:1962  第41章 海岛:3943  第42章 挑衅:3668
          第43章 反转:3629  第44章 刁蛮:3955  第45章 炮友:1698  第46章 交锋:1764  第47章 勾引:3285  第48章 会议:3201
          第49章 试探:3429  第50章 勘测:3648  第51章 烟花:3377  第52章 秘密:3389  第53章 信徒:1769  第54章 故意:3245
          第55章 照顾:3581  第56章 逃跑:4130  第57章 无常:4329  第58章 归巢:2298  第59章 赌局:3763  第60章 IF线(1)：抓捕:1363

15:16:54  苏老师，大大喊你回家吃饭了 (木糖哎) [完结+番外]  90p→98章  810KB  OK
          https://www.52shuku.net/gl/12_b/bkbky.html
          第1章第1章:3115  第2章第2章:2201  第3章第3章:2709  第4章第4章:4116  第5章第5章:3188  第6章第6章:3395
          第7章第7章:2666  第8章第8章:3632  第9章第9章:3039  第10章第10章:2980  第11章第11章:2758  第12章第12章:3181
          第13章第13章:3110  第14章第14章:2897  第15章第15章:4102  第16章第16章:3323  第17章第17章:3755  第18章第18章:3078
          第19章第19章:2552  第20章第20章:2568  第21章第21章:2783  第22章第22章:2272  第23章第23章:2843  第24章第24章:3253
          第25章第25章:3653  第26章第26章:2782  第27章第27章:2764  第28章第28章:2174  第29章第29章:2371  第30章第30章:4239
          第31章第31章:2626  第32章第32章:2583  第33章第33章:2319  第34章第34章:3695  第35章第35章:2763  第36章第36章:2754
          第37章第37章:2089  第38章第38章:3108  第39章第39章:2164  第40章第40章:2169  第41章第41章:3175  第42章第42章:2849
          第43章第43章:3168  第44章第44章:2181  第45章第45章:2575  第46章第46章:3128  第47章第47章:3717  第48章第48章:2355
          第49章第49章:2185  第50章第50章:2800  第51章第51章:2321  第52章第52章:2403  第53章第53章:2303  第54章第54章:2216
          第55章第55章:3035  第56章第56章:4094  第57章第57章:2705  第58章第58章:2526  第59章第59章:2399  第60章第60章:2764
          第61章第61章:2281  第62章第62章:2365  第63章第63章:2467  第64章第64章:2449  第65章第65章:2362  第66章第66章:3035
          第67章第67章:2428  第68章第68章:2532  第69章第69章:2728  第70章第70章:2090  第71章第71章:2721  第72章第72章:2773
          第73章第73章:2951  第74章第74章:3951  第75章第75章:2896  第76章第76章:2847  第77章第77章:2138  第78章第78章:2338
          第79章第79章:2563  第80章第80章:2369  第81章第81章:2787  第82章第82章:2989  第83章第83章:2522  第84章第84章:2887
          第85章第85章:2391  第86章第86章:3282  第87章第87章:2249  第88章第88章:2246  第89章第89章:2645  第90章第90章:2456
          第91章第91章:3433  第92章第92章:2397  第93章第93章:3482  第94章第94章:2752  第95章第95章:2601  第96章番外一:2766
          第97章番外二:2480  第98章番外三:2090

15:17:40  总监她别有用心 (拾贰栎) [完结]  123p→115章  1122KB  OK
          https://www.52shuku.net/gl/12_b/bkbkq.html
          第1章 被动初吻:3689  第2章 昨夜玫瑰:3163  第3章 零度空间:3229  第4章 锋芒初显:3104  第5章 声名狼藉:3149  第6章 初生牛犊:3157
          第7章 借题发挥:3420  第8章 李代桃僵:3111  第9章 拨云见日:3072  第10章 运筹帷幄:3066  第11章 截然相反:3158  第12章 水中月，镜中花:3114
          第13章 错位:3037  第14章 世家:3201  第15章 异端:3020  第16章 碰壁:3051  第17章 冒失:3211  第18章 道歉:3425
          第19章 独处:3133  第20章 敌意:3015  第21章 意外:3171  第22章 混乱:3263  第23章 转机:3218  第24章 情愫:3078
          第25章 挫败:3142  第26章 困境:3151  第27章 好戏:3009  第28章 上演:3228  第29章 重现:3174  第30章 拆穿:3434
          第31章 涅槃:3470  第32章 故人:3396  第33章 碎梦:3058  第34章 心旌摇曳:3018  第35章 弗朗明哥:3438  第36章 塞翁失马:3047
          第37章 同床共枕:3182  第38章 欲盖弥彰:3186  第39章 吴牛喘月:3042  第40章 冰山一角:3319  第41章 图穷匕见:3098  第42章 短兵相接:3038
          第43章 寒蝉凄切:3209  第44章 金玉其外，败絮其中:3448  第45章 陈年旧事:3212  第46章 触目惊心:3240  第47章 因势利导:3619  第48章 强饮酡颜:3472
          第49章 返璞归真:3244  第50章 湖边漫步:3531  第51章 一吻定情:3033  第52章 若即若离:3282  第53章 水火不容:3258  第54章 养痈遗患:3190
          第55章 请君入瓮:3051  第56章 蚍蜉撼树:3399  第57章 李代桃僵:3093  第58章 沉默:3123  第59章 交换:3332  第60章 安眠:3233
          第61章 相处:3134  第62章 搬家:3052  第63章 月光:3572  第64章 过往:3415  第65章 布局:3120  第66章 暗度陈仓:3485
          第67章 暗流涌动:3705  第68章 犹豫不决:3435  第69章 踟蹰不前:3317  第70章 管中窥豹:3087  第71章 事出有因:3080  第72章 顺水推舟:3383
          第73章 若即若离:3008  第74章 居安思危:3131  第75章 认错:3163  第76章 折花:2825  第77章 合安:3220  第78章 超载:3194
          第79章 习俗:3614  第80章 惊喜:3177  第81章 拿捏:3053  第82章 成长:3120  第83章 不速之客:3012  第84章 得寸进尺:3014
          第85章 东窗事发:3305  第86章 决裂:3100  第87章 告别:3011  第88章 等待（一）:3029  第89章 等待（二）:3358  第90章 疏影横斜水清浅:3085
          第91章 重逢:3308  第92章 重逢（二）:3051  第93章 心甘情愿:3496  第94章 报复:3660  第95章 暴露:3287  第96章 摊牌:3177
          第97章 传承:3068  第98章 谈话:3428  第99章 和好如初:3097  第100章 鬼？:3595  第101章 秋后算账:3289  第102章 画皮:3098
          第103章 遗憾:3267  第104章 过往:3628  第105章 联手:3451  第106章 机遇:3122  第107章 号角:3522  第108章 变数:3172
          第109章 峰回路转:3735  第110章 困兽之斗:3799  第111章 蛇蝎心肠:3509  第112章 真情流露:3149  第113章 胜利:3343  第114章 胜利之舞:3196
          第115章 油画:3067

15:18:33  小猫要终止合约 (何仙咕) [完结]  142p→119章  1240KB  OK
          https://www.52shuku.net/gl/12_b/bkbkp.html
          第1章 荠菜炒鸡蛋:3264  第2章 瘦不伶仃猫崽子:3515  第3章 出来玩:3443  第4章 你干嘛摸我肚子:3169  第5章 她帮不了她:3495  第6章 您哪位？:3412
          第7章 如此温驯:3623  第8章 苦的，也是甜的:3357  第9章 对天发誓，绝无二心:3494  第10章 活活把你气死:2034  第11章 你手捏得我好热:2311  第12章 我会变成你的人:2201
          第13章 “她”值得更好的生活……:2143  第14章 不单要能吃苦，还要能受……:2123  第15章 小蜜蜂一头扎进花朵……:2160  第16章 要她心甘情愿步入樊笼……:2380  第17章 人生好难啊:2316  第18章 你心理扭曲，你是变态啊……:2192
          第19章 奶奶让我来陪你睡觉:2162  第20章 她好像是有点喜欢我:2069  第21章 姜老板，你真的不喜欢我……:2049  第22章 当养个猫儿狗儿……:2221  第23章 你今天没有雨衣喽——:2540  第24章 城里人有特殊癖好:11070
          第25章 她八成是个同性恋:6521  第26章 “我是她的童养媳。”……:6406  第27章 你在惹我心寒:6904  第28章 她一辈子都是姜悯的小媳……:6702  第29章 伺候你洗澡:3903  第30章 心旌摇曳，难以招架:3366
          第31章 ——“姐姐。”……:3426  第32章 养大我，陪你睡觉:3388  第33章 城里人呵，道貌岸然……:3525  第34章 更觉天地宽:3691  第35章 “我们”，“她们”……:3378  第36章 好奇害死猫:3819
          第37章 “你摸摸看。”:3830  第38章 你以为你是个什么东西……:3324  第39章 换上吧，不是喜欢当替身……:3355  第40章 当她的替身，你还不够格……:3495  第41章 还是你会过日子:3553  第42章 姜妈妈见我可怜才把我接……:3320
          第43章 她们的第一个吻:3397  第44章 那你还不去陪老板睡觉？……:3338  第45章 菀菀类卿:3407  第46章 是不是亲了嘴就能在一起……:3680  第47章 六味地黄丸:3381  第48章 “姜悯，我喜欢你。”……:3343
          第49章 好福气，也是玩上女高了……:3721  第50章 吻上她嘴唇:3784  第51章 亭亭楚楚，皓齿星眸:3454  第52章 姜老板，还沉醉呢:2780  第53章 她想用力推开她:3432  第54章 “笑起来就不像了。”……:3319
          第55章 即便如此，我也不能离开……:3361  第56章 她再也不能做自己:3324  第57章 你只是像她，你不是她……:3397  第58章 她会小心恪守本分:3361  第59章 她好没骨气:3299  第60章 来我房间:3382
          第61章 她抓住了自己能抓住的一……:3738  第62章 一汩汩，湿黏的:3273  第63章 你才流到脚后跟:3327  第64章 三十女人猛如虎豹:3289  第65章 命运的《孙子兵法》……:3410  第66章 你就会欺负我:3355
          第67章 彻底陷入混乱:3315  第68章 我偏要以下犯上呢？:3484  第69章 性吗？床上功能？……:3407  第70章 我想跟你睡觉:3417  第71章 她喜欢她，仅此而已……:3389  第72章 爆炒比较火辣刺激:3367
          第73章 姐姐为我精心烹调自己……:3391  第74章 吃个水饱:3380  第75章 第一天:3351  第76章 姜阿姨的小女朋友:3326  第77章 炒完我又要去炒菜:3390  第78章 患得患失也是难免:3456
          第79章 爽完提上裤子就走:3361  第80章 不要跟我说分手:3388  第81章 女同性恋烤肉店演活春宫……:3300  第82章 坐我脸上:3369  第83章 讨厌姜悯:3434  第84章 又当又立:3343
          第85章 童养媳要做当家主母:3737  第86章 有爱，就还能坚持:3375  第87章 怎么会变这样:3480  第88章 楼快塌了吧:3391  第89章 饮鸩止渴:3358  第90章 我给你脸了:3362
          第91章 “你养不好就别养啊。”……:3314  第92章 “姜悯，我好恨你。”……:3260  第93章 太阳照常升起:3293  第94章 她的小猫独一无二……:3320  第95章 你现在就走，离开我的家……:3304  第96章 扫地出门:3326
          第97章 “是你让我滚的。”……:3287  第98章 你把我当人还是当狗？……:3413  第99章 她足够幸运了，不是吗？……:3757  第100章 接受现实:3269  第101章 自我惩罚:3447  第102章 她不再是周灵蕴的优先……:3256
          第103章 她被周灵蕴讨厌了:3695  第104章 好好教训教训她:3368  第105章 这世上不是只有一只小……:3278  第106章 最后一点不必要的牵连……:3322  第107章 你给我的惩罚够多了……:3319  第108章 你就绝对无辜吗？……:3349
          第109章 这女的很有手段:3513  第110章 如果可以被强制爱的话……:3349  第111章 [骚货。]:3478  第112章 六边形战士:3275  第113章 姜大炮二号:3354  第114章 她们皆因爱而恐惧:3645
          第115章 就要乱来:3365  第116章 既然要追求刺激…………:3335  第117章 大白天发什么骚:3369  第118章 原来麻逼是这个意思:3362  第119章 完结章:3210

15:19:19  被偏执阴湿亡妻窥伺后 (沈明钰) [完结]  125p→91章  1074KB  OK
          https://www.52shuku.net/gl/11_b/bkbj9.html
          第1章 水不对劲 根本动不了:4848  第2章 锁骨上的淤青 谁掐的？:4287  第3章 奇怪的历史订单 陌生的同乘人……:4071  第4章 脚踝多了一圈红痕 有点冷:3538  第5章 一缕凉风 不太老实:4510  第6章 落手点不对 很不礼貌:3130
          第7章 抽屉暗格 藏着什么？:3356  第8章 床单不像样 不洗不行了:3245  第9章 浴室里 进入幻觉:3556  第10章 祂是水 水能做什么？:3308  第11章 腰上的淤青 该不会我自己掐的吧:3533  第12章 镜中人 祂伸出镜外，融进影子里……:3791
          第13章 内裤在哪里 管得挺宽:3141  第14章 她的眼睛 自愿捐赠:3523  第15章 祂是谁 因果未了:3329  第16章 你不记得了？ 规则怪谈:3433  第17章 不能在这 影子为什么有两双手？:3657  第18章 神经痛 为什么心也一起疼:3142
          第19章 端水大师 哄祂:3247  第20章 只能属于我 好想吃掉露露:3528  第21章 低级妄想 它为你而生:3038  第22章 窒息的拥抱 好久不见，我很想你……:3393  第23章 你要想我 荒唐旖旎的梦境:7780  第24章 遗忘纪念日 有本事开门啊:7069
          第25章 天生疯子 不许靠近她:5776  第26章 露露，我的 我们会一直一直在一起:6606  第27章 使不得啊 我可不想尸检报告是纵欲过度……:5870  第28章 美色惑人 颜控什么事做不出来？……:6374  第29章 似酸似涩 原来是鬼缠身:5807  第30章 不许离开 露露不要我了吗？:4402
          第31章 真假“兰兰” 遇上真病娇了？！……:7004  第32章 梦中梦 忘了她，爱上我。:4649  第33章 梦境是真 一切谜题的答案就在那里:3564  第34章 过去的信件 新的谜题出现:4733  第35章 各有秘密 你是关芷，关兰的继姐，对吗……:4527  第36章 她说谎 所有的美好回忆都想温习:3774
          第37章 宣示主权 亡妻姐终于有正常点的形态了……:3688  第38章 乱吃飞醋 脖子上的红痕是什么虫子蜇的……:3924  第39章 不是罪人 窗台下窃听到的秘密:3564  第40章 太贪心 我想起来了:3541  第41章 无法走出的梦魇 求求你，让我抱抱她……:3411  第42章 都不对劲 照片发我一下:3392
          第43章 及时雨 告诉我，你是谁的？:3652  第44章 又吃醋 打电话的时候闹什么呢？！……:3668  第45章 只要你想知道 我愿意告诉你，全部……:3492  第46章 你忘了吗？ 梦里的人，是没有脸的。……:3361  第47章 祂像是恼了 疼。我知道自己在撒谎。……:3418  第48章 坐怀不乱 不可能:3787
          第49章 一滴血泪 祂的声音从四面八方传来……:3438  第50章 替身 深度催眠:3492  第51章 诡异黑雾 留下来，和我融为一体:4958  第52章 玩得开心 少操没用的心，多操喜欢的.……:3374  第53章 插足 三人行，真的不行！:3453  第54章 吃瓜者众 不知天地为何物:3419
          第55章 拈酸吃醋 酸倒牙了:3449  第56章 求婚 像噩梦，像诅咒:4428  第57章 双人约会 桌子下的为所欲为:3569  第58章 失落 攻势凶猛:3151  第59章 可不可以 乖，闭上眼睛:3538  第60章 伤疤 都是她的味道。:3475
          第61章 抱得太紧 把她抓的那块衣服剪下来:3695  第62章 留在三年前 不愈的伤口:3431  第63章 捐赠移植 这一切来得太突然...:4193  第64章 过度垦荒 地累死了:3473  第65章 勿忘我 热闹与祂无关:3420  第66章 纸星星 我的影子，是短发？！……:3562
          第67章 谁晕血？ 下了雨那片路都是红的。……:3956  第68章 不忍 重要的事情不会被遗忘:3481  第69章 阴魂不散 我们的啊止:3567  第70章 再次遗忘 早就难以割舍:3425  第71章 我的爱人 为什么要躲着我？:3435  第72章 物归原主 我想回家了:3480
          第73章 即便没有我 一梦无痕:3581  第74章 遗忘会幸福吗？ 没有过去的人，又要如……:3748  第75章 大漠孤烟直 人间烟火气:3571  第76章 反对无效 简直强人所难:3779  第77章 半盒指套 兴致缺缺:3501  第78章 哑巴吃黄连 只想心怀鬼胎不想真怀啊！……:3731
          第79章 好过分 真的不想再试试吗？:4041  第80章 不要怜悯 要爱，要更多:3816  第81章 沉溺温柔 你身上有我的味道。:3580  第82章 喂饭 经验丰富:3643  第83章 区别对待 小心什么？:3572  第84章 关兰回来了 露露又不听话:3984
          第85章 姐姐忍心吗 姐妹对峙:3778  第86章 那你呢？ 姐姐能给她什么？:3501  第87章 友情变质 暧昧突生，有什么好像变了。……:3450  第88章 过期的约定 迟来的赏花宴:3569  第89章 钥匙丢了 门开了，来了一位不该出现的……:3604  第90章 露露骗人 是背着我和她有了联系吧？……:3835
          第91章 正文完结！ 还有很多番外等……:3848

15:20:08  她在救赎文里普法 (明日皎皎) [完结+番外]  133p→161章  1159KB  OK
          https://www.52shuku.net/gl/11_b/bkbj7.html
          第一章 都是点赞惹的祸:3993  第二章 萌芽:3014  第三章 传闻:3402  第四章 男主？:3536  第五章 板报保卫战:4018  第六章 有点可爱:3492
          第七章 被保护了:2396  第八章 雪花酥:2955  第九章 中秋节（上）:2721  第十章 中秋节（中）:2535  第十一章 中秋节（下）:2935  第十二章 秘密:2054
          第十三章 报名:2458  第十四章 运动会:2480  第十五章 祈福:2187  第十六章 幸福就是火锅:2147  第十七章 关于未来:2636  第十八章 两人的春节:2394
          第十九章 潜移默化的回报:2190  第二十章 毕业照:2090  第二十一章 告白:3398  第二十二章 终于有了点穿书的感觉:2103  第二十三章 上药:3139  第二十四章 偶遇抢劫:2972
          第二十五章 连麦休息:2157  第二十六章 大学:2465  第二十七章 谁是姐姐？:2264  第二十八章 复杂的开学典礼:2164  第二十九章 朋友玩一下手很正常:2437  第三十章 老板大气！:2245
          第三十一章 越乱越爱添乱:2112  第三十二章 游戏之夜:2107  第三十三章 未婚妻:2195  第三十四章 捏他麻筋！:2167  第三十五章 绑情缘:2083  第三十六章 她是什么样的？:2101
          第三十七章 危险…？:2554  第三十八章 重要的人:3288  第三十九章 最后的挣扎:2041  第四十章 舆论:2342  第四十一章 苏若凝的哥哥们:2626  第四十二章 她黏人？:2441
          第四十三章 谢纪尘:2265  第四十四章 追赶她的未来:2193  第四十五章 剧情重接:2200  第四十六章 她的福星:2340  第四十七章 质问:2371  第四十八章 学会耍赖了:2217
          第四十九章 抉择和冷落:2304  第五十章 坦白:2818  第五十一章 枪声响起:2368  第五十二章 可靠的小哭包:2542  第五十三章 需要中药调理一下:2197  第五十四章 局长的请求:2304
          第五十五章 獬豸徽章:2247  第五十六章 这还是言情小说吗？:2240  第五十七章 误入爬山悬疑剧:2024  第五十八章 林池渊:2556  第五十九章 发烧:2570  第六十章 海洋馆:2336
          第六十一章 鲨鱼匕首:2374  第六十二章 枪械精通:2253  第六十三章 喜欢是什么感觉？:2211  第六十四章 宿舍的闹钟炸弹游戏:2259  第六十五章 游戏惩罚:2362  第六十六章 好眼熟的套路:2740
          第六十七章 喜欢的人是你:2497  第六十八章 仪式感:2087  第六十九章 小狗的信:2087  第七十章 龙套就不要立flag了:2378  第七十一章 回给小狗的信:2047  第七十二章 互相伤害的男人们:2106
          第七十三章 这是什么？咬一下:2065  第七十四章 苏凌的判决:2243  第七十五章 四个人的唱歌团建:2324  第七十六章 灯会:2216  第七十七章 和嬴鹤的一天:2056  第七十八章 危险游轮（上）:2029
          第七十九章 危险游轮（中）:2523  第八十章 危险游轮（下）:2031  第八十一章 选择继续的意义:2359  第八十二章 子债父偿:2113  第八十三章 怎么还叫叔叔阿姨？:2053  第八十四章 澈玉的礼物:2117
          第八十五章 她的情绪中和剂:2105  第八十六章 女朋友是沈默柔:2183  第八十七章 新的问题:2061  第八十八章 欢迎回家:2238  第八十九章 拖字决:2041  第九十章 故居重游:2392
          第九十一章 一群好亲戚:2098  第九十二章 女主的命运:2111  第九十三章 介绍个男朋友:2132  第九十四章 全世界都想抢她老婆:2263  第九十五章 什么道具都行？:2194  第九十六章 比糖还甜:2010
          第九十七章 甩不掉的阴影:2220  第九十八章 爸爸和妈妈:2091  第九十九章 最好的生日:2121  第一百章 爱你的全部:2034  第101章 涂口红:2166  第102章 约会地点是警局？:2249
          第103章 父女的对话:2149  第104章 不要做谜语人啊:2151  第105章 走哪炸哪:2075  第106章 长官，剧本不对:2063  第107章 研究一下炒菜:2223  第108章 这个叫魔术道具吗:2159
          第109章 她是不是很坏？:2035  第110章 被隐藏的过去:2100  第111章 新的证物:2169  第112章 这个老六就是逊哎:2233  第113章 在乎上下干什么:2078  第114章 被支配的错觉:2161
          第115章 平平淡淡的日常:2038  第116章 不许别人叫姐姐:2060  第117章 典礼邀请函:2079  第118章 小号起名需谨慎:2075  第119章 典礼（上）:2153  第120章 典礼（下）:2213
          第121章 只坑有钱人:2115  第122章 掉马的要素是？:2072  第123章 接受能力有多强:2069  第124章 别来碰瓷:2053  第125章 磕到真的了:1877  第126章 禁止跟踪:2271
          第127章 春天:1947  第128章 情侣装，好！:2073  第129章 解除婚约:2073  第130章 爱心价，1888:2088  第131章 有外挂根本不怕:2017  第132章 嬴鹤的谢礼:2188
          第133章 给家人们送福利:2088  第134章 刑，都刑:2009  第135章 日子越过越有判头:2084  第136章 世界的主角:2088  第137章 愧疚感不是这么用的:2069  第138章 风雨欲来:2071
          第139章 怪物的秘密:2193  第140章 最好的答案:2111  第141章 礼物论斤买:2053  第142章 家族遗址:2354  第143章 不需要迟来的正义:2126  第144章 赢家:1970
          第145章 玩起来了:2270  第146章 收尾工作:2376  第147章 屠门案审判:2003  第148章 枪决:2037  第149章 其实已经偷看很久了:2017  第150章 武器制造厂:2074
          第151章 小别:2041  第152章 另类的替身文学:2089  第153章 训练基地:2324  第154章 终于被逼疯了吗:2363  第155章 小情侣见面:1950  第156章 劫持:2023
          第157章 要缠着你两辈子:2319  第158章 尘埃落定:2144  第159章 未来见:1975  第160章 求婚:2169  第161章 大结局:12984

15:20:31  落寞莉 (虎鲸芒芒) [完结]  56p→46章  471KB  OK
          https://www.52shuku.net/gl/11_b/bkbj5.html
          第1章 楔子:5564  第2章 困意消失:3473  第3章 捎我一程:3000  第4章 把钱还给她:3046  第5章 别哭啊:3081  第6章 夏夜晚风:3864
          第7章 试探:3486  第8章 神奇魔力:3199  第9章 月光静静:1856  第10章 恳求:4521  第11章 过家家:3361  第12章 珍贵:2771
          第13章 迷恋:1782  第14章 车外大雨:2926  第15章 奇遇:2167  第16章 每时每刻:3264  第17章 惶惑不安:3022  第18章 限定:4547
          第19章 动作变形:2162  第20章 失落:1975  第21章 离开:1847  第22章 玩玩而已:3315  第23章 刀:5214  第24章 告别:3177
          第25章 漂泊1:5558  第26章 漂泊2:3919  第27章 重逢:2707  第28章 廉价的:3250  第29章 别说了:5006  第30章 请求:3592
          第31章 拥抱:4188  第32章 争吵:4629  第33章 距离:3235  第34章 决裂:3512  第35章 挫败:1365  第36章 启程:2273
          第37章 朋友:4499  第38章 小姨:3938  第39章 取乐解闷:6938  第40章 角色:3235  第41章 坦然:4896  第42章 新春:2815
          第43章 柚子花:1913  第44章 金灿灿的:1868  第45章 出游:4015  第46章 面对:1706

15:21:32  带着糊涂系统追师祖 (大咸猫) [完结+番外]  169p→148章  1502KB  OK
          https://www.52shuku.net/gl/11_b/bkbj3.html
          第1章:3511  第2章:3188  第3章:3285  第4章:3310  第5章:3247  第6章:3240
          第7章:3304  第8章:3164  第9章:3274  第10章:3623  第11章:3106  第12章:3147
          第13章:3266  第14章:3103  第15章:3134  第16章:3134  第17章:3130  第18章:3224
          第19章:3363  第20章:3317  第21章:3241  第22章:3241  第23章:3315  第24章:3300
          第25章:3266  第26章:3364  第27章:3433  第28章:3420  第29章:3284  第30章:3290
          第31章:3567  第32章:3442  第33章:3263  第34章:3232  第35章:3303  第36章:3439
          第37章:3289  第38章:3218  第39章:3230  第40章:3296  第41章:3414  第42章:3440
          第43章:3258  第44章:3201  第45章:3479  第46章:3236  第47章:3248  第48章:3251
          第49章:3481  第50章:3477  第51章:3293  第52章:3497  第53章:3347  第54章:3407
          第55章:3331  第56章:3232  第57章:3243  第58章:3461  第59章:3298  第60章:3300
          第61章:3275  第62章:3227  第63章:3214  第64章:3645  第65章:3231  第66章:3534
          第67章:3275  第68章:3272  第69章:3386  第70章:3460  第71章:3290  第72章:3300
          第73章:3362  第74章:3574  第75章:3728  第76章:3275  第77章:3296  第78章:3479
          第79章:3494  第80章:3365  第81章:3292  第82章:3269  第83章:3409  第84章:3268
          第85章:3230  第86章:3268  第87章:3484  第88章:3422  第89章:3270  第90章:3429
          第91章:3229  第92章:4538  第93章:4384  第94章:4316  第95章:3971  第96章:3919
          第97章:3330  第98章:3461  第99章:3393  第100章:3360  第101章:3234  第102章:3471
          第103章:3264  第104章:3343  第105章:3191  第106章:3334  第107章:3296  第108章:3402
          第109章:3347  第110章:3238  第111章:3500  第112章:3386  第113章:3427  第114章:3226
          第115章:3198  第116章:3291  第117章:3194  第118章:3318  第119章:3292  第120章:3194
          第121章:3414  第122章:3192  第123章:3237  第124章:3291  第125章:3322  第126章:3407
          第127章:3221  第128章:3365  第129章:3224  第130章:3331  第131章:3194  第132章:3351
          第133章:3483  第134章:3300  第135章:3223  第136章:3324  第137章:3186  第138章:3346
          第139章:3333  第140章:3351  第141章:3242  第142章:3379  第143章:3202  第144章:3261
          第145章:3262  第146章:3269  第147章:3395  第148章:3251

15:22:09  穿成末世炮灰引诱疯批女主 (狼夕) [完结]  97p→130章  837KB  OK
          https://www.52shuku.net/gl/11_b/bkbj2.html
          第1章 砸手机穿书:2072  第2章 吃软饭大计:2057  第3章 怕什么？都是女生:2138  第4章 柔弱男主到来！危机感降临:2084  第5章 扮演绿茶:2127  第6章 她是魅魔:2104
          第7章 不习惯和人有肌肤接触:2078  第8章 打开新世界大门的书:2086  第9章 坏了，穿成恶毒女配了:2179  第10章 原主怎么是恋爱脑？:2089  第11章 你是不是在意我了？:2161  第12章 哄人:2137
          第13章 少女的暗恋悄无声息:2057  第14章 弓兵近战的神！:2045  第15章 收起你们的狗眼:2136  第16章 经验值猛涨:2088  第17章 你的唇有葡萄的酸味:2106  第18章 反派老爹的恐怖:2182
          第19章 搂腰的滋味:2129  第20章 丧尸的进化论:2151  第21章 倒霉穿越者:2219  第22章 抱着你取暖:2138  第23章 她被感染了！:2165  第24章 我们现在是恋人关系吗？:2092
          第25章 保护女主，义不容辞！:2083  第26章 糖果你一半，我一半:2103  第27章 我们的关系不用说谢谢:2068  第28章 浪漫碟片:2131  第29章 她的偏心:2145  第30章 阴魂不散的男主:2073
          第31章 大受震撼:2074  第32章 偷吻你:2106  第33章 扮猪吃老虎:2091  第34章 女配登场:2060  第35章 醉酒的忠犬:2062  第36章 你只属于我:2070
          第37章 我再也不会让你难受了:2074  第38章 醋意蔓延:2152  第39章 我不比她弱，我能保护你:2114  第40章 肘飞男主:2051  第41章 礼物是我，你满意吗？:2071  第42章 偷偷藏不住对你的爱意:2103
          第43章 她只能崇拜我一个:2119  第44章 刁蛮大小姐:2127  第45章 攻略苏小姐的好处:2098  第46章 子欲养而亲不待:2092  第47章 在岳父面前表现自己:2139  第48章 日记里的秘密:2093
          第49章 不能放着爱人不管:2224  第50章 亲爱的，我不想变丧尸，杀了我:2240  第51章 女主的秘密到底是什么？:2125  第52章 浴火重生:2055  第53章 她A上来了！:2104  第54章 可以回家了:2059
          第55章 既要防男又要防女:2095  第56章 为何不敢看我？:2085  第57章 合作愉快:2092  第58章 月季花:2103  第59章 其实花是给你的呀:2063  第60章 嫉妒之火:2103
          第61章 女主的霸道壁咚:2065  第62章 抱着你:2163  第63章 授人以鱼，不如授之以渔:2126  第64章 捧着花像是在求爱:2097  第65章 女主的金手指外挂:2065  第66章 仁慈之心:2063
          第67章 想与你有婚礼:2082  第68章 反水:2050  第69章 恶心人:2060  第70章 袒护爱人:2103  第71章 特殊的叫起床方式:2045  第72章 拉偏架惹嫉妒:2087
          第73章 我们都是怪物，正好相配:2073  第74章 春秋白日大梦:2062  第75章 坠河:2074  第76章 放心，还有我在呢:2060  第77章 相拥取暖:2061  第78章 回到属于二人的小窝:2093
          第79章 守卫自己所爱之人:2068  第80章 激将之法特好用:2056  第81章 秘密被察觉:2051  第82章 我心疼你:2167  第83章 嫉妒心很重哦:2082  第84章 投喂你:2076
          第85章 紧急刹车:2107  第86章 旋转木马的浪漫色彩:2071  第87章 与你相拥:2041  第88章 克制不住的喜欢:2054  第89章 等待夸奖的狗狗:2050  第90章 双城合作:2126
          第91章 无论如何，有我在你身边:2049  第92章 身份晋升:2058  第93章 不戴面具超帅的！:2075  第94章 两败俱伤:2106  第95章 为爱滋生无限潜力:2103  第96章 一辈子好吗？:2084
          第97章 主要角色陆续登场:2170  第98章 我可以成为你的依靠:2058  第99章 情不知所起:2075  第100章 你没事就好:2046  第101章 小猫越来越馋了:2096  第102章 痛也想拥有你:2108
          第103章 隐隐约约的吃醋:2066  第104章 孔雀开屏:2042  第105章 可恶的男士香水！:2052  第106章 父母认可的身份:2064  第107章 你喜欢我？:2086  第108章 浴火方能重生:2101
          第109章 心里的玫瑰:2048  第110章 心里的小猫:2062  第111章 地下恋人:2128  第112章 爱情的考验:2098  第113章 发泄:2080  第114章 守护爱情的骑士:2111
          第115章 摸谁谁傻:2112  第116章 反将岳父一军:2102  第117章 你爱我吗？:2060  第118章 惊喜筹备:2045  第119章 铸造戒指:2093  第120章 洗干净的小狗:2044
          第121章 妹妹，跟我走！:2096  第122章 母亲病重:2112  第123章 人心与丧尸谁可怕？:2081  第124章 得知真相:2050  第125章 逃出升天:2142  第126章 棠棠，长大了:2049
          第127章 借花献佛:2065  第128章 意料之外的展开:2067  第129章 婚礼:2047  第130章 终章:2147

15:23:15  只要我够沙雕，剧情就虐不到我 (宋言蹊) [完结+番外]  180p→133章  1505KB  OK
          https://www.52shuku.net/gl/11_b/bkbj1.html
          第1章 呵，咱是炮灰:1065  第2章 嘿呀:1798  第3章 嗨害嗨:6939  第4章 呱啦:6748  第5章 嘟嘟:4922  第6章 哎呀:4284
          第7章 嗨害嗨嗨害嗨:5010  第8章 守护者:4907  第9章 嘿嘿:4147  第10章 嘿嘿嘿:4064  第11章 主线篇:5652  第12章 盖亚:4556
          第13章 喵啊:3223  第14章 喵呜:3995  第15章 哼哼:4961  第16章 啊呜:4613  第17章 主线篇无人岛:4352  第18章 主线篇无人岛2:4101
          第19章 主线篇无人岛3:4291  第20章 恢复日常篇了哦，继续江姐的假期吧:4406  第21章 假期进行中:4559  第22章 假期快结束了:2743  第23章 假期结束了:3119  第24章 想标题好难:4088
          第25章 累啊:4114  第26章 惨了:4019  第27章 打怪进行时:4184  第28章 怎么打怪就结束了？:4111  第29章 好吧打怪真的结束了，没想到1章就结束了:4024  第30章 这一次，她要夺回……:4100
          第31章 我到底要怎么巧妙的化解呢:4136  第32章 啊哈哈哈哈:4035  第33章 笑的嘎嘎乐:2277  第34章 你猜猜:3761  第35章 没想到吧，作者也没想到:2931  第36章 还是写日常吧，我当初为什么要设个主线，写的脑壳痛？～？:2348
          第37章 加油:1658  第38章 哎呀呀:2363  第39章 尬的我头皮发麻:4149  第40章 我玩的就是尬！:4050  第41章 没什么才艺，给大家舞一个吧:4125  第42章 我很丑但我很温柔:4152
          第43章 我真的生气了！:3037  第44章 永远猜不到后面的剧情:1904  第45章 过一半没有:1999  第46章 啊哈哈哈哈哈:3075  第47章 场面一度很尴尬:1873  第48章 好的好的:1072
          第49章 哼唧:1982  第50章 我的泪，为谁而流，我的伤，因谁而痛:1396  第51章 脑子来脑子来，脑子从四面八方来:1038  第52章 脑子怎么还没有来！:2451  第53章 我的脑子……丢了…:1610  第54章 卡文了卡文了！！！:1733
          第55章 好像有个设定被我遗忘了……:2958  第56章 越写越没有灵感了……:4006  第57章 自己都觉得扯系列……:1799  第58章 略略略略略:4078  第59章 又是个狗血的故事啊……:4054  第60章 炸了炸了:4201
          第61章 好哒:4057  第62章 好家伙:4015  第63章 心情低落:4008  第64章 造孽哦:4026  第65章 来了来了来了:4045  第66章 赞赞赞赞赞:4010
          第67章 哒哒哒哒哒:4005  第68章 啊哈哈哈:4009  第69章 此章又名齐豫的复仇之路:3997  第70章 这章不出意外真的是齐豫的复仇之路:3992  第71章 齐豫复完仇了吗:4155  第72章 这章放过齐豫了，来嚯嚯南御:4144
          第73章 大家猜猜，这章嚯嚯谁:4041  第74章 大家猜猜这次是谁被嚯嚯了:4010  第75章 不高兴:4027  第76章 玩去咯:4009  第77章 心态崩了鸭:4005  第78章 小弟:4128
          第79章 住手啊:4036  第80章 胆子这么小啊:4065  第81章 天呐天呐天呐:4018  第82章 让我来看看:4000  第83章 我该怎么办:4049  第84章 我来了哦:4033
          第85章 打了他，可就不能打我了哦:4036  第86章 好疼啊我的鼻子:4013  第87章 行了行了:4047  第89章 关于校霸的小弟:4082  第90章 这倒霉的一天啊:4051  第91章 请给我一个名字，谢谢你:4029
          第92章 三人行，必有俩卧龙凤雏:4023  第93章 我的腿啊:4112  第94章 是只乖巧的哈士奇啊:4019  第95章 楚总！:4015  第96章 大聪明:4024  第97章 霸总:4010
          第98章 楚叶暄受难记:4087  第99章 啃啃啃啃啃:4052  第100章 大蟑螂爬行:4047  第101章 回忆都太汹涌:4040  第102章 戳肺管子了嘤:4070  第103章 不要大声说话:4067
          第104章 大聪明是神兽？:4040  第105章 听我说谢谢你:4010  第106章 小别致:4064  第107章 嘻嘻嘎嘎哈哈哈:4002  第108章 救我的人……是你？:4011  第109章 有些头发啊，掉着掉着……就没了:4038
          第110章 霸总他……:4037  第111章 楚叶暄太惨了呜呜呜:4047  第112章 楚秘书哦～:4052  第113章 甜吗:4048  第114章 齐老师你高兴吗？:4127  第115章 哎哟我的天那:4150
          第116章 见家长了啊啊啊啊啊:4078  第117章 猫猫会掉毛，但小妤不会:4018  第118章 我的发啊啊啊啊啊:4026  第119章 楚叶暄再次受难:4029  第120章 头顶绿不代表被绿了，可能是带的假发:4015  第121章 夭寿啦！楚叶暄居然硬气了一次！:4031
          第122章 嘎嘎嘻嘻嘿嘿嘿:4024  第123章 齐豫队伍又添了一名傻子:4061  第124章 叶杞受难记:4053  第125章 叶杞……一路走好……:4039  第126章 渐渐的，你会习惯一些事情:4023  第127章 谢谢大家的支持！:3086
          第128章 哎哟喂，天呐，我脑子不够了！脑子来脑子来！:1505  第129章 我喷死你！喷喷喷喷喷！:2155  第130章 三句话，拿下傲娇僵尸:1026  第131章 韭菜味的奶嗝:1135  第132章 天呐……:1217  第133章 报一丝，写完忘发了……:1660
          第134章 大结局:7484

15:24:04  许愿暴富但穿成渣A (常年无雨) [完结+番外]  134p→182章  1160KB  OK
          https://www.52shuku.net/gl/11_b/bkbj0.html
          第1章 要留清白在人间:1782  第2章 带路:1540  第3章 好感度减减减:1683  第4章 挨千刀的原主:1675  第5章 吃得跟猪一样:1550  第6章 计分器:1660
          第7章 不是，她有病吧？！:1625  第8章 吃什么？挂面吗？:1770  第9章 扇我:1555  第10章 老婆:1645  第11章 亲爱的小七，当你看到……:1560  第12章 汪汪大队:1555
          第13章 剧情回顾:1915  第14章 脑袋被门夹了:2115  第15章 不好说:2132  第16章 你会吗？:2060  第17章 算你倒霉:2030  第18章 爱人，你好！:2082
          第19章 所以，要听话:2045  第20章 演都不演了:2075  第21章 送你一个教训:2075  第22章 我看你也是个人才:2080  第23章 嘤嘤嘤:2065  第24章 我有一个朋友:2095
          第25章 有没有听见什么声音？:2092  第26章 不好也行:2070  第27章 我讨厌你！:2030  第28章 小美:2075  第29章 堂下所跪何人？:2080  第30章 你忘了一件事:2100
          第31章 恐怕不行:2112  第32章 争吵:2095  第33章 婉拒了哈:2081  第34章 腌入味了:2105  第35章 我会伤心的:2077  第36章 我先看到:2025
          第37章 你俩搁这点菜呢？:2105  第38章 太后娘娘和她的守夜丫鬟:2120  第39章 洗衣机引发的血案:2130  第40章 感情淡了:2065  第41章 汪汪大队*2:2135  第42章 真的不能帮帮我吗？:2150
          第43章 智慧的大脑:2193  第44章 破喉咙破喉咙:2202  第45章 她是活着的吧？:2120  第46章 凉凉:2105  第47章 个人战:2035  第48章 磕cp:2110
          第49章 嚼嚼嚼…:2107  第50章 磕到了磕到了:2123  第51章 水一百度会开:2060  第52章 我不玩了略略略:2045  第53章 咋不走嘞？:2081  第54章 猴儿:2120
          第55章 小嘴巴闭起来:2132  第56章 乐于助人:2150  第57章 好困哦:2112  第58章 我是大富婆:2130  第59章 小鸟说好好好:2145  第60章 我唱歌好听吗？:2135
          第61章 先天营销号圣体:2177  第62章 两只鸭子:2080  第63章 小嘴巴生气了:2165  第64章 好漂亮的高音:2208  第65章 把劳动力还给我！:2240  第66章 有人愿意帮我个忙吗？:2233
          第67章 它是弯的！:2237  第68章 伸头一刀缩头也是一刀:2080  第69章 低分组:2142  第70章 这次又撞哪了？！:2115  第71章 她好香:2120  第72章 你在做什么？！:2130
          第73章 带着我心爱的小被子去流浪:2248  第74章 说到……:2129  第75章 你真拔啊？！:2166  第76章 请安:2127  第77章 你是谁？:2202  第78章 那没有了:2113
          第79章 姐，你是我亲姐:2104  第80章 深夜行动:2071  第81章 她克我！:2310  第82章 那可太好了:2047  第83章 一起去厕所吗？:2085  第84章 拉勾勾哦:2207
          第85章 大闹生日宴:2114  第86章 香香软软的软饭:2140  第87章 颜鹤，你忘了:2397  第88章 紧急任务:2135  第89章 真相:2050  第90章 你睡我门口干什么？:2170
          第91章 你怎么进来的！？:2058  第92章 你才是系统:2063  第93章 玛卡巴卡:2167  第94章 破防的女主大人:2135  第95章 丧偶:2059  第96章 种太阳:2038
          第97章 太好了，我们有救了！:2309  第98章 你更喜欢谁的ID？:2048  第99章 你开心就好:2236  第100章 过来一下:2181  第101章 你姐姐挺多啊？:2116  第102章 爱情的味道:2140
          第103章 打起来打起来:2092  第104章 前女友:2065  第105章 以后家里养条狗吧:2087  第106章 你是我带过最差的一届官配！:2160  第107章 买水军硬夸:2080  第108章 好～～～:2110
          第109章 胆儿真小:2045  第110章 原来是你！:2045  第111章 私聊时间:2150  第112章 那真的很命苦了:2252  第113章 你到底哪来这么多话说？:2020  第114章 平等地嘲笑每一个人:2072
          第115章 表达了作者的思乡之情:2140  第116章 直播小能手:2148  第117章 颜鹤劝学:2115  第118章 改个群名:2080  第119章 咋这样嘞？:2067  第120章 真是瞎了眼了:2101
          第121章 真破产了！？:2191  第122章 帽子:2089  第123章 你应该问我怎么了？:2061  第124章 养死了:2177  第125章 遭了:2125  第126章 都别动:2082
          第127章 你喜欢我什么？:2150  第128章 害人害己:2150  第129章 上班:2123  第130章 可恶:2125  第131章 除了你还能有谁？！:2190  第132章 送外卖:2113
          第133章 缺这种人才:2324  第134章 世界上还是坏人多:2198  第135章 霸总病虽迟但到:2072  第136章 啥也不会:2428  第137章 俺来了:2202  第138章 光怪陆离的梦:2374
          第139章 仙品:2042  第140章 难吃死了:2107  第141章 学习资料:2028  第142章 哈哈大笑:2042  第143章 娃娃亲:2060  第144章 我不是贪图享受的人:2048
          第145章 这可咋办呐？:2172  第146章 哭哭哭就知道哭:2044  第147章 搬运工:2015  第148章 假期余额:2074  第149章 身世之谜:2078  第150章 不忘初心:2080
          第151章 给我多打点:2150  第152章 陌生电话:2195  第153章 拔网线:2045  第154章 拆家:2129  第155章 第一年快乐:2137  第156章 还愿:2036
          第157章 地铁二号线:2060  第158章 我帮你问问:2198  第159章 她是不是看上你了？:2085  第160章 我也是:2105  第161章 你要和我做朋友吗？:1987  第162章 钓鱼:2143
          第163章 回趟娘家:2053  第164章 要死不活的人生:2090  第165章 一分钟:2228  第166章 为什么屏蔽我？:2173  第167章 要不要跟我回家:2160  第168章 一只耳:2196
          第169章 干什么？！:2207  第170章 失算了:2300  第171章 有没有想我？:2019  第172章 摸一摸:2060  第173章 加油哦:2148  第174章 好累哦:2102
          第175章 众筹:2268  第176章 早点回家:2065  第177章 你不要说出去嗷:2040  第178章 陈年旧事:2061  第179章 不行:2146  第180章 同床共梦:2431
          第181章 永久标记:2155  第182章 大结局:2422

15:24:24  抢婚后我和顶流He了 (柚羽) [完结+番外]  51p→40章  418KB  OK
          https://www.52shuku.net/gl/11_b/bkbjz.html
          第1章顶流女星被抢婚:3136  第2章顶流女星睡粉:3650  第3章乔缙言对助理真好:3208  第4章花式秀吻技:3938  第5章当红花旦遇袭:3405  第6章她的大小:3628
          第7章乔缙言疑似出柜:3592  第8章潜规则:3616  第9章谁先惹的火:3319  第10章前男友大婚:3849  第11章正室小三齐闹婚:3609  第12章草莓味的吻:3204
          第13章网友E:3346  第14章我们是什么关系:3190  第15章我后悔了:3760  第16章撞衫:3551  第17章虎狼之词:3556  第18章吃火锅:3425
          第19章报仇:3068  第20章乔缙言出柜抢婚者:3280  第21章荧幕情侣:3372  第22章分手:3397  第23章失而复得:3232  第24章又睡了:4257
          第25章回家:3580  第26章喜欢:3449  第27章欢喜:3423  第28章我:3525  第29章超:3230  第30章爱:3373
          第31章你:3434  第32章要:3762  第33章不:3379  第34章我:3234  第35章们:3170  第36章结:3433
          第37章婚:4799  第38章吧:4578  第39章番外一:2817  第40章番外二:1887

15:26:15  双标影后有点难缠 (清酒加冰) [完结+番外]  309p→188章  2724KB  OK
          https://www.52shuku.net/gl/11_b/bkbjx.html
          第1章:4442  第2章:4409  第3章:3929  第4章:4628  第5章:4077  第6章:6331
          第7章:3070  第8章:4193  第9章:3375  第10章:3192  第11章:3374  第12章:2464
          第13章:3112  第14章:2530  第15章:2378  第16章:2727  第17章:2985  第18章:2524
          第19章:8255  第20章:2312  第21章:4272  第22章:3860  第23章:2302  第24章:4344
          第25章:6411  第26章:3306  第27章:4243  第28章:3280  第29章:2355  第30章:3334
          第31章:3335  第32章:2347  第33章:3321  第34章:1234  第35章:3594  第36章:3304
          第37章:3329  第38章:2692  第39章:3587  第40章:3275  第41章:2311  第42章:2278
          第43章:3374  第44章:3256  第45章:4177  第46章:3311  第47章:2576  第48章:2648
          第49章:2958  第50章:3323  第51章:3628  第52章:2246  第53章:3389  第54章:3617
          第55章:3856  第56章:3520  第57章:3218  第58章:2281  第59章:4968  第60章:2950
          第61章:3357  第62章:3609  第63章:3653  第64章:4760  第65章:3883  第66章:3307
          第67章:3332  第68章:8343  第69章:4914  第70章:3908  第71章:3640  第72章:3256
          第73章:3286  第74章:3611  第75章:6585  第76章:3390  第77章:2965  第78章:6837
          第79章:5991  第80章:7939  第81章:5946  第82章:5694  第83章:4314  第84章:4633
          第85章:6327  第86章:7207  第87章:5672  第88章:3924  第89章:7349  第90章:4173
          第91章:4568  第92章:3358  第93章:4023  第94章:3241  第95章:3331  第96章:3958
          第97章:4632  第98章:4516  第99章:3912  第100章:4671  第101章:4881  第102章:6252
          第103章:5034  第104章:5604  第105章:4904  第106章:4886  第107章:4235  第108章:4656
          第109章:4974  第110章:4281  第111章:5510  第112章:4447  第113章:4630  第114章:7581
          第115章:5413  第116章:6212  第117章:6534  第118章:4566  第119章:5571  第120章:6183
          第121章:4367  第122章:3932  第123章:3996  第124章:4241  第125章:4306  第126章:3511
          第127章:3611  第128章:4632  第129章:3608  第130章:3890  第131章:3330  第132章:3277
          第133章:3935  第134章:3610  第135章:4173  第136章:3530  第137章:4314  第138章:3972
          第139章:4180  第140章:3294  第141章:3389  第142章:6637  第143章:3528  第144章:3366
          第145章:3234  第146章:3639  第147章:3276  第148章:3569  第149章:3682  第150章:4755
          第151章:3680  第152章:3378  第153章:3716  第154章:3236  第155章:3921  第156章:5213
          第157章:4264  第158章:4439  第159章:4851  第160章:3637  第161章:3296  第162章:3674
          第163章:3975  第164章:4632  第165章:3988  第166章:4319  第167章:4924  第168章:5192
          第169章:3508  第170章:3847  第171章:8210  第172章:3258  第173章:12355  第174章:7578
          第175章:9766  第176章:11282  第177章:9200  第178章:11196  第179章:5844  第180章:13132
          第181章 番外一:10062  第182章 番外二:5185  第183章 番外三:12377  第184章 番外四:15733  第185章 番外五:25878  第186章 番外六:11168
          第187章 番外七:11499  第188章 番外八（改字）:24423

15:27:06  不好意思，假千金是我的人 (落wan兮) [完结]  139p→219章  1116KB  OK
          https://www.52shuku.net/gl/11_b/bkbjl.html
          第1章 灾星:1335  第2章 木家:1246  第3章 你不配:1341  第4章 你挺可爱的:1313  第5章 帝都学府:1318  第6章 分班:1556
          第7章 她是我家的人:1436  第8章 从来都不承认的婚约:1565  第9章 生日宴会，好戏开场:1416  第10章 不速之客:1315  第11章 飙戏:1634  第12章 岳风:1877
          第13章 怀疑:1716  第14章 校运会:1368  第15章 禁忌:1134  第16章 当初:1618  第17章 名额:1704  第18章 庆祝:1024
          第19章 意外:1849  第20章 情人节特典1:1352  第21章 情人节特典2:1354  第22章 夜晚:1311  第23章 意乱:1301  第24章 暗网:1445
          第25章 事发:1287  第26章 调查★真相:2183  第27章 冷氏:1270  第28章 回忆:1295  第29章 谈判:1303  第30章 坦白:1385
          第31章 反击:1129  第32章 所谓总裁:1321  第33章 莫笑大师:1399  第34章 动手:1491  第35章 密室逃脱:1524  第36章 结识:1277
          第37章 贫民区:1207  第38章 祸事:1609  第39章 叶明枳:1108  第40章 任务:1094  第41章 交药方:1323  第42章 操场:1405
          第43章 旧识:1238  第44章 曾经:1211  第45章 过去:1160  第45章 协议:1322  第46章 婚礼:1735  第48章 校运会☆开端:1249
          第49章 校运会☆搭讪:1255  第50章 校运会☆机场:1420  第51章 校运会☆失踪:1936  第52章 校运会☆等待:1392  第53章 校运会☆出手:1841  第54章 校运会☆得奖:1243
          第55章 校运会☆吃饭:1454  第56章 校运会☆直播:1253  第57章 校运会☆质疑:2405  第58章 校运会☆酒吧:1643  第59章 校运会☆第一场:1510  第60章 校运会☆身份:1124
          第61章 校运会☆赌约:1712  第62章 校运会☆极乐园:1267  第63章 校运会☆你家妹妹带头秀恩爱啊:2013  第64章 校运会☆这不是关系不好吗:1080  第65章 校运会☆我不需要你的喜欢:1696  第66章 校运会☆一个冒牌货而已:1273
          第67章 校运会☆为她证明:1334  第68章 校运会☆当年:1258  第69章 校运会☆私奔:1438  第70章 校运会☆掉马进行时:1526  第71章 校运会☆宴会:1521  第72章 校运会☆拍卖:1361
          第73章 校运会☆压轴拍卖品:1510  第74章 校运会☆苦家:1126  第75章 校运会☆养蛊家族:1281  第76章 校运会☆破局:1479  第77章 校运会☆过往:1400  第78章 校运会☆古武比赛:1280
          第79章 校运会☆古武比赛2:1920  第80章 永远...不要试图离开我:1214  第81章 木嘉集团:1326  第82章 地下赌场:1550  第83章 进行时:2019  第84章 引蛇出洞:1584
          第85章 一千万，我要她的全部资料:1074  第86章 番外：生日福利:1395  第87章 关于520的礼物:1764  第88章 陈:1342  第89章 你的命，你觉得值多少钱？:1539  第90章 咱们就是说，你搁这搁这呢:1574
          第91章 这倒霉孩子倒霉到家了:1278  第92章 只有月零受伤的世界形成了:1317  第93章 多巧啊，这里是奶茶店:1661  第94章 我很期待你们的处理结果:1455  第95章 枝枝我们慢慢来:1353  第96章 她叫家长，她不讲武德:2408
          第97章 第十九层地狱的名字，叫人间:1589  第98章 月零：我是大冤种:1287  第99章 可君，我后悔了（超虐番外，慎入，含灵异）:2087  第100章 不好意思，假千金是我的人:1106  第101章 我们只是会为了位置打架的好姐妹而已:1433  第102章 重新认识一下，我是你的女朋友:1443
          第103章 你和空气比，多了张嘴:1201  第104章 他就是追夫火葬场:1518  第105章 月零：西湖的水是我的泪:1508  第106章 保护花开的方式是砍断摘花人的手:1406  第107章 绑匪：你个老六:2072  第108章 震惊！陆家二少和薛家大少争抢一个男人大打出手:2472
          第109章 我罩着的，你有意见？:2152  第110章 不就是剧本吗？我写不就行了:2000  第111章 你们俩确实般配:1439  第112章 不怪我，都是这个屑女人给的太多了:1759  第113章 答对了，可是没有奖励:1357  第114章 她最后悔的事情就是认识你:1185
          第115章 月凤舞回归:1785  第116章 不服气你就憋着:1833  第117章 我靠的是才华，你靠的是什么？:1702  第118章 你想吗？:1684  第119章 趁人之危不是君子，可君君在我面前不必做君子:1646  第120章 君君觉得我怎么样？:1335
          第121章 祸国妖妃:1506  第122章 这个位置我不想要，但还轮不到你女儿来坐:1633  第123章 我们月家护定了:1624  第124章 我的妹妹，还轮不到你来批评:2454  第125章 （第一卷结束，正式开启新副本地图）:1450  第1章 我的师姐，世界第一好:1286
          第2章 路见不平，拔刀相助，助的是美女姐姐:2202  第3章 你是绑匪还是我是绑匪？:1512  第4章 兄弟，我们是一样的吗？:1292  第5章 我要他们做我的压寨夫君:1903  第6章 今天是我们的洞房花烛夜，你猜我要干什么？:1562  第7章 标题正在加载中.....:1387
          第8章 这福气给你，你要不要？:1812  第9章 恭喜寨主，贺喜寨主:1131  第10章 我愿护你登上属于你的高峰:2097  第11章 这波，这波啊国师在大气层:1500  第12章 你女儿已经把自己卖了呢:1256  第13章 边关七城★天枢城:2241
          第14章 边关七城★天枢动乱:2053  第15章 边关七城★真正的祸源:4109  第16章 边关七城★司家先祖:4094  第126章 那里是人间地狱:1469  第127章 我的女儿，无论什么情况下，我都会护着:1711  第128章 绝不后退:1725
          第129章 没什么好说的:2536  第130章 我们，凭实力说话:2064  第131章 没什么必要竞争:1609  第132章 我的酒店不欢迎你:1739  第133章 文学鉴赏会:1924  第134章 无奖竞猜：白欣的真实身份:1645
          第135章 现在可以看了:2675  第136章 人总以为自己是对的，不肯相信证据（内容与标题无关）:1569  第137章 好一出大戏:2023  第138章 你要她帮忙，问过她的金主了吗？:2054  第139章 玩游戏吗？:3046  第140章 她其他方面也挺好的:1452
          第141章 还记得大明湖畔的羽落吗:4247  第142章 对不起:1324  第143章 有没有人告诉过你，你真的不会说谎？:2964  第144章 不能说是一模一样只能说是毫无关系:2463  第145章 明目张胆的威胁:1889  第146章 坑爹的儿子:1596
          第147章 可是她就是独宠我啊:1262  第148章 愿你经历黑暗依然心向光明:1606  第149章 她们可以相伴黄泉路:1683  第150章 医学研讨会：别来无恙:2615  第151章 游戏，开始了:1328  第152章 乖，按下按钮，枝枝:2370
          第153章 选择:1307  第154章 这场游戏到此结束:1096  第155章 游戏终结者：换一个玩法:1448  第156章 无限套娃:1956  第157章 傀儡师:1252  第158章 战斗:1363
          第159章 换一个样子，依然爱你:1829  第160章 会会这个人:1133  第161章 进入城堡:1258  第162章 我在上星岛等两位妹妹:3149  第163章 华夏的待友之道:1357  第164章 你别无选择:1477
          第165章 比赛开始:1149  第166章 要亲亲要抱抱要举高高:2016  第167章 深渊巨熊:2179  第168章 我迟早会将他碎尸万段:2692  第169章 我们是彼此的良药:1664  第170章 寒家出现圣女就会是世界的末日:1324
          第171章 山雨欲来风满楼:1692  第172章 书院来信:1383  第173章 我的学生我负责:1658  第173章 开学典礼:2751  第174章 动她，你做好下地狱的准备了吗:1610  第175章 你得喊我小姨哟，小君君:1163
          第176章 寒毒:1045  第177章 养料:1102  第178章 要合作吗？:1406  第179章 我不会放手的:1812  第180章 不会吧不会吧不会是你不行吧？:2296  第181章 祂的血脉:2340
          第182章 神级代号:1961  第183章 末日:2234  第184章 游戏要实力均衡才有意思:3253  第185章 进入基地:1500  第186章 我恨你，司莜君:1216  第187章 献祭，已成:1461
          第187章 我对你的幻想:1474  第188章 错过（—）:1388  第189章 错过（二）:1408  第190章 错过（三）:1192  第192章 错过（四）:1746  第194章 错过（五）:2203
          第195章 重逢（一）:1297  第196章 重逢（二）:1107  第197章 重逢（三）:1108  第198章 重逢（四）:1194  第199章 重逢（五）:2047  第200章 新生（一）:1178
          第201章 新生（二）:1285  第202章 新生（三）:1511  第203章 新生（四）:3204

15:28:00  臣妻乃是长公主 (四只碗) [完结+番外]  145p→107章  1249KB  OK
          https://www.52shuku.net/gl/11_b/bkbjf.html
          第1章 楔子:2186  第2章 入宫:2973  第3章 伴读:2351  第4章 含笑:4193  第5章 监督:2323  第6章 赏荷:4504
          第7章 休沐:2875  第8章 笨蛋:3448  第9章 同床:2212  第10章 试探:2090  第11章 山庄:3181  第12章 宴会:2314
          第13章 狂气:4236  第14章 酒醉:3314  第15章 摘星:3849  第16章 祈福:3704  第17章 通告:11  第18章 初疑:3571
          第19章 缘起:3992  第20章 吻不够:2434  第21章 温柔乡:5400  第22章 春风楼:3272  第23章 抓包:3900  第24章 犯上:4346
          第25章 撩拨:3133  第26章 姐姐:2434  第27章 山雨欲来（修）:3186  第28章 祭祀刺杀:3370  第29章 救驾:2394  第30章 君子:4499
          第31章 幼稚（修）:3353  第32章 击鞠:2681  第33章 比赛中:4207  第34章 躁动（修）:2654  第35章 初夜:2423  第36章 上药:2851
          第37章 绮梦:3232  第38章 逃避:3206  第39章 僭越:4766  第40章 真甜:3361  第41章 设局（修）:3796  第42章 陪你:2547
          第43章 坦白:1953  第44章 恶犬:3875  第45章 孟浪:2183  第46章 赎罪:4016  第47章 掌控:4459  第48章 润笔:6726
          第49章 除夕:4586  第50章 春闱:3987  第51章 重逢:4018  第52章 成亲:2115  第53章 曲江:4002  第54章 乔迁（修）:3299
          第55章 来世:3671  第56章 万寿:4746  第57章 地狱:6250  第58章 奏疏:2739  第59章 弃婴:3678  第60章 重瘾（修）:2422
          第61章 仇雠:3184  第62章 饯行:3061  第63章 吃醋:4594  第64章 惩罚:2119  第65章 疯子:4362  第66章 无间:4444
          第67章 轻肥:5410  第68章 隔阂:4711  第69章 博弈:4346  第70章 谋划:5415  第71章 储薨:3567  第72章 托付:4538
          第73章 追忆:4209  第74章 往事（一）:6592  第75章 往事（二）:4632  第76章 帝崩:7377  第77章 冬夜:6917  第78章 户部:3522
          第79章 斗奸:4645  第80章 东市:2589  第81章 对峙:3386  第82章 生辰:3837  第83章 囚禁:3997  第84章 请命:3832
          第85章 遂愿:4076  第86章 赴任:4393  第87章 自渎:4450  第88章 遇险:5241  第89章 母后:4775  第90章 观尘:4652
          第91章 飓风:2389  第92章 再婚:5411  第93章 奔丧:5194  第94章 疑窦:3895  第95章 阿母:3361  第96章 丧女:3540
          第97章 禁脔:3801  第98章 国难:6086  第99章 终章:5714  第100章 番外一 傲娇:5073  第101章 番外二 钓犬:7427  第102章 番外三 确幸[番外]:5363
          第103章 现代篇 欲海（一）[番外]:3879  第104章 现代篇 欲海（二）[番外]:2320  第105章 现代篇 欲海（三）[番外]:4454  第106章 现代篇 欲海（四）[番外]:4212  第107章 现代篇 欲海（完）[番外]:4126

15:28:52  老板要和我结缘 (掌残灯) [完结]  142p→128章  1232KB  OK
          https://www.52shuku.net/gl/11_b/bkbje.html
          第1章 神棍？:3214  第2章 万事有价:3133  第3章 找到了:3246  第4章 这题我会:3148  第5章 看上什么买什么:3505  第6章 来客人了:3188
          第7章 川断:3126  第8章 家:3041  第9章 缘:3053  第10章 非常规手段:3162  第11章 叛逆期:3154  第12章 代价:3160
          第13章 原来你在下面:3437  第14章 卖保险的:3105  第15章 熟人作案，做大做强:3173  第16章 后知后觉:3041  第17章 来活了来活了:3101  第18章 司南:3127
          第19章 宝贵着呢，别掉了:3052  第20章 人仗人势:3121  第21章 恋爱的酸臭味儿:3262  第22章 开鬼门:3128  第23章 关鬼门:3237  第24章 现在矜持什么:3490
          第25章 鳞翅类昆虫怎么飞:3152  第26章 小妈风还差不多:3153  第27章 现在才知道疼:3161  第28章 优等生太可怕了:3252  第29章 入土的标志:3194  第30章 极限防守:3232
          第31章 无情道:3084  第32章 看都看了:3198  第33章 都是债啊，老板:3172  第34章 风水轮流转:3144  第35章 诱惑吗？:3110  第36章 被发了好人卡:3151
          第37章 蠄谑:3074  第38章 不要随便起名字:3197  第39章 赔本买卖:3094  第40章 谁是大王，谁是小王:3113  第41章 你是不是有什么误解:3107  第42章 你们不敢，老板敢:3147
          第43章 协会:3114  第44章 闻闻味道就算吃过:3042  第45章 随缘遂愿:3158  第46章 忍者神龟:3073  第47章 AAA百事屋百事通:3284  第48章 愿打愿挨，都不清白:3257
          第49章 一退一进，一进一退:3070  第50章 查不出病因的病:3373  第51章 欺人太甚:3085  第52章 这就是你不舒服的原因:3195  第53章 摘花与浇水:3387  第54章 我想要长久，长长久久:3213
          第55章 重点不是水，而是谁的水:3308  第56章 有些酸酸的:3126  第57章 just do it:3041  第58章 修行之人，五感灵敏:3157  第59章 不可说，不可说:3085  第60章 玩得真花:3079
          第61章 这个，可以借我吗:3090  第62章 原来是个白切黑:3167  第63章 你瞒着我什么:3136  第64章 我是那个人吗:3031  第65章 是唯一的:3192  第66章 气大伤身:3132
          第67章 不是结缘交友是什么:3303  第68章 嗯？成亲啊:3102  第69章 一垒？二垒？:3135  第70章 “大孝子”:3191  第71章 用吻来告诉我:3154  第72章 日出:3070
          第73章 标记领地:3093  第74章 天作之合:3295  第75章 你害羞了？:3264  第76章 学学狐狸:3115  第77章 女朋友的义务:3100  第78章 人工微笑:3222
          第79章 你不回一个吗:3181  第80章 任性一次:3092  第81章 木头，人:3068  第82章 礼尚往来:3073  第83章 先满足我:2241  第84章 你的任务，是动起来:3206
          第85章 玩火高手:3150  第86章 共生:3148  第87章 压到我了:3226  第88章 遥遥:3130  第89章 因为你很好看啊:3268  第90章 最好的朋友:3120
          第91章 给你一个名分:3269  第92章 一纸婚书:3865  第93章 门，哪里的门？:3377  第94章 还债:3223  第95章 孟呓不禁念叨:3211  第96章 红衣抬棺:3100
          第97章 所求即所遇:3112  第98章 净是遇见反骨仔:3102  第99章 还真是爱管闲事:3080  第100章 子时开坛:3128  第101章 棺椁、断剑、阵眼、结界:3075  第102章 围猎、诱捕、冥火符:3117
          第103章 你就是个木头:3266  第104章 不会有下次了:3223  第105章 气性比那事持久:3321  第106章 帮浴:3251  第107章 谜语人的解释:3185  第108章 大巴车与终点站:3152
          第109章 自己挑徒弟媳妇:3108  第110章 你让我上瘾:3272  第111章 全自动航行:3247  第112章 女朋友的需求:3214  第113章 爱人:3144  第114章 别扭的人适合强制爱:3124
          第115章 死磕到底:3110  第116章 狠狠惩罚她:3105  第117章 在婚礼上直接抢人:3555  第118章 做实他们的血光之灾:3089  第119章 抢人:3377  第120章 遇到她，我很幸福:3667
          第121章 我会治好你:3626  第122章 该你服务我了:3298  第123章 被迫听墙角:3103  第124章 我想要轮回:3198  第125章 我只有你了:3409  第126章 私房小厨:3418
          第127章 兑换员工福利:3453  第128章 日出与日落:4056

15:30:08  重生后我和圣女HE了 (呆呆无神) [完结]  208p→188章  1947KB  OK
          https://www.52shuku.net/gl/11_b/bkbjc.html
          第1章 至尊陨落，废材醒来:3094  第2章 蝼蚁之辱，初露锋芒:3082  第3章 幽寰初动，淬体凝气:4503  第4章 丹道雏形，坊市之行:5162  第5章 家族大比，报名风波:3950  第6章 暗流涌动，夜家秘辛:3030
          第7章 修炼遇阻，轮回镜显:2638  第8章 武技阁前，再起冲突:3359  第9章 月下苦修，初悟其意:2155  第10章 大比伊始，抽签对手:2367  第11章 一指之威，全场寂静:2872  第12章 连胜晋级，黑马之姿:2137
          第13章 强敌当前，嫡系阴谋:2421  第14章 底牌尽出，智取胜之:3241  第15章 最终决战，问鼎之巅:3790  第16章 奖励与选择，宗门名额:2874  第17章 长老召见，夜家态度:2583  第18章 坊市偶遇，苏家挽云:2443
          第19章 告别过去，奔赴新程:1984  第20章 玄云初试，天才云集:3695  第21章 青云梯考验:3351  第22章 幻杀阵中的锋芒:3378  第23章 擂台终试，对决天才:3709  第24章 择师之争:3200
          第25章 外门弟子？内门弟子？:2815  第26章 宗门初印象:2802  第27章 修炼体系的完善:2826  第28章 初识同门:3410  第29章 麻烦上门:3255  第30章 反击立威:3831
          第31章 宗门任务初体验:3760  第32章 遭遇险情:4039  第33章 贡献点的收获:3769  第34章 传功阁的收获:3625  第35章 小有名气:3841  第36章 坊市淘金:3337
          第37章 炼丹/制符的尝试:2804  第38章 第一个追随者:3120  第39章 情报的价值:3321  第40章 秘境开启的消息:2973  第41章 秘境前的准备:3136  第42章 秘境开启进入秘境:3175
          第43章 初遇秦亦璇:3626  第44章 秘境中的追杀:3528  第45章 绝地反杀:2473  第46章 意外合作:2687  第47章 核心区域的争夺:2387  第48章 传承洞府:2667
          第49章 通过考验:3421  第50章 寰宇无踪步与冰魄封天指:4855  第51章 独战群雄，璃威初显:4466  第52章 煞雷惊魂，碧水微澜:4483  第53章 秘境落幕，暗流汹涌:3637  第54章 名动玄云，暗室审决:3077
          第55章 幽阁初立，暗夜微光:3377  第56章 凝脉功成，锋芒内敛:2705  第57章 小比惊雷，剑指真传:6306  第58章 资源倾斜，暗流再涌:3200  第59章 三艺精进，幽阁生财:2772  第60章 血火淬刃，任务狂人:3905
          第61章 暗夜杀机，初露峥嵘:2460  第62章 暗影织网，黑市寻踪:2683  第63章 冰原秘境，亦敌亦友:3520  第64章 陨星废墟，幽阁初鸣:3685  第65章 星殿博弈，以杀立威:3123  第66章 星殿残垣，巧结阵缘:2928
          第67章 星核之争，死仇立结:3649  第68章 星核混战，镜耀轮回:2979  第69章 怀璧其罪，风雨满楼:3285  第70章 宗门问询，据理力争:3278  第71章 风紧扯呼，远赴边陲:2521  第72章 暗影潜行，幽阁生根:2572
          第73章 北境风雪，边城百态:2864  第74章 断刃崖险，生死猎杀:4016  第75章 冰原悟道，载誉而归:3077  第76章 名至实归，暗流未息:2623  第77章 幽阁初成，暗夜微光:2657  第78章 冰湖夜话，亦敌亦友:2272
          第79章 派系暗涌，独善其身:2427  第80章 蛛丝马迹，暗影浮现:2424  第81章 深潜触礁，杀机暗藏:2595  第82章 云深指点，秘辛初露:2435  第83章 三艺精进，暗阁初芒:2156  第84章 栽培骨干，暗影生根:2735
          第85章 黑水惊变，暗流再起:2571  第86章 黑水迷雾，幽阁初鸣:3303  第87章 血染的收获，成长的代价:2909  第88章 剑指第一，新锐扬名:3356  第89章 内外交困，群狼环伺:2587  第90章 断魂伏杀，闭关沉淀:2996
          第91章 风起青萍末，剑指千域巅:3026  第92章 出关扬威，剑指绝天:3976  第93章 宗门博弈，名额定鼎:3151  第94章 临行前夕，暗流汹涌:3092  第95章 玄宫开启，群雄汇聚:2553  第96章 冰原绝境，被迫联手:3251
          第97章 寒渊共渡，初显默契:3186  第98章 心扉微启，往事碎片:2650  第99章 核心大殿，碎片现世:2806  第100章 生死一线，联手抗魔:2943  第101章 轮回初显，神女觉醒:4289  第102章 神殿传承，各得机缘:3457
          第103章 出口惊变，舍身相护:4002  第104章 疗伤之诺，情愫暗生:4194  第105章 携宝归宗，风波再起:2755  第106章 高层震动，暗棋启动:3012  第107章 探望之约，月下交心:2958  第108章 北域青年大比，扬名立万:3246
          第109章 巅峰对决，惺惺相惜:3113  第110章 元丹初凝，游历之始:2725  第111章 结伴同行，初离北域:2740  第112章 西域佛国，因果秘境:3593  第113章 南荒妖域，生死考验:3203  第114章 东洲海阁，拍卖风云:3063
          第115章 海中遗迹，共抗海族:3359  第116章 中州古城，天才盛会:3588  第117章 初露锋芒:2351  第118章 双剑合璧:1994  第119章 情定中州:3861  第120章 秘境探险，神女觉醒前兆:4089
          第121章 宿敌现身，前世仇影:4783  第122章 生死逃亡，绝境告白:5181  第123章 神通初成，绝地反杀:4573  第124章 走出秘境，轰动四方:4106  第125章 受邀做客，初识九霄:3585  第126章 初入天宫，神女感应:2883
          第127章 玄女归位，宫主亲临:2919  第128章 分离考验，心意抉择:2063  第129章 传承伊始，离别之约:2387  第130章 辞别天宫，初探幽冥:3639  第131章 鬼域厮杀，轮回精进:3613  第132章 跨界商会，幽阁暗影:3926
          第133章 破碎星河，时空淬体:3845  第134章 寂灭星渊，再得碎片:2995  第135章 神通大成，阁主归来:3142  第136章 魔踪再现，阴谋浮出:3697  第137章 紧急求援，再聚九霄:3237  第138章 强闯天宫，血染白玉阶:3793
          第139章 破禁入宫，神魂赴死生:3648  第140章 神女归位，光耀九霄:6088  第141章 神辉疗伤，盟约初立:3475  第142章 兵分两路，剑指西域:2661  第143章 黑沙魔影，初战告捷:5311  第144章 万骨窟前，魔阵重重:3356
          第145章 破阵核心，祭坛初现:3701  第146章 父母之谜，线索指向:3407  第147章 深入魔域，寻找真相:2888  第148章 魔域重逢，幽阁显威:3027  第149章 魔宫探秘，直面黑手（上）:7863  第150章 魔宫探秘，直面黑手（中）:2726
          第151章 魔宫探秘，直面黑手（下）:3231  第152章 惊天秘辛，轮回真相（上）:3529  第153章 惊天秘辛，轮回真相（下）:2211  第154章 死战魔头，涅槃契机:3049  第155章 置之死地，而后涅槃:3524  第156章 涅槃重生，至尊可期:3107
          第157章 逆转战局，粉碎阴谋（上）:3081  第158章 逆转战局，粉碎阴谋（下）:3706  第159章 尘埃落定，英雄归来，幽阁崛起，一方巨擘:2825  第160章 圣地祝福，互通心意:2426  第161章 谜题终显，征程将启:2406  第162章 不朽之路，守望传承:2779
          第163章 神魔坟场，初临废界:4443  第164章 双线感应，歧路抉择:4861  第165章 星神殿墟，玄女之秘:4128  第166章 无底魔渊，轮回悸动:3765  第167章 血战魔骸，碎片重聚:3759  第168章 轮回圆满，圣域归来:3206
          第169章 破碎归途，双圣临世:2908  第170章 璃尊重生，天下惊澜:3334  第171章 圣殿使者，秩序之邀:3798  第172章 魔渊低语，混沌之诱:2812  第173章 理念之争，划清界限:2858  第174章 烽烟乍起，圣魔开战:3218
          第175章 双圣战阵，初显神威:5363  第176章 千里追凶，再遇故仇:4589  第177章 清算血债，魔尊陨落:4451  第178章 决战序曲，星陨之原:6839  第179章 力挽狂澜，终局前夜:6614  第180章 镜溯万古，主宰浮出:6342
          第181章 圣魔醒悟，统一战线:7356  第182章 开辟圣域，轮回星宇:7087  第183章 终焉降临，希望微光:5041  第184章 诸圣血战，星宇护苍生:5713  第185章 希望不灭，真爱永恒:4574  第186章 不朽璃璇，原初之光:3515
          第187章 概念抹杀，主宰终焉:2846  第188章 浩劫终平，史诗永铸，璃尊驭世，亦璇同辉 (大:4833

15:31:38  历史的皇冠 (二太爷) [完结]  247p→172章  2257KB  OK
          https://www.52shuku.net/gl/11_b/bkbjb.html
          第1章 俱乐部:3383  第2章失控:3626  第3章创世纪:3427  第4章悲哀:3584  第5章漩涡:3423  第6章十二岁:3691
          第7章妄想:3436  第8章命令:3325  第9章老头子:3370  第10章白痴:3440  第11章历史的逆流:3603  第12章别无选择:3770
          第13章赌博:3430  第14章塞利翁的玫瑰:3476  第15章普里亚库港:3676  第16章献花:4640  第17章比目鱼:4212  第18章预兆:3539
          第19章语言:3660  第20章士气:3745  第21章吊袜带:3848  第22章小猫喵喵叫:3656  第23章海伦:3743  第24章彼此彼此:3820
          第25章举手投降……？:4000  第26章准备:3926  第27章软心肠:3475  第28章天理良心:4255  第29章取笑:3884  第30章相信与理解:3739
          第31章茱莉和茱莉亚:4318  第32章新爱洛依丝:4535  第33章骟马:3919  第34章天使的化身:3667  第35章称赞:3927  第36章契约:3658
          第37章声望:4178  第38章就可惜:3741  第39章我们投降:3754  第40章壮举:3675  第41章混乱:3562  第42章学习:3883
          第43章肺腑之言:3775  第44章兰德·兰恩:4709  第45章我的圣餐杯:3750  第46章金色柠檬树:3966  第47章什么都不知道:5079  第48章要收获风暴:4389
          第49章位置:4125  第50章哦，对不起:4294  第51章痛苦:4071  第52章朱丽叶:4492  第53章等着瞧吧:3978  第54章开始了！:3808
          第55章不慌:3276  第56章仅仅:4687  第57章打仗要死人:4043  第58章军事会议:4651  第59章来吧！:5391  第60章自然的上帝:4151
          第61章请您记住:4547  第62章如果不能结束……:4177  第63章看到您还活着:4415  第64章小笨蛋们:4527  第65章谈情说爱:3524  第66章不是这样的:4287
          第67章不会让您扶的:4412  第68章超级有精神？:5025  第69章他一直写信:3787  第70章如果有人试图解救他:4798  第71章这并不是问你的想法:4358  第72章您和我:3842
          第73章应该死了吧？:5214  第74章讨厌变心的前提:4528  第75章只是:3833  第76章亲爱的朋友:4843  第77章勇气:3915  第78章和他们相比:4620
          第79章一切，都是我欠你的:4841  第80章我的朋友:3668  第81章一切都亮了起来:4911  第82章脚上穿的靴子:3250  第83章革命者，未必无辜:4167  第84章是非之间:3725
          第85章我认为这的确是爱情:4640  第86章如果我爱你:4953  第87章我会继续的:4316  第88章我们都将变老:4787  第89章我们之所以建立它:4306  第90章……战争:5639
          第91章能为她赴死:5069  第92章瘸子、瘸子:4516  第93章我们没有国王:5089  第94章好。等着我吧:5521  第95章如果说这叫叛国:5292  第96章皇冠上的:4952
          第97章呼吸的空气:5742  第98章不明白:4469  第99章我支持……:5189  第100章应该将它留给缪斯:5121  第101章您应该少看点言情小说:5545  第102章是的，幸运:4876
          第103章所有不是人话的话里面:4287  第104章那我怎么……:4028  第105章来，给您手帕:6083  第106章愿意听您的吩咐:4182  第107章是我:4180  第108章亲爱的:3487
          第109章能这么干吗？:4899  第110章谢谢您还活着！:4455  第111章这都是您挣来的:4717  第112章她的成就:4989  第113章……所以:4578  第114章此刻即是永恒！:3502
          第115章嗯:3410  第116章只是这样还不够吗？:4854  第117章我的哈姆莱特王子啊:5588  第118章这世上:4365  第119章好啦:4800  第120章有对敌人的爱:4005
          第121章懒得动手:4330  第122章我扶植君主:4247  第123章只要你是司令:3937  第124章啊，是:4871  第125章对我来说:3562  第126章上帝会评判:4026
          第127章这是她的东西:3466  第128章抱歉:4514  第129章就今天:4256  第130章只是一种理性上的产物:4525  第131章无能在这时:3637  第132章农民有农民的汗水:3859
          第133章似乎出人意料:3608  第134章这条青春的爱河啊:5342  第135章上帝说，要有光:3729  第136章既然都是成为君主:3924  第137章剑与笔:4090  第138章我们会和睦相处:4125
          第139章我认为我今晚能够梦到你:4705  第140章你是上帝的上帝:4245  第141章好树是不会长歪的！:5263  第142章她是你的骨中之骨:4508  第143章好学生，真是好学生:4235  第144章先登城者:5188
          第145章笼子里的金丝雀:4245  第146章历史，可以改变吗？:4359  第147章迪特马尔欢迎您的到来:5411  第148章那是他的人生:4725  第149章您很无礼:5070  第150章别忘了:4427
          第151章我现在身体很好:4419  第152章一个军团:4338  第153章你现在太臭:5636  第154章她不会吃了你的:4855  第155章决斗吧！:4621  第156章滚就滚吧:5594
          第157章我们人:5060  第158章日出啊:4699  第159章人的一生如此短暂:4721  第160章君以此始:4436  第161章王冠戴在谁头上:5184  第162章简直是不要脸:5180
          第163章什么叫美人？:6325  第164章假如我任命您为国王:4491  第165章上帝之殿中:5490  第166章是否破镜？:4297  第167章下次见:5103  第168章快点说:5317
          第169章承认你的无能:4232  第170章你作弊:6776  第171章你的一切不理解:5361  第172章后记:10968

15:31:53  青梅似骄阳 (叶安宝) [完结]  33p→28章  291KB  OK
          https://www.52shuku.net/gl/11_b/bkbja.html
          第01章:3036  第02章:3024  第03章:3061  第04章:2992  第05章:3046  第06章:2792
          第07章:2861  第08章:3003  第09章:3042  第10章:3238  第11章:2970  第12章:3045
          第13章:2940  第14章:4974  第15章:4206  第16章:4057  第17章:4577  第18章:3078
          第19章:3032  第20章:4058  第21章:3317  第22章:5114  第23章:3099  第24章:3377
          第25章:2675  第26章:4034  第27章:4508  第28章:3127

15:33:17  我只是想当一只宅龙而已 (竹酒九) [完结]  230p→163章  1873KB  OK
          https://www.52shuku.net/gl/10_b/bkbio.html
          第1章:4749  第2章:3218  第3章:5313  第4章:4032  第5章:4149  第6章:2771
          第7章:3559  第8章:2782  第9章:2476  第10章:5520  第11章:2796  第12章:4846
          第13章:3334  第14章:4345  第15章:2619  第16章:5489  第17章:6768  第18章:3699
          第19章:3220  第20章:2485  第21章:6124  第22章:4486  第23章:5427  第24章:5201
          第25章:5956  第26章:6727  第27章:7772  第28章:5076  第29章:5852  第30章:5319
          第31章:3708  第32章:2649  第33章:4527  第34章:6498  第35章:5710  第36章:5861
          第37章:3910  第38章:6320  第39章:1876  第40章:2650  第41章:6368  第42章:4328
          第43章:3237  第44章:9048  第45章:2480  第46章:5076  第47章:3596  第48章:7176
          第49章:2609  第50章:5093  第51章:2147  第52章:1671  第53章:2070  第54章:1613
          第55章:2590  第56章:3322  第57章:3197  第58章:1291  第59章:2487  第60章:8613
          第61章:2898  第62章:6608  第63章:4964  第64章:6786  第65章:3366  第66章:4693
          第67章:7925  第68章:4838  第69章:5087  第70章:3919  第71章:7031  第72章:6625
          第73章:2131  第74章:3678  第75章:3146  第76章:3474  第77章:3494  第78章:3774
          第79章:3380  第80章:3934  第81章:3176  第82章:4330  第83章:3635  第84章:3575
          第85章:3179  第86章:4352  第87章:4622  第88章:5314  第89章:3826  第90章:4882
          第91章:3455  第92章:3686  第93章:4314  第94章:3350  第95章:3195  第96章:4087
          第97章:3320  第98章:3508  第99章:3621  第100章:5396  第101章:3344  第102章:5134
          第103章:3374  第104章:3241  第105章:3583  第106章:3609  第107章:3395  第108章:3480
          第109章:3284  第110章:3354  第111章:3567  第112章:5603  第113章:2827  第114章:2370
          第115章:2412  第116章:3416  第117章:3421  第118章:3368  第119章:3203  第120章:3223
          第121章:1537  第122章:2363  第123章:1839  第124章:1825  第125章:2452  第126章:3741
          第127章:3425  第128章:3374  第129章:3396  第130章:3349  第131章:3215  第132章:4274
          第133章:5039  第134章:3448  第135章:6120  第136章:4200  第137章:4004  第138章:3912
          第139章:4354  第140章:7648  第141章:3226  第142章:3173  第143章:3608  第144章:4353
          第145章:2285  第146章:943  第147章:989  第148章:3113  第149章:3139  第150章:843
          第151章:875  第152章:635  第153章:783  第154章:1069  第155章:1292  第156章:1815
          第157章:1615  第158章:1065  第159章:1525  第160章:4093  第161章:3654  第162章:4943
          第163章:3230

15:34:17  林老师的秘密情人 (安次甘儿) [完结+番外]  167p→204章  1362KB  OK
          https://www.52shuku.net/gl/10_b/bkbin.html
          第1章 第一章 她的小鸵鸟:0  第一章：她的小鸵鸟。:3135  第2章 第二章 一张诱惑照片:0  第二章：一张诱惑照片。:3351  第3章 第三章 她的怀抱:0  第三章：撞进一个温柔怀抱里。:3119
          第4章 第四章 我上司就坐我旁边！:0  第四章：:3443  第5章 第五章 林筝墨，你闷骚！:0  第五章：林筝墨，你闷骚。:3294  第6章 第六章 屏幕忽然“烧”起来了……:0  第六章：:3245
          第7章 第七章 我绿我自己:0  第七章：:3437  第8章 第八章 贴在简主任怀抱里:0  第八章:3164  第9章 第九章 林筝墨：敢耍老子？:0  第九章:4181
          第10章 第十章 掉马？？？？:0  第十章:2781  第11章 第十一章 谈恋爱就要谈林老师这样的……:0  第十一章:2585  第12章 第十二章 甜味荡漾在舌尖:0  第十二章:2656
          第13章 第十三章 小情侣play:0  第十三章:2559  第14章 第十四章 简主任和啊啊啊:0  第十四章:2693  第15章 第十五章 瞥见简主任的胸口:0  第十五章:2711
          第16章 第十六章 雨天、小巷、简主任的家……:0  第十六章:2756  第17章 第十七章 黑白键，黑白键里的缝隙……:0  第十七章:2981  第18章 第十八章 我想和我上司交朋友:0  第十八章:2348
          第19章 第十九章 手臂贴着简越的前胸:0  第十九章:2257  第20章 第二十章 见家长！:0  第二十章:2435  第21章 第二十一章 小林，老简:0  第二十一章:2830
          第22章 第二十二章 会做饮品，做饭，做...……:0  第二十二章:10364  第23章 第二十三章 小巷啃嘴日记:6602  第24章 第二十四章 因为我喜欢女人:6715  第25章 第二十五章 林老师.......她是……:0  第二十五章:6569
          第26章 第二十六章 掉马x2？还是间接接吻？……:0  第二十六章:6577  第27章 第二十七章 林筝墨，你会怎么选择？……:6508  第28章 第二十八章 林筝墨，我和她是同一个人……:6475  第29章 第二十九章 这次喂葡萄糖，那下次喂.……:0  第二十九章:5474
          第30章 第三十章 小鸵鸟的亲吻日记:0  第三十章:3617  第31章 第三十一章 小虫侦破日记！:0  第三十一章:4371  第32章 第三十二章 林筝墨永远不会犯错……:0  第三十二章:3438
          第33章 第三十三章 坏女人！坏！:0  第三十三章:3320  第34章 第三十四章 初吻:3443  第35章 第三十五章 未必穿给你看？:3563  第36章 第三十六章 介不介意接个吻？:0  第三十六章:3492
          第37章 第三十七章 我和越越谈恋爱的时候……:0  第三十七章:5280  第38章 第三十八章 爱我还是她:4076  第39章 第三十九章 勾引林筝墨轻而易举~……:0  第三十九章:4075  第40章 第四十章 昨天晚上就想吻你:6874
          第41章 第四十一章 调情:0  第四十一章:4033  第42章 第四十二章 现在是......女朋友……:0  第四十二章:4086  第43章 第四十三章 浪漫主义者的执着与愿望……:0  第四十三章:6086
          第44章 第四十四章 第一夜，不一样的林筝墨……:0  第四十四章:4037  第45章 第四十五章 你脖子上有草莓:4243  第46章 第四十六章 吻到嘴唇红肿:0  第四十六章:5269  第47章 第四十七章 女人不如小炒肉TAT……:0
          第四十七章:3433  第48章 第四十八章 一做起来就发疯了忘情了没……:15  第四十八章:3366  第49章 第四十九章 到了，很快:0  第四十九章:3792  第50章 第五十章 炝炒简心菜:0
          第五十章:3455  第51章 第五十一章 牛腩和排骨:0  第五十一章:3459  第52章 第五十二章 留宿:0  第五十二章:3098  第53章 第五十三章 一万万万年的约定:3352
          第54章 第五十四章 两颗葡萄:0  第五十四章:3430  第55章 第五十五章 她们和她们，这世界真窄……:0  第五十五章:3577  第56章 第五十六章 白雪公主和小煤炭:0  第五十六章:3855
          第57章 第五十七章 简阿姨的恋人？:7120  第58章 第五十八章 甜味简主任:0  第五十八章:5548  第59章 第五十九章 吻得正尽兴:4043  第60章 第六十章 嗯嗯嗯没有性生活:0  第六十章:4819
          第61章 第六十一章 鸟儿挣脱牢笼:0  第六十一章:3454  第62章 第六十二章 没、有、吃、饱……:4514  第63章 第六十三章 曾经周京田，如今林筝墨……:0  第六十三章:3790  第64章 第六十四章 半个月内和她分手:0
          第六十四章:4083  第65章 第六十五章 脱了，洗 ：）:0  第六十五章:4059  第66章 第六十六章 摔碎所有体面:0  第六十六章:4732  第67章 第六十七章 白色是妹妹皮肤的颜色:0
          第六十七章:3509  第68章 第六十八章 她是破碎的林筝墨:0  第六十八章:3725  第69章 第六十九章 逃跑的林筝墨:0  第六十九章:3983  第70章 第七十章 简主任好像谈恋爱了:0
          第七十章:3861  第71章 第七十一章 轰的一声，被淹没了……:3229  第72章 第七十二章 不许逃跑:0  第七十二章:4385  第73章 第七十三章 我爱你:0  第七十三章:3385
          第74章 第七十四章 赵筱筱：老子绑人:0  第七十四章:3634  第75章 第七十五章 带你们拉坨大的:3252  第76章 第七十六章 真·捆绑:0  第七十六章:4109  第77章 第七十七章 拥抱、试探、慰藉……:0
          第七十七章:3718  第78章 第七十八章 情敌？:0  第七十八章:3362  第79章 第七十九章 床上搞事的同事:0  第七十九章:3754  第80章 第八十章 色诱？:0
          第八十章:3127  第81章 第八十一章 搞，搞，搞，搞:0  第八十一章:3728  第82章 第八十二章 睡，睡，睡，睡:3421  第83章 第八十三章 那种强烈的，热烈的吻……:3242  第84章 第八十四章 我的老婆我自己哄:0
          第八十四章:3426  第85章 第八十五章 拥抱幻想:0  第八十五章:3434  第86章 第八十六章 妈妈和妈妈:0  第八十六章:3426  第87章 第八十七章 林筝墨：我好可怜：）……:0
          第八十七章:6330  第88章 第八十八章 调调调调调调调调情...……:0  第八十八章:3389  第89章 第八十九章 开打开打:0  第八十九章:3219  第90章 第九十章 怀疑有人喜欢林筝墨:0
          第九十章:3808  第91章 第九十一章 床上做饭:0  第九十一章:3452  第92章 第九十二章 喝了睡:3745  第93章 第九十三章 再给我一次机会:0  第九十三章:4031
          第94章 第九十四章 被打是你的宿命:4007  第95章 第九十五章 老婆快快快:0  第九十五章:4829  第96章 第九十六章 陈年老醋醋醋醋醋醋醋醋醋……:0  第九十六章:3760  第97章 第九十七章 留宿，共眠：）:0
          第九十七章:3232  第98章 第九十八章 慢、慢、揉:0  第九十八章:3356  第99章 第九十九章 搞就一个字:0  第九十九章:3354  第100章 第一百章 我们和好吧:0
          第一百章:3136  第101章 第一百零一章 丢失的小猫？:0  第一百零一章:3227  第102章 第一百零二章 泡泡？？？:0  第一百零二章:3543  第103章 第一百零三章 看看照片:0
          第一百零三章:3401  第104章 第一百零四章 嗯嗯嗯，在忙：）:0  第一百零四章:3609  第105章 第一百零五章 开始同居了吗?:0  第一百零五章:3413  第106章 第一百零六章 做点什么好呢：）:0
          第一百零六章:3712  第107章 第一百零七章 嘴硬:0  第一百零七章:3644  第108章 第一百零八章 禁止骚话？:0  第一百零八章:5729  第109章 第一百零九章 手指饼干:0
          第一百零九章:3385  第110章 第一百一十章 过去和未来，从未走远……:3786  第111章 第一百一十一章 我正在想你呢:0  第一百一十一章:3590  第112章 第一百一十二章 林筝墨，林老师，新年……:5342  第113章 唯一番外 内容保密！！！……:5292

15:35:17  老婆怎么知道我在狗叫什么 (安啾儿) [完结]  164p→118章  1349KB  OK
          https://www.52shuku.net/gl/10_b/bkbim.html
          第1章 第 1 章 谁说这狗不好！:3060  第2章 第 2 章 什么前世，那是噩梦！:3122  第3章 第 3 章 #急！狗要如何跟人交流#……:3099  第4章 第 4 章 大白天穿夜行衣:3089  第5章 第 5 章 师傅，你是做什么工作的？……:3111  第6章 第 6 章 立正挨打:3073
          第7章 第 7 章 恶！腻腻歪歪！讨厌！:3059  第8章 第 8 章 好狗？坏狗？是色色痴汉小……:3065  第9章 第 9 章 两个痣、三个痣:3115  第10章 第 10 章 您的金牌房屋设计师已送……:3060  第11章 第 11 章 天呐，猫说猪话！:3099  第12章 第 12 章 宝三胜赢卡车！（没错没……:3094
          第13章 第 13 章 宝在欣赏风景（没有打摆……:3094  第14章 第 14 章 丢脸小狗，悲伤呜wer……:3089  第15章 第 15 章 铁板烧小狗:3095  第16章 第 16 章 人！小狗爱泥！（叼花花……:3195  第17章 第 17 章 老而不死，是为贼！！（……:3035  第18章 第 18 章 宝工头卡窗户缝缝……:4562
          第19章 第 19 章 八卦（划掉）学习会谈：……:4580  第20章 第 20 章 小狗不能吃葡萄（但小狗……:2061  第21章 第 21 章 把狗当狗（挠脑壳）……:2214  第22章 第 22 章 狗生苦短，及时行乐！……:2115  第23章 第 23 章 入V三合一:11733  第24章 第 24 章 小狗医生很不高兴为泥服……:3738
          第25章 第 25 章 嗨呀，泥看狗真准！（茨……:3833  第26章 第 26 章 三合一:12011  第27章 第 27 章【加更】 用狗皮抹布，享……:3744  第28章 第 28 章 忒！她茶宝！:3699  第29章 第 29 章 坏人，还宝小兔子来——……:3370  第30章 第 30 章 哼！欺负宝，叫雷劈泥！……:4562
          第31章 第 31 章【同人图加更】 宝聪明！……:4624  第32章 第 32 章 N卡宝要进化——……:4564  第33章 第 33 章 畜生东西，凭什么和人修……:4549  第34章 第 34 章【加更】 监管局吗？这药……:4492  第35章 第 35 章 能补天的不止女娲，还有……:4492  第36章 第 36 章 宝被黑粉碰瓷！（忒！骂……:4485
          第37章 第 37 章【加更】 表妈，这里有人……:3754  第38章 第 38 章 宝的仙女教母！:3907  第39章 第 39 章 雷劫不要怕，我们有现代……:3428  第40章 第 40 章 不是，二位剧本……拿反……:4462  第41章 第 41 章 宝的模样要定格在赏味期……:4515  第42章 第 42 章 人，泥不对劲——……:3920
          第43章 第 43 章 嘿，是精修美颜por版……:3818  第44章 第 44 章 宝超有责任担当的——（……:3813  第45章 第 45 章 空荡荡荡荡——的客厅……:3928  第46章 第 46 章 一日为师，终生为母！……:4429  第47章 第 47 章 绝育哈哈哈哈绝育！……:3479  第48章 第 48 章【加更】 欸？可恶，宝不……:3927
          第49章 第 49 章 忒！谁还没有老婆啦！……:3681  第50章 第 50 章 宝拒绝去托管所！……:3534  第51章 第 51 章 宝的小兔子耳朵！:3747  第52章 第 52 章 你当时就是靠这身皮囊，……:4007  第53章 第 53 章 我杀的，所有人跟妖，都……:4464  第54章 第 54 章【加更】 宝又不是那些人……:4837
          第55章 第 55 章 老婆的容貌，妻子的荣耀……:4958  第56章 第 56 章 无人、无人再被天道承认……:3692  第57章 第 57 章 有这种能力，她怎么肯甘……:3524  第58章 第 58 章 抱歉，不站阿茨的事情我……:3385  第59章 第 59 章 宝老婆清冷易碎，宝得保……:3456  第60章 第 60 章 什么小狗，明明是貔貅转……:3527
          第61章 第 61 章 我杀的！劈个娘对象的房……:3501  第62章 第 62 章 宝要工作！变人！养老婆……:4012  第63章 第 63 章【加更】 阿茨，好喜欢好……:4886  第64章 第 64 章 宝其实是一位勤恳的果农……:3741  第65章 第 65 章 宝今天，有鼻子有眼的！……:3472  第66章 第 66 章 那可是闪着火彩的鸽子蛋……:3414
          第67章 第 67 章 妖妖灵嘛？宝要报警！……:3393  第68章 第 68 章 请宝容易送宝难！:3472  第69章 第 69 章 你要死了:3488  第70章 第 70 章 霸狗硬上弓！:3480  第71章 第 71 章 #请问，茨宝到底像了谁……:3370  第72章 第 72 章 道德感极高的茨医生……:3542
          第73章 第 73 章 小狗临时工:3352  第74章 第 74 章 孙悟茨大闹地下城！:3503  第75章 第 75 章 宝是一只单打独斗的小妖……:3650  第76章 第 76 章 捏捏捏，捏一个宝2号！……:3484  第77章 第 77 章 这人，憨憨的。:3463  第78章 第 78 章 宝，大演技派！:3449
          第79章 第 79 章 什么叫宝跟那个镜宗日后……:3511  第80章 第 80 章 不对劲，一百万个不对劲……:3755  第81章 第 81 章 ！神奇戒指老奶奶，宝果……:3422  第82章 第 82 章 钻戒、工资，通通上交！……:3663  第83章 第 83 章 暴、暴露啦？！……:3549  第84章 第 84 章 一张看不见的蛛网笼罩在……:3338
          第85章 第 85 章 误入深林深处:3532  第86章 第 86 章 当局者迷:3467  第87章 第 87 章 泥要不要一起开通宵Pa……:3355  第88章 第 88 章 姐妹，ooc了！:3447  第89章 第 89 章 这个世界唯一的、真正的……:3839  第90章 第 90 章 胖宝救母（什么？）……:3509
          第91章 第 91 章 胖丫头：坏人……唔，勉……:3503  第92章 第 92 章 不是表的，是亲的！？……:3507  第93章 第 93 章 喜欢的人，就是要保护一……:3411  第94章 第 94 章 泥嚎，这里是恋爱脑登记……:3441  第95章 第 95 章 爱宝，你无需隐瞒！……:3490  第96章 第 96 章 什么？公职人员不可以当……:3332
          第97章 第 97 章 老婆到底什么身份？……:3385  第98章 第 98 章 这人怎么像稚嫩版的老婆……:3506  第99章 第 99 章 阿茨很会养东西的！（稚……:3692  第100章 第 100 章 阿茨喜欢我吗？……:3529  第101章 第 101 章 什么柔弱小白花？这明……:3349  第102章 第 102 章 那是一道无法磨灭的伤……:3437
          第103章 第 103 章 胖丫头：誓死守护独生……:3362  第104章 第 104 章 宝不知不知道:3329  第105章 第 105 章 真心话大冒险:3425  第106章 第 106 章 那一瞬间，她想杀死程……:3400  第107章 第 107 章 #震惊！某小狗竟扇“……:3402  第108章 第 108 章 #发现伴侣对自己有所……:3390
          第109章 第 109 章 有家长的小狗是块儿宝……:3409  第110章 第 110 章 人人都有苦衷:3519  第111章 第 111 章 每个人都有自己的路……:3339  第112章 第 112 章 面瘫能被逗笑吗？……:3528  第113章 第 113 章 小狗当官，不是谣传……:3505  第114章 第 114 章 挑衅与私心:3400
          第115章 第 115 章 天道？法则？:3473  第116章 第 116 章 如何保护一朵花:3369  第117章 第 117 章 对峙:3400  第118章 第 118 章 欢迎回来……:10763

15:36:10  顾影后她是个老婆脑 (岭白) [完结]  145p→82章  1214KB  OK
          https://www.52shuku.net/gl/10_b/bkbil.html
          第1章 玲珑骰子安红豆 三婚离异带四娃:3463  第2章 玲珑骰子安红豆 一怒之下怒了一下……:1924  第3章 玲珑骰子安红豆 她毕竟有过前科……:3858  第4章 玲珑骰子安红豆 我不喜欢女人，她没必……:4663  第5章 玲珑骰子安红豆 一种还在梦里的荒诞感……:5284  第6章 玲珑骰子安红豆 那...你上去坐坐?……:4002
          第7章 玲珑骰子安红豆 人家是对你有意思吧?……:5860  第8章 玲珑骰子安红豆 顾老师是享受育儿的快……:3963  第9章 玲珑骰子安红豆 我觉得你在自己家里，……:3356  第10章 玲珑骰子安红豆 老鹰展翅，自由翱翔……:5272  第11章 却把青梅嗅 你这么活佛，怎么不直接把……:6260  第12章 玲珑骰子安红豆 燕麦牛奶，牛奶不发音……:1093
          第13章 玲珑骰子安红豆 笑容转移到了门外人脸……:5648  第14章 玲珑骰子安红豆 你那位妹妹，应该不会……:3681  第15章 玲珑骰子安红豆 月亮和蒲公英:4881  第16章 却把青梅嗅 醺醺:10120  第17章 玲珑骰子安红豆 大家都挺爱干净，用颜……:7119  第18章 玲珑骰子安红豆 我也没想跟你抢!……:6642
          第19章 玲珑骰子安红豆 呦，你放生洋葱呢?……:3985  第20章 玲珑骰子安红豆 广西的风都带着股又酸……:5463  第21章 却把青梅嗅 你以后要给我当船长吗?……:6195  第22章 玲珑骰子安红豆 花胶西洋参汤……:6714  第23章 玲珑骰子安红豆 所以呢，你不管我了?……:6817  第24章 玲珑骰子安红豆 她内服了:3505
          第25章 玲珑骰子安红豆 十指不沾阳春水，但十……:4789  第26章 却把青梅嗅 除非...她喜欢陷在麻烦……:9437  第27章 玲珑骰子安红豆 你俩先安个反诈系统A……:5062  第28章 玲珑骰子安红豆 我和她换一换……:7299  第29章 玲珑骰子安红豆 别怕，我在:4243  第30章 玲珑骰子安红豆 大赦天下:6517
          第31章 玲珑骰子安红豆 顾泠舟是太阳:5862  第32章 却把青梅嗅 我得先和她补上:3472  第33章 却把青梅嗅 你在世女娲?:8336  第34章 却把青梅嗅 鱼片粥:6339  第35章 玲珑骰子安红豆 热气球:3330  第36章 玲珑骰子安红豆 这俩人锻炼丹田呢?……:3964
          第37章 玲珑骰子安红豆 院子里的花都开了……:2840  第38章 却把青梅嗅 你要当我一辈子朋友:8320  第39章 玲珑骰子安红豆 甜蜜红木香:6629  第40章 玲珑骰子安红豆 她见得谁?:5743  第41章 玲珑骰子安红豆 醉酒:5115  第42章 玲珑骰子安红豆 三根手指搭在了她的脉……:7842
          第43章 玲珑骰子安红豆 你还挺会callba……:7232  第44章 却把青梅嗅 恨明月不独照我:9630  第45章 玲珑骰子安红豆 灵魂的另一处投放地……:3597  第46章 玲珑骰子安红豆 你生病了吗?:6336  第47章 玲珑骰子安红豆 酸甜虾仁的制作方法……:6545  第48章 玲珑骰子安红豆 最后一个问题:6698
          第49章 却把青梅嗅 矛盾:6806  第50章 玲珑骰子安红豆 并不气急败坏的顾泠舟……:2864  第51章 玲珑骰子安红豆 别嘴硬了宝贝儿……:3792  第52章 反正没你顾老师辛苦 你要不要当合伙人……:3183  第53章 这种情况比较适合去算命 谁家的迪士尼……:4091  第54章 你怎么知道我在这儿的? 这事儿怪顾泠……:3855
          第55章 横空出世 咱们仨一起过，这不也挺好的……:5018  第56章 想你好多天了 你心里住了多少人:3390  第57章 你到底喜欢她什么? 陈芝麻烂谷子的人……:3689  第58章 是要索吻吗? 我不会拿你的命开玩笑……:3776  第59章 你是柏拉图吗 我也只是你上千同学中的……:3838  第60章 不动产 我等你考虑清楚再说:2400
          第61章 决策权 但愿他知道我在爱着她……:3797  第62章 别有用心的亲密 本来就控制不住:5430  第63章 你们没在菜里下药吧? 开朗的叫人害怕……:3514  第64章 要抱抱充电 你心情很好啊:3625  第65章 儿童玩具 你这样说我就理解了:3579  第66章 我不亲脸 你情敌也是我情敌:4793
          第67章 春暖花开 认路的恶犬:1408  第68章 运气守恒 我们俩就不要搞什么年龄代沟……:5159  第69章 玫瑰味漱口水 不要去跑百米冲刺了……:3558  第70章 你看我像缺心眼吗? 算我求求你，别火……:2898  第71章 双标 你没有吃过她的醋吗?:4751  第72章 防沉迷系统 我看你挺需要的:4942
          第73章 你还要追我? 想把你锁进我的生命里……:6672  第74章 她现在看顾泠舟有点烦 我可不想错过现……:3377  第75章 以权谋私 三年实战，五年模拟:4926  第76章 良言一语三冬暖 你们不是分手了吗?……:4340  第77章 给个机会上岗吧 不耽误你搬家，还能帮……:2789  第78章 齐皓云 我得发到付:7491
          第79章 挑衅 命运的回旋镖精准命中:4652  第80章 我明天休息 我曾七次鄙视自己的灵魂:3990  第81章 炫耀的很明显吗? 我想让你跟我一起去……:4792  第82章 结局 终身成就奖:5253

15:36:51  当渣A拿了舔狗剧本 (方寸几千) [完结]  109p→92章  968KB  OK
          https://www.52shuku.net/gl/10_b/bkbik.html
          第1章 第 1 章 失去意识的最后一秒…………:3061  第2章 第 2 章 丝绸睡衣有些皱巴，似乎是……:3670  第3章 第 3 章 哦？离婚？:2595  第4章 第 4 章 居然意外的有点好看！……:4106  第5章 第 5 章 一个清脆的耳光响起！……:3538  第6章 第 6 章 那个……你要不要也来一碗……:3138
          第7章 第 7 章 裸露、朦胧、迷醉、青烟，……:3304  第8章 第 8 章 长发被挽到一侧，只用一个……:3182  第9章 第 9 章 裴道晚眉头一蹙，闪过不悦……:3667  第10章 第 10 章 忍不住升腾起些许怜惜之……:2491  第11章 第 11 章 瞳孔中的倒影越来越清晰……:3168  第12章 第 12 章 不会的，相信我。:3507
          第13章 第 13 章 勾引……:3810  第14章 第 14 章 如果这一切都是裴道晚的……:2361  第15章 第 15 章 我知道你不是真正的余瑾……:3821  第16章 第 16 章 脸上露出些许迷茫的神色……:2562  第17章 第 17 章 “不许哭！”:3467  第18章 第 18 章 再往下就要撩开睡衣了………:3423
          第19章 第 19 章 omega的腺体都是这……:1948  第20章 第 20 章 你可以随意安排我~:3197  第21章 第 21 章 自己不该故意诱导余瑾昭……:2439  第22章 第 22 章 alpha靠得住，猪就……:3765  第23章 第 23 章 怎么？不喜欢我碰你？……:3021  第24章 第 24 章 我同意了！:3811
          第25章 第 25 章 为了我，不值得！:11253  第26章 第 26 章 “早啊，裴道晚。”……:4700  第27章 第 27 章 怎么，我的alpha不……:3695  第28章 第 28 章 她谁都不喜欢，不至于把……:4177  第29章 第 29 章 这是余瑾昭信息素的味道……:3388  第30章 第 30 章 回忆起来，她的人生只是……:3271
          第31章 第 31 章 “你好香，我……拒绝不……:3436  第32章 第 32 章 慎入，删改的有点多，不……:3439  第33章 第 33 章 那个……那里需要……也……:3131  第34章 第 34 章 割裂感和爱欲在裴道晚身……:3486  第35章 第 35 章 技术确实很不好:3344  第36章 第 36 章 真是太恶劣了！:3481
          第37章 第 37 章 只要姐姐不夹，位置就不……:3816  第38章 第 38 章 凌晨四点钟，我看见海棠……:3560  第39章 第 39 章 我就当今晚什么也没发生……:3435  第40章 第 40 章 “姐姐～好姐姐～不哭了……:3457  第41章 第 41 章 滴滴滴！似乎很急促。……:2974  第42章 第 42 章 裴道晚怎么能怎么可爱呢……:3525
          第43章 第 43 章 叫姐姐~:3860  第44章 第 44 章 她又一次自疏了……:3399  第45章 第 45 章 太近了，真的太近了！……:3276  第46章 第 46 章 紧接着裴道晚就吻了上来……:3331  第47章 第 47 章 姐姐能不能再让我跪一次……:3543  第48章 第 48 章 在极致享受下有点昏昏欲……:3143
          第49章 第 49 章 我答应跟你谈恋爱了吗？……:3609  第50章 第 50 章 自己原来已经陷的这么深……:3361  第51章 第 51 章 会是什么样的奖励呢？……:3593  第52章 第 52 章 真的请来一个争宠的祖宗……:3620  第53章 第 53 章 唔咽声短暂响起又停下………:3415  第54章 第 54 章 随着余瑾昭的动作绷紧、……:3477
          第55章 第 55 章 我不喜欢你对着别人笑那……:3812  第56章 第 56 章 裴道晚！我们接吻吧！……:3484  第57章 第 57 章 裴道晚再次恢复意识时，……:3299  第58章 第 58 章 黑白分明的眼睛此刻氤氲……:3320  第59章 第 59 章 口红印泽沾染上杯璧…………:3476  第60章 第 60 章 那就是占有裴道晚！……:3294
          第61章 第 61 章 余瑾昭的嘴，骗人的鬼。:3760  第62章 第 62 章 她可以保证感情始终如一……:3328  第63章 第 63 章 也怕有一天见不到你了。……:3755  第64章 第 64 章 这是被这个女人迷了心神……:4730  第65章 第 65 章 余瑾昭！我想要！要我！……:3403  第66章 第 66 章 坏了……真的要……坏………:3367
          第67章 第 67 章 新年快乐！裴道晚！……:3792  第68章 第 68 章 二人的生活彻底变成不知……:3406  第69章 第 69 章 那和亲手杀了余瑾昭有什……:3283  第70章 第 70 章 裴道晚！我们离婚吧！……:3293  第71章 第 71 章 她拼命挣扎，却越陷越深……:3507  第72章 第 72 章 冷而艳，静而烈。……:3367
          第73章 第 73 章 余瑾昭有别的喜欢的人了……:3476  第74章 第 74 章 让她有点肉麻又有点不好……:3477  第75章 第 75 章 将花束递给裴道晚：“喜……:3415  第76章 第 76 章 这个女人浑身上下都透着……:3688  第77章 第 77 章 背光处，裴道晚凝视她许……:3325  第78章 第 78 章 只是感觉好痒，从内到外……:3457
          第79章 第 79 章 她有什么资格朝裴道晚叫……:3347  第80章 第 80 章 思绪万千，哀思难诉…………:3332  第81章 第 81 章 她们相拥、看海、接吻、……:3302  第82章 第 82 章 情不知所起，一往情深。……:3471  第83章 第 83 章 裴道晚她此时在干嘛呢？……:3373  第84章 第 84 章 原来她也想自己啊！……:3473
          第85章 第 85 章 呼吸变得急促而凌乱，仿……:2112  第86章 第 86 章 那声“余瑾昭”被堙灭在……:3350  第87章 第 87 章 她为什么要这样呢！？……:3181  第88章 第 88 章 余瑾昭！我们做吧！:3350  第89章 第 89 章 舌尖蛮横地闯进去，卷走……:3409  第90章 第 90 章 不邀请我进去坐坐吗？……:3368
          第91章 第 91 章 裴道晚，你亲亲我吧。……:3001  第92章 终章 见家长。:3226

15:37:56  港城有雨 (焦糖柚茶) [完结]  175p→120章  1467KB  OK
          https://www.52shuku.net/gl/10_b/bkbhO.html
          第1章:3387  第2章:3298  第3章:4207  第4章:4085  第5章:3359  第6章:3073
          第7章:3197  第8章:3311  第9章:3100  第10章:3346  第11章:3128  第12章:3245
          第13章:3545  第14章:3218  第15章:3797  第16章:3412  第17章:3225  第18章:3190
          第19章:3424  第20章:3511  第21章:3406  第22章:3311  第23章:3459  第24章:6243
          第25章:6827  第26章:8273  第27章:3247  第28章:4198  第29章:6706  第30章:6020
          第31章:10741  第32章:6826  第33章:4814  第34章:3790  第35章:3604  第36章:3713
          第37章:3290  第38章:3355  第39章:3564  第40章:5667  第41章:3596  第42章:3544
          第43章:3309  第44章:4364  第45章:4242  第46章:3773  第47章:6608  第48章:3878
          第49章:3299  第50章:3339  第51章:3366  第52章:3237  第53章:3198  第54章:3390
          第55章:3176  第56章:4333  第57章:3236  第58章:3213  第59章:4589  第60章:3445
          第61章:3368  第62章:3238  第63章:3347  第64章:3418  第65章:3263  第66章:3558
          第67章:3222  第68章:3215  第69章:3203  第70章:3863  第71章:3581  第72章:5224
          第73章:4225  第74章:3456  第75章:4600  第76章:3367  第77章:3931  第78章:3342
          第79章:4265  第80章:3254  第81章:5384  第82章:3301  第83章:3593  第84章:3205
          第85章:3224  第86章:3895  第87章:3643  第88章:3884  第89章:3235  第90章:4030
          第91章:3731  第92章:3606  第93章:3257  第94章:3316  第95章:3234  第96章:5366
          第97章:4324  第98章:5960  第99章:7315  第100章:4353  第101章:3685  第102章:3301
          第103章:3968  第104章:6199  第105章:4245  第106章:4817  第107章:4637  第108章:4877
          第109章:4910  第110章:4881  第111章:3894  第112章:3348  第113章:5902  第114章:6656
          第115章:3263  第116章:3341  第117章:4352  第118章:3269  第119章:3707  第120章:3243

15:38:17  等你们分手很久了 (松涯) [完结]  19p→17章  170KB  OK
          https://www.52shuku.net/gl/10_b/bkbhL.html
          第1章:3392  第2章:3442  第3章:3363  第4章:3175  第5章:3101  第6章:3140
          第7章:3178  第8章:3126  第9章:4351  第10章:3071  第11章:3526  第12章:3225
          第13章:3298  第14章:3078  第15章:3481  第16章:3149  第17章 正文完:3185

15:38:43  凶影 (凌风雪) [完结]  68p→67章  606KB  OK
          https://www.52shuku.net/gl/10_b/bkbhK.html
          第1章 开始:3035  第2章 叶浅:3077  第3章 初次见面:3152  第4章 阮馨雨的过去:3045  第5章 有故事的女人:3094  第6章 感情经历为零:3071
          第7章 初次与影后同台:3192  第8章 初次与影后接触:3155  第9章 初次与影后相处:3088  第10章 莫名的关心:3030  第11章 喜欢还只是欣赏:3077  第12章 幽闭恐惧症:3172
          第13章 迷人的危险:3027  第14章 危险的游戏:3119  第15章 十夜诡谈:3060  第16章 消失的影后:3088  第17章 噩梦:3169  第18章 影后姐姐要多笑:3024
          第19章 跟影后吃火锅:3067  第20章 绞肉碎杀:3062  第21章 碎尸狂魔:3056  第22章 你就是死傲娇:3214  第23章 酒后的告白:3053  第24章 诡异的黑猫:3020
          第25章 危机:3035  第26章 替身:2211  第27章 嫌疑人的独白:3020  第28章 细微的变化:2776  第29章 有趣的吃醋:2706  第30章 影后很可爱:2761
          第31章 犯罪心理侧写:2608  第32章 你是不是喜欢我:2525  第33章 抛尸块现场（2）:2776  第34章 死者身份浮出水面:2743  第35章 赌狗:2619  第36章 送她回家:2632
          第37章 我是你女神？:3044  第38章 相处:3081  第39章 新的线索:3044  第40章 篡改记忆:2881  第41章 你是我的人:3034  第42章 女人的好胜心:3047
          第43章 分别:3048  第44章 离开有你的季节:3050  第45章 离奇失踪:3108  第46章 风波四起:3108  第47章 我是喜欢你的:3132  第48章 爱意永存:3096
          第49章 浴室间死去的女人:3043  第50章 尽欢:3413  第51章 致命毒液:3144  第52章 囚鸟:3097  第53章 追凶:3064  第54章 杀人魔组合:3063
          第55章 老婆就是姐姐！:3127  第56章 恋情曝光:3171  第57章 人皮马甲:3040  第58章 并案侦查:3061  第59章 心中有鬼:3085  第60章 秘密情人:3043
          第61章 由爱生恨:2505  第62章 偿还:3041  第63章 恐怖直播:3052  第64章 互相救赎:3082  第65章 现世报:3101  第66章 病娇的爱:3072
          第67章 大结局:2618

15:39:48  暗夜追凶[刑侦] (凌风雪) [完结]  173p→153章  1524KB  OK
          https://www.52shuku.net/gl/10_b/bkbhJ.html
          第1章 暗疫诡局:3223  第2章 疫期罪影:3007  第3章 诡案迷局:3030  第4章 心理攻防:3219  第5章 罪证在前:3013  第6章 证据对峙:3364
          第7章 疑云重重:3419  第8章 旧物牵情:3035  第9章 伤疤余情:3048  第10章 冤家重逢:3127  第11章 车号巧合:2942  第12章 案件线索:3097
          第13章 监控谜云:3158  第14章 直播事故:3031  第15章 谎言拆穿:3282  第16章 机关算尽:3524  第17章 门之诡计:3591  第18章 针锋相对:3326
          第19章 夜色纷争:3281  第20章 信启波澜:3227  第21章 心疾之困:3115  第22章 痛失妹妹:3142  第23章 证猫之谜:3263  第24章 矛盾激化:3429
          第25章 棋子命运:3293  第26章 关键巧合:3150  第27章 旧情涟漪:3192  第28章 现场新证:3171  第29章 疑凶初现:3371  第30章 性别差异:3350
          第31章 卖惨出道:3310  第32章 恶魔朱嘴:3112  第33章 罪证追踪:3072  第34章 尸检真相:3627  第35章 人性之恶:3413  第36章 昕柔回国:3122
          第37章 指尖余温:3154  第38章 清吧谜光:3067  第39章 夜风割爱:3124  第40章 醉吻惊心:3321  第41章 尾音哽咽:3322  第42章 雨夜浮生:3071
          第43章 山城遗痕:3115  第44章 案情有变:3166  第45章 第三个人:3206  第46章 白鲸誓言:3275  第47章 碎光迷情:3214  第48章 双重陷阱:3256
          第49章 人性审判（修）:3359  第50章 暗室惊骸:3146  第51章 双生救赎:3741  第52章 雾岛旧忆:3144  第53章 醒时春山:3045  第54章 雾的告白:3440
          第55章 灼雪吻痕:3290  第56章 月光栀雪:3029  第57章 栀香余温:3286  第58章 四重反转:3715  第59章 循环救赎:3397  第60章 阴婚之恶:3149
          第61章 水火交融:3263  第62章 车库吻别:3400  第63章 暴雨蝶影:3204  第64章 清吧絮语:3121  第65章 旧香惊澜:3048  第66章 潮汐挽歌:3413
          第67章 逼婚风波:3161  第68章 嘉陵夜奔:3237  第69章 爱的共振:2878  第70章 枕畔情缠:3020  第71章 东亚邪术:3122  第72章 泰文符牌:3064
          第73章 替补之咒:3062  第74章 佛牌迷局:3057  第75章 尸油香局:3153  第76章 病娇楚乔:3093  第77章 书页恶意:3179  第78章 人牙风铃:3342
          第79章 囚于深海:3113  第80章 煎饼血刑:3010  第81章 暗黑共鸣:3128  第82章 假面夫妻:3129  第83章 意外出柜:3179  第84章 爱火燎原:3216
          第85章 雾都夜话:3196  第86章 亲情对峙:3182  第87章 云舒过往:3209  第88章 边缘人物:3407  第89章 鳞片假象:3308  第90章 草人咒怨:3292
          第91章 迷雾重重:3329  第92章 犬尸线索:3082  第93章 担架诡计:3915  第94章 爱恨恢恢:3042  第95章 以爱偿仇:3222  第96章 灯暖相依:3377
          第97章 心生间隙:3698  第98章 各怀心事:3171  第99章 迷雾深潜:3683  第100章 指尖恶意:3330  第101章 心事难掩:3004  第102章 谁是凶手？:3231
          第103章 爱意流转:3399  第104章 夜色温柔:3480  第105章 恶意连天:3304  第106章 顶楼暗影:3072  第107章 渐入黑暗:3583  第108章 谁是恶女？:3208
          第109章 地狱观戏:3227  第110章 心藏酸涩:3534  第111章 向晚停职:3884  第112章 短暂离别:4071  第113章 前往诊所:3182  第114章 擦肩而过:3574
          第115章 泪洒屏幕:3447  第116章 爱到分开:3101  第117章 恨海情天:3206  第118章 地狱恶女:3117  第119章 不死不休:3105  第120章 两败俱伤:3217
          第121章 死亡凌迟:3213  第122章 故来决绝:3054  第123章 天生恶种:3612  第124章 摩天之轮:3583  第125章 追妻火葬场:3265  第126章 云舒终晕倒:3243
          第127章 我就不滚了:3317  第128章 我只有你了:3376  第129章 线索的串联:3342  第130章 派对暗流涌:3833  第131章 姐妹终相认:3285  第132章 恶魔的诞生:4154
          第133章 向晚病复发(修):3394  第134章 夜探虎桥库:3496  第135章 大仇终得报:3599  第136章 完美受害人:3648  第137章 2206夜讯:3577  第138章 新家暖初置:3636
          第139章 檐下伴晨昏:3363  第140章 携手破阴霾:3246  第141章 灯下归小家:3690  第142章 暖光裹浓情:3694  第143章 病毒大爆发:3331  第144章 病毒来袭01:3087
          第145章 病毒来袭02:3417  第146章 病毒来袭03:3712  第147章 病毒来袭04:3231  第148章 病毒来袭05:3579  第149章 病毒来袭06:3241  第150章 病毒来袭07:3684
          第151章 病毒来袭08:3373  第152章 乌鸦种子:2985  第153章 婚礼:3433

15:43:31  跟死对头在末世求生 (甜不萌) [完结+番外]  614p→738章  5373KB  OK
          https://www.52shuku.net/gl/10_b/bkbhI.html
          第1章 重生:2374  第2章 误会:2044  第3章 末世要来了:2272  第4章 经纪人的真面目:2481  第5章 囤货踩点两手抓:2305  第6章 她爱吃甜的:2191
          第7章 末世来临:2397  第8章 扫荡超市:2346  第9章 逃出商城:2615  第10章 别抛弃我:2533  第11章 解锁逆天新奖励:2407  第12章 异能觉醒:2451
          第13章 被包围:2365  第14章 限时击杀任务:2245  第15章 悲喜交加:2460  第16章 一起好好活下去:2522  第17章 永安基地:2207  第18章 加更:2286
          第19章 搜刮药房:2492  第20章 护送请求:2395  第21章 惊喜加更:2242  第22章 被跟踪:2628  第23章 道德绑架:2817  第24章 熊孩子:2406
          第25章 杀人诛心:2626  第26章 加更:2490  第27章 囤煤炭:2305  第28章 加更:2031  第29章 活物空间开启:2536  第30章 遇险:2306
          第31章 青山养殖场:2275  第32章 子空间:2313  第33章 自食其果:2326  第34章 变异种子:2296  第35章 子空间认主:2549  第36章 越野车贵是有道理的:2481
          第37章 收藏破百庆祝一下:2421  第38章 杀人:2200  第39章 95加强团连长:2530  第40章 暴露空间:2244  第41章 进攻大润商场:2541  第42章 女人们的遭遇【修改版】:2048
          第43章 复仇:2254  第44章 收获颇丰:2236  第45章 小兔崽子真讨厌:2355  第46章 可怜之人必有可恨之处:2743  第47章 直面爱意:2638  第48章 惊险追击:2696
          第49章 初试飞行:2545  第50章 准备昏睡~:2255  第51章 梦境:2246  第52章 万凝烟觉醒异能:2799  第53章 （一更）偷亲:2372  第54章 （二更）钱家村:2403
          第55章 （三更）万家被抢:2120  第56章 （一更）父爱如山:2199  第57章 （二更）屠村计划:2285  第58章 （一更）屠村（上）:2435  第59章 （二更）屠村（下）:2183  第60章 （三更）要做我女朋友吗:2314
          第61章 （一更）新材料小镇:2356  第62章 （二更）极限搜寻:2302  第63章 （一更）争执:2094  第64章 （二更）三阳山基地:2394  第65章 （一更）初入基地:2347  第66章 （二更）分工:2385
          第67章 （三更）好大的误会:2335  第68章 “家族”会议:2313  第69章 合作谈判:3371  第70章 定居:2042  第71章 地摊街:2764  第72章 物资交换站:3007
          第73章 基地食堂:2566  第74章 （一更）任务大厅:2256  第75章 （二更）蔷薇小队:2244  第76章 “家庭”聚餐:2481  第77章 脸红心跳的洗澡澡~:1839  第78章 规划:2725
          第79章 基地缺粮？！:3124  第80章 军方送装备:2218  第81章 （一更）软肋:2031  第82章 （二更）搜寻小队:2390  第83章 粮仓任务:2857  第84章 巨型可自愈丧尸:2536
          第85章 特级作战服:2124  第86章 赵柔的试探:2659  第87章 万影后任务繁重:2532  第88章 吃醋？！:2186  第89章 （一更）租赁空间:2379  第90章 （二更）烧烤丧尸:2419
          第91章 飞行摩托:2580  第92章 老奶奶的乞求:2844  第93章 猥.亵:3038  第94章 小可怜薛望月:3524  第95章 军方的道歉:2651  第96章 消费任务:2169
          第97章 （一更）异能训练营:2864  第98章 （二更）异能新规划:2540  第99章 兽医邵明:2345  第100章 （加更）邵明的邀请:2595  第101章 茶饭不思？:2176  第102章 虎崽“幸运”:2126
          第103章 异化体:2679  第104章 温念如的遭遇:2453  第105章 活捉:2654  第106章 （补更）狠辣的万影后:2577  第107章 （一更）回家:2114  第108章 （二更）紧急刹“车”:2292
          第109章 （一更）操纵异能:2541  第110章 （二更）看病:2592  第111章 卫明雪:2226  第112章 针对背后的故事:2707  第113章 704军事基地:2072  第114章 （一更）变异蚂蚁:2398
          第115章 （二更）副团长白墨:2427  第116章 （补更）“见家长”:2623  第117章 我爱你:2519  第118章 赴约邵明邀约:2592  第119章 宠物医院:2091  第120章 宠物用品批发店:2155
          第121章 邵明的目的:2409  第122章 “晚上等你~”:2085  第123章 （一更）母老虎:2186  第124章 （二更）前戏:2101  第125章 “拥有”:2021  第126章 被蚊子咬了吗？:2406
          第127章 卫队长:1726  第128章 婉拒:2033  第129章 考核:2588  第130章 秦云受伤始末:2568  第131章 心结:2287  第132章 （一更）装修计划:2323
          第133章 （二更）种地:2157  第134章 （三更）挑衅失败:2120  第135章 （一更）全是练家子:2301  第136章 （二更）招工计划:2969  第137章 计划讲解:2645  第138章 战力爆表:2037
          第139章 奖励:2426  第140章 反告:2402  第141章 “圆满解决”:2675  第142章 超清凉爽爽爽薄荷糖:2172  第143章 冷战:2094  第144章 狡猾的商贾:2161
          第145章 控诉:1912  第146章 （一更）暖阳的人生:2100  第147章 （二更）痛苦的经历:2091  第148章 （三更）真相:2657  第149章 （一更）交谈:2310  第150章 （二更）“陪看”:2210
          第151章 妹控卫明依:2307  第152章 梁海平使诈:2421  第153章 上官找事:2500  第154章 三个小贼:2191  第155章 催婚:2369  第156章 新的担忧:2418
          第157章 （加更）禁欲:2127  第158章 （一更）10亿煤炭任务:2294  第159章 （二更）变异野猪群:2204  第160章 变异肉可食用？:2297  第161章 水果大丰收:2208  第162章 变异牛:2684
          第163章 撞煤山:2288  第164章 丧尸秃鹫的用途:2218  第165章 （一更）复制空间:2112  第166章 （二更）换水:2408  第167章 （三更）复制物资计划:2222  第168章 （一更）装修开始:2320
          第169章 （二更）医学世家:2089  第170章 研究所任务:2306  第171章 送种子:2088  第172章 毒气泄露:2487  第173章 强势的万凝烟:2148  第174章 对峙:2166
          第175章 “拒绝”失败:2306  第176章 拒绝军方的原因:2174  第177章 小玉的爷爷奶奶:2009  第178章 “乖巧”赵柔:2084  第179章 赵柔的故事:2824  第180章 牙商抢人:1944
          第181章 （一更）杀牙商:2240  第182章 （二更）替罪羊:2196  第183章 （三更）安顿高家:2520  第184章 （一更）“收网”富商:2304  第185章 （二更）探病赵柔:2162  第186章 （三更）物资补给:2214
          第187章 监狱:2545  第188章 虐杀孟家少爷:2631  第189章 刑场:2447  第190章 升级难度增加:2282  第191章 冰系新用法:2166  第192章 （一更）同意随行:1971
          第193章 （二更）收费站变故:2364  第194章 （三更）“折磨”的死法:1977  第195章 （一更）光伏基地:2248  第196章 （二更）血腥宿舍:2906  第197章 弱肉强食:2158  第198章 坏女人:2158
          第199章 运气爆表:3043  第200章 空间告急:2229  第201章 （补更）异象:2302  第202章 （二更）泡面工厂:2332  第203章 （一更）爱哭鬼丧尸:2127  第204章 （二更）杀变异蛇:2328
          第205章 （三更）小两口吵架:2412  第206章 融合功能开启:2205  第207章 分解空间:2290  第208章 无差别处置:2089  第209章 低烧:2091  第210章 用身子补偿:2132
          第211章 初尝“云雨”滋味:1677  第212章 （一更）变异鼹鼠:2170  第213章 （二更）随机药品:2210  第214章 离谱的安慰:2286  第215章 前往日化厂:2057  第216章 击杀巨型蛞蝓:2219
          第217章 蛞蝓卵:2381  第218章 爆胎:2010  第219章 （一更）聚集的幸存者:2265  第220章 （二更）罪行累累:2342  第221章 （三更）回基地:2287  第222章 （一更）包粽子:1968
          第223章 （二更）成熟期提前:2464  第224章 护主:2071  第225章 再次晕倒:2237  第226章 高档小区:2173  第227章 女尸:2428  第228章 CFO苏婉:2220
          第229章 （补更）经纪人肖建成:2420  第230章 定时炸弹:2163  第231章 （一更）飘飘之死:2542  第232章 （二更）苏家遇险:2150  第233章 （三更）讨厌的爷孙:2371  第234章 安顿苏家:2247
          第235章 我们做吧:2188  第236章 嘴硬心软:2630  第237章 （补更）:2057  第238章 改口:2214  第239章 （一更）拜访小玉家:2127  第240章 “自恋”:2262
          第241章 （一更）通电:2215  第242章 （二更）婚前准备:2232  第243章 神秘的事情:1959  第244章 求婚:2350  第245章 （一更）梅开三度:2082  第246章 （二更）我可是头婚:2128
          第247章 （一更）山地梅花鸡:2231  第248章 （二更）遇抢劫:2388  第249章 （三更）夺取异能:2550  第250章 （一更）古风婚服店:2346  第251章 （二更）遇“巨婴”:2227  第252章 （三更）闹了误会:2679
          第253章 （一更）定制婚服:2415  第254章 （二更）参观村落:2660  第255章 （三更）换羊崽:2373  第256章 （四更）约定:2083  第257章 真心换真心:2853  第258章 （一更）2号子空间启用:2464
          第259章 （二更）极昼危机:2671  第260章 （三更）伴手礼:2350  第261章 （一更）试探元蔓蔓:2239  第262章 （二更）送请帖:2533  第263章 元蔓蔓妈妈:2570  第264章 寻找赵正言:2377
          第265章 混进商场:2745  第266章 细思极恐:2845  第267章 屠杀开始:2538  第268章 （一更）“持家”:2181  第269章 （二更）受伤:2433  第270章 （三更）元家恩怨:2598
          第271章 姐姐教得好~:2072  第272章 收回物资:2040  第273章 （补更）小惩大诫:2410  第274章 （已更正数据）备用生存区:2486  第275章 消费礼包:2975  第276章 （一更）开支庞大！:2147
          第277章 （二更）扫兴:2276  第278章 （一更）极寒将至:2119  第279章 （二更）天选电灯泡:2572  第280章 （三更）忙到起飞:2303  第281章 婚礼前的准备:2494  第282章 晶核提取液:3129
          第283章 迎宾客:3027  第284章 婚礼:3699  第285章 （一更）新婚之夜:2222  第286章 （二更）解心结:2165  第287章 （三更）变异牧草:2349  第288章 （一更）变异羊群:2166
          第289章 （二更）其木格一家:2571  第290章 其木格的担忧:2936  第291章 其木格家的遭遇:3313  第292章 啃~老~婆~:2188  第293章 达成交易:3049  第294章 吵架:2026
          第295章 （一更）骑上我心爱的小电驴~:2241  第296章 （二更）救幼崽:2557  第297章 （三更）全羊宴:2633  第298章 （一更）测试:2316  第299章 （二更）找到凶手:2910  第300章 坠井:2498
          第301章 追杀江哥:2348  第302章 看戏:2435  第303章 小醋包:2284  第304章 不愧是你:2146  第305章 （一更）随机药材任务:1749  第306章 （二更）击杀变异牦牛:2867
          第307章 （一更）差点露馅:3066  第308章 （二更）缴费:2183  第309章 极寒倒计时2天:2253  第310章 考核通过:2585  第311章 极寒来临:2284  第312章 零下35度:3046
          第313章 火系小暖炉:2613  第314章 小玉爸爸的求助:3061  第315章 收编小玉家:2487  第316章 实战计划:2273  第317章 想不想骑老虎？:3246  第318章 （一更）欠2次:2625
          第319章 （二更）意外的吃瓜:2519  第320章 （三更）意外的消息:1921  第321章 （一更）探访高家:2465  第322章 （二更）木野的身世:2491  第323章 （三更）暖阳的小心思:2341  第324章 售卖晶核提取液:3074
          第325章 请客:3378  第326章 达成共识:2318  第327章 军方内幕:2534  第328章 （一更）醉酒:2299  第329章 （二更）联络:2336  第330章 （三更）耍赖烟烟:2366
          第331章 （一更）温念如的担忧:2006  第332章 （二更）买物资:2562  第333章 （三更）姐姐好笨！:2349  第334章 温念如初次实战:2421  第335章 渔港的帐篷群:3045  第336章 护主狂魔:3174
          第337章 捕抓变异鱼:2336  第338章 庆祝收藏破千:4340  第339章 （一更）四名室友的经历:2393  第340章 （二更）残暴的原住民:2578  第341章 （三更）山洞:2533  第342章 （一更）家:2213
          第343章 （二更）变异鱼汤:2873  第344章 （三更）军方“八卦”:3174  第345章 全鱼宴:2488  第346章 偶遇白星:2473  第347章 坦白:3209  第348章 出发去钓鱼！:4058
          第349章 温念如解开心结:4230  第350章 （一更）钓鱼遇险:2724  第351章 （二更）险象环生:2532  第352章 （三更）鲨口逃生:2268  第353章 （一更）海里求生:2642  第354章 （二更）任性的请求:2356
          第355章 （三更）参观蜀绣村:2234  第356章 “套话”:2381  第357章 “傻媳妇”被逗趣:2771  第358章 军方新任务:2056  第359章 谈话:2453  第360章 “擦枪走火”:2358
          第361章 （一更）挑事小“绿茶”:2326  第362章 （二更）劝服袁奶奶:2305  第363章 （一更）区别对待:1990  第364章 （二更）造船厂的攻击:2269  第365章 （三更）幸存者投靠:2131  第366章 不老实的幸存者:2291
          第367章 狩猎变异野兔:2085  第368章 妻子的诱惑:2260  第369章 万家出事:2050  第370章 万凝烟遇袭始末:2215  第371章 （一更）万妈妈平安:2266  第372章 （二更）治疗:2268
          第373章 （三更）烟烟痊愈:2054  第374章 （一更）决定退出小队:2202  第375章 （二更）万妈妈松口:2470  第376章 （三更）鸭梨山大~:2280  第377章 主谋竟是他！:2213  第378章 抢劫真相:2218
          第379章 （一更）元旦快乐~:2345  第380章 （二更）错失任务:2322  第381章 插队:2465  第382章 （一更）热闹午餐:2266  第383章 （二更）击杀贪吃丧尸（上）:2220  第384章 （三更）击杀贪吃丧尸（中）:2141
          第385章 （一更）复盘:2309  第386章 （二更）击杀贪吃丧尸（下））:2173  第387章 （三更）暴富啦:2499  第388章 核武器？！:2058  第389章 我要在上面！:2533  第390章 花里胡哨的武器:2311
          第391章 晶核能量:2330  第392章 西省小镇:2304  第393章 （一更）这叫备点药？:2509  第394章 （二更）鸿门宴:2765  第395章 （三更）图穷匕见:2842  第396章 （一更）奖励:2713
          第397章 （二更）万老师上课了:2260  第398章 （三更）母婴商场:2045  第399章 失踪？:1959  第400章 军方又搞基建了？:2811  第401章 冰系9级:2213  第402章 学堂提议:2138
          第403章 学堂计划试行:2251  第404章 （一更）温念如的别扭:2153  第405章 （二更）泡汤馆:2579  第406章 （一更）收锅炉:2150  第407章 （二更）击杀速度丧尸任务:2204  第408章 （三更）运气好差:2477
          第409章 建材中心:2100  第410章 二次勾引:2272  第411章 质问:2186  第412章 吵架分居:1916  第413章 万妈妈的安慰:2221  第414章 （一更）蔷薇队日常训练:2258
          第415章 （二更）其木格觉醒异能:2103  第416章 （一更）全是普通异能:2581  第417章 （二更）浅浅原谅:2417  第418章 （三更）蜜里调油~:2532  第419章 （一更）万凝烟被抓:2088  第420章 （二更）强制支线任务:2539
          第421章 少尉温云舒:2515  第422章 小小少尉野心不小:2392  第423章 （一更）任务是造反:2076  第424章 （二更）豪华的住宿条件:2328  第425章 寻求帮助:2306  第426章 小偷林羽:2889
          第427章 （二更）智惩抠男:2326  第428章 （一更）阶级学校:3024  第429章 （二更）坦诚:2653  第430章 （一更）喜提巨款:2305  第431章 （二更）再遇林羽:2523  第432章 （三更）敲诈:2531
          第433章 （一更）诺亚方舟1层:2354  第434章 （二更）生气:2153  第435章 “负荆请罪”:2769  第436章 做点“正事”:2585  第437章 中计:2180  第438章 （一更）高层会议:2284
          第439章 （二更）唇枪舌战:2562  第440章 （三更）激怒:2321  第441章 8-10层:2493  第442章 任务来了！:3117  第443章 出师不捷？！:2548  第444章 打探消息:2731
          第445章 艰苦生活:2510  第446章 （一更）一烟两用:2401  第447章 （二更）以身诱虎:2640  第448章 （一更）卫明依来了:2458  第449章 （二更）猪肉特价:2562  第450章 （三更）交接变异猪群:2806
          第451章 先进养殖系统:2368  第452章 “吸血虫”:2654  第453章 “消息通”秦云:2305  第454章 制衡之术:2400  第455章 小肚鸡肠的吃醋包:2218  第456章 （一更）奖金丰厚！:2617
          第457章 （二更）交接异能觉醒液:2403  第458章 （三更）订货潜规则:2799  第459章 （一更）要节约！:2461  第460章 （二更）变异树:2638  第461章 极夜将至:2606  第462章 “满汉全席”:2691
          第463章 前往东北:2536  第464章 冻伤:2473  第465章 丧尸鼠:2223  第466章 （一更）仙境:2444  第467章 （二更）会议室的争吵:2272  第468章 （三更）威逼:2481
          第469章 伤势严重:2502  第470章 心疼:2492  第471章 幕后推手:2719  第472章 黑馒头的原材料:2149  第473章 温云舒的礼物:2015  第474章 （一更）反差:2345
          第475章 （二更）报复温云舒:2325  第476章 （三更）驭民之术:2422  第477章 （一更）套话:2488  第478章 （二更）痛苦回忆:2421  第479章 （三更）你们吃黑馒头了吗？:2102  第480章 一箭N雕:2264
          第481章 谋杀亲妻:2486  第482章 情趣套房:2811  第483章 道歉:2725  第484章 小羊还是小狗？:2476  第485章 （一更）平民区的暴乱:2224  第486章 （二更）温云舒平乱:2137
          第487章 （三更）手刃李勇:2369  第488章 （一更）小哭包咩咩:2460  第489章 （二更）禁闭室:2338  第490章 （三更）温云舒真讨厌！:2046  第491章 多给点！:2348  第492章 你是慈善家吗？·:2554
          第493章 辛苦的极寒生活:2401  第494章 中了身娇体软:2175  第495章 奇怪的路途:2115  第496章 （一更）降职的原因:2404  第497章 （二更）老旧军火库:2042  第498章 【已修改】（三更）我要女性自由！:2342
          第499章 （一更）智灭丧尸鼠群:2144  第500章 （二更）晕厥:2445  第501章 鸡飞狗跳:2397  第502章 哄妻:2227  第503章 暴露:2219  第504章 我真的真的很爱你:2148
          第505章 任务补贴:2095  第506章 （一更）shopping~:2345  第507章 （二更）采购的快乐:2428  第508章 （三更）下药:2429  第509章 （一更）夺权计划（1）:2081  第510章 （二更）夺权计划（2）:2237
          第511章 夺权计划（3）:2262  第512章 狮子大开口:2438  第513章 醉翁之意不在酒:2118  第514章 你是不是不行？:2337  第515章 （一更）藏武器:2615  第516章 （二更）探访蔷薇小队:2173
          第517章 （三更）极夜来临:2043  第518章 （一更）夺权（1）:2135  第519章 （二更）夺权（2）:2203  第520章 （三更）无毒不丈夫:2481  第521章 （一更）自毁装置:2536  第522章 （二更）造反任务完成:2580
          第523章 林羽母女:2470  第524章 我们约会吧:2400  第525章 离开诺亚方舟:2817  第526章 开火车啰~:2603  第527章 玩疯了:2295  第528章 （一更）110连抽！！！:2397
          第529章 （二更）奖品超丰富:2454  第530章 （三更）家人团聚:2130  第531章 （一更）变异蜈蚣群:1999  第532章 （二更）提供杀虫剂:2332  第533章 两个小笨蛋:2460  第534章 三号子空间归属:2519
          第535章 提醒与无奈:2407  第536章 变异鸡大战蜈蚣:2383  第537章 道歉:2090  第538章 （一更）勘察B区:2197  第539章 （二更）做鱼丸:2292  第540章 （三更）控物新用法:2415
          第541章 （一更）高级丧尸？:2355  第542章 （二更）击杀巨型丧尸:2162  第543章 （三更）高级领主丧尸:2154  第544章 救人:2251  第545章 大娘赵秀芳:2319  第546章 变异蝙蝠:2557
          第547章 赵柔隐瞒的消息:2229  第548章 驻守:2415  第549章 （一更）难搞的扑棱蛾子:2146  第550章 禁止熬夜:2792  第551章 操心的暖阳:2527  第552章 别离:2312
          第553章 诡异的极夜:2161  第554章 逃难:2293  第555章 紧急出逃:2374  第556章 地震发生:2090  第557章 A区的秘密:2302  第558章 （一更）我要杀韩青城:2424
          第559章 （二更）虚伪:2016  第560章 （一更）计划全乱了:2470  第561章 （二更）遇见搜寻小队:2106  第562章 对峙:2551  第563章 寻求安慰:2711  第564章 老婆来了:2577
          第565章 商议:2812  第566章 村落被毁:2454  第567章 （一更）劝说康奶奶:2661  第568章 （二更）陈海棠服软:2459  第569章 【数据修正】（三更）图纸建造类目:2493  第570章 （一更）设计图确认:2339
          第571章 （二更）选房子:2823  第572章 刘奶奶和小草:2824  第573章 万凝烟的小心思:2601  第574章 铝材基地:2388  第575章 修建河道:2140  第576章 奇怪的母女:3053
          第577章 【数据修正】（一更）不愧是专业的！:2687  第578章 （二更）入住村落:2420  第579章 （一更）挖坑:2995  第580章 （二更）木野是克星:2720  第581章 生病:2558  第582章 病菌在滋生:3296
          第583章 影后级演技:2090  第584章 升级水厂:2597  第585章 增进室友感情？:2610  第586章 （一更）幸运出逃:2631  第587章 （二更）安全漏洞:2185  第588章 （一更）自助餐风波:2246
          第589章 （二更）特大洪涝预警:2170  第590章 （三更）洪涝预防方案:2173  第591章 （一更）缺晶核缺建材！:2239  第592章 （二更）水泥报废:2075  第593章 华合物流园:2664  第594章 不折手段:2426
          第595章 接其木格一家:2232  第596章 （一更）带走小灵猫一家:2174  第597章 （二更）超级自愈力:2201  第598章 （一更）周然的决定:2262  第599章 （二更）猫崽有名了:2938  第600章 隔离结束:2789
          第601章 要大办特办:2614  第602章 打扫~:2217  第603章 杀年猪:3310  第604章 暖阳“渡劫”记:2318  第605章 （一更）简单吃一顿:2121  第606章 （二更）偷东西了！:2459
          第607章 （三更）发年货！:2480  第608章 （一更）新年福利:2287  第609章 （二更）年夜饭:2575  第610章 老婆的勾引:2293  第611章 祸水东引:2613  第612章 新年快乐:2319
          第613章 幸福得像梦一样:2452  第614章 硬币饺子:2240  第615章 （一更）新年大餐:2505  第616章 （二更）栽赃白星:2583  第617章 （三更）围殴:2361  第618章 （一更）善良的原住民:2355
          第619章 （二更）白墨求助:2057  第620章 我老婆当然惯着我:2277  第621章 三阳山基地大变样:2290  第622章 大翻车:2570  第623章 稳重一点:2482  第624章 女幸存者的目的:2233
          第625章 （一更）女人们的逃难经历:2549  第626章 （二更）哭作一团:2538  第627章 （三更）亲自来接？:2565  第628章 （一更）临时任务:2446  第629章 （二更）虎毒不食子？:2343  第630章 老婆想耍赖:2193
          第631章 病毒发作:2168  第632章 小粉有大用！:2599  第633章 好恶心的消杀...:2240  第634章 能言善辩的老婆:2245  第635章 （一更）安置人造太阳:2356  第636章 （二更）防洪沙袋:2485
          第637章 （三更）洪涝倒计时1天:2531  第638章 （一更）暴雨来袭:2504  第639章 （二更）暗戳戳的“报复”:2628  第640章 防洪效果显现:2497  第641章 动物受困:2374  第642章 营救变异动物:2376
          第643章 逃脱泥石流:2507  第644章 老婆消消气:2539  第645章 （一更）卫队长的心思:2266  第646章 （二更）特殊模式:2200  第647章 （三更）坑老婆:2473  第648章 （一更）救还是不救？:2278
          第649章 （二更）贸易与经济:2561  第650章 嘴碎子:2520  第651章 雨小了:2413  第652章 雨停了:2285  第653章 白支书晚上做贼了？:2219  第654章 两只小土狗:2492
          第655章 （一更）打疫苗:2574  第656章 （二更）床塌了:2732  第657章 （三更）表白被拒:2489  第658章 （一更）劝留:2575  第659章 （二更）搜寻:2294  第660章 三名女幸存者:2506
          第661章 梁招娣苏醒:2248  第662章 梁招娣的觉醒人生:2514  第663章 占领道德高地:2239  第664章 抢劫:2368  第665章 （一更）拜师:2336  第666章 （二更）地窖幸存者:2534
          第667章 （三更）仓库里的幸存者:2637  第668章 （一更）小狼:2366  第669章 饿疯了？:2191  第670章 “严苛”的村规:2479  第671章 队长是妹控:2357  第672章 武术试探:2367
          第673章 （一更）不会说话:2587  第674章 （二更）仓库招工了:2553  第675章 （三更）养家担子很重:2226  第676章 （一更）清汤寡水:2350  第677章 （二更）贸易方案:2554  第678章 （补更）村长要努力:1984
          第679章 要学做饭！:2184  第680章 别乱说话:2190  第681章 外派报名:2596  第682章 赚钱大计:2601  第683章 危险分子:2279  第684章 （一更）生产:2265
          第685章 （二更）太投入了:2545  第686章 （三更）木系异能新用法:2620  第687章 （一更）欢送宴:2445  第688章 （二更）送别:3172  第689章 赵柔不是人:2499  第690章 不舍:2696
          第691章 治腰:2179  第692章 田地租赁:2390  第693章 谣言的诞生:2029  第694章 （一更）生日礼物:2306  第695章 （二更）长寿面:2210  第696章 （三更）筹备生日礼物:2537
          第697章 （一更）不愧是特助:2359  第698章 （二更）赌不赌？:2246  第699章 （三更）嘎嘎嘎变异鸭:2275  第700章 开班会:2996  第701章 万凝月和刘小草:3020  第702章 （一更）护卫队回归:2713
          第703章 （二更）生日礼物:2514  第704章 （三更）好幸福~:2110  第705章 （一更）买鸭子:2586  第706章 （二更）生日宴乱了套了:2422  第707章 疯狂八卦:2319  第708章 变异树林:2248
          第709章 打赌:2342  第710章 淡水湖:2184  第711章 （一更）偷看:2054  第712章 （二更）五年后:2273  第713章 （三更）村落大变样:2318  第714章 （一更）妻子的诱惑:2422
          第715章 （二更）小朋友们都长大了:2435  第716章 月儿和念念的感情:2341  第717章 清醒的万凝月:2527  第718章 赵柔的请求:2384  第719章 慢热的两人:2244  第720章 万凝月生日宴:2319
          第721章 【大结局1】中高级丧尸潮围村:2433  第722章 【大结局2】丧尸王出现:2430  第723章 【大结局3】万凝烟之死:2586  第724章 【大结局4】极限救人:2527  第725章 【大结局5】接不接任务？:2458  第726章 【大结局6】难缠的丧尸王:2280
          第727章 【大结局7】大意了...:3687  第728章 正文完:4069  第729章 番外：真相[番外]:3914  第730章 番外：万凝烟的选择[番外]:4077  第731章 【幸运和小雌虎】1[番外]:2349  第732章 【幸运和小雌虎】2[番外]:2763
          第733章 【幸运和小雌虎】3[番外]:3801  第734章 【赵柔X苏婉】[番外]:2905  第735章 【赵柔X苏婉】[番外]:3376  第736章 【赵柔X苏婉】[番外]:1938  第737章 【赵柔X苏婉】[番外]:2620  第738章 【赵柔X苏婉】终章[番外]:3136

15:44:03  穿到古代美强惨女主要和我贴贴 (西施贝) [完结]  85p→74章  745KB  OK
          https://www.52shuku.net/gl/10_b/bkbhC.html
          第1章 下跪:4944  第2章 姜汤:4035  第3章 面纱:4063  第4章 太学:4021  第5章 江景游:3650  第6章 她不爱吃香菜:3878
          第7章 这福气给你要不要啊:4503  第8章 林观北:4119  第9章 狗洞:3972  第10章 不救:3147  第11章 刺客:3411  第12章 戒心:3190
          第13章 原著里好像没这句台词呀:3388  第14章 问世间情为何物:3101  第15章 同心锁:4000  第16章 落日:3352  第17章 手疗:3156  第18章 重阳节:3263
          第19章 琴瑟和谐愿百年:3576  第20章 这些掌声，是送给她和林鸢的:3337  第21章 断子绝孙:4594  第22章 进宫:3596  第23章 蟑螂:3270  第24章 小册子:3255
          第25章 想干架我奉陪:3320  第26章 花前月下:3295  第27章 罚抄:3385  第28章 封后:3634  第29章 幽霆:3177  第30章 请安:3566
          第31章 罚你:3244  第32章 慧妃:3363  第33章 监视:3307  第34章 宫宴:3522  第35章 抄家流放:3839  第36章 中毒:3285
          第37章 强制爱:3131  第38章 花灯节:3247  第39章 孟梁柏:4032  第40章 美则美矣:3636  第41章 放肆:3033  第42章 你怎么这么小？:3217
          第43章 惩罚:3029  第44章 落水:3122  第45章 我和你睡:3136  第46章 姐姐哪里讨厌了:3077  第47章 臣妾有点冷:3229  第48章 跳舞:3043
          第49章 灵芝:3090  第50章 私奔:2128  第51章 铲除太医院的毒瘤蛀虫:1506  第52章 华珏君:1996  第53章 烤全羊:2674  第54章 北齐来使:2838
          第55章 废后:2505  第56章 虚伪的女人:3193  第57章 公主之死:2469  第58章 挑拨离间:3165  第59章 抖马甲:3117  第60章 谢谢你，皇后娘娘:2961
          第61章 难道这就是炮灰的必死命运吗？:3023  第62章 君彻:3110  第63章 走水:2745  第64章 狩猎:3010  第65章 死同穴:5280  第66章 北齐九公主:3055
          第67章 流浪:3081  第68章 安尔良:3009  第69章 hello:3120  第70章 海棠郡主:3609  第71章 被抱走:3524  第72章 封姐姐为皇后:1741
          第73章 好消息:3167  第74章 完:3707

15:44:46  幽魂引 (凌风雪) [完结]  117p→115章  1044KB  OK
          https://www.52shuku.net/gl/10_b/bkbh9.html
          第1章 鬼车:3066  第2章 魂断阴间:3126  第3章 鬼眼:3128  第4章 楚半仙:3218  第5章 阴阳秘术:3075  第6章 旅馆:2990
          第7章 困局:3095  第8章 再遇:2448  第9章 欲望:2768  第10章 怪物:2578  第11章 深渊:2321  第12章 血煞凶婴:3070
          第13章 无头女鬼的过去:3052  第14章 残害（1）:3031  第15章 残害（2）:3029  第16章 斩头:3042  第17章 尹老板吸血虫:2859  第18章 尹老板也会痛:3023
          第19章 尹老板我错了！:3003  第20章 鬼域（1）:3022  第21章 鬼域（2）:3057  第22章 鬼域（3）:3025  第23章 鬼域（4）:3061  第24章 鬼域（5）:3014
          第25章 鬼域（6）:3056  第26章 鬼域（7）:3038  第27章 鬼域（8）:3032  第28章 鬼域（9）:3020  第29章 鬼域（10）:3006  第30章 鬼域（11）:3039
          第31章 鬼域（12）:3042  第32章 鬼域（13）:3035  第33章 鬼域（14）:3027  第34章 鬼域（15）:3023  第35章 鬼域（16）:3058  第36章 鬼域（17）:3028
          第37章 鬼域（18）:2959  第38章 鬼域（19）:3051  第39章 鬼域（20）:3054  第40章 鬼域（21）:3165  第41章 鬼域（22）:3029  第42章 鬼域（23）:3039
          第43章 鬼域（24）:3061  第44章 鬼域（25）:3064  第45章 鬼域（26）:3026  第46章 爱殇:3053  第47章 情劫:3035  第48章 大婚:3018
          第49章 决断:3063  第50章 烟花:3055  第51章 温情:3091  第52章 猛女:2488  第53章 归去:3041  第54章 诉情:3042
          第55章 尹智妍:2889  第56章 暖心的你:3075  第57章 类似爱情:3076  第58章 尹小姐请自重:3099  第59章 吃醋生气:3052  第60章 是我心冷:3095
          第61章 换我守护你:3147  第62章 相见不能相认:3073  第63章 再次错过:3046  第64章 护妻狂魔:3147  第65章 沦陷你的温柔:2456  第66章 舍身护你:3174
          第67章 神秘信件:3047  第68章 荒村流言:3153  第69章 媳妇，吃个虾。:3130  第70章 永不相负:3230  第71章 陪伴最长情:3068  第72章 邪物蛇符:3081
          第73章 尹智妍被刺:3042  第74章 纸短情长:3095  第75章 奇怪的钟表:3078  第76章 晓曼是学姐吧！:3063  第77章 不死不灭:3029  第78章 黑暗中的光:3032
          第79章 救治:3039  第80章 碎脸:3029  第81章 不明物体:3040  第82章 坠机:3084  第83章 西山陵王墓:3049  第84章 临行前的火锅:3051
          第85章 盗墓小分队:3038  第86章 阴魂不散:3016  第87章 郑王村:3031  第88章 极思恐惧:3033  第89章 恶念:3014  第90章 附身:3037
          第91章 轮回:3048  第92章 变异:3042  第93章 幻术:3151  第94章 催眠:3018  第95章 泥石流:3026  第96章 黑蛇:3022
          第97章 断崖:3015  第98章 海蟑螂:3038  第99章 爬崖:3018  第100章 被咬:3054  第101章 崖底:3035  第102章 血蝙蝠:3030
          第103章 尸香铃铛:3052  第104章 破邪:3047  第105章 守护的爱:3034  第106章 地宫甬道:3007  第107章 虚幻梦境:3015  第108章 青铜虎门:3010
          第109章 巫族长老:2564  第110章 故人红樱:2565  第111章 陆姐姐我的爱:2506  第112章 蛇头人鱼:2539  第113章 水底沉尸:2514  第114章 终点:3038
          第115章 大结局:3387

15:44:55  穿书后，爱上恶毒女配怎么办 (一手摘月) [完结]  19p→25章  171KB  OK
          https://www.52shuku.net/gl/10_b/bkbh8.html
          第一章 穿书啦！:2601  第二章 当然是选择姐姐:2060  第三章 关系缓和啦！:2383  第四章 转折将至:2179  第五章 做你的仙女:2067  第六章 父女冲突:2131
          第七章 要上班了:2266  第八章 皮一下很开心:2116  第九章 上班第一天:2153  第十章 马甲会掉嘛？:2210  第十一章 惊不惊喜:2143  第十二章 悄悄干大事:2349
          第十三章 炸了:2135  第十四章 说开了:2139  第十五章 奔赴南城:2283  第十六章 去沈蔓外婆家:2253  第十七章 剧情被掰回去:2138  第十八章 谈判:2363
          第十九章 冰封:2398  第二十章 受伤:2146  第二十一章 彩虹:2137  第二十二章 幸福:2076  第二十三章 现实:2437  第二十四章 闹大了:2220
          第二十五章 结婚啦:2992

15:45:18  青苹果 (玉间青) [完结]  57p→49章  479KB  OK
          https://www.52shuku.net/gl/09_b/bkbh5.html
          第1章 新生:3862  第2章 妹妹:4213  第3章 危机感:4169  第4章 青苹果味:2988  第5章 萌芽:2133  第6章 家长会:3331
          第7章 察觉:3404  第8章 坦白:3889  第9章 港湾:2575  第10章 疏远:2302  第11章 发烧:2268  第12章 小言:2142
          第13章 试探:3732  第14章 莫尔格勒河:3373  第15章 草原:4187  第16章 心跳:4605  第17章 意外:2695  第18章 初吻:3290
          第19章 罪恶感:2942  第20章 离别:3061  第21章 重逢:3107  第22章 成人礼:3141  第23章 回家:3648  第24章 发烧:3314
          第25章 0517:4486  第26章 愤怒:5091  第27章 回忆:4739  第28章 僵持:2842  第29章 高考成绩:2380  第30章 吻:2992
          第31章 Silent Heartbeat:3551  第32章 散步:3298  第33章 暑假:3161  第34章 平安夜:4277  第35章 占有:3324  第36章 除夕:2293
          第37章 新年:2974  第38章 对峙:1952  第39章 挽回:4771  第40章 周六:2809  第41章 不安:1827  第42章 平静:3496
          第43章 观潮:2391  第44章 全家福:2719  第45章 信:1742  第46章 寻找:2335  第47章 家人:2066  第48章 暗恋:2867
          第49章 幸福:3585

15:51:54  你不许再亲我啦[快穿] (菠萝捞饭) [完结+番外]  1117p→520章  9676KB  OK
          https://www.52shuku.net/gl/09_b/bkbh4.html
          第1章 简直禽兽:5129  第2章 狗血剧情:4942  第3章 人间绝色:4928  第4章 要被吃掉了【大蛇预警！！】:3445  第5章 她来抓我了:2981  第6章 表面疏离私下暧昧:4772
          第7章 小辛总的威势:3577  第8章 我们结婚吧:2949  第9章 你们大蛇都不知道害羞的啊！:2559  第10章 一次17个小时:1970  第11章 斯文野兽:3877  第12章 禁欲者失控:3611
          第13章 浪漫红宝石:3459  第14章 发情期提前:3566  第15章 发情期:2926  第16章 发情期:3702  第17章 吻蛇信:5573  第18章 只能染上我的味道:2087
          第19章 占有期即将来临:2635  第20章 还能这样穿？:7010  第21章 小小修罗场:6406  第22章 占有期！要和老婆生蛋！:8703  第23章 占有期！要和老婆贴贴！:5947  第24章 占有期！你要逃走吗？:4119
          第25章 占有期！要和老婆爱爱！:7011  第26章 做吗:8529  第27章 我的美梦:6015  第28章 疯狗:8372  第29章 老婆，骂我:4411  第30章 我的裴玉啊:6633
          第31章 我可以讨要一个吻吗:4075  第32章 要老婆要老婆:5777  第33章 不会放你走的:8932  第34章 糖:5523  第35章 嘎呀！！！:7092  第36章 HappyEnding:9473
          第37章 新的故事:8970  第38章 强吻:9265  第39章 完了，我把影后嘴给亲破了:8162  第40章 吻戏:5283  第41章 我想和你接吻，就现在:9621  第42章 床戏:7597
          第43章 危险牵手:7167  第44章 克制忍耐:7014  第45章 救命啊！！！:8640  第46章 许惊玉终于变态了吗:8949  第47章 许惊玉那种人也会这样失态啊:8517  第48章 老婆，别走:8578
          第49章 那我就把你抢回来:6507  第50章 灵与肉:8987  第51章 灵与肉:8921  第52章 来年一起看春天:9816  第53章 床戏:7629  第54章 床戏:8078
          第55章 一场好戏:11924  第56章 我老婆，敢看就刀了你:7668  第57章 偷偷:10376  第58章 吃掉兔子小姐:10167  第59章 勾引:6237  第60章 裴玉，是谁？:7197
          第61章 黑化边缘:9321  第62章 首映礼:10759  第63章 激情同人文:10702  第64章 双影后:8841  第65章 【女鬼预警！！！】:7810  第66章 死去的爱人回来了:4692
          第67章 恶鬼之爱:6996  第68章 死了也要继续纠缠:6191  第69章 强吻:6030  第70章 逃跑失败被抓住:10100  第71章 诱鬼:6560  第72章 活着的时候就是个疯子:7764
          第73章 活着的时候就是个疯子:6344  第74章 活着的时候就是个疯子:7685  第75章 恶鬼色鬼:4160  第76章 鬼雾式触手:3667  第77章 南音你卑鄙无耻:5376  第78章 南音你卑鄙无耻:6637
          第79章 我人生中最后的大雪:8561  第80章 诡村事件:7947  第81章 诡村事件:8102  第82章 诡村事件:9046  第83章 诡村事件:9208  第84章 以身饲鬼:6359
          第85章 那漫天萤火:8304  第86章 待山花遍野:7569  第87章 三楼到底有什么:12045  第88章 世界的真相:8122  第89章 世界的真相:6857  第90章 世界的真相:8682
          第91章 死去的爱人回来了:10842  第92章 世界光明灿烂:8838  第93章 古代篇序幕:5500  第94章 上来就这么刺激吗？:5993  第95章 以色|.诱我:6982  第96章 以欲诱我:7857
          第97章 姐姐的小狼:5568  第98章 姐姐的小狼:6040  第99章 呜呜身体变得好奇怪:4722  第100章 呜呜身体变得好奇怪:3064  第101章 没有一天是消停的！:5513  第102章 这是什么君夺臣妻剧本:6357
          第103章 禽兽:7185  第104章 怎么突然黑化了！:6102  第105章 惩罚:9254  第106章 天杀的，黑化值爆表了！:5200  第107章 我老婆跑了？:7751  第108章 谢銮音你老婆没喽:11086
          第109章 我老婆不要我了:6731  第110章 被老婆丢掉的小狗哭哭:3469  第111章 我老婆要成我嫂嫂了:4322  第112章 完蛋了，要四脚朝天了:7650  第113章 瑶瑶只能嫁给我:10362  第114章 来世莫入我家门:5814
          第115章 醋疯了:5590  第116章 大白天的还要不要脸了:5896  第117章 谢銮音彻底丢老婆喽:9578  第118章 夺娶:4291  第119章 拜天地入洞房:10227  第120章 请陛下赴死！:14349
          第121章 皇后娘娘现在要临幸你了:5033  第122章 我要这片大地熠熠生辉:6964  第123章 我要这片大地熠熠生辉:7430  第124章 变态！:4466  第125章 敢叫天下光明自我而始:7902  第126章 灯火人间:13866
          第127章 千万不要被变态抓住！:8332  第128章 糟糕，我的室友是变态！:8888  第129章 糟糕，我的室友是变态！:4859  第130章 春|.梦:5848  第131章 无法忍受的魅魔躯体:5276  第132章 食欲:8167
          第133章 小魅魔的发|.情期:7011  第134章 苏弥玉卑鄙无耻:8218  第135章 深夜，独处，发|.情期，欲|.念:3612  第136章 深夜，独处，发|.情期，欲|.梦:9853  第137章 姐姐我还要:4174  第138章 抓住她的小尾巴:6175
          第139章 疯了一样去见辛瑶:10250  第140章 苏弥玉喜被老婆送进警局:7525  第141章 苏弥玉是个彻彻底底的疯子:9955  第142章 下流东西，你的眼睛在往哪看呢:9591  第143章 拿尾巴狠狠的抽苏弥玉:9709  第144章 苏弥玉被踢出群聊:8642
          第145章 喜欢上一个坏种:7607  第146章 春花与秋月，狐狸与小狼:8405  第147章 项圈:7851  第148章 嗅闻小魅魔:8247  第149章 姐，你的性癖要流出来了姐:10548  第150章 姐姐，亲亲，我想要:6296
          第151章 触手play:7061  第152章 触手play:7223  第153章 主人的命令！执行命令！:12348  第154章 畜生！苏弥玉你真是个畜生！:6841  第155章 坏掉了，被*坏掉了:6311  第156章 叫我摸摸！:5750
          第157章 狼女仆:8679  第158章 苏小狼你犯了色色罪:7473  第159章 尾巴缠缠:12850  第160章 在下雨时去见你:8448  第161章 今晚我可以留下来吗:7509  第162章 触手小游戏:7301
          第163章 【hentai！！！慎入！！！】:6875  第164章 触手小游戏:5778  第165章 我的小怪物，我的小英雄:8534  第166章 都说了要远离变态吧:3086  第167章 止咬器:8308  第168章 止咬器:5386
          第169章 不死不足以至极致:6978  第170章 惩罚游戏:9623  第171章 要玩那个吗，那个变态游戏:11077  第172章 超级无敌喜欢你:10337  第173章 美人图:9845  第174章 可不能变成死了夫君的美貌小寡妇:4288
          第175章 被疯狗觊觎:7003  第176章 皇后的秘密:8749  第177章 美人皇后:8971  第178章 乱臣贼子觊觎美貌皇后:7583  第179章 将军逼我与之有首尾:7413  第180章 美人月下倾城舞:8506
          第181章 我含美人:4956  第182章 姜斩玉小发大疯:7524  第183章 羞耻怪病:5666  第184章 偷:7170  第185章 爽死了:7504  第186章 逼迫诱惑强夺:8332
          第187章 以身填权臣欲壑:7540  第188章 终于*到了:7510  第189章 禽兽行径:6913  第190章 暗中勾连:7500  第191章 皇后娘娘的房间里好多人呀:5177  第192章 美人弄玉:8838
          第193章 杀神姜斩玉:8649  第194章 令人垂涎的软肉被困于皇宫:6242  第195章 趁人之危巧取豪夺:4254  第196章 皇后娘娘的怪癖小屋被发现喽:5483  第197章 美人困于密室:8689  第198章 玩法升级:5465
          第199章 雨夜破庙湿身:7661  第200章 一个小play:4113  第201章 两个小play:8846  第202章 疯狂小play:8359  第203章 疯狂小play2:4175  第204章 很多小play:8838
          第205章 很多小play2:4646  第206章 【hentai慎入】:5175  第207章 控制欲:10168  第208章 【慎入！强取豪夺小play】:8527  第209章 小小反派:6669  第210章 宁为霜原来被这人给绑了:7027
          第211章 我以我血溅昆仑:9314  第212章 本宫欲称帝:8376  第213章 我老婆天下第一最最好:6670  第214章 我老婆可是死亡诶:7027  第215章 瑶瑶威武！:8839  第216章 我请将军观国宝:6490
          第217章 帝后大婚:8069  第218章 【双碎片世界慎入！！！】:9061  第219章 【双碎片世界慎入！！！】:6422  第220章 【双碎片世界慎入！！！】:6795  第221章 恐怖怪异的沈医生:5848  第222章 一只海底的怪物睁开了眼睛:4455
          第223章 二号碎片登场！:9829  第224章 醋死了醋死了醋死了:6192  第225章 两位邪神的抢老婆争夺战:11531  第226章 为抢老婆大打出手:4689  第227章 共感:7561  第228章 被两只怪物阴暗觊觎:8936
          第229章 天呐我怎么会有两个老婆！！！:6583  第230章 两个的话也太……:7108  第231章 小软糖快要被夹扁了:5175  第232章 一起睡:5110  第233章 病院暴动:8244  第234章 晚安，渺小又伟大的我们:4422
          第235章 共感，亲吻，化掉的夹心软糖:7340  第236章 黑雾蛛丝与水形触手:5839  第237章 不要呜呜呜不要这样:4875  第238章 恐怖小镇:6275  第239章 好多，触手，全都爬上来了:6551  第240章 黑暗中的变态小游戏:4976
          第241章 黑暗里的超级变态小游戏:6242  第242章 惩罚游戏:5531  第243章 年上姐姐就是好:5790  第244章 小美人鱼:7812  第245章 人鱼play:7856  第246章 人鱼play与触手play:6834
          第247章 神听到了:6721  第248章 来自邪神的恐怖爱意:6192  第249章 狗畜生，都舔红了！:3332  第250章 世界的真相:9339  第251章 我的邪神女友:7252  第252章 两只触手吃不下的呜呜呜:7931
          第253章 要做到天昏地暗天崩地裂:4523  第254章 伟大终章:5914  第255章 深山不拜野神:7168  第256章 结阴亲:7810  第257章 阴亲成，送入洞房:8832  第258章 诡异骨戒:7295
          第259章 坐姐姐:5543  第260章 不听话要接受惩罚:5146  第261章 窥视，呓语，触摸:10517  第262章 老婆没喽:3850  第263章 被女鬼老婆偷窥跟踪:5534  第264章 那艳鬼勾引于我！:7116
          第265章 用尾巴也可以做吗:3312  第266章 狐尾play:6179  第267章 偏执疯鬼:4525  第268章 漂亮的学姐:5951  第269章 诡异的学姐:3940  第270章 斐老师和辛小同学:6955
          第271章 夹姐姐:4344  第272章 人心黄黄的:4608  第273章 啊？双修能驱鬼？:8728  第274章 能和我做的话，那就更好了:6279  第275章 姐姐，和我做吧:3366  第276章 这就是猛1的实力吗:5851
          第277章 畜生啊:5837  第278章 掉马了就死定了:4717  第279章 一个小瑶瑶两个恶老婆:7990  第280章 高冷禁欲但纯情的学姐:6511  第281章 两眼一睁就是想老婆:6653  第282章 吃醋恶鬼的占有欲:7178
          第283章 醋疯了醋疯了醋疯了:5287  第284章 被亲哭了:6247  第285章 指TAO:4964  第286章 指TAO:6565  第287章 人鬼情未了:7840  第288章 我呸个色鬼！:3613
          第289章 老婆拿我当小狗溜:9199  第290章 你吓到我女朋友了:8879  第291章 掉马喽掉马喽:15398  第292章 马甲掉掉掉！:5508  第293章 完蛋喽，马甲掉光喽:5665  第294章 汗流浃背了吧玉:5464
          第295章 逃！要从那女鬼身边逃走！:7838  第296章 小H屋之逃:4210  第297章 小H屋之逃不出的樊笼:5422  第298章 小H屋之逃不出的樊笼:8139  第299章 【慎入慎入】:3604  第300章 【慎入慎入】:6835
          第301章 小H屋之强制之爱:3829  第302章 小H屋之窒息之爱:3448  第303章 小H屋之金丝雀:1867  第304章 小H屋之漂亮鸟笼:3808  第305章 小H屋之邪祟追老婆:4632  第306章 小H屋之人兽达咩啊！:7002
          第307章 小H屋之大狐狸play:3034  第308章 疯玉在线发癫，瑶瑶恢复记忆:8646  第309章 训死亡大师:4487  第310章 变态老婆1:5378  第311章 变态老婆2:5501  第312章 超变态老婆3:2169
          第313章 超变态的:5550  第314章 小小修罗场:3616  第315章 小狐狸精:7638  第316章 你的小狗回来了:7853  第317章 小福泥老婆:10669  第318章 辛瑶你居然玩字母！:6366
          第319章 人兽恋:6421  第320章 真相:6638  第321章 玉姐帅炸了:4452  第322章 她即是死亡本身:6606  第323章 帅的想*死你:7898  第324章 往死里*:5493
          第325章 绝对不玩师生小play:7151  第326章 师生小play.:6305  第327章 我的危险妻子:6845  第328章 我的变态妻子:6038  第329章 暗地里的偷窥跟踪狂:3438  第330章 暗地里的偷窥跟踪狂:5441
          第331章 暗地里的偷窥跟踪狂:6467  第332章 侵占:5608  第333章 弄水:4547  第334章 弄水:4719  第335章 窥视:5669  第336章 我的妻子是变态偷窥狂:4508
          第337章 我的妻子是变态偷窥狂:3468  第338章 我的妻子是变态偷窥狂:5568  第339章 我的妻子是变态偷窥狂:5526  第340章 我的诡异妻子:8347  第341章 诡异妻子之杀人:8989  第342章 诡异妻子之埋尸:3886
          第343章 诡异妻子之变态:3170  第344章 诡异妻子之变态:4061  第345章 诡异妻子之嫂嫂:7274  第346章 诡异妻子之囚禁:5809  第347章 诡异妻子之怪物:3947  第348章 诡异妻子杀人狂:3520
          第349章 诡异妻子杀人狂:5133  第350章 诡异妻子杀人狂:5710  第351章 我的怪物妻子:6132  第352章 藤蔓play:5528  第353章 藤蔓play:3526  第354章 我的怪物妻子:4475
          第355章 我的怪物妻子:4469  第356章 我的怪物妻子:6493  第357章 被偷家了:9347  第358章 坏了老婆被拐跑了:5149  第359章 落跑老婆狠狠追:4190  第360章 打起来打起来:5500
          第361章 场面彻底混乱起来:5343  第362章 我的恐怖妻子:9241  第363章 老婆老婆老婆老婆老婆老婆老婆老婆老婆老婆老婆老婆老婆老婆老婆老婆老:11351  第364章 【掉san式恋爱慎入！慎入！】:8235  第365章 【掉san、接吻、诡异、慎入】:5737  第366章 我有一场很重要的约会:3658
          第367章 超级无敌非常变态:8680  第368章 死亡偏爱我:8273  第369章 姐姐，能请我喝一杯厚乳茶吗:8738  第370章 大茶特茶:5848  第371章 厚乳茶:5168  第372章 大口大口的吃触手:4181
          第373章 古怪的邻居:7896  第374章 古怪的邻居:4284  第375章 古怪的楼上一家人:5695  第376章 古怪的楼上一家人:5006  第377章 古怪的楼上一家人:4377  第378章 被包围的小人妻:3596
          第379章 坐脸、共感:8148  第380章 【BT慎入】:6439  第381章 变态计划进行中:5013  第382章 变态计划进行中:3290  第383章 危险危险危险！:5632  第384章 被变态包围:3081
          第385章 被变态包围:7899  第386章 真的是超级无敌变态了:6111  第387章 是怪物也爱你:6360  第388章 体型差play（巨大的怪物X渺小的人类）:5059  第389章 体型差play（舌爱）:6873  第390章 体型差play（舌爱）:3244
          第391章 体型差play（龙尾、磨、手指）:5130  第392章 老婆好辣:4363  第393章 在全是老婆的世界里乱玩:4743  第394章 谁谈恋爱谈成这样啊！:5762  第395章 【葬礼上的遗孀】:6172  第396章 【变态偷窥狂】:7506
          第397章 【窥视欲与被窥视欲】:8269  第398章 【嫂嫂，开门，是我】:3580  第399章 【是爱不是囚禁】:11578  第400章 【恐怖】:5232  第401章 X爱人偶:14416  第402章 【遇神】:9845
          第403章 养成系:5534  第404章 阴暗阴郁心机坏小孩儿:5616  第405章 小狗还是小禽兽？:3815  第406章 ‘黑化值+50’:2164  第407章 传闻中的春神娘娘:6259  第408章 ‘阴暗黏腻的信仰’‘黑化值爆表疯涨’:8858
          第409章 【逐神】:5678  第410章 【见神】:7214  第411章 见面啦见面啦！！:5454  第412章 喝水:3077  第413章 年下火气就是旺:5115  第414章 春梦:5439
          第415章 渎神:4943  第416章 【慎入慎入慎入！！！】:4854  第417章 恶毒阴暗批:2730  第418章 【孽徒】师尊可是高位职业！:4969  第419章 师尊就是要成为妻子的:3765  第420章 人心不由愈发黄黄:4113
          第421章 要成为姐姐的玩物了吗:3407  第422章 涩涩修炼ing:2255  第423章 涩涩修炼ing:1586  第424章 涩涩修炼ing:2572  第425章 想吃师尊的小包子:1777  第426章 就算是合欢宗也不会搞自己门下小徒啊！:3498
          第427章 什么叫饮春露？:3780  第428章 让你喝你就喝，你管那是什么！:4590  第429章 我要跟师尊双修！:2047  第430章 小黄兔师尊醉酒:4220  第431章 是涩涩游戏耶:5170  第432章 是禽兽游戏耶:4874
          第433章 师尊，醉酒，标记，啊啊啊！！！:5299  第434章 粉色的:1975  第435章 舍己喂徒:5737  第436章 喂N:3074  第437章 呛奶:3310  第438章 被姐姐玩弄成傻小狗:3523
          第439章 自己趴过来吃吧:2766  第440章 欠调教了也是:3182  第441章 美丽的春天就是春水丰沛:3846  第442章 乖狗狗，慢点吃:3088  第443章 坏小狗吃小红豆:4168  第444章 甜甜的恋爱日常:2782
          第445章 甜甜的恋爱日常:3733  第446章 心机绿茶小狗玉:4050  第447章 坏种:4175  第448章 训狗:4797  第449章 训狗:3069  第450章 训狗:4760
          第451章 训狗:4297  第452章 训狗:8044  第453章 训狗:4511  第454章 训狗:4416  第455章 训狗:5168  第456章 训狗:4175
          第457章 师尊，您罚的我好爽啊:3170  第458章 疯狗:2391  第459章 训狗与大*特*:4157  第460章 你往哪扣呢！:3500  第461章 哭包1:4623  第462章 埋头苦干但活烂1:3080
          第463章 破防玉:4851  第464章 被姐姐用手指玩弄:4185  第465章 阴湿女鬼玉:4185  第466章 弃猫:7745  第467章 【囚神】:4937  第468章 囚神:3425
          第469章 囚神:4335  第470章 【慎入！】:4742  第471章 【慎入！】:3432  第472章 【慎入！！！】:6535  第473章 囚神:3661  第474章 囚神:3434
          第475章 囚神:4213  第476章 囚神（止咬器是好文明）:2967  第477章 囚神:4186  第478章 囚神:4573  第479章 囚神:2410  第480章 囚神:3889
          第481章 囚神:4756  第482章 囚神（弃猫效应）:3228  第483章 囚神:4049  第484章 囚神:2503  第485章 囚神:4596  第486章 囚神:5875
          第487章 春暖花开【慎入！！！】:8168  第488章 再见，光明世界:8439  第489章 欢迎回家，辛瑶:4056  第490章 吃口卤肉吧:4528  第491章 吃口卤肉吧:2999  第492章 我的房门通异界:4385
          第493章 我是你未来老婆！:6021  第494章 初雪那天:3599  第495章 怎么还能这样穿越啊:4139  第496章 你有事吗这位小姐？:2077  第497章 可以啵啵吗？:2628  第498章 希望在闪闪发光:3858
          第499章 辣手摧女高:3857  第500章 辣手摧女高:2611  第501章 磨铃:5364  第502章 许橙子想要和辛瑶做朋友:5844  第503章 真成小学鸡玉了:3475  第504章 不可以吃姐姐:4016
          第505章 温馨日常:3212  第506章 疯癫货:5842  第507章 训小狗:4357  第508章 小妈妈:3125  第509章 我是你俩play的一环吗？:7167  第510章 死去的老婆回来了:3587
          第511章 死去的老婆回来了:7644  第512章 死去的爱人回来了:4153  第513章 喝neinei:7241  第514章 两只老婆扯头花:3172  第515章 小夹心饼干:6838  第516章 我的爱人是死亡:5733
          第517章 全文完:10337  第518章 见家长:4172  第519章 合欢宗女修跑路记:2548  第520章 娇莺【强取豪夺类型，慎入】:6225

15:53:02  从豪门大小姐手中领养自己 (青柠养乐多) [完结]  161p→80章  1352KB  OK
          https://www.52shuku.net/gl/09_b/bkbh3.html
          第1章 第 1 章 她的空降:4674  第2章 第 2 章 好友乌龙:2653  第3章 第 3 章 凝视着她:4783  第4章 第 4 章 喜欢吗？:3075  第5章 第 5 章 修罗场:3677  第6章 第 6 章 抓不住她:3527
          第7章 第 7 章 阻止思念:3832  第8章 第 8 章 你给我喝了什么？好热……:3871  第9章 第 9 章 别样的梦:1828  第10章 第 10 章 她的布娃娃:3510  第11章 第 11 章 被她掌控的感觉:4015  第12章 第 12 章 她跟上来了:3678
          第13章 第 13 章 默许她的冒犯:2923  第14章 第 14 章 有家无法归:3336  第15章 第 15 章 我也很想你:3278  第16章 第 16 章 她属于晏辞微:6343  第17章 第 17 章 对不起:2743  第18章 第 18 章 能不能听话？:2864
          第19章 第 19 章 她们不可能复合了:4036  第20章 第 20 章 死心，又一次丢下她:10047  第21章 第 21 章 晏辞微永远让她失望:3494  第22章 第 22 章 除了晏辞微，没人这么惯……:4907  第23章 第 23 章 出轨:5256  第24章 第 24 章 晏辞微不再看向她:3879
          第25章 第 25 章 晏辞微是为了留住她:3845  第26章 第 26 章 晏辞微在针对她:3805  第27章 第 27 章 找到你了:3966  第28章 第 28 章 像发疯的烈犬忽然遇了主……:4197  第29章 第 29 章 她转身离开:3072  第30章 第 30 章 帮不了她:4808
          第31章 第 31 章 小宝贝:4367  第32章 第 32 章 不信任:5847  第33章 第 33 章 因为我爱你:5990  第34章 第 34 章 倘若安迟叙还爱她:3767  第35章 第 35 章 不识好歹:4102  第36章 第 36 章 错位:4042
          第37章 第 37 章 还回家吗？:5063  第38章 第 38 章 一巴掌:5156  第39章 第 39 章 回来爱我:5833  第40章 第 40 章 我不需要你了:6725  第41章 第 41 章 “你需要我”:4423  第42章 第 42 章 你需要我你需要我你需要……:3354
          第43章 第 43 章 本性难移:4551  第44章 第 44 章 我们已经分开两年了……:4797  第45章 第 45 章 把她关起来:3762  第46章 第 46 章 没有会松开猎物的狼:4360  第47章 第 47 章 给她开后门:6321  第48章 第 48 章 她不需要道歉:5396
          第49章 第 49 章 无法离开:4644  第50章 第 50 章 连一个眼神都没有给她……:6174  第51章 第 51 章 反正她也不会回来了……:4915  第52章 第 52 章 但求同死:4603  第53章 第 53 章 她们回不到过去了……:6205  第54章 第 54 章 她来接她的流浪猫回家……:4057
          第55章 第 55 章 回到过去:4863  第56章 第 56 章 人都有惰性:6622  第57章 第 57 章 绝对的主动权:4051  第58章 第 58 章 没法再假装:5531  第59章 第 59 章 藏起来:5848  第60章 第 60 章 今晚我们一起逃课:4110
          第61章 第 61 章 你和你母亲好像:7208  第62章 第 62 章 她该放安迟叙自由了:15209  第63章 第 63 章 安迟叙，再见。:2738  第64章 第 64 章 “姐姐”:11302  第65章 第 65 章 她送给晏辞微的布娃娃（……:9788  第66章 第 66 章 把思念用力呕出来……:5826
          第67章 第 67 章 视线对在一起:11261  第68章 第 68 章 这是没有晏辞微的一天:5002  第69章 第 69 章 像摄像头:5550  第70章 第 70 章 红婚服:9845  第71章 第 71 章 你不是我的选择题:11845  第72章 第 72 章 迟来的生长痛:9635
          第73章 第 73 章 我爱你，不需要你有用……:5428  第74章 第 74 章 托举:11330  第75章 第 75 章 比囚养更难:7658  第76章 第 76 章 第三次离别:9843  第77章 第 77 章 她是她的桃花源:6780  第78章 第 78 章 她是她的必修课:13197
          第79章 第 79 章 有、瘾:6839  第80章 正文完结 她们的红蝴蝶从此……:10517

15:53:46  天降外挂饲养手册 (萧糖心) [完结+番外]  117p→93章  1026KB  OK
          https://www.52shuku.net/gl/09_b/bkbhf.html
          第1章:2279  第2章:2337  第3章:3127  第4章:2823  第5章:2630  第6章:2888
          第7章:3010  第8章:3364  第9章:2683  第10章:3044  第11章:2808  第12章:2880
          第13章:3025  第14章:3110  第15章:2285  第16章:3248  第17章:2201  第18章:2645
          第19章:2775  第20章:2886  第21章:2590  第22章:3328  第23章:2748  第24章:2638
          第25章:3007  第26章:2964  第27章:2646  第28章:2953  第29章:2928  第30章:3109
          第31章:2815  第32章:2770  第33章:3969  第34章:4565  第35章:4918  第36章:4364
          第37章:3406  第38章:3496  第39章:3481  第40章:3376  第41章:3633  第42章:3706
          第43章:3768  第44章:4517  第45章:3473  第46章:3614  第47章:3835  第48章:3545
          第49章:3791  第50章:3474  第51章:3112  第52章:3083  第53章:3220  第54章:3391
          第55章:3340  第56章:3532  第57章:3624  第58章:3607  第59章:4115  第60章:3862
          第61章:3764  第62章:3439  第63章:3710  第64章:4262  第65章:3923  第66章:4291
          第67章:4242  第68章:3959  第69章:3254  第70章:4061  第71章:4516  第72章:5025
          第73章:4981  第74章:5092  第75章:4914  第76章:3825  第77章:4649  第78章:4684
          第79章:4601  第80章:4567  第81章:4227  第82章:5786  第83章:2869  第84章:4594
          第85章:4591  第86章:4483  第87章:3906  第88章:5109  第89章:4960  第90章:3329
          第91章:4240  第92章:4773  第93章:6051

15:54:10  过客 (迦南之野) [完结+番外]  62p→52章  547KB  OK
          https://www.52shuku.net/gl/09_b/bkbhe.html
          第1章 chapter 1:3719  第2章 chapter 2:3096  第3章 chapter 3:3392  第4章 chapter 4:3676  第5章 chapter 5:3651  第6章 chapter 6:3582
          第7章 chapter 7:3435  第8章 chapter 8:3236  第9章 chapter 9:3169  第10章 chapter 10:3412  第11章 chapter 11:3983  第12章 chapter 12:3465
          第13章 chapter 13:3746  第14章 chapter 14:3625  第15章 chapter 15:3226  第16章 chapter 16:3068  第17章 chapter 17:3162  第18章 chapter 18:3675
          第19章 chapter 19:3312  第20章 chapter 20:3285  第21章 chapter 21:3071  第22章 chapter 22:3227  第23章 chapter 23:3746  第24章 chapter 24:3577
          第25章 chapter 25:3758  第26章 chapter 26:3209  第27章 chapter 27:3430  第28章 chapter 28:3400  第29章 chapter 29:3290  第30章 chapter 30:3566
          第31章 chapter 31:3252  第32章 chapter 32:4176  第33章 chapter 33:3510  第34章 chapter 34:3218  第35章 chapter 35:3548  第36章 chapter 36:3104
          第37章 chapter 37:3471  第38章 chapter 38:3328  第39章 chapter 39:3345  第40章 chapter 40:3217  第41章 chapter 41:3241  第42章 chapter 42:3256
          第43章 chapter 43:3206  第44章 chapter 44:3611  第45章 chapter 45:3583  第46章 chapter 46:3422  第47章 chapter 47:3564  第48章 chapter 48:3648
          第49章 chapter 49:3440  第50章 chapter 50:3349  第51章 chapter 51:3459  第52章 chapter 52:5657

15:54:35  请不要保持暗恋距离 (桥边红妖) [完结+番外]  65p→59章  579KB  OK
          https://www.52shuku.net/gl/09_b/bkbhd.html
          第1章 chapter.01:3436  第2章 chapter.02:3472  第3章 chapter.03:3594  第4章 chapter.04:3364  第5章 chapter.05:3076  第6章 chapter.06:3916
          第7章 chapter.07:3379  第8章 chapter.08:3148  第9章 chapter.09:3373  第10章 chapter.10:3156  第11章 chapter.11:3119  第12章 chapter.12:3137
          第13章 chapter.13:3275  第14章 chapter.14:3414  第15章 chapter.15:3038  第16章 chapter.16:3286  第17章 chapter.17:3110  第18章 chapter.18:3556
          第19章 chapter.19:3388  第20章 chapter.20:3057  第21章 chapter.21:3491  第22章 chapter.22:3688  第23章 chapter.23:3073  第24章 chapter.24:3482
          第25章 chapter.25:3262  第26章 chapter.26:3537  第27章 chapter.27:3657  第28章 chapter.28:3549  第29章 chapter.29:3327  第30章 chapter.30:3834
          第31章 chapter.31:3115  第32章 chapter.32:3766  第33章 chapter.33:3155  第34章 chapter.34:3012  第35章 chapter.35:3349  第36章 chapter.36:3079
          第37章 chapter.37:3079  第38章 chapter.38:3415  第39章 chapter.39:3756  第40章 chapter.40:3379  第41章 chapter.41:3283  第42章 chapter.42:3929
          第43章 chapter.43:3963  第44章 chapter.44:3315  第45章 chapter.45:3712  第46章 chapter.46:3074  第47章 chapter.47:3982  第48章 chapter.48:3066
          第49章 chapter.49:3078  第50章 chapter.50:2887  第51章 chapter.51:2953  第52章 chapter.52:3655  第53章 chapter.53:2619  第54章 chapter.54:3477
          第55章 chapter.55:3761  第56章 chapter.56:2311  第57章 chapter.57:1054  第58章 chapter.58:1154  第59章 chapter.59:1689

15:55:02  卡桑德拉的新娘 (迦南之野) [完结+番外]  68p→56章  609KB  OK
          https://www.52shuku.net/gl/09_b/bkbhc.html
          第1章:4260  第2章:3283  第3章:3598  第4章:3044  第5章:3407  第6章:3749
          第7章:3414  第8章:3486  第9章:3153  第10章:4351  第11章:3166  第12章:3251
          第13章:3251  第14章:3394  第15章:3366  第16章:4020  第17章:3435  第18章:3898
          第19章:3021  第20章:4109  第21章:3944  第22章:3280  第23章:3801  第24章:3252
          第25章:4324  第26章:3508  第27章:3209  第28章:3832  第29章:3254  第30章:3637
          第31章:3462  第32章:3637  第33章:3374  第34章:3472  第35章:3308  第36章:3642
          第37章:3513  第38章:3539  第39章:3364  第40章:3265  第41章:3262  第42章:3203
          第43章:3286  第44章:3365  第45章:3561  第46章:3390  第47章:4365  第48章:3343
          第49章:3584  第50章:3465  第51章:4419  第52章:3772  第53章:3236  第54章:3616
          第55章:5447  第56章:5055

15:55:35  FollowPD，请跟紧我 (六谷君) [完结+番外]  89p→81章  801KB  OK
          https://www.52shuku.net/gl/09_b/bkbhb.html
          第1章001花瓶:3090  第2章002你好:3119  第3章003添加:2094  第4章004喜好:2230  第5章005眼熟:3507  第6章006医院:3441
          第7章007健康:2181  第8章008交集:3657  第9章009疑惑:3476  第10章010纪词:3347  第11章011开会:3029  第12章012同事:3041
          第13章013有心:3075  第14章014直白:3127  第15章015官宣:3073  第16章016昏暗:2095  第17章017用餐:3110  第18章018梁子:3503
          第19章019齐聚:3598  第20章020酒醉:3047  第21章021开拍:3158  第22章022刁难:3054  第23章023可颂:3031  第24章024收工:3035
          第25章025后门:1801  第26章026炒作:3063  第27章027探班:3033  第28章028本子:1295  第29章029露馅:1293  第30章030询问:1375
          第31章031不欢:8445  第32章032天热:3217  第33章033联盟:3208  第34章034故意:3585  第35章035原因:3220  第36章036紧张:3538
          第37章037二探:3206  第38章038买卖:3208  第39章039学妹:3859  第40章040眼熟:3236  第41章041往来:3536  第42章042认识:3176
          第43章043星空:3622  第44章044危机:3346  第45章045雨夜:3209  第46章046心思:3849  第47章047邀约:4219  第48章048约定:3379
          第49章049寒冬:3179  第50章050患难:3540  第51章051楚思:3510  第52章052好看:3185  第53章053收获:1723  第54章054亲和:3186
          第55章055指腹:3533  第56章056误解:3199  第57章057试探:2185  第58章058躲避:3884  第59章059巧合:3189  第60章060偶遇:3199
          第61章061麦色:4182  第62章062起床:3187  第63章063不安:2173  第64章064碰撞:3885  第65章065转变:3868  第66章066尴尬:3195
          第67章067猫猫:4189  第68章068橙子:3556  第69章069剧本:3219  第70章070偷偷:3887  第71章071演技:3005  第72章072视频:3558
          第73章073入室:3607  第74章074翻看:3278  第75章075算的:3906  第76章076误解:5561  第77章077分离:4533  第78章078播出:4195
          第79章079见你:3852  第80章番外一:1755  第81章番外二:3457

15:56:04  灵异少管所 (封30) [完结]  58p→40章  493KB  OK
          https://www.52shuku.net/gl/08_b/bkbf6.html
          第1章 少年犯Robot301:3589  第2章 堵不如疏:3966  第3章 狱警:2494  第4章 截图:4191  第5章 死因:4047  第6章 女仆头子方青源:3604
          第7章 杀爹小孩方青源:3400  第8章 借宿者:4062  第9章 理由:2637  第10章 照片:3685  第11章 混战:4598  第12章 镜子:3945
          第13章 内部冲突:3210  第14章 副本提示六:3657  第15章 心理投射:3326  第16章 Fire！:5023  第17章 地窖:4193  第18章 死寂:3767
          第19章 主线任务:3962  第20章 木柜与空箱:5099  第21章 新副本:4065  第22章 祈福:3954  第23章 蒋盲:4028  第24章 初遇蛋:3943
          第25章 无相鬼:3278  第26章 恶神本:4820  第27章 羽翼:4038  第28章 五年:4078  第29章 W区:3573  第30章 本性:3584
          第31章 平釜之决:3234  第32章 威逼:3620  第33章 三清山:3777  第34章 你不信我:3523  第35章 开放本:5660  第36章 食欲:6684
          第37章 内存卡:4277  第38章 Part.3:5584  第39章 青木珠:3528  第40章 结局:6984

15:56:20  我爱上了我笔下的女主 (林余绪) [完结+番外]  38p  (无章节标记)  314KB  OK
          https://www.52shuku.net/gl/08_b/bkbf4.html
          全文: 104538字

15:56:44  禁止撩完就跑 (渔浅浅) [完结+番外]  62p→46章  546KB  OK
          https://www.52shuku.net/gl/08_b/bkbf3.html
          第1章:3291  第2章:3575  第3章:3227  第4章:2699  第5章:2660  第6章:3979
          第7章:4110  第8章:1549  第9章:2042  第10章:3434  第11章:3088  第12章:2108
          第13章:2618  第14章:2513  第15章:3207  第16章:2590  第17章:2555  第18章:3151
          第19章:4566  第20章:4393  第21章:4267  第22章:5249  第23章:4255  第24章:4580
          第25章:4528  第26章:5269  第27章:4737  第28章:4861  第29章:3163  第30章:3720
          第31章:4846  第32章:6350  第33章:3732  第34章:4195  第35章:4233  第36章:4965
          第37章:5206  第38章:5258  第39章:5350  第40章:5879  第41章:6970  第42章:4902
          第43章:5409  第44章 番外1:2083  第45章 番外2:2104  第46章 番外3:3182

15:57:18  这个总监不好惹 (墨羽清风) [完结]  90p→80章  813KB  OK
          https://www.52shuku.net/gl/08_b/bkbf2.html
          第1章:3805  第2章:3521  第3章:3824  第4章:3163  第5章:3362  第6章:4239
          第7章:3312  第8章:3777  第9章:3244  第10章:3348  第11章:3221  第12章:3913
          第13章:3054  第14章:3196  第15章:3122  第16章:3500  第17章:3430  第18章:3014
          第19章:3240  第20章:3446  第21章:3058  第22章:3120  第23章:3152  第24章:3291
          第25章:3218  第26章:3297  第27章:3450  第28章:3014  第29章:3247  第30章:3127
          第31章:3215  第32章:3163  第33章:2411  第34章:3372  第35章:2976  第36章:3399
          第37章:3886  第38章:2753  第39章:3160  第40章:2717  第41章:3830  第42章:3288
          第43章:3063  第44章:3094  第45章:3802  第46章:3321  第47章:3400  第48章:3251
          第49章:3149  第50章 （二更）:7735  第52章:3204  第53章:3292  第54章:3802  第55章:3146
          第56章 （二更）:3132  第57章:3967  第58章:3494  第59章:3058  第60章:3854  第61章:3195
          第62章:4512  第63章:3610  第64章:3979  第65章:3493  第66章:3080  第67章:3194
          第68章:3761  第69章:2873  第70章:2640  第71章:3440  第72章:3181  第73章:3181
          第74章:3047  第75章:3634  第76章:3073  第77章:1793  第78章:3075  第79章:3157
          第80章:4124  第81章:2818

15:57:44  荆棘王座上的囚鸟 (cbkking) [完结+番外]  64p→51章  606KB  OK
          https://www.52shuku.net/gl/08_b/bkbf0.html
          第1章 相遇:3457  第2章 暗流:3929  第3章 边界:5303  第4章 幻影:4320  第5章 半顺从:3635  第6章 吻:5014
          第7章 回忆:6479  第8章 分歧:4103  第9章 演出:5800  第10章 拉扯:5723  第11章 背离:2259  第12章 憔悴:2319
          第13章 交锋:2005  第14章 过去的技能:2915  第15章 第 15 章:4344  第16章 第 16 章:3917  第17章 第 17 章:4654  第18章 第 18 章:4370
          第19章 第 19 章:2499  第20章 第 20 章:2876  第21章 第 21 章:3523  第22章 第 22 章:3733  第23章 第 23 章:3289  第24章 第 24 章:3127
          第25章 第 25 章:3540  第26章 第 26 章:3173  第27章 第 27 章:4048  第28章 第 28 章:4529  第29章 第 29 章:3902  第30章 第 30 章:3634
          第31章 第 31 章:4712  第32章 第 32 章:3513  第33章 第 33 章:3993  第34章 第 34 章:2939  第35章 第 35 章:3520  第36章 第 36 章:3978
          第37章 第 37 章:4312  第38章 第 38 章:4934  第39章 第 39 章:3774  第40章 第 40 章:3450  第41章 第 41 章:4793  第42章 第 42 章:3785
          第43章 第 43 章:4209  第44章 第 44 章:4409  第45章 第 45 章:3706  第46章 第 46 章:3101  第47章 第 47 章:3150  第48章 第 48 章:4229
          第49章 第 49 章:6430  第50章 第 50 章:5265  第51章 第 51 章:4113

15:59:04  全世界都在逼女主弯 (鲜小果) [完结+番外]  222p→227章  1992KB  OK
          https://www.52shuku.net/gl/08_b/bkbfr.html
          第001章 会长的女人:2203  第002章 会长的女人:2331  第003章 会长的女人:2167  第004章 会长的女人:2312  第005章 会长的女人:2116  第006章 会长的女人:2015
          第007章 会长的女人（捉虫）:2249  第008章 会长的女人:1914  第009章 会长的女人:2014  第010章 会长的女人（捉虫）:2115  第011章 会长的女人:2088  第012章 会长的女人:2215
          第013章 会长的女人:2270  第014章 会长的女人:2192  第015章 会长的女人:2136  第016章 会长的女人（捉虫）:2130  第017章 会长的女人:2087  第018章 会长的女人:2093
          第019章 会长的女人:2224  第020章 会长的女人:2220  第021章 会长的女人（捉虫）:2163  第022章 会长的女人:2183  第023章 会长的女人:1992  第024章 会长的女人（捉虫）:2291
          第025章 会长的女人（捉虫）:1935  第026章 会长的女人:2048  第027章 会长的女人:2081  第028章 会长的女人:2065  第029章 会长的女人:2274  第030章 会长的女人:2011
          第031章 会长的女人:2439  第032章 会长的女人:2005  第033章 会长的女人:2162  第034章 会长的女人:1979  第035章 会长的女人:1896  第036章 会长的女人:1934
          第037章 会长的女人:1947  第038章 会长的女人:1968  第039章 会长的女人:2904  第040章 会长的女人:2901  第041章 会长的女人:2988  第042章 会长的女人:3122
          第043章 会长的女人:3189  第044章 会长的女人:3131  第045章 会长的女人:2894  第046章 会长的女人:3042  第047章 会长的女人:3569  第048章 会长的女人:3408
          第049章 会长的女人:3041  第050章 会长的女人:2912  第051章 会长的女人:2913  第052章 会长的女人:2961  第053章 会长的女人:3040  第054章 会长的女人:2980
          第055章 会长的女人:2806  第056章 会长的女人:3050  第057章 会长的女人:3173  第058章 会长的女人（补完）:3158  第59章 会长的女人:3168  第60章 会长的女人:3006
          第61章 会长的女人:3000  第62章 会长的女人:3043  第63章 会长的女人:3282  第64章 会长的女人:2968  第65章 会长的女人:3433  第66章 会长的女人:2954
          第67章 会长的女人:3163  第68章 会长的女人:3078  第69章 会长的女人:3048  第70章 会长的女人:2897  第71章 会长的女人:2035  第72章 会长的女人:3608
          第73章 会长的女人:3021  第74章 会长的女人:2939  第75章 会长的女人:2952  第76章 会长的女人:3051  第77章 会长的女人:5934  第78章 会长的女人:3058
          第79章 会长的女人:3308  第80章 会长的女人:2827  第81章 会长的女人:3233  第82章 会长的女人:3242  第83章 会长的女人:3014  第84章 会长的女人:3118
          第85章 会长的女人:3301  第86章 会长的女人:2860  第87章 会长的女人:3220  第88章 会长的女人:3382  第89章 会长的女人:3072  第90章 会长的女人:3090
          第91章 会长的女人:3153  第92章 会长的女人:2834  第93章 会长的女人:3131  第94章 会长的女人（重写版）:2918  第95章 会长的女人:2954  第96章 会长的女人:2970
          第97章 会长的女人:3392  第98章 会长的女人:2876  第99章 会长的女人:3061  第100章 会长的女人:3153  第101章 会长的女人:3221  第102章 会长的女人:3139
          第103章 会长的女人:2983  第104章 会长的女人（重写版）:3380  第105章 会长的女人:2909  第106章 会长的女人:3170  第107章 会长的女人:3589  第108章 会长的女人:3178
          第109章 会长的女人:3176  第110章 会长的女人:3174  第111章 会长的女人:3289  第112章 会长的女人:3095  第113章 会长的女人:3480  第114章 会长的女人:3082
          第115章 会长的女人（修）:3331  第116章 会长的女人:3194  第117章 会长的女人:2899  第118章 会长的女人:3484  第119章 会长的女人:3185  第120章 会长的女人:3212
          第121章 会长的女人:3301  第122章 会长的女人:2863  第123章 会长的女人:3210  第124章 会长的女人:2973  第125章 会长的女人:3150  第126章 会长的女人:3168
          第127章 会长的女人:3323  第128章 会长的女人:3356  第129章 会长的女人:3380  第130章 会长的女人:3271  第131章 会长的女人:3103  第132章 会长的女人:2861
          第133章 会长的女人:3060  第134章 会长的女人:2947  第135章 会长的女人:3563  第136章 会长的女人:2891  第137章 会长的女人:2649  第138章 会长的女人:2885
          第139章 会长的女人:2883  第140章 会长的女人:2792  第141章 会长的女人:2807  第142章 会长的女人:2925  第143章 会长的女人:2708  第144章 会长的女人:2801
          第145章 会长的女人:2468  第146章 会长的女人:2054  第147章 会长的女人:3021  第148章 会长的女人:3481  第149章 会长的女人:3136  第150章 会长的女人:2750
          第151章 会长的女人:2880  第152章 会长的女人:2479  第153章 会长的女人:2409  第154章 会长的女人:2794  第155章 会长的女人:2525  第156章 会长的女人:2636
          第157章 会长的女人:2923  第158章 会长的女人:2828  第159章 会长的女人:2583  第160章 会长的女人:2618  第161章 会长的女人:2698  第162章 会长的女人:2661
          第163章 会长的女人:2481  第164章 会长的女人:2884  第165章 会长的女人:2865  第166章 会长的女人:2034  第167章 会长的女人:2800  第168章 会长的女人:2753
          第169章 会长的女人:2769  第170章 会长的女人:2949  第171章 会长的女人:2909  第172章 会长的女人:3029  第173章 会长的女人:2578  第174章 会长的女人:2810
          第175章 会长的女人:2698  第176章 会长的女人:3041  第177章 会长的女人:3067  第178章 会长的女人:3178  第179章 会长的女人:3123  第180章 会长的女人:3212
          第181章 会长的女人:3112  第182章 会长的女人:3247  第183章 会长的女人:3551  第184章 会长的女人:3229  第185章 会长的女人:3165  第186章 会长的女人:3060
          第187章 会长的女人:3010  第188章 会长的女人:3353  第189章 会长的女人:3189  第190章 会长的女人:2938  第191章 会长的女人:2799  第192章 会长的女人:2745
          第193章 会长的女人（改）:3089  第194章 会长的女人:2833  第195章 会长的女人:2622  第196章 会长的女人:2799  第197章 会长的女人:2996  第198章 会长的女人:2861
          第199章 会长的女人:2957  第200章 会长的女人（修）:3366  第201章 会长的女人:3308  第202章 会长的女人（改）:3834  第203章 会长的女人（改）:3464  第204章 会长的女人（改）:3846
          第205章 会长的女人（改）:3202  第206章 会长的女人（改）:3416  第207章 会长的女人（改）:3194  第208章 会长的女人:3147  第209章 会长的女人:3020  第210章 会长的女人:3104
          第211章 会长的女人:2959  第212章 会长的女人:3355  第213章 会长的女人:3173  第214章 会长的女人:3201  第215章 会长的女人:3073  第216章 会长的女人:3318
          第217章 会长的女人:3143  第218章 会长的女人:3247  第219章 会长的女人:3123  第220章 会长的女人:3274  第221章 会长的女人:3331  第222章 会长的女人:3294
          第223章 会长的女人:2990  第224章 会长的女人:3361  第225章 番外——之后的之后:2524  第226章 番外——你所想做的事情:3375  第227章 番外——徐瑶篇:2642

16:00:55  虚情假意[快穿] (鲜小果) [完结+番外]  305p→280章  2750KB  OK
          https://www.52shuku.net/gl/08_b/bkbfq.html
          第1章 重复的开始:3356  第2章 白月光:3267  第3章 白月光:3093  第4章 白月光:3100  第5章 白月光:3128  第6章 白月光:3239
          第7章 白月光:3082  第8章 白月光:3180  第9章 白月光:3271  第10章 白月光:3298  第11章 白月光:3207  第12章 白月光:3125
          第13章 白月光:3518  第14章 白月光:3273  第15章 白月光:3102  第16章 白月光:3061  第17章 白月光:3082  第18章 白月光:3199
          第19章 白月光:3315  第20章 白月光:3218  第21章 白月光:3275  第22章 白月光:4423  第23章 魔教教主:3591  第24章 魔教教主:3197
          第25章 魔教教主:3126  第26章 魔教教主:3095  第27章 魔教教主:3022  第28章 魔教教主:3079  第29章 魔教教主:2202  第30章 魔教教主:3023
          第31章 魔教教主:3209  第32章 魔教教主:3182  第33章 魔教教主:3136  第34章 魔教教主:3023  第35章 魔教教主:3175  第36章 魔教教主:3223
          第37章 魔教教主:3232  第38章 魔教教主:3188  第39章 魔教教主:3608  第40章 魔教教主:3162  第41章 魔教教主:5106  第42章 除妖师:3744
          第43章 除妖师:3794  第44章 除妖师:3607  第45章 除妖师:3115  第46章 除妖师:3118  第47章 除妖师:3305  第48章 除妖师:3385
          第49章 除妖师:3358  第50章 除妖师:2995  第51章 除妖师:3218  第52章 除妖师:3360  第53章 除妖师:3734  第54章 除妖师:3645
          第55章 除妖师:3038  第56章 除妖师:3105  第57章 除妖师:3167  第58章 除妖师:3375  第59章 除妖师:3221  第60章 除妖师:3205
          第61章 除妖师:3160  第62章 没更新！:3656  第63章 除妖师:3486  第64章 除妖师:3271  第65章 除妖师:3276  第66章 除妖师:3335
          第67章 除妖师:3204  第68章 除妖师:3078  第69章 除妖师:3163  第70章 除妖师:3429  第71章 除妖师:3195  第72章 除妖师:3169
          第73章 除妖师:3292  第74章 除妖师:3292  第75章 除妖师:3174  第76章 除妖师:3143  第77章 除妖师:3534  第78章 除妖师:3476
          第79章 除妖师:4378  第80章 第二人格:3516  第81章 第二人格:3332  第82章 第二人格:3338  第83章 第二人格:3267  第84章 第二人格:3270
          第85章 第二人格:3057  第86章 第二人格:3084  第87章 第二人格:3062  第88章 第二人格:3153  第89章 第二人格:3104  第90章 第二人格:3059
          第91章 第二人格:3169  第92章 第二人格:3132  第93章 第二人格:3083  第94章 第二人格:3290  第95章 第二人格:3139  第96章 第二人格:3148
          第97章 第二人格:10173  第98章 第二人格:3089  第99章 第二人格:3358  第100章 第二人格:3080  第101章 第二人格:3522  第102章 第二人格:3270
          第103章 第二人格:3080  第104章 第二人格:4442  第105章 傀儡婚姻:3907  第106章 傀儡婚姻:3318  第107章 傀儡婚姻:3036  第108章 傀儡婚姻:3726
          第109章 傀儡婚姻:3146  第110章 傀儡婚姻:3060  第111章 傀儡婚姻:3079  第112章 傀儡婚姻:3041  第113章 傀儡婚姻:3073  第114章 傀儡婚姻:3072
          第115章 傀儡婚姻:3039  第116章 傀儡婚姻:3029  第117章 傀儡婚姻:3071  第118章 傀儡婚姻:3294  第119章 傀儡婚姻:3170  第120章 傀儡婚姻:3563
          第121章 傀儡婚姻:3130  第122章 傀儡婚姻:3327  第123章 傀儡婚姻:2957  第124章 傀儡婚姻:3206  第125章 傀儡婚姻:3057  第126章 傀儡婚姻:3186
          第127章 傀儡婚姻:3254  第128章 傀儡婚姻:3064  第129章 傀儡婚姻:3091  第130章 傀儡婚姻:3344  第131章 傀儡婚姻:3427  第132章 傀儡婚姻:3119
          第133章 斯德哥尔摩:3364  第134章 斯德哥尔摩:3079  第135章 斯德哥尔摩:3159  第136章 斯德哥尔摩:3126  第137章 斯德哥尔摩:3045  第138章 斯德哥尔摩:3145
          第139章 斯德哥尔摩:3134  第140章 斯德哥尔摩:3076  第141章 斯德哥尔摩:3112  第142章 斯德哥尔摩:3052  第143章 斯德哥尔摩:3115  第144章 斯德哥尔摩:3169
          第145章 斯德哥尔摩:3045  第146章 斯德哥尔摩:3120  第147章 斯德哥尔摩:3049  第148章 斯德哥尔摩:3182  第149章 斯德哥尔摩:3060  第150章 斯德哥尔摩:3076
          第151章 斯德哥尔摩:3070  第152章 斯德哥尔摩:3042  第153章 斯德哥尔摩:3035  第154章 斯德哥尔摩:3208  第155章 斯德哥尔摩:3365  第156章 斯德哥尔摩:3113
          第157章 斯德哥尔摩:3173  第158章 斯德哥尔摩:3125  第159章 斯德哥尔摩:3665  第160章 斯德哥尔摩:2989  第161章 斯德哥尔摩:3402  第162章 斯德哥尔摩:3112
          第163章 斯德哥尔摩:3241  第164章 斯德哥尔摩:3941  第165章 斯德哥尔摩:3036  第166章 斯德哥尔摩:3270  第167章 斯德哥尔摩:3314  第168章 斯德哥尔摩:3249
          第169章 斯德哥尔摩:3029  第170章 斯德哥尔摩:3041  第171章 斯德哥尔摩:3253  第172章 斯德哥尔摩:3039  第173章 斯德哥尔摩:3199  第174章 斯德哥尔摩:3065
          第175章 斯德哥尔摩:3437  第176章 斯德哥尔摩:3139  第177章 斯德哥尔摩:3062  第178章 斯德哥尔摩:3502  第179章 斯德哥尔摩:3430  第180章 斯德哥尔摩:3096
          第181章 斯德哥尔摩:3110  第182章 斯德哥尔摩:3470  第183章 斯德哥尔摩:3267  第184章 斯德哥尔摩:3506  第185章 斯德哥尔摩:3127  第186章 斯德哥尔摩:3095
          第187章 斯德哥尔摩:3329  第188章 旧时梦:3664  第189章 旧时梦:3160  第190章 旧时梦:3039  第191章 旧时梦:3129  第192章 旧时梦:3161
          第193章 旧时梦:3054  第194章 旧时梦:3170  第195章 旧时梦:3092  第196章 旧时梦:3206  第197章 旧时梦:3076  第198章 旧时梦:3061
          第199章 旧时梦:3533  第200章 旧时梦:3286  第201章 旧时梦:3197  第202章 旧时梦:3155  第203章 旧时梦:3056  第204章 旧时梦（修）:3631
          第205章 旧时梦（捉虫）:3046  第206章 旧时梦:3299  第207章 旧时梦:3333  第208章 旧时梦:3605  第209章 旧时梦:3182  第210章 旧时梦:3844
          第211章 旧时梦:3178  第212章 旧时梦:3539  第213章 旧时梦（捉虫）:3199  第214章 旧时梦:3263  第215章 旧时梦:3668  第216章 旧时梦:3124
          第217章 死者复生:3439  第218章 死者复生:3222  第219章 死者复生:3325  第220章 死者复生:3161  第221章 死者复生:3349  第222章 死者复生:3175
          第223章 死者复生:3210  第224章 死者复生:3395  第225章 死者复生:3426  第226章 死者复生:3510  第227章 死者复生:3027  第228章 死者复生:3216
          第229章 死者复生:3332  第230章 死者复生:3196  第231章 死者复生:3166  第232章 死者复生:7586  第233章 死者复生:3059  第234章 死者复生:3542
          第235章 死者复生:3401  第236章 死者复生:3472  第237章 死者复生:3725  第238章 死者复生:3098  第239章 死者复生:3177  第240章 死者复生:3152
          第241章 死者复生:3477  第242章 死者复生:3586  第243章 死者复生:3093  第244章 死者复生:3115  第245章 死者复生:3339  第246章 死者复生:3204
          第247章 死者复生:3240  第248章 死者复生:3712  第249章 死者复生:3634  第250章 死者复生:3265  第251章 死者复生:3255  第252章 死者复生:3246
          第253章 死者复生:3126  第254章 死者复生:3401  第255章 死者复生:3402  第256章 死者复生:3396  第257章 死者复生:3152  第258章 死者复生:3475
          第259章 死者复生:3240  第260章 死者复生:3280  第261章 死者复生:3373  第262章 死者复生:3343  第263章 死者复生:3233  第264章 死者复生:3164
          第265章 死者复生:3148  第266章 死者复生:3083  第267章 死者复生:3860  第268章 死者复生:3428  第269章 死者复生:3080  第270章 死者复生:3194
          第271章 死者复生:3358  第272章 番外——戚苏:2884  第273章 番外——先生:2227  第274章 番外——苏起:1764  第275章 番外——黎颜:1035  第276章 番外——秦绫:1182
          第277章 番外——萧沐笙:1966  第278章 番外——陶楚鸢:850  第279章 番外——杨萝:536  第280章 番外——楚笙潇:2789

16:03:29  我究竟还能活多久 (鮮小果) [完结+番外]  429p→378章  3892KB  OK
          https://www.52shuku.net/gl/08_b/bkbfp.html
          第1章:3172  第2章:3217  第3章:3007  第4章:3036  第5章:3755  第6章:3135
          第7章:3011  第8章:3055  第9章:3207  第10章:3062  第11章:3042  第12章:3270
          第13章:3121  第14章:3321  第15章:3067  第16章:3039  第17章:3123  第18章:3114
          第19章:3061  第20章:3135  第21章:3072  第22章:3116  第23章:3007  第24章:3095
          第25章:3053  第26章:3058  第27章:3132  第28章:3830  第29章:3200  第30章:3642
          第31章:3524  第32章:3568  第33章:3554  第34章:3637  第35章:4050  第36章:1308
          第37章:3307  第38章:3042  第39章:3269  第40章:3094  第41章:3190  第42章:3264
          第43章:3213  第44章:3230  第45章:3343  第46章:3296  第47章:3225  第48章:3841
          第49章:3896  第50章:3303  第51章:3363  第52章:3330  第53章:3223  第54章:3431
          第55章:3219  第56章:3379  第57章:3350  第58章:3267  第59章:3421  第60章:3154
          第61章:3237  第62章:3196  第63章:3367  第64章:3626  第65章:3680  第66章:3551
          第67章:3211  第68章:3446  第69章:3260  第70章:3355  第71章:3264  第72章:3199
          第73章:3165  第74章:3623  第75章:3548  第76章:3354  第77章:3306  第78章:3362
          第79章:3279  第80章:3487  第81章:3338  第82章:3182  第83章:3416  第84章:3248
          第85章:3373  第86章:3214  第87章:3354  第88章:3314  第89章:3299  第90章:3228
          第91章:3300  第92章:3883  第93章:3722  第94章:3948  第95章:4189  第96章:3466
          第97章:3410  第98章:3251  第99章:3242  第100章:3521  第101章:3246  第102章:3280
          第103章:3990  第104章:3387  第105章:3267  第106章:3472  第107章:3201  第108章:3192
          第109章:3288  第110章:3580  第111章:3197  第112章:3211  第113章:3367  第114章:3303
          第115章:3231  第116章:3311  第117章:3366  第118章:3252  第119章:3266  第120章:3261
          第121章:3629  第122章:3273  第123章:3247  第124章:3168  第125章:3320  第126章:3240
          第127章:3280  第128章:3162  第129章:3197  第130章:3456  第131章:3285  第132章:3232
          第133章:3120  第134章:3544  第135章:3347  第136章:3147  第137章:3258  第138章:3299
          第139章:3239  第140章:3574  第141章:3370  第142章:3453  第143章:3317  第144章:3134
          第145章:3413  第146章:3347  第147章:4162  第148章:3470  第149章:3742  第150章:3387
          第151章:3411  第152章:3215  第153章:3229  第154章:3256  第155章:3311  第156章:3451
          第157章:3112  第158章:3145  第159章:3295  第160章:3293  第161章:3411  第162章:3577
          第163章:3367  第164章:3531  第165章:3319  第166章:3958  第167章:3331  第168章:3424
          第169章:3442  第170章:3431  第171章:3267  第172章:3141  第173章:3274  第174章:3171
          第175章:3660  第176章:3208  第177章:3227  第178章:3233  第179章:3198  第180章:3426
          第181章:3403  第182章:3196  第183章:3651  第184章:3396  第185章:3172  第186章:3891
          第187章:3172  第188章:3206  第189章:3414  第190章:3363  第191章:3288  第192章:3423
          第193章:3259  第194章:3175  第195章:3681  第196章:3465  第197章:3201  第198章:3528
          第199章:3165  第200章:3078  第201章:3313  第202章:3381  第203章:3256  第204章:3461
          第205章:4305  第206章:3885  第207章:3856  第208章:3242  第209章:3240  第210章:3285
          第211章:3498  第212章:3260  第213章:3857  第214章:3341  第215章:3223  第216章:3211
          第217章:3174  第218章:3422  第219章:3655  第220章:3226  第221章:3388  第222章:3172
          第223章:3414  第224章:3215  第225章:3366  第226章:3382  第227章:3205  第228章:3250
          第229章:3198  第230章:3461  第231章:3334  第232章:3130  第233章:3297  第234章:3303
          第235章:3267  第236章:3356  第237章:3238  第238章:3238  第239章:3249  第240章:3279
          第241章:3478  第242章:3374  第243章:3113  第244章:3295  第245章:3174  第246章:3242
          第247章:3249  第248章:3446  第249章:3185  第250章:3215  第251章:3318  第252章:3222
          第253章:3216  第254章:3226  第255章:3197  第256章:3601  第257章:3091  第258章:3328
          第259章:3129  第260章:4000  第261章:3131  第262章:4048  第263章:3299  第264章:3201
          第265章:3107  第266章:3609  第267章:3332  第268章:3242  第269章:3410  第270章:3449
          第271章:3884  第272章:3527  第273章:3231  第274章:3420  第275章:3599  第276章:3433
          第277章:6455  第278章:4239  第279章:3853  第280章:4884  第281章:3357  第282章:3404
          第283章:3264  第284章:3211  第285章:3923  第286章:3357  第287章:4009  第288章:3240
          第289章:3484  第290章:3672  第291章:3297  第292章:3523  第293章:3255  第294章:3492
          第295章:3289  第296章:3238  第297章:3174  第298章:3386  第299章:3539  第300章:3184
          第301章:3143  第302章:3880  第303章:3591  第304章:3341  第305章:4106  第306章:3702
          第307章:3509  第308章:3250  第309章:3324  第310章:3205  第311章:3335  第312章:3612
          第313章:3788  第314章:3318  第315章:3250  第316章:3250  第317章:3164  第318章:3356
          第319章:3477  第320章:3350  第321章:3467  第322章:4026  第323章:3525  第324章:4083
          第325章:3492  第326章:6774  第327章:6578  第328章:3701  第329章:3201  第330章:3572
          第331章:3617  第332章:3304  第333章:3827  第334章:3673  第335章:3486  第336章:4107
          第337章:3318  第338章:4377  第339章:3322  第340章:4110  第341章:4581  第342章:3936
          第343章:3214  第344章:3384  第345章:3550  第346章:3237  第347章:3627  第348章:3275
          第349章:3256  第350章:3248  第351章:3241  第352章:3167  第353章:3224  第354章:3245
          第355章:3127  第356章:3177  第357章:3611  第358章:3293  第359章:3611  第360章:3161
          第361章:3755  第362章:3283  第363章:3292  第364章:3196  第365章:3268  第366章:3268
          第367章:3284  第368章:3367  第369章:3673  第370章:3224  第371章:3305  第372章:3134
          第373章:3261  第374章:3220  第375章:3678  第376章:3283  第377章:3153  第378章:9804

16:04:14  重生被阴暗病态影后偏执爱 (狼夕) [完结]  121p→159章  1030KB  OK
          https://www.52shuku.net/gl/06_b/bkbeX.html
          第1章 影后竟然暗恋我:2112  第2章 心中无女人，演技自然神:2174  第3章 影后的贪念:2200  第4章 深夜与影后对峙:2229  第5章 演变态演的太逼真:2047  第6章 早起的鸟儿被惦记:2103
          第7章 跌进温柔乡:2078  第8章 贪婪偷亲:2082  第9章 给别人当舔狗去了:2171  第10章 又要和未来影后对戏了:2155  第11章 用脸接巴掌:2097  第12章 可怕的很，喝醉酒乱亲人:2076
          第13章 嫉妒与害怕:2083  第14章 大影后伺候换睡衣:2109  第15章 前任她后悔了:2108  第16章 病态的爱有多恐怖？:2047  第17章 这是我的新女友:2178  第18章 妈妈，你怎么骗人？:2104
          第19章 干坏事得加钱!:2109  第20章 暧昧对戏:2035  第21章 对戏被撞见:2075  第22章 你该不会是暗恋我吧？:2092  第23章 现在我们是假扮女友的关系:2261  第24章 拍照官宣:2137
          第25章 前妻姐她后悔了:2132  第26章 我们只是扮情侣，怎么上热搜了？:2126  第27章 床够大吗？:2098  第28章 人为的道歉:2077  第29章 替你出气:2069  第30章 想要独占你:2074
          第31章 满足一下她的欲望吧:2226  第32章 楚雪意…你好像坠入爱河了:2105  第33章 糟糕的梦境:2038  第34章 还是大影后的名声好使:2069  第35章 史诗级修罗场:2125  第36章 是你的消遣还是备胎？:2112
          第37章 戳破感情的窗户纸:2160  第38章 彻底斩断旧情:2101  第39章 绝情短信:2093  第40章 重生金手指:2076  第41章 定情信物:2152  第42章 才不是恋爱脑！:2132
          第43章 豪掷千金，博美人一笑:2052  第44章 心好像沦陷了:2089  第45章 当你的小狗也没什么:2071  第46章 蛇蝎美人—楚雪意:2078  第47章 偷亲被抓:2138  第48章 我们两个都是坏女人:2109
          第49章 暧昧便签:2048  第50章 视频电话:2197  第51章 真的像是做了情侣一般:2090  第52章 望远镜紧紧跟随:2125  第53章 阴暗病态的女人:2094  第54章 你果然更爱我:2052
          第55章 我绝对比苏时雨做得好:2078  第56章 被愤怒美人质问了:2121  第57章 雪意，你能喂我吗？:2070  第58章 宣誓主权:2105  第59章 何德何能？影后当助理:2108  第60章 你女儿在外面给人当舔狗:2055
          第61章 爸妈这是为你好:2084  第62章 威逼:2048  第63章 为了你可以牺牲许多:2041  第64章 你喜欢的，替你买回来:2032  第65章 大猪蹄子的醒悟:2144  第66章 叫姐姐:2046
          第67章 手段卑劣又如何？:2094  第68章 雨幕不歇，事出掌控:2101  第69章 通过考验，成为正牌女友:2049  第70章 明月照沟渠:2059  第71章 告白之后陷入危机！:2057  第72章 重生前的记忆发挥作用:2064
          第73章 怎么这么会撒娇？:2128  第74章 有这样的女朋友忍不住:2048  第75章 初恋就是你:2047  第76章 重生的真正原因:2153  第77章 是爱人也是恩人:2101  第78章 我就是感情用事才会喜欢你啊！:2100
          第79章 公费恋爱:2219  第80章 死里逃生:2227  第81章 夜晚想你怎么办？:2059  第82章 见家长:2068  第83章 悄悄诉说爱意:2169  第84章 妻管严:2058
          第85章 你先撩拨我的:2142  第86章 和喜欢的人在一起的滋味:2122  第87章 盘问“女婿”:2108  第88章 想留住她，无论用什么手段:2082  第89章 有人肖想，解决就好:2076  第90章 不可放肆，这是寺庙:2176
          第91章 无论如何离不开我:2119  第92章 你背后的资本是我:2096  第93章 怎么老演病态剧本:2070  第94章 为什么逃避的得是她？:2058  第95章 邪恶富二代:2108  第96章 给点教训:2076
          第97章 从一而终的爱我:2110  第98章 分辨不出纯粹的爱:2134  第99章 睡沙发的惩罚 （感谢布布的打赏）:2056  第100章 会嫉妒，会发疯:2082  第101章 压抑与忍耐:2039  第102章 可不可以不睡沙发？:2089
          第103章 青梅竹马～:2111  第104章 幼年纪清殊是糯米团子:2117  第105章 错过即为永远:2057  第106章 纠缠一辈子:2078  第107章 你是她的弱点:2045  第108章 放肆…更放肆一点:2090
          第109章 情绪失控的代价:2090  第110章 陷入冷战:2080  第111章 不狠心，好了伤疤忘了痛:2080  第112章 觉得我恶心？:2068  第113章 重生的代价:2056  第114章 关进鸟笼:2102
          第115章 怀疑起，无法消:2097  第116章 用演技博同情:2077  第117章 没胆量来抢我、爱我:2156  第118章 伪装出逃:2099  第119章 心动的理由？:2039  第120章 被关:2044
          第121章 灌醉她，骗她:2077  第122章 如果你喝，奖励一个吻:2085  第123章 你会回头看我吗？:2069  第124章 心痛吐血:2094  第125章 苦肉计虽狠，但有用:2119  第126章 唯一搞不定的是你:2064
          第127章 上热搜:2129  第128章 妈妈看到了一定很糟糕:2119  第129章 顶级恋爱脑:2137  第130章 当渣的报应:2059  第131章 望妻石:2082  第132章 她的爱是否自私？:2108
          第133章 卖CP:2112  第134章 痴女属性发作:2081  第135章 肆意撩拨:2073  第136章 身材对女人的吸引:2141  第137章 痴女行为始于早晨:2067  第138章 你喜欢她的手，我的不好看吗？:2152
          第139章 不成功，就成精神病:2139  第140章 离开我，折断翅膀:2077  第141章 告知重生真相:2130  第142章 负心人:2097  第143章 哄老婆:2067  第144章 对不起，我错了:2073
          第145章 过火的惩罚:2058  第146章 我的吃醋小猫:2186  第147章 为什么要对我这么好？:2072  第148章 说你爱我！:2060  第149章 谢谢老婆:2043  第150章 一起洗，我配吗？:2080
          第151章 给她当狗狗:2054  第152章 替她出头:2116  第153章 吃醋小狗:2069  第154章 有监控，不好意思吻:2054  第155章 你是我梦中的女主:2121  第156章 如果是雪意叫她妈妈的话～:2031
          第157章 雪意，你迟到，我生气:2232  第158章 撒娇求人:2108  第159章 戴上戒指:2313

16:05:15  重生！被疯批影后缠上 (狼夕) [完结]  166p→223章  1439KB  OK
          https://www.52shuku.net/gl/06_b/bkbeW.html
          第1章 重生回顶流:2079  第2章 刚重生就上热搜:2035  第3章 亏的是我:2174  第4章 挑逗撩拨:2072  第5章 我和谢影后是恋人关系:2106  第6章 惩治色狼导演:2113
          第7章 别啃脖子，遮瑕不好遮:2158  第8章 谁不想当金凤凰男？:2078  第9章 谢谢金主大人:2082  第10章 你想当我嫂子？:2060  第11章 戏渣的逆袭:2102  第12章 豪门好可怕:2101
          第13章 我只是害羞而已:2059  第14章 同居进行时:2107  第15章 磕cp的快乐:2150  第16章 喝醉了乱亲人:2056  第17章 一起洗澡:2101  第18章 你完了，你坠入爱河了！:2066
          第19章 少看霸总小说，脑子会坏:2200  第20章 僵尸也不吃恋爱脑:2155  第21章 她想占有她:2089  第22章 哭鼻子会被大灰狼抓走:2153  第23章 我的取向，我能不知道？:2103  第24章 做错了事就要接受惩罚:2045
          第25章 竟是误会，你惩罚回来:2070  第26章 威胁分手:2100  第27章 绝不原谅坏人:2152  第28章 鸭子戏水:2098  第29章 贤妻良母谢影后:2129  第30章 影后一对一辅导:2049
          第31章 霸总小说向来虐女主:2109  第32章 坏了，我成替身了！:2143  第33章 坦诚相待:2089  第34章 当十八线糊糊的悲哀:2123  第35章 偏执属性大爆发:2124  第36章 影后悄悄爱上我:2049
          第37章 假扮女友:2072  第38章 与其等待，不如主动狩猎:2141  第39章 狐狸精很骚的:2083  第40章 忙着追人，无心工作:2086  第41章 看好了，我只演示一遍:2044  第42章 影后是很浪漫哒:2095
          第43章 是我先追她的:2109  第44章 想把你困在我身边:2047  第45章 地壳运动会引发火山爆发:2126  第46章 狭窄更衣室:2041  第47章 奶奶反对还是支持恋情?:2130  第48章 修罗场:2093
          第49章 遭小人暗算:2096  第50章 半夜爬窗的罗密欧:2152  第51章 谢影后的嫉妒心:2090  第52章 难以逃脱的金丝鸟笼:2077  第53章 他是老嫂子:2136  第54章 演戏是演戏，谈恋爱是谈恋爱:2102
          第55章 踩了金主的脚该怎么办？:2111  第56章 告诉我，不爱我的理由:2087  第57章 霸王硬上弓是人渣行为:2093  第58章 我不会当1呀！:2166  第59章 小心腰:2058  第60章 不是讨厌我吗，怎么还吻我？:2074
          第61章 糟糕，好像要坠入影后的爱河:2097  第62章 活该你红，太会魅惑:2052  第63章 阴谋在酝酿:2057  第64章 小兔子的主动讨好:2072  第65章 狗急了也跳墙:2113  第66章 宋小姐，你们是情人吧？:2068
          第67章 从明星到护工的日子:2047  第68章 谢影后脸红:2037  第69章 又被狗仔拍了！:2082  第70章 吻时铁肺的作用:2134  第71章 你如玫瑰一般娇艳:2110  第72章 又上热搜！:2076
          第73章 公开恋情:2102  第74章 新的契约:2147  第75章 抱小懒猪洗澡:2091  第76章 金主大人？:2069  第77章 罪孽深重的女人:2099  第78章 停电躲影后怀里:2090
          第79章 不会有人欺负你:2098  第80章 只要我对你好，你总会心动:2076  第81章 霸总式心疼:2060  第82章 想讨影后欢心:2074  第83章 青杏，你以前做饭谋杀队友:2082  第84章 真心打动真心:2092
          第85章 影后的逆天占有欲:2065  第86章 大人穿小孩的衣服:2130  第87章 对不起，把你的衣服弄脏了:2073  第88章 窒息的爱意:2090  第89章 是，我不爱你:2076  第90章 喝醉酒一头扎进浴缸里:2073
          第91章 影后太自恋了:2073  第92章 新的情敌已经出现!:2057  第93章 影后又吃酸萝卜:2098  第94章 更早遇见你，也会一见钟情:2074  第95章 演暧昧戏不吃亏哦！:2118  第96章 深情对戏:2092
          第97章 影后的喜好不知道啊:2076  第98章 恶人我来当:2063  第99章 敢动她的代价:2064  第100章 你要我说多少遍，我不爱你:2049  第101章 谁让你是我的金主呢…:2149  第102章 鸳鸯双宿:2053
          第103章 对你正人君子的奖励:2080  第104章 来自妹妹的关心:2113  第105章 为你学会忍耐:2118  第106章 忍耐也是爱意的展现:2081  第107章 谢影后永远有安全感:2059  第108章 小小癖好:2098
          第109章 可怕的私生粉:2083  第110章 影后她哭了:2120  第111章 无论如何不能提分手:2083  第112章 躺医院被贴心照顾:2091  第113章 见过岳父大人:2116  第114章 喂我吃橘子:2084
          第115章 伺候你:2072  第116章 情侣的事不能叫偷香！:2120  第117章 独守空床:2071  第118章 你已经喜欢我了:2072  第119章 谢镜澄，我可以主动吗？:2064  第120章 天涯何处无芳草:2085
          第121章 情敌找上门:2161  第122章 有些事，总得自己悟:2111  第123章 草莓味的唇:2107  第124章 豪门狗血桥段:2082  第125章 见影后的豪门亲戚:2084  第126章 谢影后也是老按摩师傅了:2066
          第127章 变身蛇蝎美人:2061  第128章 哄睡觉的两种妙方:2078  第129章 借猫献美人:2073  第130章 我不觉得你笨:2074  第131章 来自父母的认可:2089  第132章 我的东西别人不能觊觎:2112
          第133章 别碰我，身上有汗:2101  第134章 影后的素颜也超绝啊:2055  第135章 想和你公费恋爱:2063  第136章 你是我第一个恋人:2140  第137章 请让我放肆:2097  第138章 成为谢太太的代价:2064
          第139章 两个女人怎么比我们还会卖cp？:2097  第140章 被蚊子咬了:2062  第141章 东施效颦:2053  第142章 谢谢你，我的守护天使:2270  第143章 我老婆谁都不能看:2115  第144章 听说你花几百万保养脸蛋:2081
          第145章 谢影后可是超绝正人君子:2066  第146章 陷入爱河的感觉:2136  第147章 她的手真好看:2054  第148章 你可以完全占有我的心:2081  第149章 嫉妒的滋味是什么？:2065  第150章 生气，啃一口:2162
          第151章 大小姐的蜕变:2081  第152章 被感情戏弄的人最可怜:2050  第153章 替身这个梗多烂:2097  第154章 孤身一人也挺好:2088  第155章 青涩的影后:2123  第156章 太迷人是我的错，补偿给你:2054
          第157章 宋青杏的主动:2191  第158章 她们怎么这么会卖cp？:2080  第159章 脸成小花猫了:2064  第160章 越相爱越沉迷:2117  第161章 喂你喝一口气泡酒:2104  第162章 篝火情曲:2127
          第163章 卑劣的爱意:2123  第164章 分开是为了更好的见面:2096  第165章 哄影后的三十六计:2053  第166章 爱上一个人就会变得强大:2143  第167章 事业恋人哪个更重要？:2068  第168章 像是有外遇一样:2046
          第169章 遇见前世杀害自己的凶手:2117  第170章 想我打电话:2096  第171章 盯着我看，我也会害羞:2089  第172章 宇宙级别炸裂渣女:2052  第173章 恋人应该一起看雪:2154  第174章 不被依赖的感觉真是太痛了:2130
          第175章 你要把我推开吗？:2163  第176章 温泉与你:2094  第177章 和爱的人一起看初雪:2080  第178章 我家正主可是嫁给爱情！:2099  第179章 受情伤的人:2128  第180章 柑橘味的甜蜜:2082
          第181章 能困住我的只有你:2148  第182章 温泉情话:2149  第183章 超绝偷感:2080  第184章 维护老婆:2103  第185章 遇到危险先护妻:2095  第186章 共乘狗狗雪橇:2081
          第187章 谢影后也是花痴:2112  第188章 又双叒被人误会了:2110  第189章 怕风声，你能抱着我吗？:2086  第190章 信天翁是最忠贞的鸟:2119  第191章 见证爱情的人越来越多:2142  第192章 影后的膝枕:2106
          第193章 你如甜酒一般醉人:2076  第194章 沦陷在桃子香里:2094  第195章 你是我眼眸中的太阳:2073  第196章 前世宿敌:2119  第197章 你太可爱了:2100  第198章 你恨我吧？:2184
          第199章 因为她，所有人都想伤害你:2097  第200章 谢镜澄才没有你那么卑劣！:2102  第201章 你很像兔子，因为兔子急了会咬人:2193  第202章 霸道护妻:2119  第203章 什么时候成未婚妻了？:2103  第204章 求婚戒指是鸳鸯藤:2143
          第205章 最深情的告白:2069  第206章 顶级小迷妹:2161  第207章 她酸了，她酸了:2089  第208章 她才不会停止吃醋这种行为:2099  第209章 吃醋就要收拾你:2088  第210章 履行与你的约定:2081
          第211章 多久也愿意等你:2065  第212章 和你一起看雪吃面:2193  第213章 你哄影后只用一招:2089  第214章 是你自己投怀送抱:2095  第215章 订婚戒指:2114  第216章 一日不见，思之如狂:2122
          第217章 我接受这枚戒指:2058  第218章 某人得心碎了:2213  第219章 激动的心，新的爱人:2139  第220章 试探爱意:2103  第221章 再也不冲动用事:2106  第222章 结束一切了:2100
          第223章 你要幸福:2404

16:06:25  撩懵女主跑路后被强制爱了 (狼夕) [完结]  189p→249章  1617KB  OK
          https://www.52shuku.net/gl/06_b/bkbeV.html
          第1章 穿成霸总他姐:2147  第2章 删除手机里的霸总小说:2140  第3章 被直女缠上:2117  第4章 温柔大姐姐:2120  第5章 这件事不要告诉我姐:2041  第6章 靠近渣男会变得不幸:2059
          第7章 现在，接近我:2063  第8章 新闻媒体的胡乱报道:2111  第9章 公开情人:2053  第10章 霸总毛病：不喜欢肢体接触:2052  第11章 可恶又贪财的捞女:2294  第12章 打不了你，还打不了她吗？:2084
          第13章 给你自由才是爱:2068  第14章 贺霸总道歉:2084  第15章 吐我身上也没关系:2100  第16章 夜晚的袭击:2063  第17章 技术差，可以学:2065  第18章 原来竟是替身:2086
          第19章 贺小姐不喜欢我:2071  第20章 她是男主的白月光，不是我的！:2189  第21章 变成渣女:2102  第22章 我想让姐姐你心动:2109  第23章 叫嫂子:2085  第24章 别人碰过的东西，我不要:2118
          第25章 恋爱小课堂:2145  第26章 已经变成坏女人了:2073  第27章 知道剧情的好处——避免吃醋:2066  第28章 乖宝，我抱你回去:2170  第29章 心动讯号:2120  第30章 姐姐怎么骗人？:2156
          第31章 她也是享受的吧:2053  第32章 从钢铁弯成蚊香只需一步:2163  第33章 阻止男主拔氧气管:2116  第34章 子女不和的原因？:2152  第35章 欺负时情就是这个下场！:2143  第36章 你们已经到了见家长的地步？:2088
          第37章 贺小姐已经气成河豚:2147  第38章 人生苦短，何妨一试？:2079  第39章 噩梦侵袭:2054  第40章 尴尬到抠脚趾:2169  第41章 所以你们都把我当赝品！:2084  第42章 感情扭曲如麻花:2075
          第43章 比起白月光，还是红玫瑰好:2123  第44章 竟然被反撩了！:2077  第45章 白月光的请求和魄力:2081  第46章 救人先救己:2090  第47章 贴面吻的杀伤力:2263  第48章 到底谁才是霸道总裁？:2221
          第49章 我不要钱，要你:2133  第50章 纯情总裁:2083  第51章 助你重铸荣光:2094  第52章 保险箱里的惊人秘密:2118  第53章 心腹给你用:2176  第54章 血浓于水的重要:2124
          第55章 她的霸总英明掉一地:2097  第56章 想让你占有我:2094  第57章 抱歉，扮演不了恋人:2103  第58章 现在不是替身，是正牌女友！:2183  第59章 女主的爱情已被她截胡:2142  第60章 让你占有:2097
          第61章 做噩梦的时候就想我:2141  第62章 她想女人:2076  第63章 凶悍的人生不需要解释:2087  第64章 凶一点，姐姐是你的靠山:2105  第65章 抱紧我:2133  第66章 姐姐可爱:2118
          第67章 好，离婚:2117  第68章 脖子是蚊子叮的:2085  第69章 情人可以卑微，爱人不行:2175  第70章 她像含羞草:2113  第71章 攀上高枝了:2090  第72章 我会让你爱上我的:2173
          第73章 忧郁的女主终于笑了:2173  第74章 纯情女主笨拙追姐:2115  第75章 她是我夫人:2266  第76章 恋爱的酸臭味:2106  第77章 想让姐姐对她主动些:2109  第78章 霸总的胸怀，绝对的安全感:2098
          第79章 她是我最亲密的人，你不是:2096  第80章 歹竹出好笋:2077  第81章 姐姐的主动:2109  第82章 医院托女:2100  第83章 我只有你了:2080  第84章 霸总的定义是什么？:2124
          第85章 刺杀案件:2096  第86章 我说什么你都会做吗？:2088  第87章 祸水东引:2147  第88章 男主光环崩塌:2086  第89章 羞死个人:2108  第90章 徐小姐…又是徐小姐:2068
          第91章 我是你的依靠:2134  第92章 她是真的贺柔霜？:2192  第93章 原主的残破之躯:2095  第94章 姐姐有秘密:2159  第95章 埋下疑惑的心:2075  第96章 以退为进:2133
          第97章 怎么不知道你这么纯情？:2090  第98章 洁癖女友:2057  第99章 消除她的印记:2094  第100章 小心被金丝雀反扑:2069  第101章 像是被关进鸟笼:2099  第102章 真狐狸精，假金丝雀:2130
          第103章 右手受伤，尴尬:2095  第104章 女主惊人的成长速度:2083  第105章 靠近一点，亲密一点:2112  第106章 为什么她这个霸总被反撩了:2135  第107章 惊人的秘密被发现:2082  第108章 你是爱我的，我不生气:2139
          第109章 埋下隐患:2146  第110章 惹她哭了:2159  第111章 她有控制欲:2088  第112章 私下会面徐小姐:2134  第113章 那天我都看到了:2113  第114章 她恨她:2166
          第115章 订婚被拒:2095  第116章 打算化解误会:2109  第117章 徐小姐还在呢:2106  第118章 亲密照:2134  第119章 女主的诱惑:2076  第120章 怎么手拿渣女剧本了？:2061
          第121章 卑劣的占有欲:2086  第122章 怦然心动的感觉未曾停歇:2102  第123章 劝分手:2165  第124章 我就是嫉妒:2138  第125章 醉心工作就能短暂忘了你:2103  第126章 怕被伤害，就不敢有太多期望:2123
          第127章 特意准备的惊喜，喜欢吗？:2170  第128章 逼你爱我:2125  第129章 认真洗手，指间留香:2182  第130章 深夜，来自女人的求救:2055  第131章 试探姐姐的底线:2067  第132章 你身上有她的味道，洗掉:2126
          第133章 她的主动:2078  第134章 孤家寡人:2069  第135章 偷吻:2127  第136章 她撩不动直女:2105  第137章 即便被动也能变主动:2091  第138章 精心准备的生日蛋糕:2072
          第139章 决定权在你手里:2037  第140章 爱意太浓不是病:2229  第141章 太疯了:2068  第142章 是姐姐一往无前的利器:2156  第143章 后来者居上:2086  第144章 心碎徐小姐:2102
          第145章 姐姐，谢谢你拯救我:2130  第146章 润物细无声的掌控:2134  第147章 太腻人的称呼:2144  第148章 小朋友，你还得练:2162  第149章 友情vs爱情:2152  第150章 手指上药:2149
          第151章 她只是太爱我了:2089  第152章 不嫌弃你:2119  第153章 风雪夜中的拥抱:2129  第154章 母单徐小姐:2132  第155章 爱是情不自禁:2090  第156章 更贴近姐姐一点:2099
          第157章 像结婚的夫妻:2144  第158章 决定只身犯险:2155  第159章 我有女主光环，可以保护你:2092  第160章 是囚笼还是保护？:2066  第161章 必须去找姐姐:2151  第162章 要结婚了:2096
          第163章 救妻子:2107  第164章 男女主光环的对抗:2081  第165章 女主偏爱谁，谁才是主角:2064  第166章 姐姐喂的会吃:2107  第167章 你一个人的女主:2115  第168章 听话的姐姐:2084
          第169章 坠入爱河，你不懂:2114  第170章 白月光之所以是白月光:2070  第171章 画图喝酒游戏:2071  第172章 贪婪的爱:2122  第173章 鬓边白发:2052  第174章 女主光环大盛:2060
          第175章 我的一切都想让你知道:2078  第176章 桃子味的酒和吻:2081  第177章 狐狸精:2095  第178章 又欺骗姐姐:2144  第179章 两情相悦:2048  第180章 早安吻:2079
          第181章 被尾随:2114  第182章 狗血八点档看多了:2161  第183章 你现在是残疾人:2084  第184章 太听姐姐的话:2098  第185章 我不信你心里没我 （感谢十三s3的金牌催更）:2105  第186章 阴魂不散的跟踪:2084
          第187章 午睡:2074  第188章 恶劣的行径:2076  第189章 没有人可以打姐姐的主意:2064  第190章 我知道你能保护我:2087  第191章 比狐狸狡黠:2086  第192章 愿者上钩:2097
          第193章 美的惊心动魄:2087  第194章 小黄鸭游泳圈:2127  第195章 男主下线倒计时:2158  第196章 贴心照顾:2085  第197章 你想尝试的，我都满足:2064  第198章 追人的方法:2071
          第199章 缓解肌肉酸痛:2086  第200章 恋爱课程:2089  第201章 这是你的奖励:2104  第202章 开始恋爱指导:2068  第203章 情人上位:2099  第204章 尘埃落定:2081
          第205章 贺总裁终于硬气:2120  第206章 女人的尊严:2105  第207章 心都给你，不能离开我:2141  第208章 被家长认可:2106  第209章 考验定力:2073  第210章 乖乖听话:2087
          第211章 放纵可不行:2061  第212章 妈妈不会怪你的:2137  第213章 冰敷消肿:2134  第214章 让你破费了:2109  第215章 吃醋小猫:2095  第216章 想帮姐姐:2076
          第217章 让我愉悦就够了:2116  第218章 这可是天注定的缘分:2120  第219章 我也是想你的（感谢十三s3的打赏）:2060  第220章 也是当上恋爱军师了:2096  第221章 幼稚:2121  第222章 乖巧的宠物:2090
          第223章 无法确定的心意:2067  第224章 吻我:2079  第225章 只想姐姐留在自己身边:2111  第226章 无所不用其极的爱:2161  第227章 变坏女人了:2135  第228章 自私自利到极致:2120
          第229章 斩断与家人的联系:2112  第230章 圣洁地，要静心:2158  第231章 要全心全意依赖她:2103  第232章 只要我爱你就够了:2104  第233章 自愿留在你身边:2120  第234章 护主小猫:2134
          第235章 惹了人就要付出代价:2083  第236章 此间乐，柔霜不思家:2161  第237章 姐姐，你是香的:2134  第238章 偶尔伺候小猫:2124  第239章 戒指:2102  第240章 原主的情债:2108
          第241章 对同类的危机感:2085  第242章 嫉妒该怎么办:2135  第243章 太纯情:2230  第244章 怕没有那么爱你:2076  第245章 姐姐，你要永远记得我:2051  第246章 身份颠倒:2088
          第247章 她太诱人:2135  第248章 姻缘树:2063  第249章 愿情定三生:2067

16:06:48  金丝雀 (九千胜) [完结]  62p→74章  557KB  OK
          https://www.52shuku.net/gl/06_b/bkbeU.html
          第1章:2012  第2章:2087  第3章:2547  第4章:2066  第5章:2276  第6章:2539
          第7章:2434  第8章:2031  第9章:2309  第10章:2259  第11章:1930  第12章:2248
          第13章:2628  第14章:2314  第15章:2073  第16章:3071  第17章:3259  第18章:3386
          第19章:2301  第20章:3101  第21章:3114  第22章:2116  第23章:3140  第24章:3238
          第25章:3514  第26章:3131  第27章:3141  第28章:3115  第29章:2371  第30章:2413
          第31章:3162  第32章:3077  第33章:2608  第34章:3004  第35章:3181  第36章:2474
          第37章:2183  第38章:2244  第39章:2445  第40章:2073  第41章:2064  第42章:2071
          第43章:2353  第44章:2049  第45章:2139  第46章:2202  第47章:2051  第48章:2320
          第49章:2075  第50章:2501  第51章:2111  第52章:2282  第53章:2336  第54章:2480
          第55章:2154  第56章:2173  第57章:2423  第58章:2470  第59章:2001  第60章:3063
          第61章:2196  第62章:3031  第63章:3050  第64章:2055  第65章:3084  第66章:2788
          第67章:3258  第68章:2253  第69章:2301  第70章:2132  第71章:2978  第72章:2118
          第73章:2021  第74章:698

16:07:49  蓝色清晨[星际] (南唐旧故) [完结+番外]  165p→165章  1555KB  OK
          https://www.52shuku.net/gl/06_b/bkbeT.html
          第1章 人类与虫族:3009  第2章 Chapter 2 焚巢:4946  第3章 第 3 章:3894  第4章 Chapter 4安魂曲:3297  第5章 Chapter 5 目光:5437  第6章 Chapter 6 结束:4615
          第7章 Chapter 7 星火酿:2420  第8章 Chapter 8 调令:2974  第9章 Chapter 9 杜野:4561  第10章 Chapter 10 敢怒不敢言:2541  第11章 Chapter 11 咖啡:2638  第12章 Chapter 12 嘉奖:3106
          第13章 Chapter 13 味道不坏:2319  第14章 Chapter 14 中央仓库:5242  第15章 Chapter 15 深夜探视:2406  第16章 Chapter 16 风光抬走:2754  第17章 Chapter 17 羡慕:4638  第18章 Chapter 18 藏山庄园:3070
          第19章 Chapter 19 想和妈妈在一起:1975  第20章 Chapter 20 游乐园:3423  第21章 Chapter 21 抑制贴:3019  第22章 Chapter 22 我的勤务官:3615  第23章 Chapter 23 联姻:2763  第24章 Chapter 24 一起吧:5363
          第25章 Chapter 25 性…生活:2236  第26章 Chapter 26 临阵脱逃:3741  第27章 Chapter 27 鸡丝面:3524  第28章 Chapter 28 抱怨:3461  第29章 Chapter 29 偏袒:3060  第30章 Chapter 30:2538
          第31章 Chapter 31 关于煮咖啡这件事:3775  第32章 Chapter 32 救驾:2566  第33章 Chapter 33 挖墙脚:3288  第34章 Chapter 34 同沐辉光:4240  第35章 Chapter 35 暧昧与纵容:3286  第36章 Chapter 36 逆鳞:3825
          第37章 Chapter 37 永远是小孩子:3708  第38章 Chapter 38 弱点:3003  第39章 Chapter 39 调离:2946  第40章 Chapter 40 人间烟火:2389  第41章 Chapter 41 相拥:2967  第42章 Chapter 42 辞行:3388
          第43章 Chapter 43 集训队:2913  第44章 Chapter 44 爆发:2529  第45章 Chapter 45 木姐姐:4447  第46章 Chapter 46 害羞:3415  第47章 Chapter 47 事故:4376  第48章 Chapter 48 三位活爹:2459
          第49章 Chapter 49 比暴雨更滂沱:4090  第50章 Chapter 50 比你勇敢:3774  第51章 Chapter 51 成为风暴本身:2175  第52章 Chapter 52 别跟自己较劲:2325  第53章 Chapter 53 保密:3098  第54章 Chapter 54 准备结婚:2637
          第55章 Chapter 55 爱，耗尽了:2431  第56章 Chapter 56 躲我？:3085  第57章 Chapter 57 狂欢:2222  第58章 Chapter 58 达摩海:2869  第59章 Chapter 59 塞壬族:2314  第60章 Chapter 60 求救信号:3531
          第61章 Chapter 61 营救:2619  第62章 Chapter 62 山雨欲来:3659  第63章 Chapter 63 陆淮玉:2645  第64章 Chapter 64 包围:4041  第65章 Chapter 65 谈判:5514  第66章 Chapter 66 平静:5016
          第67章 Chapter 67 请您向舰旗敬礼:3546  第68章 Chapter 68 对抗:2816  第69章 Chapter 69 执吾之剑:4831  第70章 Chapter 70 喝醉:4574  第71章 Chapter 71 再叫一声:3228  第72章 Chapter 72 赶来:2378
          第73章 Chapter 73 少将，该喝药了:4171  第74章 Chapter 74 撒娇:2176  第75章 Chapter 75 坏坏的少将:2302  第76章 Chapter 76 信息素交缠:2628  第77章 Chapter 77 告密:3959  第78章 Chapter 78 留宿:2400
          第79章 Chapter 79 拥吻了神明:4802  第80章 Chapter 80 拉钩:2230  第81章 Chapter 81 邀请:2415  第82章 Chapter 82 同床共枕:4185  第83章 Chapter 83 标记:3146  第84章 Chapter 84 冷落:3895
          第85章 Chapter 85 训狗:3335  第86章 Chapter 86 替罪羔羊:4026  第87章 Chapter 87 家:2096  第88章 Chapter 88 公主抱:3537  第89章 Chapter 89 月陨星落，悬河注火:1696  第90章 Chapter 90 泡温泉:2887
          第91章 Chapter 91 换衣服:2209  第92章 Chapter 92 辜负:4448  第93章 Chapter 93 杀子:3358  第94章 Chapter 94 午间时光:2657  第95章 Chapter 95 八卦:4988  第96章 Chapter 96 绘星者演习:2179
          第97章 Chapter 97 幽灵战术:3087  第98章 Chapter 98 人类第一舰:3013  第99章 Chapter 99 斩首:2254  第100章 Chapter 100 战败:2070  第101章 Chapter 101 她回来了:2576  第102章 Chapter 102 请您移步书房:3653
          第103章 Chapter 103 我不需要:2985  第104章 Chapter 104 掌控:4432  第105章 Chapter 105 就职典礼:3321  第106章 Chapter 106 表妹:2512  第107章 Chapter 107 抓狂:2733  第108章 Chapter 108 浴室①:2972
          第109章 Chapter 109 早安:2466  第110章 Chapter 110 闭门羹:3415  第111章 Chapter 111 牢笼:4670  第112章 Chapter 112 忌口:2184  第113章 Chapter 113 出气:3941  第114章 Chapter 114 落泪:3610
          第115章 Chapter 115 突发易感期:3518  第116章 Chapter 116 希望你明天不会弄死我:2676  第117章 Chapter 117 床伴:2734  第118章 Chapter 118 狗粮:1807  第119章 Chapter 119 磕到了:3193  第120章 Chapter 120 死道友不死贫道:3939
          第121章 Chapter 121 红娘:2034  第122章 Chapter 122 不耽误:2083  第123章 Chapter 123 210，速来:2517  第124章 Chapter 124 很适合你:2647  第125章 Chapter 125 浴室②:1656  第126章 Chapter 126 爱与不爱:3824
          第127章 Chapter 127 她接住她坠落的灵魂:3015  第128章 Chapter 128 启程在即:3043  第129章 Chapter 129 我爱你:2065  第130章 Chapter 130 我等你:3438  第131章 Chapter 131 归来:2570  第132章 Chapter 132 兴师问罪:2168
          第133章 Chapter 133 惩罚:3737  第134章 Chapter 134 宝宝:3192  第135章 Chapter 135 试着交往:2662  第136章 Chapter 136 背叛:3992  第137章 Chapter 137 生个小妹妹:4176  第138章 Chapter 138 淤泥里的星星:3193
          第139章 Chapter 139 玳蒙族:2224  第140章 Chapter 140 罚站:2985  第141章 Chapter 141 吃醋:3191  第142章 Chapter 142 接住:3882  第143章 Chapter 143 气恼:2465  第144章 Chapter 144 白菜被猪拱了:3445
          第145章 Chapter 145 至亲至疏夫妻:2879  第146章 Chapter 146 科普时间:2374  第147章 Chapter 147 惩罚:3920  第148章 Chapter 148 跟我回老宅:2135  第149章 Chapter 149 新年:2413  第150章 Chapter 150 结婚:2869
          第151章 Chapter 151 寂静星:2487  第152章 Chapter 152 十年:2254  第153章 Chapter 153 陪你一起:2506  第154章 Chapter 154 上楼休息:1900  第155章 [锁] [本章节已锁定]:0  第156章 Chapter 156 父与女:3363
          第157章 Chapter 157 不得中顾私:2802  第158章 Chapter 158 牺牲:3825  第159章 Chapter 159 不会忘记我:3689  第160章 Chapter 160 财务压力:3235  第161章 Chapter 161 体检:2788  第162章 Chapter 162 请假:3924
          第163章 Chapter 163 清晨:2265  第164章 番外1:2519  第165章 番外 2:2822

16:08:30  喜相逢 (尼可拉斯) [完结]  108p→66章  1018KB  OK
          https://www.52shuku.net/gl/06_b/bkbeS.html
          第一章:4037  第二章:6596  第三章:4992  第四章:4682  第五章:5282  第六章:5754
          第七章:7012  第八章:5003  第九章:4648  第十章:4825  第十一章:5335  第十二章:4248
          第十三章:5402  第十四章:4532  第十五章:4191  第十六章:4447  第十七章:5469  第十八章:6337
          第十九章:6714  第二十章:6201  第二十一章:5869  第二十二章:6247  第二十三章:5313  第二十四章:4256
          第二十五章:4550  第二十六章:6116  第二十七章:5399  第二十八章:4816  第二十九章:4839  第三十章:5019
          第三十一章:4358  第三十二章:4735  第三十三章:4699  第三十四章:5120  第三十五章:5396  第三十六章:4419
          第三十七章:5567  第三十八章:4538  第三十九章:5599  第四十章:6185  第四十一章:5349  第四十二章:4943
          第四十三章:4938  第四十四章:5381  第四十五章:5489  第四十六章:5318  第四十七章:5137  第四十八章:4373
          第四十九章:4873  第五十章:4473  第五十一章:4310  第五十二章:5461  第五十三章:5125  第五十四章:4858
          第五十五章:5318  第五十六章:5326  第五十七章:4678  第五十八章:5600  第五十九章:4470  第六十章:5557
          第六十一章:5404  第六十二章:5141  第六十三章:5575  第六十四章:5026  第六十五章:5680  第六十六章:5772

16:09:25  上穷碧落下黄泉 (尼可拉斯) [完结]  147p→71章  1377KB  OK
          https://www.52shuku.net/gl/06_b/bkbeR.html
          第一章:6358  第二章:6470  第三章:7411  第四章:6362  第五章:7298  第六章:6217
          第七章:6519  第八章:6793  第九章:6289  第十章:6143  第十一章:5685  第十二章:6395
          第十三章:6164  第十四章:6178  第十五章:6528  第十六章:6501  第十七章:6196  第十八章:6016
          第十九章:7139  第二十章:6151  第二十一章:6293  第二十二章:5984  第二十三章:6226  第二十四章:6455
          第二十五章:6439  第二十六章:5761  第二十七章:6395  第二十八章:5805  第二十九章:6713  第三十章:7103
          第三十一章:6191  第三十二章:6151  第三十三章:6218  第三十四章:6906  第三十五章:6656  第三十六章:6393
          第三十七章:6267  第三十八章:7114  第三十九章:6732  第四十章:6578  第四十一章:6336  第四十二章:6816
          第四十三章:6153  第四十四章:6496  第四十五章:6437  第四十六章:6986  第四十七章:6871  第四十八章:6528
          第四十九章:6252  第五十章:5961  第五十一章:6375  第五十二章:6732  第五十三章:7443  第五十四章:7376
          第五十五章:7023  第五十六章:6865  第五十七章:6560  第五十八章:6195  第五十九章:6930  第六十章:6303
          第六十一章:6427  第六十二章:6796  第六十三章:7408  第六十四章:6664  第六十五章:6453  第六十六章:6248
          第六十七章:6500  第六十八章:6510  第六十九章:5934  第七十章:6049  第七十一章 外编:6968

16:10:14  水仙之在成为你之前 (萧离英) [完结]  133p→114章  1140KB  OK
          https://www.52shuku.net/gl/05_b/bkbeB.html
          第1章 乔筝:4442  第2章 身份:3147  第3章 栀栀:3145  第4章 赚钱:3498  第5章 抓马:3264  第6章 入戏:3081
          第7章 看见:3321  第8章 债主:3472  第9章 疯子:4155  第10章 楼总:3143  第11章 公司:3110  第12章 感动:3383
          第13章 签约:3135  第14章 送花:3633  第15章 月？越！:3020  第16章 爱情:3087  第17章 搞钱！:3136  第18章 花仙:3118
          第19章 综艺:3445  第20章 抱抱:3100  第21章 首播:3075  第22章 入戏:3126  第23章 触碰:3404  第24章 自作多情:3081
          第25章 热搜:3288  第26章 换人:3513  第27章 感悟:3115  第28章 背我:3431  第29章 开机:3243  第30章 离谱:3297
          第31章 心虚:3091  第32章 同床:3606  第33章 公关:3344  第34章 抱抱:3173  第35章 肉麻:3202  第36章 为你所欲为:3112
          第37章 情敌:3217  第38章 掉马倒计时:3085  第39章 掉马:3181  第40章 你我:3431  第41章 金子:3168  第42章 试镜:3812
          第43章 误会:3259  第44章 心疼:3122  第45章 想念:3092  第46章 表白:4294  第47章 猫狗:3306  第48章 优势:3162
          第49章 知道:3112  第50章 亲亲:3181  第51章 祝福:3183  第52章 金鱼:3074  第53章 过往:3178  第54章 恐慌:3212
          第55章 散心:3313  第56章 生机:3139  第57章 聚会:3319  第58章 爆料:3108  第59章 路演:3383  第60章 可爱:3615
          第61章 日出:3139  第62章 爆红:3104  第63章 选本:3493  第64章 故人:3516  第65章 拍摄:3685  第66章 离去:3389
          第67章 车祸（大修）:3420  第68章 沉睡:3187  第69章 苏醒:3239  第70章 心事:3123  第71章 为难:3300  第72章 偶遇:4077
          第73章 姜好:3646  第74章 球球:3790  第75章 遗嘱:3434  第76章 不安:3251  第77章 安心:3141  第78章 受伤:3462
          第79章 拿捏:3213  第80章 思念（修）:3384  第81章 光头:3130  第82章 打他！（已修）:3212  第83章 亲密:3103  第84章 自信:3328
          第85章 挑衅:3260  第86章 飞鸢:3735  第87章 难过:3166  第88章 祝福:4159  第89章 反转:3176  第90章 抽奖:3263
          第91章:3381  第92章 野心:3016  第93章 跨年:3129  第94章 《辞镜》:3108  第95章 姜瓷:3327  第96章 我爱我:3354
          第97章 老婆:3173  第98章 荼毒:3163  第99章 时尔:3612  第100章 恋综:3274  第101章 开拍:3292  第102章 鱼香roses:3098
          第103章 对视:4148  第104章 卧龙凤雏:3247  第105章 手气？不存在的:3728  第106章 开张:3396  第107章 奶茶:3179  第108章 骑脖子:3459
          第109章 忮忌疯了:3464  第110章 《群星之上》:3614  第111章 人类群星闪耀时:3759  第112章 新游戏:3513  第113章 谍中谍中谍中谍:3389  第114章 我爱我（正文完结）:3153

16:11:17  惹上万人迷omega肿么办 (雁过吾痕) [完结]  169p→128章  1466KB  OK
          https://www.52shuku.net/gl/05_b/bkbeA.html
          第1章:3064  第2章:3076  第3章:3056  第4章:2071  第5章:3426  第6章:3493
          第7章:3093  第8章:3085  第9章:3139  第10章:3037  第11章:2116  第12章:3060
          第13章:2041  第14章:2069  第15章:3031  第16章:2854  第17章:2130  第18章:2078
          第19章:2072  第20章:2025  第21章:2081  第22章:2072  第23章:2968  第24章:2042
          第25章:1616  第26章:10238  第27章:6537  第28章:6251  第29章:3299  第30章:3516
          第31章:3193  第32章:4516  第33章:5604  第34章:6254  第35章:3612  第36章:6183
          第37章:6189  第38章:6238  第39章:6227  第40章:3217  第41章:3257  第42章:3239
          第43章:3291  第44章:3224  第45章:6595  第46章:6230  第47章:5218  第48章:3239
          第49章:3227  第50章:7507  第51章:3612  第52章:8221  第53章:3223  第54章:6230
          第55章:6219  第56章:3556  第57章:6196  第58章:6566  第59章:6227  第60章:7552
          第61章:6221  第62章:3174  第63章:3558  第64章:6207  第65章:6213  第66章:6211
          第67章:6253  第68章:3576  第69章:3559  第70章:2222  第71章:3234  第72章:5256
          第73章:3117  第74章:4050  第75章:3228  第76章:3578  第77章:3281  第78章:4562
          第79章:1596  第80章:3249  第81章:3616  第82章:2075  第83章:2243  第84章:3250
          第85章:1563  第86章:2219  第87章:3236  第88章:3214  第89章:3261  第90章:3233
          第91章:2226  第92章:2232  第93章:2239  第94章:3228  第95章:1581  第96章:3238
          第97章:3255  第98章:2556  第99章:3252  第100章:4593  第101章:3590  第102章:3139
          第103章:2124  第104章:4334  第105章:5904  第106章:3232  第107章:3259  第108章:3062
          第109章:3072  第110章:3080  第111章:2256  第112章:3071  第113章:3059  第114章:3243
          第115章:3916  第116章:5222  第117章:3260  第118章:3286  第119章:3076  第120章:3301
          第121章:4215  第122章:3290  第123章:3967  第124章:3964  第125章:5561  第126章:4571
          第127章:5575  第128章:2697

16:12:04  寄生豪门高冷御姐后 (GOW) [完结]  125p→118章  1052KB  OK
          https://www.52shuku.net/gl/05_b/bkbe9.html
          第1章 6号桌?9号桌!:3772  第2章 请正确使用错别字:3331  第3章 姐姐，一起看电影么:3292  第4章 我一定要找到她:2519  第5章 剔除败笔的代价:2513  第6章 两人再次相遇:3207
          第7章 修罗场:2334  第8章 血契约:2116  第9章 答应她:2167  第10章 棉花糖好甜:2124  第11章 名媛培训班:2257  第12章 逃跑:2035
          第13章 远离凃偲:2144  第14章 好戏开始:2085  第15章 享受:2435  第16章 报警:2143  第17章 伸手:2784  第18章 检查:2192
          第19章 求婚:2270  第20章 学写字:2233  第21章 我愿意:2265  第22章 婚戒:2281  第23章 结婚:2257  第24章 唯物主义撞鬼:2431
          第25章 灵力复苏:3140  第26章 公鲨鱼:4096  第27章 罢工:3708  第28章 街舞:3846  第29章 宝藏:3171  第30章 账本找到了:3684
          第31章 账本不见了:3391  第32章 账本又找到了:3272  第33章 沙发:3445  第34章 果体:3233  第35章 接放学:3216  第36章 孤岛:3144
          第37章 独处孤岛:3029  第38章 圆房?:3096  第39章 老婆:3122  第40章 炸鸡:3245  第41章 赚钱:3363  第42章 我爱你:3466
          第43章 出柜:3181  第44章 道歉:3200  第45章 醉酒:3154  第46章 缠绕:3086  第47章 特产:3228  第48章 住校:3129
          第49章 鼻血:3214  第50章 顶撞:3222  第51章 中毒:3077  第52章 怀疑:3312  第53章 变故:3126  第54章 真相:3105
          第55章 丑娃娃:3192  第56章 掉马:3529  第57章 纨绔:3064  第58章 善后:3554  第59章 放肆:3154  第60章 首秀:3303
          第61章 棋子:2777  第62章 道歉:2196  第63章 奇迹:2139  第64章 错怪:2107  第65章 坦白:2403  第66章 索爱:2093
          第67章 禁制:2741  第68章 蛋糕:2077  第69章 合作:2186  第70章 能吃:2061  第71章 寿宴(一)入v公告:2208  第72章 寿宴(二):4283
          第73章 寿宴(三):3241  第74章 家宴(四):3337  第75章 交易:2514  第76章 梨涡:2293  第77章 第77章:3137  第78章 疯子:3232
          第79章 遗嘱:3393  第80章 遗嘱(二):4110  第81章 SY:3125  第82章 上课:3178  第83章 渣女:3227  第84章 姐姐:3208
          第85章 进组:3405  第86章 狡诈:3362  第87章 包包:3161  第88章 未来:3258  第89章 一念:3163  第90章 有没有人欺负你?:3279
          第91章 心机花:3103  第92章 柠檬澡:3186  第93章 梦想:3082  第94章 失踪:3116  第95章 势不两立:3096  第96章 渴:3299
          第97章 婆婆驾到:3440  第98章 按摩:2237  第99章 治愈猫:3133  第100章 聚餐:3116  第101章 信托:3334  第102章 交锋:3117
          第103章 偷看:3236  第104章 认错:3170  第105章 逛街:3213  第106章 终于找到你:3006  第107章 腻歪:3120  第108章 回忆“我看见他了，”:3076
          第109章 墓园:3060  第110章 保密:3124  第111章 龙上玄:1922  第112章 惊喜:3093  第113章 大猪鼻子:2609  第114章 思念:3112
          第115章 突破口:3238  第116章 King:3019  第117章 正面交锋:3118  第118章 终章:4166

