=== Run 20260608T024226Z  mode=backward  limit=∞  output=output/ ===

10:43:25  穿书：论软饭Alpha的自我修 (渡鸦不渡) [完结+番外]  150p→192章  1309KB  OK
          https://www.52shuku.net/gl/28_b/bkc9e.html
          第一章 什么？我复活赛打赢了？:2089  第二章 铁饭碗降临:2120  第三章 软饭A的自我修养:2144  第四章 临时标记:2042  第五章 初次被使用:2091  第六章 学习一下:2125
          第七章 出去转转:2104  第八章 参加家宴？:2036  第九章 怪不得不喜欢回家呢:2044  第十章 竟然吃胖了！:2053  第十一章 莫名的偶遇:2127  第十二章 那就去练练吧:2099
          第十三章 媚眼抛给傻子看:2134  第十四章 暧昧的照片:2082  第十五章 算计我这个小人物干嘛啊:2210  第十六章 香薰的自觉性:2170  第十七章 贴身舒缓剂:2114  第十八章 亮个相吧～:2034
          第十九章 我就想活跃一下气氛:2118  第二十章 好耀眼啊:2110  第二十一章 不要叫我沈总:2040  第二十二章 现在开始，叫吧:2069  第二十三章 醋意暗生:2102  第二十四章 小狗的窃喜:2072
          第二十五章 同床共枕:2123  第二十六章 有心事了:2065  第二十七章 聊天被看到了:2088  第二十八章 信息素等级:2114  第二十九章 深入了解一下:2108  第三十章 一个小礼物:2109
          第三十一章 拍卖会:2118  第三十二章 坦白与否的挣扎:2025  第三十三章 梦境的回响:2075  第三十四章 这筹码不够啊:2100  第三十五章 这根本不是惊喜:2068  第三十六章 亲自教学:2101
          第三十七章 鼻青脸肿:2118  第三十八章 苦中作乐一下:2066  第三十九章 挨揍加倍:2193  第四十章 乖乖在家待着:2339  第四十一章 突如其来的危机感:2154  第四十二章 狗头军师献策:2122
          第四十三章 狗头军师背如刺:2070  第四十四章 易感期的煎熬:2055  第四十五章 提前回来了:2069  第四十六章 依恋的本能:2061  第四十七章 相互交融:2044  第四十八章 就想和你待一起:2091
          第四十九章 该休息了:2174  第五十章 保证一定乖乖的:2315  第五十一章 来自诡秘的下马威:2136  第五十二章 对她的维护:2306  第五十三章 诡秘局变三人行:2110  第五十四章 饭量挺大啊:2085
          第五十五章 直接一杯倒:2018  第五十六章 易感期的优先权:2054  第五十七章 现在可以是诡秘时间:2105  第五十八章 醉后的胡言乱语:2038  第五十九章 东拼西凑的信息:2104  第六十章 难道她说的是真的？:2073
          第六十一章 饿死鬼投胎？:2116  第六十二章 “情敌”性别怎么不对:2150  第六十三章 对于商业价值的肯定:2097  第六十四章 不要什么醋都吃:2085  第六十五章 待家的陪伴:2071  第六十六章 狗头军师上线2.0:2081
          第六十七章 抑制贴的效果:2173  第六十八章 需要一点你们的信息素:2053  第六十九章 突如其来的亲子错觉:2178  第七十章 很自觉的门禁时间:2385  第七十一章 试探心思再起:2194  第七十二章 养着也不是什么坏事:2087
          第七十三章 该回去了:2120  第七十四章 又要回老宅吗:2066  第七十五章 伤敌八百，自损一千:2095  第七十六章 互相戳心窝子:2064  第七十七章 书房内的谈话:2037  第七十八章 宠物小狗:2190
          第七十九章 可以多点纵容:2038  第八十章 呦呵？挑衅我？:2046  第八十一章 想让她更鲜活:2027  第八十二章 你这上下级关系不对吧？:2039  第八十三章 你俩果然有奸情:2017  第八十四章 有什么话是我不能听的？:2031
          第八十五章 体验大人世界:2056  第八十六章 开车看路啊！:2027  第八十七章 自己开就是不一样:2105  第八十八章 沈总的无名火:2077  第八十九章 沈大总裁动凡心了？:2170  第九十章 竟然提前下班了:2145
          第九十一章 真是疯了:2012  第九十二章 这一切都是因为发热期:2093  第九十三章 咋看咋不爽:2089  第九十四章 你，下去买杯咖啡:2016  第九十五章 魔都晚宴:2085  第九十六章 今日是护花小狗:2104
          第九十七章 今晚是平安夜:2022  第九十八章 发热期的依赖与掌控:2033  第九十九章 心湖微澜:2042  第一百章 关于伴侣的想法:2038  第一百零一章 沈总亲自送人:2092  第一百零二章 开工第一天:2035
          第一百零三章 直播结束:2097  第一百零四章 着急回家:2043  第一百零五章 小小事业有成:2053  第一百零六章 我是否是特别的:2048  第一百零七章 开始失控的占有欲:2067  第一百零八章 理智的回归与考量:2065
          第一百零九章 戒指:2016  第一百一十章 俯视与掌控:2040  第一百一十一章 小尾巴的震撼:2091  第一百一十二章 心跳拷问:2068  第一百一十三章 蜜糖冲击:2013  第一百一十四章 八卦之心:2053
          第一百一十五章 你们进展这么快:2062  第一百一十六章 你滴机会，大大滴有:2033  第一百一十七章 唯有美食不可辜负:2073  第一百一十八章 还是有点失落:2185  第一百一十九章 共享垃圾食品:2055  第一百二十章 平静小日常:2070
          第一百二十一章 易感期临近:2076  第一百二十二章 感到羞耻的行为:2077  第一百二十三章 人赃并获:2055  第一百二十四章 得寸进尺的念头:2083  第一百二十五章 得偿所愿:2045  第一百二十六章 一个极致的纵容:2048
          第一百二十七章 “下次”的约定:2077  第一百二十八章 形影不离的一周:2052  第一百二十九章 随时过来的权利:2064  第一百三十章 复工与偷看:2201  第一百三十一章 要狗急跳墙了:2074  第一百三十二章 狗头探出:2079
          第一百三十三章 无力的感觉:2187  第一百三十四章 大人的世界很残酷的:2129  第一百三十五章 人身安全需注意:2007  第一百三十六章 不可控的应对之法:2064  第一百三十七章 送客，但没送完:2085  第一百三十八章 心照不宣:2024
          第一百三十九章 心在嗓子眼:2065  第一百四十章 额间一吻:2016  第一百四十一章 偷听三人组:2085  第一百四十二章 神秘小网站:2021  第一百四十三章 回家咯:2041  第一百四十四章 聊聊你的小秘密:2098
          第一百四十五章 那我们结婚，如何？:2073  第一百四十六章 有高科技装备:2094  第一百四十七章 工作节奏加速一下:2114  第一百四十八章 云陪伴吃饭:2086  第一百四十九章 你愿意露个脸吗:2042  第一百五十章 心底的小纠结:2127
          第一百五十一章 哇噻，高科技啊:2058  第一百五十二章 我在找手感:2023  第一百五十三章 谈谈订婚:2090  第一百五十四章 学习成果不错:2071  第一百五十五章 还想亲:2027  第一百五十六章 ੈ♡‧₊˚_( :⁍ 」 )_:2054
          第一百五十七章 这不是冲动:2041  第一百五十八章 怎么突然吃了一嘴狗粮:2028  第一百五十九章 发热期的安抚:2037  第一百六十章 今晚来我房间:2062  第一百六十一章 ◝(⑅•ᴗ•⑅)◜♡:2043  第一百六十二章 小狗不能太惯着:2047
          第一百六十三章 我要去找她:2047  第一百六十四章 没有嫌弃她:2068  第一百六十五章 想办法留下来:2035  第一百六十六章 索求无度的小狗:2104  第一百六十七章 亲到爽:2026  第一百六十八章 生活美汁汁～:2133
          第一百六十九章 还是想一起睡:2085  第一百七十章 浅吃一口瓜:2096  第一百七十一章 归心似箭啊:2086  第一百七十二章 打断施法:2019  第一百七十三章 不会锁门的:2015  第一百七十四章 身边的热源:2014
          第一百七十五章 新年礼物:2037  第一百七十六章 这么快就吃上闭门羹了:2026  第一百七十七章 还是爬床成功了:2027  第一百七十八章 这又是什么规矩:2150  第一百七十九章 没吃饱:2015  第一百八十章 该吃吃该喝喝:2052
          第一百八十一章 你想不想要个孩子:2020  第一百八十二章 未来可期啊:2034  第一百八十三章 还是自己家好:2039  第一百八十四章 吃饭使人幸福:2025  第一百八十五章 我还是很想她的:2020  第一百八十六章 年假如此短暂:2024
          第一百八十七章 呦，发喜糖呢:2082  第一百八十八章 一会有正事:2009  第一百八十九章 小红本到手:2017  第一百九十章 明天不上班:2062  第一百九十一章 宣布的晚宴:2233  第一百九十二章 我们的未来:41268

10:43:57  死遁失败后前妻姐她追来了 (吃猫的金鱼) [完结]  84p→67章  769KB  OK
          https://www.52shuku.net/gl/26_b/bkc7A.html
          第1章 她穿成了书里最作死的小师妹 现在跪下……:3068  第2章 把人送到我卧房 是时候展现真正的演技……:3261  第3章 不许她去上课 今晚得陪我:3293  第4章 当学渣遇上卷王 可恶，我好学不就oo……:3089  第5章 今晚留在这儿睡吧 不留也不行，我的规……:3078  第6章 我最讨厌蛇了 所以这个灵宠赏你了（不……:3005
          第7章 也算是帮林铮出了口恶气 是谁往林铮床……:3251  第8章 搬来和我住在一处 马上开启同居生活（……:3368  第9章 由我全权管教 陆听安：怎么感觉要把小……:3097  第10章 滴！宗门大考篇章已启动 该来的还是得……:2178  第11章 林铮将她护在身后 大师姐你真的要这么……:3218  第12章 小师妹以身涉险 为了给女主刷好感陆听……:3089
          第13章 在她茶碗里下药 狐狸形态师姐即将上线……:3178  第14章 夭寿啦！林铮变成小狐狸了 陆听安：我……:3124  第15章 她竟整个人趴在林铮身上 陆听安猝不及……:2208  第16章 你方才，是想做什么？ 不怪我啊师姐，……:2159  第17章 林铮，出大事了！ 师姐救妻进行时~……:2313  第18章 我冷，你靠我近一点。 师姐（耳根泛红……:3148
          第19章 凡人果然都是无情无义的东西 陆听安：……:2306  第20章 林铮，你可得挺过来啊 为了老婆所有的……:3244  第21章 轻轻贴上了林铮那两片薄唇 陆听安竟然……:2489  第22章 你何必如此费心救我？ 陆听安：被师姐……:3239  第23章 滴！检测到女主对你的好感度变化 陆听……:2502  第24章 林铮的身世 陆听安：渣男，tui~……:2265
          第25章 帮她吸出毒血 陆听安：边缘人物被误伤……:3325  第26章 甜的，吃了会好些。 陆听安（惊悚）：……:2394  第27章 崔老莫名身死 陆听安：嘶，总感觉哪里……:2260  第28章 盗走林铮所获妖丹 陆听安：不是怎么除……:3352  第29章 姐姐，我脚好疼 幼年陆听安：当魔丸还……:3255  第30章 顶着那样一张脸干坏事 陆听安：师姐真……:3590
          第31章 林铮戳了戳她的眉心 林铮：老婆怎么傻……:3220  第32章 和老婆一起联手 陆听安：可恶居然没试……:2739  第33章 师姐吃醋了 林铮：可恶，敢打我老婆的……:3865  第34章 师姐醉酒 陆听安：香迷糊了…………:4316  第35章 没大没小，你该喊我什么？ 陆听安：我……:4191  第36章 师姐送的佩剑 陆听安：还是老婆最贴心……:6937
          第37章 究竟是何人想取我性命 陆听安：抱歉老……:4082  第38章 师姐被人诬陷了 陆听安（气抖冷）：好……:4144  第39章 多谢你能为我说话 林铮：对老婆狠狠动……:5088  第40章 是我先招惹你的 我一辈子对你负责:4182  第41章 你还亲过别人么？ 师姐：气得昏古七~……:4652  第42章 林铮，你带我走吧 陆听安：要嫁也是嫁……:4397
          第43章 我要你在我身边 陆听安：就要跟师姐贴……:7377  第44章 死遁倒计时1 陆听安：震惊！……:4056  第45章 死遁倒计时2 陆听安：这一天天的真是……:4701  第46章 死遁倒计时3 陆听安：放生狐狸（不是……:4675  第47章 死遁又被送回来的命苦小陆 陆听安：救……:5198  第48章 不是我这就掉马了？ 师姐：好拙劣的演……:4518
          第49章 被吃干抹净的小安 陆听安：可恶啊，腰……:4580  第50章 乖，让我摸摸你的尾巴 小安：我撸到狐……:4460  第51章 师姐我错了！ 有话好说啊！:4714  第52章 不如……我自己来？ 师姐（坏笑）：自……:4659  第53章 哪有这样占便宜的 师姐：就要当你师尊……:4669  第54章 你说好不碰我的 不听。:4500
          第55章 昨晚是谁绑着我 小陆：腰酸:5875  第56章 你喂我 要亲亲:3367  第57章 师姐抢婚 林铮：我老婆！:4602  第58章 小陆逃婚 我的意中人是林铮:4723  第59章 这样算不算私奔 师姐：真女人从不在口……:4381  第60章 等我回来 小陆：师姐小心啊！:4542
          第61章 完结篇（一） 陆听安：对你粉转黑了师……:4453  第62章 完结篇（二） 小陆（兴奋咳咳）：师姐……:3433  第63章 完结篇（三） 真相浮出水面，师姐力挽……:3595  第64章 完结篇（四） 小安被抓了！师姐危！……:3678  第65章 完结篇（五） 小陆：老婆别管我！打死……:3504  第66章 大结局（上） 天命大女主光环出现了！……:3894
          第67章 大结局（下） 她追来了……:7497

10:44:24  被冰山上司O诱婚了 (笑蓝) [完结]  75p→62章  652KB  OK
          https://www.52shuku.net/gl/26_b/bkc79.html
          第1章 第 1 章 实习:4045  第2章 第 2 章 助理:3472  第3章 第 3 章 加班:2486  第4章 第 4 章 最差:3372  第5章 第 5 章 被偷:3425  第6章 第 6 章 假装:3384
          第7章 第 7 章 真假:4051  第8章 第 8 章 互助:3219  第9章 第 9 章 味道:4044  第10章 第 10 章 安抚:3282  第11章 第 11 章 欺负:3552  第12章 第 12 章 醉酒:3266
          第13章 第 13 章 照顾:3449  第14章 第 14 章 主人:2820  第15章 第 15 章 报复:2882  第16章 第 16 章 和好:2851  第17章 第 17 章 需求:2898  第18章 第 18 章 孤岛:2440
          第19章 第 19 章 跳槽:2676  第20章 第 20 章 结婚:6963  第21章 第 21 章 宝宝:4926  第22章 第 22 章 拥抱:4671  第23章 第 23 章 易感:3441  第24章 第 24 章 好哄:4723
          第25章 第 25 章 自愿:4480  第26章 第 26 章 香甜:6358  第27章 第 27 章 美味:4120  第28章 第 28 章 破案:3681  第29章 第 29 章 夜半:3892  第30章 第 30 章 否认:3349
          第31章 第 31 章 牌局:3483  第32章 第 32 章 道歉:3965  第33章 第 33 章 过载:2348  第34章 第 34 章 超忆:3933  第35章 第 35 章 失联:3568  第36章 第 36 章 安抚:3616
          第37章 第 37 章 需要:3268  第38章 第 38 章 表白:3444  第39章 第 39 章 嫂子:3337  第40章 第 40 章 偏爱:3468  第41章 第 41 章 姐姐:3615  第42章 第 42 章 唤醒:3836
          第43章 第 43 章 醒来:2186  第44章 第 44 章 筑巢:3025  第45章 第 45 章 区分:3527  第46章 第 46 章 一起:3875  第47章 第 47 章 无能:2714  第48章 第 48 章 事故:2412
          第49章 第 49 章 醒来:3476  第50章 第 50 章 真的:2546  第51章 第 51 章 认知:3674  第52章 第 52 章 亲醒:3106  第53章 第 53 章 深入:3405  第54章 第 54 章 失控:3405
          第55章 第 55 章 三角:4270  第56章 第 56 章 承诺:3963  第57章 第 57 章 十倍:4790  第58章 第 58 章 营销:3375  第59章 第 59 章 矛盾:2873  第60章 第 60 章 交叉:4288
          第61章 第 61 章 输赢:2209  第62章 第 62 章 大结局:4242

10:44:56  拐个敌国公主回家 (文阿尘) [完结]  78p→67章  683KB  OK
          https://www.52shuku.net/gl/23_b/bkc6g.html
          第1章:4144  第2章:3326  第3章:3638  第4章:3070  第5章:3079  第6章:3454
          第7章:3961  第8章:3725  第9章:3912  第10章:3360  第11章:2175  第12章:3635
          第13章:3815  第14章:3496  第15章:3523  第16章:3671  第17章:3455  第18章:2478
          第19章:3733  第20章:4338  第21章:2454  第22章:3119  第23章:2227  第24章:2080
          第25章:4483  第26章:3236  第27章:3651  第28章:3179  第29章:3538  第30章:2539
          第31章:3048  第32章:2655  第33章:3839  第34章:2298  第35章:3070  第36章:3321
          第37章:3160  第38章:3021  第39章 兄长面前表心意:3423  第40章 深明大义为质子:3784  第41章 书信败露引争吵:3411  第42章 拜月佳节浅融冰:3480
          第43章 醋意横生惹欢喜:3045  第44章 驸马现身暗劫人:3089  第45章 兄妹反目起风云:3146  第46章 油尽灯枯与世辞:3237  第47章 顾羽面前说真情:3315  第48章 巧借诗句探心意:3508
          第49章:3178  第50章:3081  第51章:3386  第52章:1904  第53章:2867  第54章:2890
          第55章:2265  第56章:3150  第57章:4021  第58章:3816  第59章:3236  第60章:3625
          第61章:3164  第62章:4848  第63章:3315  第64章:5718  第65章:3771  第66章:3625
          第67章:4975

10:45:24  不听不听 (淮枸一条) [完结]  65p→59章  573KB  OK
          https://www.52shuku.net/gl/23_b/bkc6f.html
          第1章:3297  第2章:2760  第3章:3256  第4章:2994  第5章:2821  第6章:2530
          第7章:2411  第8章:2529  第9章:3466  第10章:2824  第11章:3041  第12章:2327
          第13章:2301  第14章:2139  第15章:3447  第16章:2396  第17章:2918  第18章:2149
          第19章:2671  第20章:2069  第21章:3671  第22章:2865  第23章:3219  第24章:3464
          第25章:2299  第26章:3689  第27章:3784  第28章:1764  第29章:2198  第30章:2440
          第31章:2125  第32章:1935  第33章:2594  第34章:2662  第35章:2809  第36章:2739
          第37章:3027  第38章:2234  第39章:2831  第40章:2838  第41章:3271  第42章 （自白书.季臻言）:2520
          第43章:2748  第44章:3827  第45章:4721  第46章:5319  第47章:4813  第48章:4481
          第49章:3753  第50章:3091  第51章:4523  第52章:4415  第53章:6099  第54章:3656
          第55章:4094  第56章:4309  第57章:5557  第58章:3840  第59章:5006

10:45:42  她在腐剧求生 (鱼仔) [完结]  39p→36章  362KB  OK
          https://www.52shuku.net/gl/23_b/bkc6c.html
          第1章 01 弱小的羊:3781  第2章 02 恶毒女配:3252  第3章 03 死亡倒数:3384  第4章 04 洗白套路:3211  第5章 05 营业天才:3512  第6章 06 拍百合吗:3859
          第7章 07 创作自由:3160  第8章 08 生存方式:3354  第9章 09 预告拍摄:3222  第10章 番外1 有人看过《换季》原小说吗？:2520  第11章 10 舆论危机:3474  第12章 11 无烟人士:3515
          第13章 12 直播事故:3470  第14章 13 冤家宜解:3893  第15章 14 爱情至上:3496  第16章 15 俯仰随人:3675  第17章 16 道德绑架:3132  第18章 17 责有攸归:3503
          第19章 18 单刀赴会:3549  第20章 19 猎巫行动:3807  第21章 20 路与殊途:3370  第22章 21 污点艺人:3120  第23章 22 有色眼镜:3357  第24章 23 预告诈骗:3028
          第25章 番外2 《物竞天择》1:3109  第26章 番外2 《物竞天择》2:3127  第27章 番外2 《物竞天择》3:3102  第28章 番外2 《物竞天择》4:4171  第29章 24 睡眠不足:3010  第30章 25 剑的双刃:3067
          第31章 26 理想情人:3832  第32章 27 所谓恋综:3476  第33章 28 自我意识:3116  第34章 29 body shame:3116  第35章 30 互助协会（终章）:3427  第36章 番外3 聊天区7月31日水楼:2354

10:46:05  拯救对象竟然重生了 (柊以) [完结]  62p→53章  544KB  OK
          https://www.52shuku.net/gl/23_b/bkc5P.html
          第1章:4610  第2章:3836  第3章:3333  第4章:3359  第5章:3670  第6章:3463
          第7章:3737  第8章:3208  第9章:3549  第10章:3462  第11章:3180  第12章:3256
          第13章:3677  第14章:3468  第15章:3086  第16章:3121  第17章:3080  第18章:3302
          第19章:3021  第20章:3131  第21章:3252  第22章:3089  第23章 【捉虫】:3091  第24章:3330
          第25章:3150  第26章:3213  第27章:3251  第28章:3130  第29章:3408  第30章:3387
          第31章:3810  第32章:3526  第33章:3755  第34章:3345  第35章:3334  第36章:3384
          第37章:3505  第38章:3822  第39章 【捉虫】:3420  第40章 【捉虫】:3182  第41章:4272  第42章:3293
          第43章:3322  第44章:3258  第45章:3311  第46章 【捉虫】:3004  第47章:3299  第48章:3531
          第49章:3745  第50章:3842  第51章:3234  第52章 【捉虫】:2636  第53章 正文完:3083

10:46:47  老婆，你马甲掉了gl (明镜迟) [完结+番外]  105p→93章  899KB  OK
          https://www.52shuku.net/gl/23_b/bkc5N.html
          第1章 惊为天人:2308  第2章 救我一命:2331  第3章 A了游戏:3324  第4章 天降工作:2695  第5章 想起往事:3661  第6章 算你们狠:3279
          第7章 网友相见:3085  第8章 疯狂折磨:3223  第9章 谁的喜好:3207  第10章 修罗见面:3100  第11章 直白表白:2976  第12章 传闻中的女友:2061
          第13章 往事不如风:2893  第14章 是依赖啊:3242  第15章 控制脾气:2907  第16章 阴影往事:3726  第17章 挑起大梁:4076  第18章 偶遇故人:3819
          第19章 上台演讲:4761  第20章 打扰了，请继续:3138  第21章 意外:2668  第22章 清清楚楚:3335  第23章 欢迎宴:3097  第24章 生日宴:3155
          第25章 醉宿:4883  第26章 理智是什么:5654  第27章 你哄哄我啊:5926  第28章 谁害羞了:3530  第29章 哪来的绯闻:3318  第30章 哪来的小娇妻:3254
          第31章 误会要当场说清:3557  第32章 游戏策划:3200  第33章 教堂:3048  第34章 新电脑:3050  第35章 上策划案:2568  第36章 好大的惊喜:2222
          第37章 叫我:3261  第38章 别有用心:3626  第39章 亲密接触:2698  第40章 我没错:2634  第41章 害羞:3625  第42章 直接点?:2998
          第43章 搞搞暧昧:2863  第44章 同居:3274  第45章 受伤:3183  第46章 拉扯:3031  第47章 偶遇故人:3192  第48章 不许欺负她:3037
          第49章 坦诚:3059  第50章 笑不出来了:3005  第51章 你好疯:3100  第52章 二次心动:3572  第53章 真好啊:3255  第54章 加倍吃醋:3309
          第55章 明白了:3218  第56章 沦陷:2903  第57章 漫天飞醋:3612  第58章 108个心眼:3228  第59章 好好安慰:3206  第60章 合作:3182
          第61章 醉酒:3216  第62章 两个都要:3307  第63章 不许凶我:3229  第64章 一起看流星:3182  第65章 回家:2881  第66章 她们的约定:3232
          第67章 酸柠檬:2904  第68章 水桥:2197  第69章 误会解除:2576  第70章 影后:3023  第71章 学妹你好:3000  第72章 猝不及防:2910
          第73章 承认吧:2876  第74章 二十年如一日:2907  第75章 你是我亲妈:2563  第76章 想开了:2863  第77章 意外之喜:3025  第78章 偷亲:2846
          第79章 当人面说坏话:3285  第80章 情难自控:2889  第81章 和自己争风吃醋:2883  第82章 小拇指之吻:2895  第83章 合作愉快:2901  第84章 彻夜沉沦(完结):2288
          第85章 番外1:2255  第86章 番外2:2235  第87章 番外3:4214  第88章 番外4:4553  第89章 番外5:5571  第90章 番外6:2858
          第91章 番外7:3501  第92章 番外8:2200  第93章 番外完:5226

10:47:21  万人欺她被九洲美人儿盯上了 (雪下屋檐) [完结]  86p→85章  769KB  OK
          https://www.52shuku.net/gl/22_b/bkc5i.html
          第1章 小反派收入囊中！ 抱大腿也不失为策略……:4175  第2章 兀自成了孤儿 收入囊中:4324  第3章 给我徒儿道歉 洗脑模式开启:3611  第4章 茶里茶气小徒弟 前妻姐预警:3304  第5章 徒儿离家出走惹不快 师尊行侠仗义值颁……:3294  第6章 前妻姐闪亮登场 前妻姐我不爱你……:3191
          第7章 前妻姐不许涩涩 与那妆容精致的女子比……:3082  第8章 小反派黑化倒计时 感谢徒儿救师尊……:3119  第9章 终极护短林栀清， 收徒倒计时:3364  第10章 惹师尊生气的徒弟 只能自己睡:3851  第11章 你是我的猫 猫成精了咋办:4411  第12章 偶遇程绯大号 大号是骷髅:3260
          第13章 快被打死了 程绯，上大号跟我说话:3164  第14章 白月光型女主 没娘养:3113  第15章 兔儿灯 嗜血红月:3030  第16章 bug1 快些逃吧:3135  第17章 玄族，生食最佳 【更恐怖的是，他食用……:3012  第18章 若是逃不掉 杀了小七，也杀了你自己……:3113
          第19章 落幕 轮到你了:3118  第20章 又见面了 程绯，好久不见:3363  第21章 忙着私会 定以神魂为筹:3092  第22章 和我私会 把她给我:3084  第23章 由种杀了我，别怂 曲家之仇:3145  第24章 程绯识海 身世浮出水面:3235
          第25章 自然之灵 未婚夫婿:3528  第26章 人活在世 要有气节:1422  第27章 徒儿误闯神降 要完球:1815  第28章 程绯遇转世 小徒弟发现差距:1653  第29章 师徒相遇 关键人物录入:1734  第30章 林栀清之死 我要杀了你！！！……:1923
          第31章 死亡只一次便够了 “不怕，那是假的”……:1905  第32章 浮生若梦 你的玫瑰我收下了:1761  第33章 新人物登场 你……真要与她走？……:2015  第34章 给徒弟选专业 高端的食材:1789  第35章 我讨厌你 一同沐浴，引心神荡漾:2245  第36章 曲风眠的秘密 历任家主冻症频发……:1923
          第37章 曲风眠的秘密 往昔石——鱼水之欢……:1648  第38章 曲家地库 为文君系红线:1547  第39章 未婚妻驾到 “你愿意嫁给我吗？”……:1679  第40章 起拍价—— 一千两！！！:1304  第41章 第 41 章 宾客喧哗。 “……:1869  第42章 恩君竟然是…… 一定要好好伺候恩君~……:1540
          第43章 一万两，不让碰？ 一晚上不够，让我出……:1842  第44章 你这副样子，只有我能瞧见 这个人，带……:2164  第45章 你的血好喝 你莫非是有什么癖好不成……:1739  第46章 累了，上我榻歇息~ 颜宴来万花楼要人……:3373  第47章 究竟是谁要献祭我？ 撑住，我马上来救……:3534  第48章 玄族重现 此法，方可保命:1574
          第49章 罢了 我为你破例便是:1905  第50章 南柯梦 缘起:3567  第51章 南柯梦 缘落-上:1959  第52章 南柯梦 缘分落:2110  第53章 南柯梦 尾声:3313  第54章 楚氏客栈 掉马掉马:3386
          第55章 您二位……一间厢房？ 她，是要找一个……:1688  第56章 狐狸的遭遇 弱便是原罪:1568  第57章 王姬与影子 夜黑风高杀人夜:3317  第58章 殿下何不登基 都是女子，不必遮掩……:3322  第59章 你不是她 你我，可以一谈:3500  第60章 第 60 章 颜宴的手掌覆上了林……:4271
          第61章 我不愿另娶旁人 那你我便就此成婚吧:3756  第62章 第 62 章 从前颜家光景:3457  第63章 你我二人，即刻成婚 能把遗书还给我吗……:3406  第64章 前襟的红痣 报复的快感:3695  第65章 第 65 章 楚氏客栈。 ……:1923  第66章 第 66 章 楚曼儿怔了怔，才反……:3021
          第67章 第 67 章 “你是说……” ……:10612  第68章 花心之徒 混账东西:1918  第69章 能娶林栀清 是你的福分:4021  第70章 好徒儿 好久不见:4021  第71章 墙纸爱之吻 师徒重遇:4021  第72章 那个吻 只代表思念:3705
          第73章 我一点也不幸运 要不你把我卖了吧:3410  第74章 她暗恋我 你的手不是用来杀人:3366  第75章 鲛人一族 鱼鳞状的疫病:3435  第76章 疫病 乃是人族代价:3297  第77章 少年烨则 疫病得救了！:2649  第78章 凤凰火 一介女流:3296
          第79章 唐彪之死 火烧藏书阁:3649  第80章 第 80 章 得见楚绪:3345  第81章 第 81 章 原来是你:3363  第82章 第 82 章 文君，该如何自处:3345  第83章 第 83 章 仙逝前的一幕:2679  第84章 决不允许献祭！ 老夫人说道：“若……:3521
          第85章 第 85 章 尾声:4043

10:48:09  总监不想谈恋爱 (七墨宣) [完结]  121p→119章  1117KB  OK
          https://www.52shuku.net/gl/20_b/bkc4o.html
          第1章 第 1 章 “医生，医生！”……:3117  第2章 第二章 虽是疑惑不解，但风映璇还……:3057  第3章 第三章 “谢，谢小姐？” ……:3121  第4章 第四章 对方并没有因为风映璇的喊……:3101  第5章 第五章 “谢小姐指的是……夜市？……:3147  第6章 第六章 “谢小姐想聊点什么？” ……:3045
          第7章 第 7 章 “怎么……” ……:3140  第8章 第八章 “你想说她是男女通吃？”……:3238  第9章 第九章 风映璇寻声望去，是那个被……:3140  第10章 第十章 风映璇愣了一下，没有作答……:3060  第11章 第十一章 明明从自己家走到谢烟萝……:3091  第12章 第十二章 “挺好的。”风映璇显得……:3103
          第13章 第十三章 “我自己都没想明白，给……:3045  第14章 第十四章 “这个时间点，加上你又……:3129  第15章 第十五章 风映璇还没来得及从这张……:3075  第16章 第十六章 “俞女士，你在说什么啊……:3106  第17章 第十七章 “停，给我打住吧。我并……:3074  第18章 第十八章 风映璇并不清楚谢烟萝打……:3071
          第19章 第十九章 “听起来谢小姐应该挺厉……:3063  第20章 第二十章 “这不是谢小姐指导有方……:3076  第21章 第二十一章 “没问题啊。”罗乔杉……:3107  第22章 第二十二章 闻言，谢烟萝一阵沉默……:3118  第23章 第二十三章（倒V开始） “你可以……:3135  第24章 第二十四章 “来，风医生，约好了……:3110
          第25章 第二十五章 周日一大早，风映璇准……:3063  第26章 第二十六章 听到这里，谢烟萝的心……:3213  第27章 第二十七章 谢烟萝摸小狗脑袋的手……:3093  第28章 第二十八章 “打住，别在我这里刺……:3166  第29章 第二十九章 “纠正一下，是前姐弟……:3185  第30章 第三十章 当谢烟萝与顾从安一道出……:3067
          第31章 第三十一章 “回来了。” ……:3134  第32章 第三十二章 风映璇将风璇渊交给风……:3098  第33章 第三十三章 “诶呀，风医生啊，现……:3025  第34章 第三十四章 “什么自家小孩，这是……:3068  第35章 第三十五章 要不是谢烟萝发来了咕……:3067  第36章 第三十六章 “王医生人呢。” ……:3094
          第37章 第三十七章 X市的夜风越发凉了，……:3037  第38章 第三十八章 “早上好，风医生，你……:3084  第39章 第三十九章 “没什么就是单纯的喜……:3052  第40章 第四十章 风映璇似梦中初醒地呆愣……:3135  第41章 第四十一章 考虑到自己似乎也不需……:3112  第42章 第四十二章 “风医生，午餐时间呢……:3073
          第43章 第四十三章 “那我就可以一天用一……:3176  第44章 第四十四章 风映璇在谢烟萝家又小……:3043  第45章 第四十五章 当风映璇的疗养申请很……:3037  第46章 第四十六章 风映璇顿觉一阵尴尬，……:3123  第47章 第四十七章 “顾医生，现在是几点……:3141  第48章 第四十八章 风映璇正打算冲过去，……:3083
          第49章 第四十九章 一听自己被喊了全名，……:3118  第50章 第五十章 “嗯哼，从映璇嘴里念出……:3080  第51章 第五十一章 “有，有吗？”谢烟萝……:3095  第52章 第五十二章 “你想和他们一起逛逛……:3058  第53章 第五十三章 转过天的早上，谢烟萝……:3049  第54章 第五十四章 “阿璇，等我完成了这……:3085
          第55章 第五十五章 风映璇诧异地看着谢烟……:3058  第56章 第五十六章 “没什么，已经看过了……:3132  第57章 第五十七章 不过傍晚时分，风末眠……:3176  第58章 第五十八章 “什么意思？每天都和……:3051  第59章 第五十九章 风映璇醒了个大早，摸……:3101  第60章 第六十章 风映璇快速左顾右盼，试……:3095
          第61章 第六十一章 “只可惜，商家人并不……:3049  第62章 第六十二章 风映璇接收到谢烟萝发……:3114  第63章 第六十三章 “是啊，曹先生，映璇……:3073  第64章 第六十四章 “映璇，你怎么看起来……:3078  第65章 第六十五章 “啊？什么东西？！”……:3131  第66章 第六十六章 谢烟萝嘀咕完，大概也……:3041
          第67章 第六十七章 转过天，风映璇已经将……:3063  第68章 第六十八章 风映璇原本就担心风末……:3041  第69章 第六十九章 “我没有不相信的意思……:3051  第70章 第七十章 “对，是我自愿的。” ……:3094  第71章 第七十一章 回到酒店房间后，风映……:3030  第72章 第七十二章 这一整天里，谢烟萝一……:3043
          第73章 第七十三章 风映璇打算留下来过夜……:3046  第74章 第七十四章 风映璇没有作答，说出……:3052  第75章 第七十五章 “白敏，你这般姿态是……:3044  第76章 第七十六章 之后几日，不论是风映……:3066  第77章 第七十七章 顾从安抬手将自己因吃……:3042  第78章 第七十八章 “他阴阳你也没用啊，……:3047
          第79章 第七十九章 “映璇，来来来，尝尝……:3120  第80章 第八十章 风末眠满是看好戏的姿态……:3034  第81章 第八十一章 “这好不好相处的，就……:3055  第82章 第八十二章 风映璇听罢倒是没有一……:3053  第83章 第八十三章 谢烟萝面带微笑地看着……:3063  第84章 第八十四章 风映璇发来的这个消息……:3071
          第85章 第八十五章 “你这都知道了？”谢……:3068  第86章 第八十六章（倒V结束） “娉婷，……:3430  第87章 第八十七章 “奇怪什么？不就是正……:3422  第88章 第八十八章 “弟弟？你是说阿信？……:3406  第89章 第八十九章 自打风映璇推测戴主任……:3454  第90章 第九十章 “错？哪里错了？”风映……:3050
          第91章 第九十一章 “中计？所以你这是给……:3115  第92章 第九十二章 “刘小姐，你今年几岁……:3067  第93章 第九十三章 正如风映璇所料，叶医……:3072  第94章 第九十四章 “我，我没听错吧？风……:3096  第95章 第九十五章 “怎么不可能，国家都……:3043  第96章 第九十六章 谢伯安居然直接把一整……:3106
          第97章 第九十七章 “嗯？为什么啊？”不……:3209  第98章 第九十八章 “臭丫头，就会拿你妈……:3036  第99章 第九十九章 在风映璇医院这个户外……:3041  第100章 第一百章 “风医生，你好，我是刘……:3070  第101章 第一百零一章 “摆脱风璇渊的掌控……:3120  第102章 第一百零二章 “从安，你慢点吃，……:3058
          第103章 第一百零三章 一时之间，餐桌上的……:3057  第104章 第一百零四章 “回绝？” ……:3083  第105章 第一百零五章 风映璇浅笑不语。 ……:3118  第106章 第一百零六章 晚餐过后，风映璇与……:3050  第107章 第一百零七章 谢烟萝稍作停顿又道……:3073  第108章 第一百零八章 转过天的一大早，谢……:3031
          第109章 第一百零九章 “俞清辉！你是不是……:3101  第110章 第一百一十章 “那个，姐……”俞……:3080  第111章 第一百一十一章 “我觉得清辉这个……:3034  第112章 第一百一十一二章 “风医生，网上……:3078  第113章 第一百一十三章 “映璇，你怎么这……:3033  第114章 第一百一十四章 “听起来，他似乎……:3007
          第115章 第一百一十五章 程颢听完谢烟萝的……:3102  第116章 第一百一十六章 谢烟萝做事风格向……:3077  第117章 第一百一十七章 “映璇，来了啊，……:3056  第118章 第一百一十八章 又过了两……:3277  第119章 第一百一十九章 “就这样……:4132

10:48:55  我真没想给宿敌当老婆啊 (安啾儿) [完结]  121p→62章  1026KB  OK
          https://www.52shuku.net/gl/20_b/bkc4n.html
          第1章 第 1 章 死对头:3234  第2章 第 2 章 小孩子脾气:3328  第3章 第 3 章 圈地盘:3169  第4章 第 4 章 暂时合作:4154  第5章 第 5 章 无耻和录音:4070  第6章 第 6 章 第一个条件:4223
          第7章 第 7 章 狗东西:4181  第8章 第 8 章 三人行:4060  第9章 第 9 章 姜汤和维生素:3050  第10章 第 10 章 失误而已:3230  第11章 第 11 章 谁是你老婆:3094  第12章 第 12 章 两节竹签:3342
          第13章 第 13 章 她总能一眼看透:2533  第14章 第 14 章 真是惜命:3045  第15章 第 15 章 从未被接受过的告白……:4220  第16章 第 16 章 镜头就是眼睛:4118  第17章 第 17 章 扑朔迷离的三角形:3862  第18章 第 18 章 撬墙角:2106
          第19章 第 19 章 给予对方的选择权:2210  第20章 第 20 章（入V万字） 三合一章……:11334  第21章 第 21 章 要一起睡觉吗？:6337  第22章 第 22 章 吃到葡萄夸葡萄甜:6235  第23章 第 23 章 如何让兔子乖乖待在笼子……:11253  第24章 第 24 章【修】 狐狸给兔子拜年……:6268
          第25章 第 25 章【已替换】 为什么眼泪不……:6326  第26章 第 26 章 结婚，别怂:6253  第27章 第 27 章 奉陪到底:6206  第28章 第 28 章 嗯，小丑精致版。:6238  第29章 第 29 章 午夜十二点的辛德瑞拉（……:12323  第30章 第 30 章 这不公平:6323
          第31章 第 31 章 相似又不同:6217  第32章 第 32 章 脑袋不是木鱼:6213  第33章 第 33 章 被尘封的储藏室:6546  第34章 第 34 章 姐知道你俩领证！:6243  第35章 第 35 章 初雪姗姗来迟:6379  第36章 第 36 章 兔子狐狸糖画:6297
          第37章 第 37 章 恶毒，但恶不明白:6219  第38章 第 38 章 私奔:6237  第39章 第 39 章 喜欢的人成了别人的老婆……:6346  第40章 第 40 章 产生抗药性的某只毒虫……:9614  第41章 第 41 章 看笑话:6327  第42章 第 42 章 摇首乞怜:7724
          第43章 第 43 章 不公平和不幸运:7888  第44章 第 44 章 课本知识:8184  第45章 第 45 章 钥匙和储藏室:8187  第46章 第 46 章 小菩萨，求你，宽恕我，……:8216  第47章 第 47 章 离婚证与房产证:11392  第48章 第 48 章 好——不般配的一对新（……:4324
          第49章 第 49 章 邻居:4361  第50章 第 50 章 喜欢她的理由:4460  第51章 第 51 章 行尸走肉:4228  第52章 第 52 章 什么才是好结局:4337  第53章 第 53 章 我应该赎罪:4346  第54章 第 54 章 转性的可能性:4207
          第55章 第 55 章 我放开了她:4207  第56章 第 56 章 她与病床床单融为一体……:4211  第57章 第 57 章 别可怜她:4197  第58章 第 58 章 没有错误的选择:4252  第59章 第 59 章 承认吧，伪善的疯子:4188  第60章 第 60 章 感动国家十大人物:4386
          第61章 第 61 章 真真假假，假假真真:4199  第62章 第 62 章 “我爱你。”……:5041

10:49:30  爱，只多不少 (I夕烟) [完结]  88p→65章  755KB  OK
          https://www.52shuku.net/gl/20_b/bkc4j.html
          第1章 指定 离谱得感觉像有人给她下套了！……:3136  第2章 建群 ——柏小姐，加下我v……:4969  第3章 初见 “你不高兴，你不喜欢我？”……:5111  第4章 约饭 好，我下午接你。:3992  第5章 共餐 “怎么好意思让柏设计师请呢？”……:4935  第6章 吃席 她真是找死才敢把对方晾着等自己……:4118
          第7章 过关 易苼救了她一次。:4250  第8章 警告 “我听说，你接了易苼的一笔单子……:3262  第9章 变故 “我说的没错吧，那女人狠辣得很……:3705  第10章 挨训 “我、我仰慕您。”:4082  第11章 可可 “抱歉，我不大会照顾人，没想到……:4353  第12章 合作 一定嫌烦？:3112
          第13章 奖金 “下回易笙如果过来，你跟我说下……:3119  第14章 加班 柏椰可：“不行。”:3519  第15章 朋友 “我觉得算。”易苼这么说。……:5699  第16章 视频 右下角的角落还有一对情侣在接吻……:9652  第17章 离家 “去哪？送你。”:5022  第18章 酒店 “两个月不见，柏设计师还是那么……:4050
          第19章 交易 “暴雨季节的夜晚，不适合独处，……:4949  第20章 明星 今天可真的算是兵荒马乱的一天。……:3016  第21章 下厨 鱼皮被她筷子挑起一片，碎了。……:3356  第22章 刷酱 她琢磨着是否能捣鼓给易苼做早餐……:4048  第23章 解气 有什么比自己理想对象当面拒绝自……:3318  第24章 不爽 一个没有可能的人惦记易笙……关……:3598
          第25章 拥抱 更紧地抱住了易苼。:4346  第26章 摸头 他接下来一定会争取你，培养你。……:3393  第27章 馒头 “创新不好其实……大可不必创新……:3051  第28章 感冒 “别哭啊。”:3693  第29章 辩论 “睡你房间还是睡我房间？”……:3100  第30章 逛街 “我是你领导还是你老师？”……:3977
          第31章 通气 “我知道那次，你受委屈了。”……:3098  第32章 栽树 这个梦没有意义……:3165  第33章 夹菜 “如果有人跟你表白，你会考虑吗……:3504  第34章 和好 过两天，小杨肯定又会咋呼她们易……:4814  第35章 展示 你是真的不喜欢女生吧？:3515  第36章 复杂 这件事我自己都不知道怎样算是解……:3262
          第37章 惊醒 她对易苼的感觉和冲动…………:4387  第38章 道歉 因为情绪价值为负。:3453  第39章 心慌 你想要搬的话，那就搬吧。:3427  第40章 生气 这就是她想要的改变吗？:3564  第41章 上位 这不是最有力的打脸吗？:3546  第42章 大赛 不过我们易总已经拒绝了。……:4200
          第43章 钓鱼 小鱼就上钩了，还会主动约她了。……:3579  第44章 见面 “跟你有约，不是重要的事吗？”……:3055  第45章 奶茶 “你的给我尝一下。”:3603  第46章 错觉 你俩是怎么搞到一块儿去的？！……:3580  第47章 相似 不然，为什么这样关心她？……:3503  第48章 热议 “您是在约她吃晚饭的意思吗？”……:3136
          第49章 散步 “呃，应该是闺蜜亲吧。” ……:3992  第50章 发呆 喜欢就会想靠近，不喜欢就会想躲……:3494  第51章 表白 “好，我喜欢你。”:3602  第52章 喜气 保持着手牵手的姿势:3109  第53章 小杨 “好强的宿命感，你们太美好了！……:3483  第54章 接吻 唇瓣的接触，柔软，呼吸交叠……:3181
          第55章 回来 “今晚陪我。”:3142  第56章 吸引 雪地里的冷空气偶遇荔枝玫瑰的甜……:3938  第57章 夫人 易笙从兜里掏出了一枚钻戒:3931  第58章 热闻 不知道我们市哪个富二代在乱杀！……:3011  第59章 玩物 “要么，让他们安心祝福我们，要……:3449  第60章 同意 “你又骗我！”:3900
          第61章 过年 “你必须喜欢可可。”:3136  第62章 抗拒 疑惑和失望，却是心理上的。……:3172  第63章 捣乱 “你帮我弄点钱，把她俩的关系给……:3227  第64章 出柜 她知道易笙为何对她抗拒了。:4917  第65章 结局 “好，我的爱，只多不……:3350

10:50:37  破产千金嫁入豪门后 (小吧唧) [完结]  135p→92章  1108KB  OK
          https://www.52shuku.net/gl/18_b/bkc2q.html
          第1章 第 1 章 找容容。:4038  第2章 求容容 你和我领证，我才能收留你。:4935  第3章 陪喝酒 “放心喝，没给你下药。”……:4568  第4章 打配合 “爸，妈，我会照顾好明珠。”……:5683  第5章 第 5 章 想容容了。:5237  第6章 领证 “喜糖，吃糖，分喜气。”……:3361
          第7章 第 7 章 一路走一路脱。:2438  第8章 醉酒 容曌抱了上来。:2106  第9章 第 9 章 夜里酒后的容曌仿佛变了一……:2347  第10章 事后 “昨晚我有失态吗？”（小修）……:2992  第11章 第 11 章 明珠立即一条腿跪上床。……:2588  第12章 第 12 章 充满得意、挑衅与生命力……:4467
          第13章 浑身疼 容曌戴着手表走到床边：“很疼……:3380  第14章 额头吻 好软的唇，好柔的触感。……:2957  第15章 撑腰 容容我都想你啦，可想可想了。……:2303  第16章 第 16 章 明珠忽然用腿扒拉容曌膝……:2703  第17章 见家长 “妈，我们回来了。”……:3943  第18章 第 18 章 “你也不装装，不推脱一……:3136
          第19章 第 19 章 颈边多了温热带酒的潮湿……:2846  第20章 酒后 “容容我睡不着，再来一回吧？”……:3110  第21章 第 21 章 意外的带了点调情的意思……:6858  第22章 夜里 容曌又变了一个人。:4693  第23章 小秘密 原来清冷的容曌这样深情。:4781  第24章 送表 容总最爱她的容太太了。:5399
          第25章 算计 “离婚，赶紧和容曌离婚。”……:4467  第26章 撑腰 容曌走来，气质出尘，如月如仙。……:4904  第27章 聚餐 “抱着我。”:5501  第28章 茉莉 明珠也喜欢你。:6177  第29章 月下 “送你一份礼物。”:3644  第30章 Cynthia Fxxx me，pl……:4520
          第31章 生理期 女生流的血不是脏东西。……:3463  第32章 才不内耗 明珠含住了容曌的耳朵。……:4210  第33章 钓鱼 是睡在一起的关系。:3651  第34章 樱桃 “脱了。”:4377  第35章 亲姐 “我想要个新包包~”:4236  第36章 小丑 纵着明珠想怎样就怎样。:4734
          第37章 抢 “宝贝老婆，来买单~”……:4901  第38章 拍 如果明珠喜欢，那就是真的。……:4410  第39章 馋猫 容曌：“我很好追的。”……:3739  第40章 送机 舌尖慢慢地挑过。:4311  第41章 心机 “宝贝，我想要辆新车车~”……:4491  第42章 兔子衣 “想用嘴？”:3805
          第43章 回家 明珠被搂得往前一挺：“啊。”……:4286  第44章 郁闷 我想看你穿，可以吗？:4256  第45章 试探 明珠起了贪念。:3674  第46章 生气！ “我陪她吃两顿饭，你介意吗？……:3853  第47章 找心 【一更】明珠破防了。:3422  第48章 单性恋 【二更】指尖挑开。……:3849
          第49章 地下室 两人的脸颊都滚热、湿黏。……:3776  第50章 确定 【一更】“姐姐，有人欺负我…………:4183  第51章 颂钵 【二更】容曌感动动。……:3367  第52章 夜聊 【一更】Fuuuck！:3442  第53章 啾 【二更】“要试试用这里吗？”……:3414  第54章 仰望 “我心里最优秀的人。”:3839
          第55章 爸妈 【双更合一】生父生母。……:6521  第56章 跑了 【双更合并】好好工作，勿念，么……:6922  第57章 追来了 “那酒吧的老板娘真香真好看。……:4442  第58章 捉奸 “要搞外遇吗？”:3729  第59章 哄 【一更】亲了那个从没亲过的地方！……:3750  第60章 转变 【二更】准备小鞭子。:4262
          第61章 接机 陆姿回来啦。:5440  第62章 推开 【一更】“今晚没有兴致。”……:3373  第63章 同床异梦 【二更】容曌赶她走，是吗？……:3542  第64章 聚餐 【一更】容曌撒娇，还是在外面。……:3509  第65章 落寞 【二更】容容勾引。:3663  第66章 内耗 【一更】意识到离不开容曌了。……:3417
          第67章 发酸 【二更】容曌怎么这么多女性朋友……:3411  第68章 生日前夕 【一更】不安。:3286  第69章 展信佳 【二更】我们还是离婚吧。……:3401  第70章 跑了 【一更】明珠不告而别了！……:3365  第71章 欺人 【二更】暴雨倾盆。:3640  第72章 容容哭了 【一更】留下戒指和手表。……:3359
          第73章 容容发疯 【二更】容容公司怼人。……:3404  第74章 国外找 【一更】明珠不想看见你呗。……:3467  第75章 找到啦！ 【二更】难怪乐不思蜀，沉迷……:3709  第76章 嘴硬 【一更】“这一个月，玩得开心吗……:3379  第77章 共浴 【二更】衣服脱了。……:3737  第78章 铐了 【一更】“片子里还没见过吗？”……:3662
          第79章 兔子衣 【二更】明珠：“……你喝酒了……:4383  第80章 表白 【一更】“那就找我补课，明珠，……:3754  第81章 鞭子 【二更】“宝贝，还可以再重点。……:4486  第82章 追 【一更】里里外外的湿透。……:3341  第83章 塌了 【二更】暴雨。:3908  第84章 雨停 【一更】容曌是她世界里的神明。……:3714
          第85章 办公室 【二更】“别停。”……:3836  第86章 超多爱 “往哪儿摸呢？”:4763  第87章 小海豚 张着嘴喘息，喘得也越来越急。……:4539  第88章 约会 明珠：“汪。”:3755  第89章 求婚 “你愿意嫁给我吗？”:3703  第90章 好爱你啊！ “我怎么这——么幸福啊！……:3753
          第91章 惊喜 “天涯海角，你总能找到我。”“……:3662  第92章 正文完 “爱人在哪，我的家就……:3737

10:52:27  春秋 (Pythagozilla) [完结]  284p→270章  2654KB  OK
          https://www.52shuku.net/gl/17_b/bkc1m.html
          第1章 回京:3622  第2章 奏对:3385  第3章 好打算:3192  第4章 楼里楼外:3437  第5章 高端商战:3298  第6章 生意:3152
          第7章 烟花:3119  第8章 着魔:3323  第9章 庄靖侯:3119  第10章 期货:3157  第11章 解酒汤:2858  第12章 端午:3218
          第13章 全计:3332  第14章 旧疾:3224  第15章 琢玉:3331  第16章 烛照:3145  第17章 沉璧:3296  第18章 父与子:3619
          第19章 唯利之盟:3222  第20章 盐底百骏:2870  第21章 告别:3067  第22章 关于本文[番外]:2232  第23章 毓馥:3334  第24章 开局:3292
          第25章 援手:3087  第26章 旧谊:3586  第27章 琴与笛:3804  第28章 殊途同归:2990  第29章 作战会议:3201  第30章 两只老虎:3516
          第31章 无名齐:3268  第32章 独幽:3308  第33章 羊与狗:4171  第34章 水与火:4340  第35章 断眉金佛:3959  第36章 晴雨:3177
          第37章 夜探:3262  第38章 收官:3663  第39章 卡门:3536  第40章 霸总时间:2637  第41章 捕鱼:2463  第42章 赛马:3379
          第43章 诱饵:3600  第44章 两根横木:3389  第45章 过河卒:3497  第46章 中原讲究:2786  第47章 纪三爷:3670  第48章 调虎离山:3049
          第49章 俯首称臣:3063  第50章 枭雄之死:2923  第51章 孤星:4017  第52章 鸭汤:4076  第53章 找她:2344  第54章 异乡客:2810
          第55章 湘弦:3066  第56章 讨账:3348  第57章 归来:4423  第58章 八珍玉食:3429  第59章 鹤鸣九皋:3328  第60章 芰荷如旧:3062
          第61章 两茫茫:3565  第62章 金子郎君:3403  第63章 神妃:3544  第64章 岁晚故人:3552  第65章 三杯酒:3267  第66章 岁聿:2482
          第67章 天地不仁:3456  第68章 秦淮别:3413  第69章 坠茵:4081  第70章 贺表:2659  第71章 清川留月:3779  第72章 情丝:3143
          第73章 剑舞:2907  第74章 相思:3705  第75章 元宵:3328  第76章 心上人:4022  第77章 花朝:3079  第78章 纲盐:3311
          第79章 青鸾之锋:3086  第80章 哄你:2787  第81章 美人与猴:3790  第82章 馀音社:3164  第83章 寿面:3349  第84章 金桂冠:2193
          第85章 靠脸吃饭:3551  第86章 提意见:3603  第87章 何以为君:2890  第88章 折锋:3083  第89章 许亲:3294  第90章 金笼贵宠:3759
          第91章 踢你:3238  第92章 姐姐:3252  第93章 两相辉:3691  第94章 三璧:3508  第95章 泥鹅:3537  第96章 谁的应酬:3366
          第97章 梧桐雨:3828  第98章 花主:3368  第99章 腐鼠:3043  第100章 撕榜:3894  第101章 才貌论:3018  第102章 三日平患:3276
          第103章 斩蛇:2995  第104章 玉桂樱桃:3175  第105章 非分之想:3261  第106章 人物注（一）祁韫“韫玉山辉”[番外]:5107  第107章 人物注（二）瑟若“玉徽光彩”[番外]:4673  第108章 我想去:2934
          第109章 登闻鼓:2979  第110章 下狱:3724  第111章 见鬼:2487  第112章 金瓯:3710  第113章 寿星:3153  第114章 面首:3326
          第115章 王与剑:5646  第116章 新官:3085  第117章 兔灯:3082  第118章 过关:3164  第119章 万丈寒潭:3492  第120章 八仙过海:3832
          第121章 糖盐:2854  第122章 桃花:3223  第123章 断刀:3185  第124章 斩权:3473  第125章 河豚:3169  第126章 跟标:3383
          第127章 浚稽山:3060  第128章 夏日清供:3679  第129章 石头:2838  第130章 金风玉露:3017  第131章 梃击:2849  第132章 午睡:2874
          第133章 脱簪:2814  第134章 芦花:3743  第135章 溃堤:3316  第136章 宫伯:3708  第137章 织机:3122  第138章 女客:3377
          第139章 晋楚弭兵:2986  第140章 一捧雪:3348  第141章 枇杷蜜膏:2973  第142章 还愿:2884  第143章 飞花:2464  第144章 暖寒:3558
          第145章 寄安:3437  第146章 鸡犬:3395  第147章 晴雪独幽:3174  第148章 桃源别梦:2796  第149章 赢她:3341  第150章 礼物:2948
          第151章 宫规:2990  第152章 大奖:3513  第153章 问岸:3174  第154章 温香:3075  第155章 共寝:2975  第156章 桃林闲步:3010
          第157章 策马啸风:3348  第158章 星登关城:3193  第159章 愿逐月华:3386  第160章 千载相逢:3276  第161章 玄英:3615  第162章 郢王案:3431
          第163章 酒倾愁:2754  第164章 为臣之忠:3077  第165章 最后家规:3147  第166章 功名馀事:3178  第167章 入边:3071  第168章 岁星不度:3297
          第169章 盼君归:2992  第170章 选驸马:3253  第171章 以身许国:3998  第172章 廷杖:3652  第173章 寒夜:2688  第174章 病愈:3296
          第175章 东平宴:3693  第176章 陛下:3035  第177章 小试:3081  第178章 定威:3446  第179章 补刀:3084  第180章 借山:3117
          第181章 叛国:3217  第182章 棋心:3330  第183章 扶枝:3066  第184章 换势:2857  第185章 惊雷:3290  第186章 北上:3319
          第187章 囚笼:3236  第188章 梅娘:3127  第189章 初照:3338  第190章 看诊:3115  第191章 相送:3131  第192章 卖药:3323
          第193章 投名状:3270  第194章 等她来:3677  第195章 天地辽阔:3385  第196章 殊途:3010  第197章 初血:2887  第198章 出奇:3352
          第199章 夜火:3134  第200章 来接你:3116  第201章 鄢相:3479  第202章 动手:3073  第203章 放下:3417  第204章 风起时飞:3123
          第205章 擒王:3176  第206章 风雪途:2948  第207章 议盟:3072  第208章 破晓:3187  第209章 天明:3017  第210章 提亲:3082
          第211章 生门:3362  第212章 带我走:2949  第213章 杨花:3205  第214章 老板娘:3136  第215章 同归:3418  第216章 终南之约:3045
          第217章 蘅烟:3147  第218章 不败之昙:3250  第219章 乱臣贼子:4555  第220章 不死不休:3674  第221章 赌局:3096  第222章 永逝:3752
          第223章 余烬:3046  第224章 权市:2948  第225章 血酒:3196  第226章 求婚:2645  第227章 血祭:3051  第228章 京师围城:2626
          第229章 家国:3300  第230章 天命:2901  第231章 相将归去:3056  第232章 新生:2808  第233章 婚礼:3079  第234章 江南:3660
          第235章 清白:2922  第236章 此刻:3193  第237章 明媒正娶:3823  第238章 夫人:3148  第239章 燕归:3025  第240章 花青:3366
          第241章 十万星河:3260  第242章 浮灯:2749  第243章 登堂:3155  第244章 革心:3299  第245章 茱萸:3039  第246章 蟹宴:3448
          第247章 观潮:3034  第248章 家暖:3061  第249章 新局:3039  第250章 归来:2655  第251章 长公主府:2889  第252章 一枝春:3285
          第253章 孤寂身:2911  第254章 一泓夏:3347  第255章 不相闻:3336  第256章 金莲映日:3242  第257章 请君入瓮:3274  第258章 萤火:3040
          第259章 旧年人:3678  第260章 十年:3028  第261章 春来:3001  第262章 宫心:2827  第263章 阙影:2967  第264章 裂痕:3551
          第265章 请罪:3218  第266章 苏醒:3947  第267章 嘉宾:3139  第268章 韫玉:4589  第269章 落幕:3049  第270章 沧浪:4317

10:53:02  我在山林捡破烂 (跳跳逗逗) [完结]  88p→124章  809KB  OK
          https://www.52shuku.net/gl/17_b/bkc1l.html
          第1章 意外来临:2482  第2章 醒来:1953  第3章 废品回收站:2464  第4章 交谈:2125  第5章 鸡汤:2182  第6章 玻璃瓶:1511
          第7章 春笋:1623  第8章 荠菜团子:1787  第9章 烤鱼:2079  第10章 准备:2071  第11章 北蜜镇1:2271  第12章 北蜜镇2:1570
          第13章 玉米锅贴:1974  第14章 桑葚酱:1572  第15章 槐花:1777  第16章 阿英:2252  第17章 讲故事:1724  第18章 折耳根:1688
          第19章 冷锅兔:1401  第20章 堆肥:1931  第21章 饮食清淡:1617  第22章 樱桃:2358  第23章 外出:2011  第24章 养蜂大计:1872
          第25章 蚊子:1778  第26章 暴雨:2029  第27章 炸小鱼干:1581  第28章 虎皮青椒:1918  第29章 螺蛳与桃子:1502  第30章 牛蛙:1297
          第31章 四季豆箜饭:2698  第32章 泡菜和韭菜盒子:2204  第33章 苦瓜烧鸭子和辣炒鸭杂:1834  第34章 猪油拌饭和回锅肉:2306  第35章 腊肉和香肠:2208  第36章 杀猪菜:2488
          第37章 蕨菜:1955  第38章 麻辣小龙虾:2457  第39章 咸鸭蛋和皮蛋:2379  第40章 番茄酱:2054  第41章 野鸡与河鲜:2057  第42章 鸡丝面:2550
          第43章 麦子:2441  第44章 山神娘娘:3128  第45章 蛋黄酥:2766  第46章 梨:2473  第47章 炉子与剁椒:2453  第48章 玉米:2769
          第49章 花生:2825  第50章 花椒:2145  第51章 摘瓜:2868  第52章 种菜与蓝莓:2158  第53章 枸杞:2808  第54章 桂花与金银花:2292
          第55章 鞋子与饼子:2875  第56章 采蘑菇:2429  第57章 秋笋:2233  第58章 曲奇饼干:1771  第59章 草料:3505  第60章 取蜜:2774
          第61章 石榴与坚果:2326  第62章 南瓜和雨:2482  第63章 漏雨:2027  第64章 采蘑菇2:2034  第65章 饭团:2568  第66章 买卖:2854
          第67章 买买买:2055  第68章 板栗炖鸭:1856  第69章 螃蟹:2902  第70章 红油凉拌鸡:2079  第71章 杂七杂八:2431  第72章 猕猴桃:2068
          第73章 芋头:2080  第74章 百合:1779  第75章 木姜子:2359  第76章 木姜子烤鱼:1877  第77章 山楂:1969  第78章 探访:2043
          第79章 野禽:2040  第80章 皂角与核桃面包:2011  第81章 玫瑰果:1934  第82章 又见冷吃兔:1831  第83章 叫花鸡:2023  第84章 面脂手脂:1716
          第85章 秋梨:2139  第86章 鲑鱼1:2999  第87章 鲑鱼2:3410  第88章 鲑鱼3:2439  第89章 豆花:2024  第90章 生病:1967
          第91章 土豆烧鸭:2296  第92章 萝卜炖腊排骨:2735  第93章 松鼠与蓑衣:2214  第94章 红薯:2057  第95章 土豆:2110  第96章 苹果:1956
          第97章 柿子:1727  第98章 桌子、杯子与柜子:2120  第99章 白菜:1682  第100章 萝卜:1469  第101章 蜂蜜柚子茶:2076  第102章 取水洗澡:2370
          第103章 吻:1737  第104章 狍子:1664  第105章 溜冰:1900  第106章 狗拉爬犁:2150  第107章 人类幼崽:2545  第108章 菜饭:1827
          第109章 垒雪墙:2079  第110章 面块汤:2333  第111章 噩耗:1947  第112章 兔肉炖土豆:1849  第113章 狼来了:2278  第114章 狍子肉干菜饺:1731
          第115章 酸萝卜老鸭汤:1738  第116章 熊口丧命:1989  第117章 搬救兵:2073  第118章 凉拌婆婆丁:1699  第119章 柳根鱼:2300  第120章 新成员:2051
          第121章 蕨菜炒腊肉:2494  第122章 建蜂房:2748  第123章 炸春卷:2075  第124章 榛子面包:1583

10:53:28  全世界都在等我和前女友复婚[娱乐圈] (喧庭) [完结]  59p→51章  547KB  OK
          https://www.52shuku.net/gl/17_b/bkc0L.html
          第1章 摔倒 她的手机屏幕亮了一下，赫然是钟……:4223  第2章 转势 黑通稿也会失效吗。:3338  第3章 新剧本 正好和钟情的眼神对了个正着。……:3196  第4章 试镜 她和别人实在是没有一点张力。……:4044  第5章 与前任走戏 将军把剑横在了七公主的后……:3794  第6章 上妆 一场鬼使神差的指点，一种无法克……:3286
          第7章 加个微信？ 那就是董花辞这个人，对付……:3605  第8章 仲夏夜之梦 雨后上海便利店。:3897  第9章 公费请客 “对伐？”:3254  第10章 在天台抱抱 你最有本事。:3927  第11章 “工作” 您难道更想看到在我房间门口……:3539  第12章 私会 “你找不到对象啊，都要找前任？……:3181
          第13章 701701 你明天早饭吃什么？……:3889  第14章 共进早餐 捡个口红。:3455  第15章 好戏 双人词条就这么华丽丽登顶了。……:3647  第16章 暗醋 手机给你，自己找，自己删。……:3303  第17章 私会计划 也没有人规定要给的东西不能……:4284  第18章 情歌 赠玫瑰任她坏:3084
          第19章 难藏 那个绿豆冰沙，有这么好吃？……:3192  第20章 舞室示范 一名十八岁的钟情专属舞蹈直……:3159  第21章 惹火 深夜床头吊带白薄裙:3349  第22章 夏夜吻来早 请不要被别人喜欢。……:3310  第23章 清高 一吻便杀一个人:3131  第24章 旁敲侧击 原来这对中会吃醋的另有高人……:3276
          第25章 哄 我只是觉得，只要听你说出来的话，……:3434  第26章 “勒索” 我们的关系，我不录音也可以……:3241  第27章 日料店 亲我一下 算你还账:3229  第28章 电梯初恋见证官 处处吻:3369  第29章 玩香水 金主大人。:3679  第30章 热恋磨合 She is my gir……:3391
          第31章 算账 你不能谈。:3236  第32章 绝望的乐观主义 怕前女友开路虎，自己……:3685  第33章 秀场洗手间 不知道的还以为我们在洗手……:3450  第34章 名利场 压力很大，那要不要见我一下。……:3136  第35章 地下车库 我不会解安全带，你帮我。……:3432  第36章 情迷 原罪坠网。:3208
          第37章 长恨歌 做一下吧，我听说这个可以缓解……:3447  第38章 第一次留宿 你最漂亮。:3266  第39章 青春奋斗录 最珍贵也最陈旧，最甜蜜也……:3412  第40章 黑红共缠绵 情绪结网。:3366  第41章 爱人教养 生理期（时间线收回）……:4145  第42章 我家 疑似同居:4093
          第43章 起名艺术 知名女明星疑似被包养:3776  第44章 避嫌无用论 “演不出爱的时候就想你。……:3502  第45章 恐惧 疯子和不入流野心家的不谋而合……:3443  第46章 理想主义者 我其实最想做演员——我想……:3310  第47章 真心曝光 被迫暂时退圈的同居日常:3662  第48章 留洋归来黑月光 导演钟情VS主播小树:3637
          第49章 文艺片 重逢、内定女主角与见家长:4176  第50章 归来的明星 哪怕您要求我把命运和您绑……:3919  第51章 影后之夜（大结局） 她甜……:5507

10:54:05  伪装女友已上线 (镜里秋) [完结]  86p→65章  750KB  OK
          https://www.52shuku.net/gl/16_b/bkc05.html
          第1章 剪发风波:3913  第2章 新同桌:3564  第3章 不一样的一面:3400  第4章 识破:3643  第5章 发烧:3739  第6章 奇葩的成绩条:3431
          第7章 跳芭蕾的墨染:3380  第8章 请家长:3135  第9章 吵架:3370  第10章 南区:3665  第11章 南区警察局:3642  第12章 补物理:3641
          第13章 不愧是卿学霸:3465  第14章 沐瑾璇失踪:3495  第15章 晴雨诊所:3697  第16章 吃螺蛳粉:3433  第17章 脚崴了:3967  第18章 沐校霸好温柔:4512
          第19章 贴吧风波:4290  第20章 偷拍:3462  第21章 风雨前的浪花:3232  第22章 暖手:4631  第23章 剪发:3620  第24章 零班?:4110
          第25章 矛盾初现:3859  第26章 矛盾:4663  第27章 明白:3306  第28章 【跨年特别篇】:4898  第29章 复习复习:4747  第30章 考试考试:3202
          第31章 期末聚餐:3237  第32章 醉酒:3405  第33章 梦魇:10569  第34章 告白:4270  第35章 同居?:4268  第36章 怀疑:4438
          第37章 成绩:3618  第38章 约会:4681  第39章 谎言:4857  第40章 信任:3527  第41章 想见:3365  第42章 和好:3605
          第43章 住校:4404  第44章 检讨:3358  第45章 比赛:3553  第46章 父亲:4367  第47章 交易:4586  第48章 崩溃:5113
          第49章 bar:4535  第50章 再见:3296  第51章 阿瑾:3235  第52章 六年:3821  第53章 醉酒:3423  第54章 小青:3270
          第55章 往事:3381  第56章 比赛:3660  第57章 加料:3462  第58章 宋宅:3628  第59章 恨意:4418  第60章 真相:3532
          第61章 消息:3389  第62章 受伤:3315  第63章 戒烟:3177  第64章 上学:2709  第65章 最终:3374

10:54:51  你们嗑的CP是真的 (狐生九影) [完结+番外]  121p→100章  1021KB  OK
          https://www.52shuku.net/gl/16_b/bkc03.html
          第1章:4057  第2章:2791  第3章:2611  第4章:2859  第5章:3320  第6章:3056
          第7章:3204  第8章:3368  第9章:2788  第10章:2271  第11章:2518  第12章:3788
          第13章:2857  第14章:3355  第15章:2941  第16章:2750  第17章:3000  第18章:2490
          第19章:2189  第20章:2309  第21章:3697  第22章:2699  第23章:3384  第24章:2585
          第25章:3113  第26章:3429  第27章:3352  第28章:3109  第29章:3168  第30章:3332
          第31章:3292  第32章:3253  第33章:3114  第34章:4001  第35章:3170  第36章:3475
          第37章:3192  第38章:3473  第39章:3368  第40章:5443  第41章:3414  第42章:3655
          第43章:3606  第44章:3172  第45章:3480  第46章:3530  第47章:4420  第48章:4055
          第49章:3572  第50章:3262  第51章:4632  第52章:3629  第53章:3182  第54章:3146
          第55章:3289  第56章:6234  第57章:4018  第58章:2763  第59章:3314  第60章:3499
          第61章:3976  第62章:3165  第63章:3854  第64章:4425  第65章:3228  第66章:3603
          第67章:3307  第68章:3489  第69章:3812  第70章:4529  第71章:3312  第72章:3505
          第73章:3771  第74章:3480  第75章:3847  第76章:3304  第77章:3329  第78章:3449
          第79章:3388  第80章:3474  第81章:4244  第82章:3529  第83章:3851  第84章:5556
          第85章:3468  第86章:3353  第87章:3511  第88章:3224  第89章:6566  第90章:4466
          第91章:3282  第92章:3609  第93章:3234  第94章:3383  第95章:3382  第96章:3794
          第97章:3150  第98章:5286  第99章:3054  第100章 番外:1777

10:56:00  前妻今天同意复婚了吗 (因风絮) [完结+番外]  116p→99章  1024KB  OK
          https://www.52shuku.net/gl/16_b/bkc02.html
          第1章 离婚:3837  第2章 理理:3804  第3章 相册:3471  第4章 饼干:3581  第5章 娇气:2155  第6章 改名:3393
          第7章 感觉:3709  第8章 小酒鬼:4301  第9章 陌生女人:2240  第10章 她是谁？:2189  第11章 暗号:3090  第12章 防护:2100
          第13章 捡垃圾:2413  第14章 好可怕:2972  第15章 意图:2224  第16章 帮手:2930  第17章 情敌二号:3114  第18章 被情敌气了:2089
          第19章 答案:2091  第20章 告别黑名单:2385  第21章 电话粥:2423  第22章 没有回复:2374  第23章 这婚怎么结的:2632  第24章 心态崩了:2791
          第25章 手给我:2958  第26章 心痒难耐:9707  第27章 就挨一下:3317  第28章 好香:3213  第29章 咬坏吸管:3479  第30章 戒烟:3386
          第31章 学游泳:3637  第32章 吸管杯:4834  第33章 休息:4429  第34章 三天时间:3768  第35章 解释:4440  第36章 华服:4416
          第37章 跟我走:2986  第38章 干嘛去了:3493  第39章 不想回家:3700  第40章 打算:3473  第41章 换睡衣:2967  第42章 摸头:3786
          第43章 失踪:4093  第44章 醉鬼:3095  第45章 画风不对:4366  第46章 牵手:3824  第47章 你们在谈恋爱吗？:4196  第48章 不想异地恋:3348
          第49章 再晚都要见面:3275  第50章 爆料:4038  第51章 坦白:4016  第52章 赖床:2841  第53章 吃饭:3413  第54章 聪明劲:3773
          第55章 那我们继续？:3128  第56章 我找池韫:2933  第57章 游泳教学:3652  第58章 发情期:4014  第59章 早安吻（修）:4742  第60章 筑窝:2802
          第61章 顺毛:3310  第62章 婚纱照:3407  第63章 鸳鸯浴:3840  第64章 解扣子:3263  第65章 大写的委屈:3312  第66章 家法伺候:3285
          第67章 同居:3273  第68章 落水:4339  第69章 住院:3314  第70章 脱衣服:3730  第71章 艺术加工:4157  第72章 有方法的:2704
          第73章 想用就用:3376  第74章 忍不了:3648  第75章 春色:3888  第76章 情之所至:3586  第77章 快递:2753  第78章 新手妈妈:3504
          第79章 花花好好:3736  第80章 破瓜而出:3504  第81章 她失宠了:2952  第82章 梨家大军:3954  第83章 偶遇同学:3042  第84章 打电话给外婆:4397
          第85章 树上的秘密:3694  第86章 月月和圆圆:3827  第87章 淋雨发烧:3361  第88章 照顾病人:3424  第89章 陪睡:2784  第90章 花好月圆:3341
          第91章 不开心:3516  第92章 复婚:3688  第93章 一家六口:2356  第94章 捂眼睛:3116  第95章 过节:2664  第96章 故地重游:3632
          第97章 合法妻子:2712  第98章 正文完:2799  第99章 番外一:2625

10:57:24  开局师姐带我跑，我把师姐变病娇 (姝茉) [完结]  216p→299章  1867KB  OK
          https://www.52shuku.net/gl/16_b/bkc01.html
          第1章 崽种系统跑了！:2022  第2章 就相信女主！:2024  第3章 想跑去哪里啊？:2021  第4章 努力和天赋:2021  第5章 这是男主？？:2019  第6章 三大仙宗:2019
          第7章 白玉城:2075  第8章 祝仙灯会:2000  第9章 谁带走了凤衔月:2096  第10章 和女主结契:1956  第11章 考天衍仙宗呗:2044  第12章 女主杀了男主！:2001
          第13章 登天梯:1997  第14章 测灵根:2036  第15章 就选天衍仙宗！:2027  第16章 血池:2025  第17章 杂种:2009  第18章 凤凰明骨:2028
          第19章 素玉老祖:2015  第20章 一天多了两师叔:2008  第21章 老祖收徒了:2018  第22章 凤宁院:2020  第23章 敌袭:2054  第24章 九幽古林:2020
          第25章 捞什么:2017  第26章 月季城:2036  第27章 红白月季:2012  第28章 相遇:2010  第29章 我很庆幸，与你结契:2053  第30章 至宝出世:2000
          第31章 碰瓷啊:2039  第32章 跑路:2049  第33章 幽香紫叶:1943  第34章 残忍吗:2031  第35章 三宗汇聚:2031  第36章 三千年前:2046
          第37章 花精灵丹:1979  第38章 陆青然:1984  第39章 音峰:2016  第40章 对音修的印象:2016  第41章 我想整个网:2041  第42章 出关了:2039
          第43章 时代变了:2016  第44章 火玄晶:2057  第45章 永远在一起！:2001  第46章 卜修褚灵:2063  第47章 也被拉进秘境:2019  第48章 东南孟家:2016
          第49章 孟晴:2014  第50章 帮忙！:2022  第51章 孟城:2033  第52章 一个都别想跑:2082  第53章 打！:2036  第54章 怎么能杀人呢:2021
          第55章 谁是饵:2048  第56章 魔族的阵法:2039  第57章 十日血魔阵:2010  第58章 她还在凌云州吗？:2015  第59章 仙人！:2029  第60章 不在凌云州:2032
          第61章 去看看就知道了:2031  第62章 那就一起去:2008  第63章 肉宴:2009  第64章 饕餮宴:2059  第65章 高楼里，有东西:2022  第66章 天雷:2031
          第67章 两手准备:2024  第68章 传承下去:2006  第69章 强盗来了:2033  第70章 救援:2052  第71章 离去:2039  第72章 宁宁你真厉害:2000
          第73章 爱她？:2019  第74章 见过雪吗:2009  第75章 抓她们的:2018  第76章 绞杀，吞噬:2051  第77章 凤衔月，死了？:2030  第78章 今日，谁都别想活着:1994
          第79章 合作:2012  第80章 不会死:2002  第81章 醒来:2001  第82章 第四个势力:2066  第83章 听到了吧:2037  第84章 可能是东海鲛人召唤:2004
          第85章 想跟你结灵魂契约:2041  第86章 真的爱上了？:1979  第87章 看上谁了？:2054  第88章 什么鬼地方:2010  第89章 迷了心智一般:2098  第90章 玉虚幻术:2019
          第91章 就是亲家了哟～:2038  第92章 勉强答应你啦:1988  第93章 这厮运气太好了:1998  第94章 我有个主意:2066  第95章 买！:2022  第96章 好贵:2078
          第97章 莫惊春:2004  第98章 星象异变:2038  第99章 妖袭:2057  第100章 十星莲花之星:2079  第101章 卷轴:2058  第102章 唤醒:1994
          第103章 天河城:2036  第104章 试试好不好:2092  第105章 雅集:2054  第106章 交换:2000  第107章 粉珍珠:2009  第108章 游船集会:2008
          第109章 聂欢:2014  第110章 寻找:2015  第111章 他不行:2059  第112章 满衣:2030  第113章 黑市拍卖会:2044  第114章 桑宁想要，桑宁得到！:2028
          第115章 聂家争夺:2024  第116章 买！！:2090  第117章 星陨之地的令牌:1996  第118章 谁抢谁:2122  第119章 杀人夺宝:2015  第120章 他拜见谁？:2078
          第121章 目的达成:2029  第122章 也不是完全没用:2019  第123章 去试试:2008  第124章 十个人:2101  第125章 进入星陨之地:2075  第126章 双胞胎剑修，雾诏雾生:1964
          第127章 魔族残魂:2016  第128章 逃走:2023  第129章 器修游朔:2013  第130章 各有各的奇葩:2062  第131章 萧安然，云岫:2035  第132章 李木欢:2107
          第133章 演戏:2032  第134章 魔族残魂包围圈:2128  第135章 不对劲:2011  第136章 被魔族留下:2076  第137章 被敌人养起来:2033  第138章 月芜上仙:2162
          第139章 计划:2030  第140章 全进她的人皇幡吧！:2113  第141章 回去了！:2006  第142章 把他们都带出来了:2106  第143章 好多仙宝:2030  第144章 要看要看:2037
          第145章 下一步计划:2091  第146章 金兰双镜:2072  第147章 进去就知道了:2015  第148章 你要去哪？:2129  第149章 我不允许你离开我:2038  第150章 众人镜:2048
          第151章 蛮子宫女:2041  第152章 金兰花:2112  第153章 怪物:2013  第154章 生了个妖:2073  第155章 准备:2024  第156章 出发！:2029
          第157章 秦家旁系:2052  第158章 互扇耳光:1976  第159章 薛珏被削爵:2021  第160章 大佬且富婆:2054  第161章 她们两是什么身份？:2023  第162章 睡不着了:2099
          第163章 薛道友啥情况啊:2018  第164章 飞舟与船:2093  第165章 涌蓝晶石:2030  第166章 赌石:2029  第167章 惊晶！:2018  第168章 宝贝太多好烦恼:2082
          第169章 截停，击落:2009  第170章 小辈:2050  第171章 战:2007  第172章 辅助:2067  第173章 乐声增益:1998  第174章 开大了:2149
          第175章 摸尸:2029  第176章 你家没了:2092  第177章 小心家:2022  第178章 停靠梨花郡:2036  第179章 画卷:2006  第180章 郡主:2020
          第181章 陛下听清楚了吗:1999  第182章 画师之想:2100  第183章 机缘:2039  第184章 东方灵:1975  第185章 同行:2026  第186章 火焰龙眼做成的船:2047
          第187章 阿舟:2023  第188章 鲛人不简单:2056  第189章 汇合:2029  第190章 找人:2031  第191章 哪儿来的这么多人:2030  第192章 一起出发！:2025
          第193章 东方家修士保护你！:1999  第194章 朋友:2037  第195章 炼魂百池:2054  第196章 元素池:1990  第197章 难道是皇子？:1909  第198章 白檀的念:2126
          第199章 两个星:2047  第200章 浮玉京:1980  第201章 暴食魔王:2021  第202章 进入混乱灵气流:2021  第203章 寻宝仓鼠:2024  第204章 让给我:2019
          第205章 揍他们一顿:2014  第206章 苦力:2003  第207章 识时务者:2020  第208章 消息:2025  第209章 上官家:2011  第210章 仇者快啊！:2003
          第211章 吵架:2017  第212章 她也没说啊:2001  第213章 身份？:2012  第214章 凤星:2001  第215章 青莲:2032  第216章 逼着她动起来:1977
          第217章 奖励:2006  第218章 幽兰州:2025  第219章 借力打力:2039  第220章 请上路吧:1979  第221章 原来是两个人啊:2013  第222章 去修炼了:2032
          第223章 倒霉蛋:2014  第224章 竟是雷星:2054  第225章 尊上:2025  第226章 竟然是灵食啊:2007  第227章 好厨子:2033  第228章 好点子:2023
          第229章 邪修:2007  第230章 两种植物:2023  第231章 都想要:2039  第232章 八品蓝级至宝:2019  第233章 没有第三次了:2025  第234章 奖励，都是她的！:2040
          第235章 魔族！:2032  第236章 白玉兰:1986  第237章 白玉兰的作用:1992  第238章 磕:2049  第239章 钓鱼执法:2029  第240章 太善良了:1999
          第241章 得排队:1987  第242章 分开出去:2037  第243章 向日葵城:2021  第244章 最多算个半妖吧:2002  第245章 救她！:2006  第246章 错过真相:2046
          第247章 想修仙吗:1995  第248章 先去宗门吧:2028  第249章 女主不会喝酒吗:2001  第250章 只是你的:2023  第251章 挖地！:2019  第252章 没想让她们挖地:2006
          第253章 修什么好呢:2026  第254章 幽兰仙宗两座塔:2006  第255章 白紫然:2026  第256章 女儿:1988  第257章 往事:2023  第258章 引魂幡:2032
          第259章 欢迎紫然归来:2014  第260章 椒椒，鱼鱼和菇菇:2028  第261章 椒椒州红椒:2010  第262章 身份:2041  第263章 最后三枚:2047  第264章 天神:1958
          第265章 女主坏坏女主:2014  第266章 站在尊上那边:2019  第267章 礼物:2020  第268章 漾水州:1992  第269章 船顶包厢:1987  第270章 危险欲来:2105
          第271章 跟你说一件事:2021  第272章 这件事:2052  第273章 求我:2086  第274章 代替:1945  第275章 太难了:1999  第276章 白雪州太冷了:2049
          第277章 极寒暴动:2008  第278章 治愈术:2005  第279章 撑住:1955  第280章 星落:2093  第281章 风暗两星:2006  第282章 有没有可能，她还活着:2037
          第283章 拉倒吧就这样:2007  第284章 州界大比新增名额:2059  第285章 每一顿都有你的:2011  第286章 仙宝:2021  第287章 劈死他:2021  第288章 明月谷:2009
          第289章 回家了:2026  第290章 鲛人族:1983  第291章 鲛皇:2025  第292章 你是青莲？:2014  第293章 皇极州:2007  第294章 神龙:2032
          第295章 魔界:2009  第296章 两个方法:2032  第297章 这操作简直了:2018  第298章 她爱她:2038  第299章 大结局永恒:2487

10:57:53  炮灰，但被暴君娇养了 (不熄) [完结]  66p→47章  526KB  OK
          https://www.52shuku.net/gl/16_b/bkc0n.html
          第1章 穿书 身体怎么越来越热了:5677  第2章 意外【已修】 是孤的错:3485  第3章 调查【已修】 笨蛋:3046  第4章 跳河【已修】 就这点胆量还想跳河？……:3400  第5章 转桌【已修】 自己坐上来:3536  第6章 喂饭【已修】 红着脸跨坐在司砚腿上……:3472
          第7章 上吊【已修】 好玩吗？:3335  第8章 轻易【已修】 你的命就这样轻易？……:3870  第9章 惩罚【已修】 带上环或许会很好看。……:3034  第10章 求情【已修】 舌头伸出来:3459  第11章 误会【已修】 对不起:4621  第12章 照顾【已修】 你是孤的小刺客:3682
          第13章 珍藏【已修】 司砚喜欢女生？:3458  第14章 嫉妒【已修】 我已经跟TA私定终身了……:3550  第15章 挑食【已修】 我要你喂我:3137  第16章 汤池 性取向没变:3483  第17章 心软 你要是想，也不是不可以:4284  第18章 醉酒 为什么要回家？:3202
          第19章 扮丑 孤的人，还轮不到你们评判……:3160  第20章 拨云 孤十八岁就跟了你啊，姐姐……:3215  第21章 出游 你带上很好看，阿予:3217  第22章 逃离 怎么不跑了？:3452  第23章 恐吓 你是不是有点喜欢孤了？:3366  第24章 挑明 孤没亲过别人，只亲过你:3221
          第25章 心意 愿意给孤一个追求你的机会吗？……:3309  第26章 吃醋 可孤是你的人:3843  第27章 哄人 对别人那般好，对孤就就是质问:3388  第28章 秋千 那就追一辈子:3312  第29章 可怜 孤今晚能睡在这里吗？:3362  第30章 姐姐 要不要听姐姐的话？:3106
          第31章 受伤 孤说错话了:3416  第32章 别扭 我要你抱着我睡:3595  第33章 睡吧 昙花一现:3337  第34章 伤人 林予甜，你在怕什么？:3295  第35章 明了 那张脸跟林予甜有七分相似:3339  第36章 溺水 其实她早就喜欢司砚了:4540
          第37章 幻觉 司砚竟然站在门口:4119  第38章 害怕 你逃不掉的:4650  第39章 开口 司砚，不要离开我:4116  第40章 互诉 她要吃‘小鱼’了:5162  第41章 承诺 不分开:5828  第42章 装傻 我不喜欢你这样的坏学生:3656
          第43章 喝酒 别碰她:3208  第44章 恼怒 别碰我:3602  第45章 宝贝 只能被我喊:3692  第46章 疑问 迈巴赫:3702  第47章 完结 我也喜欢你:3537

10:58:38  落难帝王对我俯首称臣 (君无我弃) [完结+番外]  107p→86章  954KB  OK
          https://www.52shuku.net/gl/16_b/bkc0h.html
          第1章 南诏变（一）:3446  第2章 南诏变（二）:3585  第3章 南诏变（三）:3644  第4章 南诏变（四）:3801  第5章 南诏变（五）:3499  第6章 南诏变（六）:3599
          第7章 南诏变（七）:3440  第8章 南诏变（八）:3502  第9章 南诏变（九）:3518  第10章 南诏变（十）:3244  第11章 行路难（一）:3280  第12章 行路难（二）:3984
          第13章 行路难（三）:3440  第14章 行路难（四）:3434  第15章 行路难（五）:3587  第16章 行路难（六）:3951  第17章 行路难（七）:3274  第18章 行路难（八）:3191
          第19章 行路难（九）:3304  第20章 河西乱（一）:3277  第21章 河西乱（二）:3201  第22章 河西乱（三）:3230  第23章 河西乱（四）:4951  第24章 河西乱（五）:3519
          第25章 河西乱（六）:3183  第一章开始，对尘宝的发色和瞳色就有多次交代了哦，有宝猜到这个身世背景嘛？[狗头]:0  第26章 河西乱（七）:3453  第27章 河西乱（八）:3247  第28章 河西乱（九）:3303  第29章 河西乱（十）:3600
          第30章 河西乱（十一）:3567  第31章 河西乱（十二）:3985  第32章 河西乱（十三）:3348  第33章 近乡情（一）:3360  第34章 近乡情（二）:3426  第35章 近乡情（三）:3374
          第36章 近乡情（四五六）:10527  第37章 近乡情（七八）:6843  第38章 近乡情（九）:3602  第39章 近乡情（十）:3409  第40章 江南灾（一）:3738  第41章 江南灾（二）:3724
          第42章 江南灾（三）:3754  第43章 江南灾（四）:3566  第44章 江南灾（五）:4027  第45章 江南灾（六）:3981  第46章 江南灾（七）:3773  第47章 江南灾（八）:3766
          第48章 隙中驹（一）:3630  第49章 隙中驹（二）:3564  第50章 隙中驹（三）:4256  第51章 隙中驹（四）:4128  第52章 隙中驹（五）:3297  第53章 隙中驹（六）:3591
          第54章 隙中驹（七）:3772  第55章 隙中驹（八）:3326  第56章 萧墙祸（一）:3358  第57章 萧墙祸（二）:3689  第58章 萧墙祸（三）:3894  第59章 萧墙祸（四）:3500
          第60章 萧墙祸（五）:3987  第61章 萧墙祸（六）:3881  第62章 萧墙祸（七）:4007  第63章 萧墙祸（八）:3723  第64章 萧墙祸（九）:4303  第65章 萧墙祸（十）:3403
          第66章 两相思（一）:3589  第67章 两相思（二）:3436  第68章 两相守（一）:4080  第69章 两相守（二）:3578  第70章 相思相守:6701  第71章 大豊众生相（一）:3952
          第72章 大豊众生相（二）:4183  第73章 大豊众生相（三）:3625  第74章 完美世界if线（一）:2916  第75章 完美世界if线（二）:2389  第76章 完美世界if线（三）:2929  第77章 完美世界if线（四）:2619
          第78章 完美世界if线（五）:2763  第79章 完美世界if线（六）:3199  第80章 完美世界if线（七）:4103  第81章 完美世界if线（八）:4736  第82章 大豊众生相（四）:2787  第83章 大豊众生相（五）:3629
          第84章 大豊众生相（六）:3820  第85章 大豊众生相（七）:1970

10:59:06  和死对头互换身体后 (五色糯米团) [完结]  67p→58章  570KB  OK
          https://www.52shuku.net/gl/15_b/bkcyt.html
          第1章:4303  第2章:3146  第3章:3765  第4章:4017  第5章:3497  第6章:4211
          第7章:4437  第8章:4080  第9章:3236  第10章:3046  第11章:3158  第12章:3066
          第13章:3088  第14章:3397  第15章:2662  第16章:3537  第17章:3170  第18章:3190
          第19章:3182  第20章:2849  第21章:3002  第22章:3896  第23章:3091  第24章:3006
          第25章:3042  第26章:3206  第27章:3017  第28章:3021  第29章:3024  第30章:3029
          第31章:1970  第32章:1173  第33章:3056  第34章:3001  第35章:3002  第36章:3007
          第37章:3011  第38章:3019  第39章:3026  第40章:3004  第41章:3006  第42章:3025
          第43章:3006  第44章:3123  第45章:3078  第46章:3015  第47章:3008  第48章:3014
          第49章:3049  第50章:3023  第51章:4048  第52章:3549  第53章:3174  第54章:3390
          第55章:3587  第56章:3506  第57章:3865  第58章:4227

10:59:32  分手后大小姐后悔了 (江湘西岸) [完结]  61p→52章  533KB  OK
          https://www.52shuku.net/gl/11_b/bkcw2.html
          第1章 再见前任 陌生的声音裹挟着无比熟悉的……:3908  第2章 狼狈的前任 听话得像小狗一样:3611  第3章 嘴硬的前任 我早就不是你的家庭教师了……:2897  第4章 被气哭的前任 我要住你家！:3998  第5章 邀约的前任 一起睡？:3296  第6章 做贼 今早为什么偷偷摸摸去我房间？:4017
          第7章 她的小猫 声音颤抖，发出小猫似的哭声……:2883  第8章 小猫，别怕 湿漉漉的山茶色狐狸眼撞进……:2127  第9章 肢体的语言 像水蛇一样死死缠绕:3811  第10章 陆和是我的人 命令的语气钻进陆和的耳……:6300  第11章 欲拒还迎 “是不是刚刚没亲够？”……:2178  第12章 不后悔 抱我。:3494
          第13章 你们是什么关系 “朋友”“前任”……:4531  第14章 委屈和埋怨 为什么要拒绝她:7068  第15章 抓包 某人真是嘴硬心软:3666  第16章 你个骗子 心跳因为陆和这句话慢了一拍……:3166  第17章 “乖” 被突如其来的温柔砸得不知所措……:1553  第18章 前任突袭 被迫睡一间房:2103
          第19章 前任的一再逼近 逼仄的空间里两人浑身……:2991  第20章 撕咬 带着血腥味的一个吻:10504  第21章 误会解开 她委屈的朝陆和撒娇:6793  第22章 她才不要和陆和做朋友 在前面加一个“……:3452  第23章 你回来了 回来了:3391  第24章 把温峤扑倒 过来:3689
          第25章 吃醋 哦，她一定很喜欢你吧？（酸溜溜……:6685  第26章 调戏不成反被 大小姐，请不要这样……:3337  第27章 大小姐真是…… 很坏:3833  第28章 顺路 “陆和，你好闷骚哦~”:3496  第29章 打工 好马不吃回头草:3798  第30章 忧心 人在家，心却在她身:3617
          第31章 挣钱不易，温峤叹气 败家子！:3299  第32章 坏人 闷骚:3333  第33章 她又来招惹我 等你回来:4383  第34章 各怀心事 示好:2424  第35章 原谅 转变:1612  第36章 复合 你以后不许对我凶了:1640
          第37章 潘多拉魔盒 别……:2349  第38章 无法克制 你别惹我……:2254  第39章 吞吃入腹 早安:2326  第40章 暗恋 一模一样的:2354  第41章 惊天大新闻 讨厌我？！:3282  第42章 哄人 “不许揉了，痒~”:1723
          第43章 委屈 “不关你的事。”:2718  第44章 求助 求您了:2273  第45章 威胁 下三滥:2357  第46章 坦白 “我和你说个事，你不准生气。”……:1965  第47章 计划 “骗子！”:2299  第48章 哄她 “解释。”:1707
          第49章 失踪！ 温峤，不见了:2333  第50章 一手交钱，一手叫人 残酷:2326  第51章 毁约 僵持不下:2592  第52章 我爱你 温峤还在等她:3467

11:00:04  牡丹与万年枝 (红浪花儿) [完结]  76p→70章  675KB  OK
          https://www.52shuku.net/gl/10_b/bkcwz.html
          第1章 假驴包:2962  第2章 大女人:3256  第3章 摇钱树:3149  第4章 水蜜桃:2994  第5章 养老钱:3337  第6章 圣诞帽:3411
          第7章 主心骨:2939  第8章 女恶霸:2941  第9章 委托人:3100  第10章 冷烧烤:3135  第11章 边牧爱:3121  第12章 宝宝鱼:3258
          第13章 杨春娟:3376  第14章 泔水缘:3742  第15章 星斑鱼:3043  第16章 念恩情:3181  第17章 鸢尾钻:3277  第18章 搬新家:3027
          第19章 离别夜:3085  第20章 唢呐响:3151  第21章 晚礼服:3411  第22章 定制款:3561  第23章 开幕式:3161  第24章 下午茶:3185
          第25章 玫瑰卡:2891  第26章 烟灰缸:3718  第27章 梨争岁:3451  第28章 泡浴缸:1555  第29章 修文了:10  第30章 杂面店:2241
          第31章 喜鹊桥:3231  第32章 不说话:3236  第33章 金手镯:3377  第34章 初吻夜:3064  第35章 高中符:3278  第36章 离婚吧:3375
          第37章 同性恋:3812  第38章 潮有信:2439  第39章 喜欢你:3141  第40章 海非深:3604  第41章 潮献之:3346  第42章 跑不掉:4099
          第43章 高考日:3163  第44章 烟花秀:2885  第45章 离开了:3669  第46章 两年后:3414  第47章 失忆了:3134  第48章 发现了:3712
          第49章 锦鲤服:3161  第50章 招标会:3089  第51章 重逢日:3228  第52章 亲亲我:2632  第53章 我亲亲:2917  第54章 开店吧:3312
          第55章 逃出了:3742  第56章 男配卒:3147  第57章 是假卒:3051  第58章 回红浪:2019  第59章 想求婚:3341  第60章 三缺一:3240
          第61章 第一次:2161  第62章 算了吗:3396  第63章 飞伦敦:3130  第64章 断关系:3252  第65章 别说了:5163  第66章 想你了:3550
          第67章 甭管了:3586  第68章 病好了:3540  第69章 表白了:4247  第70章 别放手:3225

11:00:32  共溺 (砚子川) [完结]  69p→72章  619KB  OK
          https://www.52shuku.net/gl/10_b/bkcwy.html
          第1章:2441  第2章:2298  第3章:2376  第4章:2388  第5章:2231  第6章:2458
          第7章:2357  第8章:2388  第9章:2528  第10章:2413  第11章:2270  第12章:2299
          第13章:2606  第14章:2396  第15章:2527  第16章:2579  第17章:2282  第18章:2263
          第19章:2813  第20章:3115  第21章:3146  第22章:2898  第23章:3096  第24章:2497
          第25章:3158  第26章:3075  第27章:2624  第28章:2904  第29章:2795  第30章:3253
          第31章:2657  第32章:2981  第33章:3795  第34章:2788  第35章:2590  第36章:2424
          第37章:3031  第38章:3047  第39章:3101  第40章:3253  第41章:2543  第42章:2706
          第43章:3156  第44章:2416  第45章:2156  第46章:2567  第47章:3593  第48章:2685
          第49章:2175  第50章:2445  第51章:2778  第52章:3176  第53章:3273  第54章:3719
          第55章:2666  第56章:3387  第57章:3609  第58章:2638  第59章:3334  第60章:2497
          第61章:3407  第62章:2440  第63章:2781  第64章:3118  第65章:3863  第66章:2863
          第67章:3404  第68章:3245  第69章:2944  第70章:3115  第71章:3417  第72章:3976

11:01:17  和影后在直播镜头前吻恨 (黍禾高歌) [完结+番外]  116p→107章  1020KB  OK
          https://www.52shuku.net/gl/09_b/bkcvo.html
          第1章 第 1 章 突然而至的邀请。:3144  第2章 第 2 章 好久不见，却不太客气。……:3310  第3章 第 3 章 她不喜欢我，却还是戏弄我……:3068  第4章 第 4 章 后门卡腿上了。:3185  第5章 第 5 章 我可以道歉。:3239  第6章 第 6 章 拉黑微信。:3635
          第7章 第 7 章 第一次被人甩了。:3163  第8章 第 8 章 脸在江山在。:3274  第9章 第 9 章 混进对方粉丝群。:3052  第10章 第 10 章 脾气好大。:2571  第11章 第 11 章 我忘不掉过去。:2857  第12章 第 12 章 合格的前任最好是死了。……:3211
          第13章 第 13 章 你个渣女，对不起我。……:1887  第14章 第 14 章 孤女寡女，干柴烈火。……:2125  第15章 第 15 章 你想占我便宜？:2102  第16章 第 16 章 她身上总是很香。:2368  第17章 第 17 章 猫鼠游戏。:2199  第18章 第 18 章 心中胆怯。:2767
          第19章 第 19 章 她睡在隔壁。:2362  第20章 第 20 章 和她一组。:2744  第21章 第 21 章 两人独处。:2577  第22章 第 22 章 还记得她的习惯。……:3093  第23章 第 23 章 同心协力。:2163  第24章 第 24 章 帮帮我，衣服不好穿。……:3311
          第25章 第 25 章 谁是卧底？:3097  第26章 第 26 章 正在播放歌手闻子野的歌……:3218  第27章 第 27 章 送你。:3135  第28章 第 28 章 滚。:3131  第29章 第 29 章 她答应了。:3284  第30章 第 30 章 林妙音分手。:3143
          第31章 第 31 章 为爱下海。:3230  第32章 第 32 章 没有掩饰的恨意。:3126  第33章 第 33 章 送你一束白桔梗。:3199  第34章 第 34 章 她们之间没有可能。:3305  第35章 第 35 章 老相好。:2867  第36章 第 36 章 量身定制。:3256
          第37章 第 37 章 炒冷饭。:3170  第38章 第 38 章 农产品代言人。:3183  第39章 第 39 章 她难道还喜欢我？……:3164  第40章 第 40 章 三个字的女艺人。:3279  第41章 第 41 章 她来过。:3150  第42章 第 42 章 人头猪脑。:3278
          第43章 第 43 章 被邀请。:3178  第44章 第 44 章 林妙音被抓。:3268  第45章 第 45 章 她没事，你放心吧。:3108  第46章 第 46 章 对手。:3459  第47章 第 47 章 赌约。:3127  第48章 第 48 章 严格标准。:3109
          第49章 第 49 章 就只有这些？:3266  第50章 第 50 章 小闻更适合谁？:2228  第51章 第 51 章 一百进六十。:3288  第52章 第 52 章 群内骂战。:3307  第53章 第 53 章 右眼皮跳。:3242  第54章 第 54 章 我很喜欢她。:3196
          第55章 第 55 章 约谁？:3214  第56章 第 56 章 倒霉。:3178  第57章 第 57 章 你会原谅我吗？:3335  第58章 第 58 章 以柔克刚。:3311  第59章 第 59 章 满面春风。:3364  第60章 第 60 章 《送林妙音的生日歌》……:5262
          第61章 第 61 章 我相信她。:4232  第62章 第 62 章 网络不是法外之地。……:3563  第63章 第 63 章 五年前的互动。:3255  第64章 第 64 章 少年意气。:3234  第65章 第 65 章 往事。:3287  第66章 第 66 章 有人正在监视你。:3368
          第67章 第 67 章 操控游戏的主人。:3202  第68章 第 68 章 属于我的蓝色应援海。……:3200  第69章 第 69 章 你生来就是大明星。:2345  第70章 第 70 章 不再天真。:3256  第71章 第 71 章 也不是不行。:3203  第72章 第 72 章 决赛现场。:3168
          第73章 第 73 章 我抄我。:3137  第74章 第 74 章 私生饭。:3127  第75章 第 75 章 过去。:3193  第76章 第 76 章 人贵在有自知之明。:3488  第77章 第 77 章 头条轰炸。:3261  第78章 第 78 章 希望她能一直陪伴我。:3579
          第79章 第 79 章 《绝爱》重拍。……:3401  第80章 第 80 章 过了二十五便是六十。……:3155  第81章 第 81 章 向主人献上忠诚。:3312  第82章 第 82 章 我有老婆了。:3225  第83章 第 83 章 不想牵扯进她。:3184  第84章 第 84 章 贪多嚼不烂。:3220
          第85章 第 85 章 开门，我在你房间门外。……:3143  第86章 第 86 章 情人还是室友。:3268  第87章 第 87 章 酸成柠檬精。:3168  第88章 第 88 章 第三者。:3091  第89章 第 89 章 陪伴。:3152  第90章 第 90 章 唔老婆。:3180
          第91章 第 91 章 封杀闻子野。:3166  第92章 第 92 章 《绝爱》开机。……:3181  第93章 第 93 章 母亲的怨恨。:3233  第94章 第 94 章 对剧本。:3368  第95章 第 95 章 你们的秘密。:3683  第96章 第 96 章 假正经。:3172
          第97章 第 97 章 这是警告。:3292  第98章 第 98 章 父母安排。:3157  第99章 第 99 章 赌一把。:3164  第100章 第 100 章 说出口的不算秘密。……:3154  第101章 第 101 章 看看你。:3536  第102章 第 102 章 投喂小狗。:3589
          第103章 第 103 章 无法触及。:3148  第104章 第 104 章 曝光。:3116  第105章 第 105 章 周天十点见。:3098  第106章 第 106 章 为你而来。:2468  第107章 第 107 章 名为爱的……:2602

11:01:49  重生后被偏执女主缠上了 (愿望成真) [完结]  82p→68章  685KB  OK
          https://www.52shuku.net/gl/09_b/bkcvn.html
          第1章:3028  第2章:3000  第3章:3000  第4章:3028  第5章:3000  第6章:3000
          第7章:3000  第8章:3000  第9章:3028  第10章:3028  第11章:3028  第12章:3028
          第13章:3028  第14章:3028  第15章:3028  第16章:3028  第17章:3028  第18章:3028
          第19章:3028  第20章:3028  第21章:7235  第22章:3189  第23章:3057  第24章:3096
          第25章:3210  第26章:3196  第27章:3134  第28章:3138  第29章:3149  第30章:5234
          第31章:3068  第32章:5137  第33章:3129  第34章:6328  第35章:3134  第36章:3110
          第37章:3116  第38章:3171  第39章:3121  第40章:3116  第41章:3191  第42章:3199
          第43章:3159  第44章:3310  第45章:3120  第46章:3127  第47章:3287  第48章:3157
          第49章:3262  第50章:3087  第51章:4107  第52章:3317  第53章:3108  第54章:3302
          第55章:4031  第56章:3340  第57章:3105  第58章:3392  第59章:3295  第60章:3157
          第61章:3321  第62章:3741  第63章:3762  第64章:3323  第65章:5162  第66章:3100
          第67章:3083  第68章:4666

11:02:06  阴湿女帝她只想强取豪夺 (调冬) [完结]  43p→40章  358KB  OK
          https://www.52shuku.net/gl/09_b/bkcvm.html
          第1章 祂 中秋宫宴上大臣们觥筹交……:4280  第2章 哄她 谢蕴轻轻笑了下，眼神……:3500  第3章 晚上来伺候朕 御前失仪。……:2136  第二章末尾稍微改了下，所以有点不连贯，大家可以去重看下第二章末尾[爆哭]:16  第4章 祂听得到吗 是夜， ……:2040  第5章 杀了她 就拿她当个逗趣的玩物吧……:2066
          第6章 朕不开心 翌日清晨，谢蕴……:2399  第7章 将死之际 二人落入深坑:2521  第8章 暗河 这话温柔而坚定，可……:2875  第9章 失忆 这条河水流湍急，旁……:2006  第10章 我是暴君？ 罢了。 ……:2025  第11章 留宿 …… 一路无话。……:1785
          第12章 回宫 像这种靠水的山……:3036  第13章 疑云 ...... ……:2031  第14章 耳朵红了 …… ……:1610  第15章 想我吗 日子就这么一日过着，……:2710  第16章 药 “你是哪里人？”谢蕴……:2017  第17章 又不是没睡过 乱七八糟的记忆……:2220
          第18章 怒火 起了床后，……:2428  第19章 吻 …………… ……:2108  第20章 冷静 谢蕴已经三天没见到……:2692  第21章 管好你的猫 谢蕴……:2137  第22章 出行 团团黏人的很，它几乎离……:2176  第23章 水患 马车颠簸几日终于是到达……:4368
          第24章 毒 …… ……:4015  第25章 吻我 又在雍州停留了……:6443  第26章 恨 离开后的谢蕴心情并不平静……:3360  第27章 再见 …… 翌……:2695  第28章 好痛 …… 风……:3389  第29章 不对 二人行变成了三人行。 ……:6894
          第30章 坏蛋二人组 …… ……:3788  第31章 试探 石忻然一副言笑晏晏的模……:4682  第32章 做恨 谁要和她扯什么爱恨情仇，先做恨……:2736  第33章 真相 谢蕴细密的吻落……:2240  第34章 同游 小情侣拌嘴日常向:2305  第35章 泡温泉 想亲你:3711
          第36章 喝醉 马车继续向北。景色……:4590  第37章 爱 雪停时，天早已墨黑，镇上……:2341  第38章 囚神 楚以以为谢蕴说的等……:2977  第39章 终章 ……:3171

11:03:27  蓄谋钓系青梅 (过期的糖) [完结]  205p→266章  1688KB  OK
          https://www.52shuku.net/gl/08_b/bkcuu.html
          第1章 想接吻:2067  第2章 看猎物:2050  第3章 长生不老:2122  第4章 套路:2119  第5章 今晚十点:2092  第6章 亲一下没关系的:2044
          第7章 没人喜欢:2022  第8章 羽毛:2142  第9章 吻我:2066  第10章 看她:2036  第11章 给惯的:2077  第12章 牵手:2128
          第13章 像女朋友:2062  第14章 矫情:2104  第15章 在看你:2038  第16章 接我下课:2100  第17章 控制自己:2068  第18章 对你好:2048
          第19章 把脉:2090  第20章 是不是生病了？:2074  第21章 送我:2034  第22章 他在追你？:2052  第23章 追求者:2045  第24章 过来:2016
          第25章 都记着:2036  第26章 那颗痣:2109  第27章 自救:2045  第28章 遗憾:2112  第29章 可能:2088  第30章 是梦:2018
          第31章 这儿:2004  第32章 好疼:2070  第33章 知道:2033  第34章 吃点别的:2038  第35章 笨蛋:2026  第36章 灵感:2079
          第37章 重要:2029  第38章 记仇:2031  第39章 记错:2028  第40章 谁？:2115  第41章 好好吃饭:2053  第42章 需要你:2019
          第43章 喊姐姐:2034  第44章 只是还行？:2001  第45章 累赘:2029  第46章 你不是:2038  第47章 开心点:2049  第48章 照片:2047
          第49章 我想你了:2014  第50章 一次:2092  第51章 你对我有感觉:2024  第52章 只要她开心快乐:2047  第53章 拍照:2019  第54章 学习:2045
          第55章 挑拨离间:2048  第56章 你看着学:2038  第57章 怕疼:2032  第58章 在线请扣1:2049  第59章 习惯:2045  第60章 超标:2073
          第61章 安排:2046  第62章 吃醋:2066  第63章 都给我:2098  第64章 喜欢:2039  第65章 今晚陪我:2027  第66章 不嫌弃:2054
          第67章 掩耳盗铃:2017  第68章 有多想:2025  第69章 想你:2021  第70章 跟谁谈:2007  第71章 被发现:2016  第72章 追不上:2033
          第73章 让我疼:2004  第74章 消气:2090  第75章 永远:2025  第76章 拒绝:2082  第77章 我也可以:2014  第78章 补补:2009
          第79章 浪漫:2055  第80章 发现:2031  第81章 考虑:2041  第82章 一般:2022  第83章 自卑:2032  第84章 真相:2009
          第85章 她的感受:2042  第86章 还活着:2090  第87章 讨厌你:2015  第88章 重生:2047  第89章 宋总:2081  第90章 见一面:2050
          第91章 麻烦:2053  第92章 等够了:2036  第93章 这些年:2007  第94章 醉了:2027  第95章 手机:2021  第96章 医药费:2035
          第97章 宁可:2071  第98章 接我:2022  第99章 演戏:2039  第100章 一九:2011  第101章 有点想你:2107  第102章 谁允许:2073
          第103章 吓到我了:2048  第104章 浅尝:2012  第105章 多了解一点点:2015  第106章 不懂:2028  第107章 我也想你:2016  第108章 今晚有事:2017
          第109章 没兴趣:2025  第110章 幸亏:2025  第111章 伤疤:2033  第112章 不疼:2084  第113章 我要你活着:2049  第114章 狠狠欺负:2088
          第115章 一年:2019  第116章 190006:2032  第117章 费钱:2006  第118章 害怕:2084  第119章 这都不会:2014  第120章 瑞士的雪:2032
          第121章 回家:2048  第122章 咖啡:2048  第123章 五年:2034  第124章 私奔:2065  第125章 占有:2075  第126章 约定:2034
          第127章 叫姐姐:2018  第128章 不等了:2112  第129章 救人:2034  第130章 现在:2089  第131章 女朋友:2039  第132章 恋情:2004
          第133章 因戏生情:2040  第134章 我在:2074  第135章 跟你走:2042  第136章 抱歉:2084  第137章 答应你:2050  第138章 喜欢乖的:2016
          第139章 表格:2008  第140章 攒够思念:2070  第141章 那就自私:2011  第142章 大反派:2056  第143章 合作:2017  第144章 不喜欢:2041
          第145章 补脑:2062  第146章 加油:2080  第147章 怦然心动:2010  第148章 等你:2044  第149章 前程似锦:2034  第150章 做女朋友:2066
          第151章 好剧:2030  第152章 表白方式:2063  第153章 加糖:2066  第154章 等这天:2082  第155章 豆浆:2010  第156章 录取通知书:2079
          第157章 半碗:2046  第158章 理发:2024  第159章 衣服:2045  第160章 一个人:2020  第161章 哑巴:2019  第162章 都拿走:2113
          第163章 换份礼物:2017  第164章 开门红:2058  第165章 陪考:2080  第166章 唯一的志愿:2033  第167章 新来的英语老师:2036  第168章 山顶洞人:2039
          第169章 重金悬赏:2021  第170章 神秘:2049  第171章 下山:2014  第172章 接驾:2077  第173章 眼熟:2009  第174章 人质:2038
          第175章 一起:2034  第176章 逃跑:2047  第177章 新手机:2074  第178章 喜欢啊:2068  第179章 音乐剧:2040  第180章 会错意:2049
          第181章 在的:2022  第182章 说好了:2084  第183章 好久不见:2018  第184章 兵荒马乱:2042  第185章 再见:2003  第186章 结束:2061
          第187章 电话:2028  第188章 很想你:2081  第189章 表个白:2036  第190章 挑逗:2052  第191章 点燃:2070  第192章 过往:2161
          第193章 天道酬勤:2067  第194章 要定了:2088  第195章 冠军:2104  第196章 看海:2057  第197章 朋友:2019  第198章 绝对信任:2101
          第199章 想回去:2035  第200章 不分开:2045  第201章 糖果:2105  第202章 受欢迎:2084  第203章 不准谈恋爱:2007  第204章 奖励:2038
          第205章 未来:2045  第206章 蹭床:2026  第207章 不如她:2075  第208章 第二:2028  第209章 成人礼:2046  第210章 醉酒:2068
          第211章 早就:2012  第212章 更喜欢:2080  第213章 互送:2026  第214章 一个眼神:2048  第215章 同床共枕:2021  第216章 继续:2028
          第217章 了解:2051  第218章 因为是你:2018  第219章 直播:2023  第220章 兮兮:2050  第221章 自制力:2053  第222章 蛋糕:2154
          第223章 不乖的:2090  第224章 不开心:2146  第225章 封口费:2040  第226章 唯一:2125  第227章 坦白:2013  第228章 第一天:2101
          第229章 凌晨三点:2056  第230章 租房:2035  第231章 不用:2018  第232章 放过:2020  第233章 你归我了:2029  第234章 姐姐:2029
          第235章 转行:2075  第236章 第一:2010  第237章 等不了:2026  第238章 规划:2087  第239章 发光:2007  第240章 瑞士街头:2049
          第241章 陈静语:2004  第242章 老婆:2051  第243章 二十六度:2021  第244章 新家:2036  第245章 缺钱焦虑症:2018  第246章 新的:2075
          第247章 我爱你:2061  第248章 人脉:2058  第249章 慢一点:2042  第250章 大家:2056  第251章 特权:2039  第252章 祝福:2072
          第253章 拓宽:2043  第254章 大赚一笔:2099  第255章 饭局:2036  第256章 恭喜:2109  第257章 岁月静好:2006  第258章 价值:2059
          第259章 重获新生:2011  第260章 赶往:2014  第261章 三顾茅庐:2052  第262章 最后一次:2064  第263章 狼狈:2076  第264章 要负责的:2037
          第265章 下一秒:2015  第266章 敬相遇（终章）:2074

11:03:53  青灯照霓裳 (今木1) [完结]  71p→81章  628KB  OK
          https://www.52shuku.net/gl/07_b/bkctV.html
          第1章 下山:2762  第2章 面试:2081  第3章 试岗:2165  第4章 转正:2751  第5章 买衣服:2889  第6章 挨骂:3331
          第7章 化解:2273  第8章 兼任:2584  第9章 试镜:2472  第10章 武术训练:2593  第11章 沈氏风波:2320  第12章 新芽:3132
          第13章 对戏:2025  第14章 威亚断裂:2482  第15章 出现端倪:2691  第16章 好友探班:2662  第17章 拍摄三角戏:2575  第18章 好友恋情曝光:2066
          第19章 发布声明:2091  第20章 换角再开机:2318  第21章 直播恶搞:2712  第22章 危险爆破戏:2117  第23章 路人反感:2124  第24章 片场事记:2080
          第25章 仍不死心:2712  第26章 真心还是假意:2237  第27章 兴风作浪:2182  第28章 烟花下的心动:2142  第29章 红毯小插曲:2838  第30章 阴谋策划:2455
          第31章 参加极限十日:1888  第32章 录制日初识道友:2877  第33章 高空速降:2048  第34章 泥潭大战:2174  第35章 荒岛求生:2164  第36章 苗疆蛊道:2102
          第37章 种蛊:2402  第38章 噬心蛊:2540  第39章 照顾:1907  第40章 妖气:2065  第41章 停工:2862  第42章 合约风波:3272
          第43章 借寿:2434  第44章 移花接木:2586  第45章 回观前:3874  第46章 破阵:3579  第47章 牵丝:3316  第48章 傀儡迷阵:2029
          第49章 周家的秘密:1984  第50章 封山门:2410  第51章 醒来:3023  第52章 袭来:2928  第53章 大战:2658  第54章 梦一场:2655
          第55章 重逢:1883  第56章 过眼云烟:3326  第57章 分组录制:2337  第58章 风又起:2491  第59章 惊喜连连:2831  第60章 风波暗涌:1997
          第61章 旧事八卦:2496  第62章 真会变脸:2195  第63章 没劲儿:2312  第64章 淘汰了:2785  第65章 歌词里的心事:2145  第66章 暗潮涌动:2803
          第67章 生辰心愿:1810  第68章 月下寻缘:2613  第69章 暗夜伏袭:1911  第70章 情罚:2013  第71章 情丝归位（审核已删版）:2366  第72章 暖意:2256
          第73章 危机:3678  第74章 探病:3743  第75章 三生石裂:3188  第76章 暗局:2685  第77章 被困:2142  第78章 灵晶现:2415
          第79章 逆法破阵:3790  第80章 破绝境:2701  第81章 因果续:3767

11:04:48  误发恋爱游戏链接给死对头后 (戏时) [完结]  138p→122章  1237KB  OK
          https://www.52shuku.net/gl/06_b/bkctv.html
          第1章:3203  第2章:3122  第3章:3012  第4章:3134  第5章:3100  第6章:3266
          第7章:3066  第8章:3102  第9章:3077  第10章:3039  第11章:3046  第12章:3108
          第13章:3045  第14章:3054  第15章:3180  第16章:3056  第17章:3070  第18章:3034
          第19章:3132  第20章:3033  第21章:3154  第22章:3234  第23章:3275  第24章:3181
          第25章:3149  第26章:3328  第27章:3174  第28章:3301  第29章:3296  第30章:3180
          第31章:3390  第32章:3234  第33章:3229  第34章:3145  第35章:3249  第36章:3304
          第37章:3141  第38章:3088  第39章:3166  第40章:3144  第41章:3149  第42章:3322
          第43章:3253  第44章:3249  第45章:3119  第46章:3151  第47章:3243  第48章:3238
          第49章:3220  第50章:3277  第51章:3337  第52章:3245  第53章:3235  第54章:3247
          第55章:3200  第56章:3181  第57章:3274  第58章:3067  第59章:3343  第60章:3169
          第61章:3238  第62章:3156  第63章:3340  第64章:3222  第65章:3276  第66章:3370
          第67章:3202  第68章:3241  第69章:3167  第70章:3442  第71章:3159  第72章:3311
          第73章:3493  第74章:3384  第75章:3216  第76章:3279  第77章:3323  第78章:3420
          第79章:3273  第80章:3269  第81章:3563  第82章:3322  第83章:3289  第84章:3313
          第85章:3184  第86章:3123  第87章:3232  第88章:3368  第89章:3199  第90章:3457
          第91章:4159  第92章:3175  第93章:3472  第94章:3232  第95章:3341  第96章:3167
          第97章:3394  第98章:3390  第99章:3202  第100章:3290  第101章:3243  第102章:3163
          第103章:3325  第104章:4339  第105章:2567  第106章:2839  第107章:2514  第108章:2235
          第109章:5253  第110章:3862  第111章:2148  第112章:3210  第113章:3428  第114章:4238
          第115章:3364  第116章:6158  第117章:3676  第118章:7935  第120章:2974  第121章:6250
          第122章:4887  第123章:7202

11:05:21  觊觎野心长公主后 (昼约) [完结]  85p→78章  755KB  OK
          https://www.52shuku.net/gl/06_b/bkctu.html
          第1章 初始:4199  第2章 举荐:3343  第3章 温情:3107  第4章 查账:3182  第5章 矛盾:3299  第6章 抉择:3499
          第7章 踏青:3212  第8章 转机:3052  第9章 风波:3908  第10章 燕妃:3090  第11章 景华:3061  第12章 故秋:3056
          第13章 姻缘:3049  第14章 奸夫:3137  第15章 死因:3077  第16章 寿宴:3138  第17章 芥蒂:3227  第18章 回家:3059
          第19章 看伤:3094  第20章 剖白:2222  第21章 先声:3092  第22章 群贤:3081  第23章 状元:3301  第24章 叛军:3689
          第25章 牵连:4164  第26章 生死:6110  第27章 囚禁:3534  第28章 送心:3852  第29章 退步:3336  第30章 见势:1236
          第31章 击鼓:2315  第32章 吃醋:1989  第33章 筹划:1685  第34章 账本:2127  第35章 占有:1973  第36章 来信:2682
          第37章 乞巧:1989  第38章 后宫:1923  第39章 舞弊:2413  第40章 哗然:2552  第41章 污蔑:3379  第42章 定局:3284
          第43章 鱼钩:3301  第44章 让路:3370  第45章 初冬:3253  第46章 帝妃:3191  第47章 芥蒂:3252  第48章 除夕:3281
          第49章 迁怒:3265  第50章 逃婚:3357  第51章 春闱:3374  第52章 殿试:3448  第53章 故赫:3455  第54章 站队:3492
          第55章 疾风:3592  第56章 兰辛:3461  第57章 争执:3629  第58章 仁德:3455  第59章 争议:3378  第60章 夜谏:3516
          第61章 替罪:3418  第62章 生离:2645  第63章 伏击:3424  第64章 女郎:3645  第65章 硕鼠:3390  第66章 思念:3358
          第67章 重逢:3491  第68章 执炬:3715  第69章 设伏:3449  第70章 受俘:3585  第71章 承诺:3524  第72章 恨帝:3497
          第73章 谎言:3415  第74章 反击:3576  第75章 自由:2471  第76章 君弱:3454  第77章 血脉:3453  第78章 归来:4529

11:05:53  爱渡迷津 (妲婴) [完结]  79p→58章  699KB  OK
          https://www.52shuku.net/gl/06_b/bkcts.html
          第1章 轻芝士冰拿铁:3608  第2章 雾山云海:3529  第3章 白色郁金香:3802  第4章 面具:3125  第5章 翡翠无事牌:3674  第6章 不好玩:3353
          第7章 羞耻心:3122  第8章 不道德:3785  第9章 糖粥:3129  第10章 后知后觉:3230  第11章 告白:2490  第12章 共犯:2137
          第13章 在这儿:2452  第14章 消遣× 偏爱√:2100  第15章 别紧张:3356  第16章 脸好红:2806  第17章 刺激:2150  第18章 撒谎啊~:2783
          第19章 黑眼圈:2547  第20章 哪种感觉？:2434  第21章 想留你:3423  第22章 礼物不用这么早拆:10287  第23章 自洽:6615  第24章 任何时候都可以联系我:5393
          第25章 秘密:3754  第26章 你的眼睛里全是我:3607  第27章 够不够格:5933  第28章 一片雪:3359  第29章 那提前祝贺你。:3643  第30章 每一次见面都要尽兴:4231
          第31章 我也很乖:3617  第32章 有些期许会落空:3660  第33章 舌钉:3672  第34章 为了相亲:4060  第35章 别让她碰你:3855  第36章 拜托:3874
          第37章 我姐的狗狗怎么像认识你？:3570  第38章 不想瞒她了？:4926  第39章 别对我这么坏:4229  第40章 等到云城下雪，也和我见面吧:4246  第41章 她应该陪着你。:4573  第42章 我藏得不够好吗？:3526
          第43章 是因为这个？:5638  第44章 下雪了！:5242  第45章 这么娇气:3676  第46章 这个人是谁？:3238  第47章 苦咖啡:4575  第48章 你知道吗？:4894
          第49章 她是我的未婚妻:3645  第50章 不要怕麻烦我。:4504  第51章 新年快乐，祝你心想事成。:6323  第52章 就值这些:4649  第53章 你们究竟从什么时候开始的？:4674  第54章 有什么是我没见过的？:3699
          第55章 时间里的秘密:4584  第56章 这次想从我这里交换什么。:6210  第57章 除夕:5179  第58章 雪国列车:5098

11:07:17  小师妹是三界白月光 (时月笛) [完结+番外]  224p→294章  1943KB  OK
          https://www.52shuku.net/gl/05_b/bkcsH.html
          第1章 还能再见见想见之人啊，真好:3204  第2章 我家小师妹依旧如此可爱:4102  第3章 只要还活着就没有什么大不了的:4101  第4章 我家小师妹香香软软:4101  第5章 背书嘛，总是需要些奖励才背的下来:4771  第6章 想拐小师妹出去？没门:2009
          第7章 小师妹不是用来显摆的:2131  第8章 师姐在就不怕了:2147  第9章 同门冲突:2078  第10章 师尊给予的底气:2081  第11章 向师尊坦白:2040  第12章 正式引气入体:2031
          第13章 都被师姐养成小娇气了:2050  第14章 大师姐养师妹上瘾了？:2029  第15章 师姐在别人面前好凶哦:2092  第16章 打压师弟们:2027  第17章 好像一切都是既定的安排:2069  第18章 宗门比试正式开始:2115
          第19章 别的师姐都不乖，阿确乖:2119  第20章 前尘旧事:2116  第21章 师尊我掐指一算...:2044  第22章 让景佑成为众矢之的:2030  第23章 受惊的小阿确:2078  第24章 阿确陪师姐一起去思过:2016
          第25章 布置新的共居之所:2008  第26章 师姐不管去了什么地方都会回到阿确身边:2108  第27章 没有什么是暴力不能驯服的:2117  第28章 阿确长高了啊:2165  第29章 小师妹生来不寻常:2054  第30章 哟，师尊来探监了:2049
          第31章 小脏猫，喵喵喵:2036  第32章 喜欢现在这样的生活吗？:2051  第33章 师姐以后不要瞒着我什么:2119  第34章 师姐都给别人吹过曲了，也要给我吹吹:2059  第35章 师姐不在真的好无聊哦～:2007  第36章 宗门弟子前来历练:2033
          第37章 杀不死的沈霁:2056  第38章 修真界前无古人第一人:2004  第39章 记忆被修正:2067  第40章 送给师姐的礼物:2036  第41章 满园春色遮不住:2037  第42章 躲不开的命运:2161
          第43章 神识相融:2036  第44章 刑期结束:2177  第45章 回到朝摇峰:2013  第46章 情敌见面分外眼红:2018  第47章 醉酒归来:2060  第48章 师姐才没有不近人情:2074
          第49章 她叫师姐时，声音都是黏黏糊糊的:2117  第50章 天外之音:2351  第51章 对决受伤:2050  第52章 和师姐贴贴:2009  第53章 一起逛街:2092  第54章 师姐挑的衣服都好看:2021
          第55章 不是不喜欢胭脂水粉，是喜欢师姐送的:2036  第56章 进入秘境，分道扬镳:2108  第57章 师姐赠予的妖宠:2086  第58章 秘境至宝:2176  第59章 震慑凶兽:2145  第60章 阿确不是任何人证道的工具:2087
          第61章 狮口逃生:2074  第62章 杀死沈霁:2074  第63章 剧情发生错误:2044  第64章 她再一次成功回到你身边:2179  第65章 不小心亲了师姐一口:2095  第66章 贱名好养活:2043
          第67章 阿确喜欢的，师姐以后都替你抢过来:2128  第68章 阿确喜欢师姐的冒犯:2018  第69章 巫族传承:2033  第70章 幻境迷宫:2139  第71章 时间长廊:2078  第72章 师姐，我们现在算什么？:2127
          第73章 真的只是因为被打扰了试炼而生气吗？:2012  第74章 你最好不是师尊:2219  第75章 陌生又懦弱的自己:2045  第76章 师兄想要的太多了，可不好哦:2353  第77章 赝品还是真实？:2062  第78章 获得试炼奖励:2029
          第79章 确诊了，是师妹脑:2057  第80章 阿确舍不得让师姐担心:2063  第81章 魔神殿入口:2117  第82章 封印结界松动:2067  第83章 进入魔神殿:2046  第84章 新仇旧怨:2181
          第85章 做师兄的用你的命来救小师妹再合适不过:2009  第86章 双目失明:2170  第87章 小小使坏:2011  第88章 奇怪的空间:2056  第89章 轮回不止一次:2115  第90章 世界之外的空间:2059
          第91章 梦境旖旎:2003  第92章 师姐，好热:1919  第93章 同意换眼睛:2083  第94章 享受当下的每一天:2228  第95章 要师姐喂药:2043  第96章 成功换眼:2221
          第97章 想离师姐近一点:2152  第98章 角色互换:2100  第99章 结成魂契:2023  第100章 合道大典:2237  第101章 天生异象:2091  第102章 自毁肉身:2371
          第103章 突破灵寂期:2020  第104章 无所不知的大师姐:2114  第105章 成功封印裂缝，神魂俱灭:2064  第106章 天外之友，师姐还活着就好:2036  第107章 渡劫成功:2071  第108章 心情不好需要发泄:2133
          第109章 暂时的分离:2096  第110章 想阿确了:2080  第111章 是梦亦或不是梦？:2043  第112章 外出历练:2201  第113章 阿确真的不在:2305  第114章 层出不穷的玩家:2573
          第115章 剧情充满割裂感:2010  第116章 那个世界的人都如此放浪形骸吗？:2057  第117章 被禁言了:2188  第118章 同人话本满天飞:2256  第119章 探寻系统的信息:2068  第120章 师姐渡劫:2039
          第121章 渡劫成功，炼就鬼巫之体:2153  第122章 挑战祖巫:2209  第123章 回到她身边:2389  第124章 依赖着彼此:2131  第125章 忘川水:2099  第126章 不是师姐的错:2059
          第127章 回宗门看看:2114  第128章 与宗门众人相见:2099  第129章 重逢之喜:2105  第130章 师姐凶猛:2104  第131章 他们犯下的是不可饶恕的罪过:2108  第132章 你们师徒都一样洒脱不羁？:2234
          第133章 追捕通缉玩家:2183  第134章 这不是属于你们的游戏:2113  第135章 啊哦露馅了:2061  第136章 反向渗透计划:2051  第137章 无法离开了:2049  第138章 灵魄的宠儿:2325
          第139章 困在游戏中:2153  第140章 封闭玩家的真相:2041  第141章 合欢宗的功法要多加练习:2024  第142章 渡劫飞升成功:2241  第143章 对仙官并没有兴趣:2119  第144章 不只是师姐，还是道侣:2110
          第145章 枷锁禁锢的上仙:2039  第146章 落云仙上:2113  第147章 也许真是天道眷顾:2074  第148章 出门靠朋友:2049  第149章 南海公主:2022  第150章 以己身封印九霞山的上仙:2072
          第151章 九霞山结界:2021  第152章 忆及过往:2060  第153章 似曾相识的花:2101  第154章 再得云与墨信息:2085  第155章 狂人师妹:2036  第156章 师娘到底是何方神圣:2315
          第157章 师尊，那真的是你自己:2155  第158章 断裂的枷锁:2451  第159章 师姐为何只亲她:2053  第160章 只能带来痛苦的深情狗都不要:2133  第161章 妖族狮河城:2187  第162章 狮族危机:2048
          第163章 施以援手:2052  第164章 开悟真相:2156  第165章 编剧的狗血爱好:2165  第166章 沈霁的谋划:2281  第167章 狮族中毒的真相:2037  第168章 阿确注定属于我:2096
          第169章 试图摆脱枷锁:2099  第170章 协力对抗系统:2085  第171章 阿确永远不会是一个人:2004  第172章 我养大的小师妹，怎可拱手让人:2012  第173章 死不了那就让他求死不能吧:2095  第174章 向玩家咨询:2112
          第175章 水仙嘛，不就是...:2044  第176章 该死的臭男人们:2256  第177章 成功套话:2095  第178章 脸和厨艺不相干的时愿:2042  第179章 平安、自在:2025  第180章 朋友之间不必算的太过清楚:2141
          第181章 归园田居:2030  第182章 娘亲！:2046  第183章 嫁接的枝条:2078  第184章 准备回仙界:2021  第185章 姐姐，你们在干嘛啊:2096  第186章 人界大乱:2097
          第187章 不会哄小孩的师姐:2037  第188章 也不过是能与仙帝一战罢了:2126  第189章 谁不想养个小花灵呢？:2088  第190章 再见景佑:2219  第191章 爱与不爱，都不过是掠夺之余的戏弄罢了:2016  第192章 月神诉说过往:2128
          第193章 帝休神木:2136  第194章 黑化度百分之五十:2194  第195章 障眼法虚假雷鸣:2015  第196章 兵分两路:2019  第197章 夺取魔族统帅的位置:2203  第198章 新的剧本:2015
          第199章 反正杀不死，多插两刀:2065  第200章 人齐了好戏才能演:2065  第201章 你师姐偷偷给自己下咒！:2136  第202章 仙上，二选一，选吧:2061  第203章 战神朝摇:2046  第204章 你养的小花灵与为师有何关系？:2045
          第205章 诛仙台启动:2019  第206章 便是心魔，也不是你能控制的:2162  第207章 渡劫生死一线:2206  第208章 成功跨越:2125  第209章 拜入王母门下:2136  第210章 去冥界陪伴师姐:2042
          第211章 凡人界本源被动用:2073  第212章 龙族小公主:2141  第213章 新任妖皇:2047  第214章 妖后渡劫:2087  第215章 协助妖后渡劫:2039  第216章 再见鹿知闲:2064
          第217章 入主战神殿:2067  第218章 妖皇之位再度易主:2118  第219章 鹿知闲的无奈:2326  第220章 第一个诞生的灵魂又不是：桃溪:2208  第221章 前尘皆迷乱，去路皆迷茫:2675  第222章 再归昆仑:2070
          第223章 没捂热的闺女，早就被人拐跑了:2022  第224章 寻找神农鼎:2104  第225章 仙妖和谈受阻:2014  第226章 欢迎来到真实的世界:2097  第227章 你们困不住师姐的:2035  第228章 荒芜小空间:2134
          第229章 失落的遗迹:2120  第230章 可是师姐弄疼阿确了？:1860  第231章 平凡的日子却令人贪恋:2039  第232章 天道的召唤:2179  第233章 唯一晋升成功的玩家:2012  第234章 仙帝不是好做的:2229
          第235章 仙帝无能自然也是要让位的:2125  第236章 景佑与系统的密谋:2066  第237章 分开之后各自为战:2076  第238章 突然强大的凶兽:2035  第239章 成长迅速的溪溪:2051  第240章 尊贵的神兽也要干活:2086
          第241章 不太霸气的名字:2037  第242章 鬼蜮决战:2056  第243章 高傲的掌控者们也有翻车的时候:2084  第244章 处处混乱不堪:2019  第245章 继任龙王，向辰牧下聘礼:2060  第246章 你剥皮我递刀:2062
          第247章 凤凰涅槃:2086  第248章 压力大就适合吃甜食:2073  第249章 拯救众仙官:2062  第250章 仙帝清醒:2091  第251章 疗伤，陪伴:2046  第252章 伤愈清醒:2094
          第253章 顺利找到鹿知闲本体:2059  第254章 融合神魂:2040  第255章 成功融合准备回归:2059  第256章 利用小空间修补九霞山:2099  第257章 九霞山成功复原:2045  第258章 算是溪溪的老师吧:2124
          第259章 都是助景佑成神的垫脚石:2243  第260章 难得放松:2030  第261章 深入魔界:2327  第262章 封印魔渊:2039  第263章 狐族族长与她妻子:2067  第264章 爬山看日出:2067
          第265章 决战龙族:2173  第266章 捕获沈霁:2042  第267章 你不该向我求饶:2180  第268章 魔族最后的争斗:2057  第269章 魔族暴动:2041  第270章 最后的任务:2062
          第271章 应对魔神:2393  第272章 处处烽烟:2008  第273章 齐心破阵:2191  第274章 桃溪妖君归来:2112  第275章 成功破阵，时愿险失控:2428  第276章 将系统送走:2282
          第277章 系统消亡，成功脱险:2022  第278章 往后不必如此辛苦了:2095  第279章 师姐小时候我见过:2110  第280章 魔界之战:2084  第281章 再也不是游戏了:2053  第282章 劫难已过:2041
          第283章 既来之则安之:2143  第284章 魔神之战:2042  第285章 归来:2161  第286章 落云复活:2165  第287章 饲养关系罢了:2081  第288章 一切苦难皆成过往:2161
          第289章 鹿知闲桃溪番外:6334  第290章 辰牧星回番外1:2504  第291章 苦尽甘来:3422  第292章 狐族卿栩卿霁雪番外:2071  第293章 番外 狐狸番外2:2037  第294章 番外 狐狸番外3:1982

11:08:54  清冷师姐变疯批，炉鼎师妹撩不停 (北风呼啸而过) [完结]  255p→326章  2176KB  OK
          https://www.52shuku.net/gl/05_b/bkcsG.html
          第1章 我要进合欢宗！！！:2993  第2章 一把刀下的亡魂:1929  第3章 我能摸摸么？:2265  第4章 合欢宗搞诈骗！:2725  第5章 怎么还开始装死了？:2642  第6章 绝对没有非分之想！:2036
          第7章 离了个大谱:2406  第8章 刚出新手村，掉进魅魔老窝:1956  第9章 姐姐要做强壮的女人！:2604  第10章 谁家好人在合欢宗修无情道？:2092  第11章 人吃了没事，狗吃了……:2119  第12章 玉露峰绑来的:2075
          第13章 脱衣服？引气入体？:1999  第14章 ……疼:2321  第15章 法外狂徒:1940  第16章 锁喉:2118  第17章 小小谢长音，拿捏！:2143  第18章 成功引气入体:2279
          第19章 你，算我们这边站着的:2255  第20章 接个任务:1967  第21章 绮罗香:2351  第22章 摸鱼吃瓜:2161  第23章 忍者谢长音:2236  第24章 开撩:2053
          第25章 1v1私教课:2102  第26章 云泽灵衾:1913  第27章 水果忍者？！:2188  第28章 不知道，别问:2348  第29章 迟来的新手大礼包:2296  第30章 谢长音这个神经病！:2316
          第31章 这一个两个的，都什么毛病！:2004  第32章 被骗了……:2098  第33章 我能揍你么？:2034  第34章 栖鸾峰宴席:2286  第35章 没几个好人:1853  第36章 若心疼陆安被打，请看本章作话:2229
          第37章 告状:2300  第38章 谢长音浪漫个鬼:2391  第39章 吃吃吃:2198  第40章 逛逛逛:2084  第41章 偏袒:2175  第42章 play的一环:2480
          第43章 三顾玉露峰:1851  第44章 不信拉倒:2388  第45章 冰火两重天:1972  第46章 重新定义公平:2095  第47章 领导视察:2123  第48章 吸引力法则:2157
          第49章 给您烧纸:1870  第50章 骗小孩:2234  第51章 套麻袋:2535  第52章 穷的半块灵石都没:2165  第53章 嘎嘎乱杀:2039  第54章 人形小油灯:2171
          第55章 “偷袭”:2384  第56章 吓晕了:2191  第57章 咋又见到女主了:2140  第58章 我要跟你一起:2029  第59章 ……帮、帮我:2512  第60章 谢长音：忍着转职刺客:1556
          第61章 哈哈，原来不是梦:2492  第62章 厨修谢长音:2020  第63章 动动手，挥挥剑:2113  第64章 不懂，但大为震撼:2089  第65章 喂药:2160  第66章 暴富:1904
          第67章 送礼:1672  第68章 画符:2283  第69章 太有料了！:1928  第70章 老旧款空调:1982  第71章 发烧:1666  第72章 她怎么不说话？:2270
          第73章 藏书阁:1766  第74章 原来她偏好这样的。:2042  第75章 送上门的消息:1921  第76章 吐血:2112  第77章 加餐:1839  第78章 重生之清冷师姐被我……:2146
          第79章 结局呢？！:2157  第80章 清冷师姐真被我压了:2194  第81章 自己妖:2067  第82章 给孩子调教成什么了！:2037  第83章 看回去怎么了！:2229  第84章 躺1谢长音:1695
          第85章 第85章:2191  第86章 真敢管起她来了:1749  第87章 我超凶:1889  第88章 神秘大能前辈一怒之下血洗营寨:2396  第89章 影帝谢长音:2252  第90章 戳戳脸:2057
          第91章 医学天才:1575  第92章 黄的不行，来点红的:1952  第93章 开局入魔，修仙界跪求……:2058  第94章 签约:2179  第95章 天降大好人:1962  第96章 场外援助:1965
          第97章 土里土气的功法:2094  第98章 一杯倒，真没演:2263  第99章 狗爬字迹:2006  第100章 很弱:2001  第101章 好嗑！:2213  第102章 大彩头:2077
          第103章 三年之期已到:1988  第104章 救兵搬来的猴子:2086  第105章 漂亮姐姐:1934  第106章 保护我方纪兰嫣:1952  第107章 本色出演:2360  第108章 一点小计:1985
          第109章 尴尬:2219  第110章 市值五百万:1996  第111章 疼？忍着:2040  第112章 何止五百万:1937  第113章 失控:2381  第114章 不信谣，不传谣。:2383
          第115章 夹心蛋卷:2111  第116章 怒火爆表！:1952  第117章 搏一搏，飞剑变飞舟！:2139  第118章 幻境:2221  第119章 咬回去:1895  第120章 谢长音，你是人么？:2417
          第121章 被妖兽袭击了:2069  第122章 成年人的体面:2065  第123章 是谁:2380  第124章 大大方方地来了:1988  第125章 哄小朋友睡觉:2235  第126章 白毛的诱惑:2028
          第127章 抄袭:2051  第128章 你吃便是:2069  第129章 说话！:2030  第130章 鬼村:1995  第131章 来都来了:2032  第132章 赐福:2144
          第133章 梵笙:2095  第134章 福至——:2087  第135章 赔礼:2016  第136章 撩出事了:2199  第137章 嗯。:2018  第138章 真有你的！:2180
          第139章 礼物:1856  第140章 竟是陷阱:1738  第141章 倒反天罡:2368  第142章 乌龟小王八:1878  第143章 告状！:2159  第144章 对方拒收赔礼，并踩了一脚:2103
          第145章 毒王纪兰嫣:2082  第146章 剑修纪兰嫣:2093  第147章 来尝尝不？:1991  第148章 怎么不跟她玩？:2229  第149章 魂飘没了:2012  第150章 雪景房:2044
          第151章 就要乱吃:2031  第152章 水煮纪兰嫣:1889  第153章 方法很管用:2235  第154章 品鉴感言:1924  第155章 你能表演一下么？:2084  第156章 话本素材+1:1928
          第157章 尝尝你的:2208  第158章 。:2138  第159章 又被妖兽袭击了:2008  第160章 就不给你亲:2040  第161章 正直善良好青年:2082  第162章 有来无回:2002
          第163章 邪魅狂狷版谢长音:2275  第164章 见死不救:2000  第165章 你去spa:2013  第166章 你在吃什么？:2007  第167章 你是蘑菇么？:2123  第168章 我不活啦:2219
          第169章 至少把灵石给了再死:1919  第170章 验货:2427  第171章 怀念老婆做的饭:1703  第172章 谢长音母亲竟是……:2354  第173章 听不懂。:2091  第174章 关爱人质心理健康:2042
          第175章 又疯一个:2042  第176章 商家已接单，骑手正在赶往:2083  第177章 商家正在奔赴刑场:2036  第178章 阿巴阿巴！:2088  第179章 好多人啊:1940  第180章 冥魂游祭:2149
          第181章 群众里面有坏人:2018  第182章 死了，但没全死:2007  第183章 Boss直聘:2047  第184章 不法分子中混进来了个正道:2170  第185章 物归原主:2100  第186章 不像好人:2069
          第187章 说点真话:1995  第188章 微妙的感觉:1976  第189章 竟连这种事也骗:2243  第190章 大脑宕机:2146  第191章 让让她吧:1918  第192章 烟岚魔君……:1974
          第193章 瞒了个空气:2153  第194章 没有感动，只有尴尬:2125  第195章 埋伏:1987  第196章 真假烟岚魔君:2101  第197章 可靠的姐姐:2016  第198章 好熟悉的场面:2143
          第199章 小乌龟纪兰嫣:1933  第200章 雷劫:1975  第201章 因果:2062  第202章 烟岚魔君又打人了:2059  第203章 隐藏话本:2044  第204章 榜二:1978
          第205章 留着过年:2193  第206章 偷偷修炼:2046  第207章 劫数:2105  第208章 执念:2037  第209章 道心通明:2068  第210章 还怪闲的:2049
          第211章 藏毒:2241  第212章 瞎看什么:1972  第213章 代价:2410  第214章 笨死了:2816  第215章 好消息:1612  第216章 “守卫”:2106
          第217章 心魔:2216  第218章 纪兰嫣怒拔萝卜苗:2350  第219章 好起来了:1838  第220章 真不虐，信我！:2481  第221章 一点都不虐！:2109  第222章 讨论具体项目:1983
          第223章 项目实施:2850  第224章 坏得很:2154  第225章 不会再乱吃:2390  第226章 真不理你了！:2060  第227章 手撕大乘期老怪:2297  第228章 停停停:2106
          第229章 商议:2149  第230章 山雨欲来:2028  第231章 撸猫:2052  第232章 可爱又诡异:2176  第233章 幻影:2093  第234章 烟火:2074
          第235章 固执:2048  第236章 中州大比:1856  第237章 事变:2363  第238章 鬼东西:2086  第239章 截胡:2725  第240章 救兵:2293
          第241章 毒:1979  第242章 逃窜:2406  第243章 报恩:2109  第244章 恶鬼:2028  第245章 旅者:3139  第246章 先吃了再说:2279
          第247章 欠揍:1857  第248章 纷纷赶来:1049  第249章 诛魔:4017  第250章 及时:2098  第251章 表示:2033  第252章 医治:2296
          第253章 养伤:2423  第254章 有得是办法:2574  第255章 偷摸回家:1939  第256章 这就护上了:2299  第257章 土到没边:2307  第258章 孩子:2000
          第259章 挂件:2143  第260章 家长赠礼:1988  第261章 大战烟岚魔君:2609  第262章 关系不一样:2751  第263章 掉毛:2383  第264章 结契商议:1951
          第265章 派发喜帖:2303  第266章 结契大典前:2032  第267章 结契大典中:2353  第268章 结契大典后:2340  第269章 结契大典后后:2716  第270章 结契大典后后后:1939
          第271章 笨蛋谢长音:2319  第272章 终章:2762  第273章 开局被魔修老婆追着砍:1940  第274章 谁问你了？:1853  第275章 姐姐你好漂亮啊！:2781  第276章 二位道友请便:2289
          第277章 叠叠乐:2064  第278章 藏宝室:4153  第279章 分赃:2355  第280章 勉为其难:1842  第281章 好酒，莫要浪费:4095  第282章 赌约:4113
          第283章 出气:2188  第284章 少废话:1856  第285章 不能。:2117  第286章 蠢货。:2291  第287章 下棋:4345  第288章 我只看你。:4019
          第289章 酸溜溜的:2131  第290章 同伴:1876  第291章 戏精附体:2119  第292章 捡漏:2181  第293章 抱枕:2280  第294章 不可悔棋。:2410
          第295章 屡败屡战:1762  第296章 落子无悔:3697  第297章 心机少女巧遇病弱仙君，略施小计与其同行:2257  第298章 仙君心中暗自比对，谢长音风评被害:2197  第299章 仙君留财不留人，小野猫计划落空空:2106  第300章 勇敢小猫独闯合欢宗，惨遭冷面大狗阻拦:2024
          第301章 小猫心生退意，仙君亲自接人回峰:1778  第302章 可爱小猫进屋，黏人大狗不准进:2411  第303章 大狗深夜骚扰，仙君彻夜庇护小猫:1938  第304章 小猫拜师成功，大狗偷偷发难:2143  第305章 黑心小猫反击，笨蛋大狗中计:1892  第306章 关照受伤小猫，安抚倔强大狗:2272
          第307章 雨夜大狗突袭，小猫受惊:2976  第308章 仙君夜中咳血，小猫守夜:1967  第309章 仙君闭关，猫狗打架拆家:2001  第310章 心思初见端倪，夜间喝酒哄劝:2580  第311章 同床共枕的仙君凉了，小猫震惊:2040  第312章 仙君身子寒凉，小猫钻被窝暖暖:1999
          第313章 大狗呼呼大睡，小猫夜夜爬床:2153  第314章 师尊开导小谢长音:2147  第315章 大狗出门历练，小猫夜间偷亲:1910  第316章 小猫哭唧唧，仙君轻声哄:2131  第317章 小猫躲躲藏藏，仙君寻寻找找:2009  第318章 小猫亲亲仙君，恭迎师娘登位！:2043
          第319章 明明是师徒，怎么能结为道侣？:2061  第320章 仙君任性，师娘陪伴:2243  第321章 三句话，让小长音进化成谢长音:1833  第322章 师娘投毒诡辩，谢长音大殿相护:2256  第323章 惊！冰火不容的师姐妹关系缓和，背后原因竟是…:2154  第324章 奶黄包误入黑芝麻汤圆生产基地:2109
          第325章 雪人谢长音:1651  第326章 三盘凉菜:2130

11:09:27  意外穿成万人迷 (贞天) [完结+番外]  82p→71章  744KB  OK
          https://www.52shuku.net/gl/04_b/bkcrx.html
          第1章 道侣:3282  第2章 出窍:3869  第3章 情圣:3156  第4章 沉欲阁:3604  第5章 隔墙有耳:3196  第6章 内幕:3984
          第7章 妖修:2572  第8章 醉生梦死:2632  第9章 奇葩爹娘:3420  第10章 山洞同居:3727  第11章 断袖:3280  第12章 紫云阁:2667
          第13章 闵公正:3646  第14章 修罗场:3084  第15章 无忧山庄:2987  第16章 开宗建派:3122  第17章 小姑娘:3460  第18章 凤思言:3571
          第19章 秘境  ？？？:3188  第20章 美食家:3092  第21章 灭魙:2867  第22章 往生:3316  第23章 上药:3440  第24章 验伤【倒v】:3105
          第25章 混入上清:3440  第26章 丫丫:3540  第27章 华紫辰:3488  第28章 染血:2330  第29章 入门试炼:3356  第30章 闯龙门（一）:3420
          第31章 闯龙门（二）:3830  第32章 闯龙门（三）:3167  第33章 师徒之道:3528  第34章 三阴体质:3116  第35章 写话本:3642  第36章 无忧:3192
          第37章 蛇与蛊:3231  第38章 小娇妻:3318  第39章 美梦:3474  第40章 外出闭关【倒v结束】:3419  第41章 出关:3491  第42章 掉马:3391
          第43章 护犊:3246  第44章 不怕:3166  第45章 结婴:3319  第46章 熏熏:3086  第47章 出塔:3232  第48章 凤萧玉:3108
          第49章 喜当爹:3090  第50章 笼中鸟:3142  第51章 又见修罗场:3963  第52章 霸道师尊:3428  第53章 迟碧玉:3648  第54章 合欢宗:3201
          第55章 话本:3543  第56章 南宫庆:3283  第57章 生死相护:3730  第58章 火红凤羽:3310  第59章 不破:3316  第60章 焱岳宗:3123
          第61章 出师:3101  第62章 后援团:3234  第63章 青组会试:4367  第64章 终章:9225  第65章 番外：孤月清澜（一）:3223  第66章 番外：孤月清澜（二）:3580
          第67章 番外：孤月清澜（三）:3324  第68章 番外：孤月清澜（四）:2911  第69章 番外：孤月清澜（五）:3108  第70章 番外：孤月清澜（六）:3308  第71章 番外：孤月清澜（完）:9567

11:11:46  大雪满凉州 (霜青柿) [完结]  325p→255章  2895KB  OK
          https://www.52shuku.net/gl/04_b/bkcru.html
          第1章 银冷飞白疑云生:3314  第2章 银冷飞白疑云生:3484  第3章 真假浮霄匿凛锋:3299  第4章 真假浮霄匿凛锋:3052  第5章 真假浮霄匿凛锋:3268  第6章 云台城闭查无迹:3042
          第7章 云台城闭查无迹:3093  第8章 云台城闭查无迹:3270  第9章 寒鸦啼血白桦林:3279  第10章 寒鸦啼血白桦林:3038  第11章 霞移七境护弱雪:3030  第12章 霞移七境护弱雪:3178
          第13章 风雪客栈夜行镖:3210  第14章 风雪客栈夜行镖:3251  第15章 风雪客栈夜行镖:3130  第16章 松枝叠云青丝改:3292  第17章 半亭玉虚落金叶:3157  第18章 一盏清茗识娉婷:3034
          第19章 一盏清茗识娉婷:3268  第20章 月隐迷雾烙紫肤:3098  第21章 鸡飞狗跳闹庐灵:3205  第22章 相偕一梦入蓬莱:3086  第23章 豪夺金叶逑凰楼:3102  第24章 豪夺金叶逑凰楼:3108
          第25章 十方枭雄聚霜轩:3170  第26章 十方枭雄聚霜轩:3107  第27章 十方枭雄聚霜轩:3064  第28章 十方枭雄聚霜轩:3107  第29章 三品宝玉溯旧缘:3473  第30章 提司语之谓为友:3391
          第31章 冷霜辟瘴渡恶浊:3346  第32章 肃霜危楼起风波:3216  第33章 嫏嬛夜宴血色染下三滥，“^-^:3410  第34章 沧海故国红枝衰:3513  第35章 素手翻波毒中毒:3109  第36章 荒心飞雪二十载:3103
          第37章 荒心飞雪二十载:3249  第38章 荒心飞雪二十载:3113  第39章 幽幽北地故人来:3673  第40章 幽幽北地故人来:3356  第41章 一湖星火语千秋:3334  第42章 光阴水榭问阳鬼:3193
          第43章 光阴水榭问阳鬼:3496  第44章 洞房花烛拆鸳鸯:3116  第45章 洞房花烛拆鸳鸯:3114  第46章 洞房花烛拆鸳鸯:3317  第47章 暗水虾市寻鬼匠:3156  第48章 暗水虾市寻鬼匠:3217
          第49章 暗水虾市寻鬼匠:3192  第50章 无血葫芦白冬瓜:3289  第51章 无血葫芦白冬瓜:3080  第52章 黄沙朔漠现法苑:3340  第53章 黄沙朔漠现法苑:3147  第54章 黄沙朔漠现法苑:3609
          第55章 通天巨佛藏恼烦:3603  第56章 通天巨佛藏恼烦:3159  第57章 向暖花钗十二树:3169  第58章 向暖花钗十二树:3076  第59章 红颜遥渺思朝暮:3514  第60章 万僧供奉舍利归:3149
          第61章 柔荑缱绻凝脂暖:3300  第62章 清晖映雪紫箫寒:3217  第63章 御野铁骑剿残寺:3225  第64章 御野铁骑剿残寺:3164  第65章 当时沧海两轮月:3103  第66章 当时沧海两轮月:3312
          第67章 今宵梦畔一缕灯:3105  第68章 今宵梦畔一缕灯:3278  第69章 今宵梦畔一缕灯:3237  第70章 秋心可拆情难诉:3272  第71章 浮光流雪星满路:3314  第72章 浮光流雪星满路:3276
          第73章 廊桥锦台夜语心:3378  第74章 廊桥锦台夜语心:3295  第75章 廿年梦魇起故园:3387  第76章 九里白月转朱颜:3266  第77章 九里白月转朱颜:3161  第78章 九里白月转朱颜:3430
          第79章 朱墙练瓦入深阁:3398  第80章 朱墙练瓦入深阁:3425  第81章 移天换日洗尘宴:3149  第82章 移天换日洗尘宴:3160  第83章 尔虞我诈勾心角:3323  第84章 尔虞我诈勾心角:3449
          第85章 羲女遗孀献铜丸:3352  第86章 羲女遗孀献铜丸:3179  第87章 千机算尽陷囹圄:3450  第88章 千机算尽陷囹圄:3217  第89章 千机算尽陷囹圄:3443  第90章 千机算尽陷囹圄:3220
          第91章 千机算尽陷囹圄:3738  第92章 千机算尽陷囹圄:3476  第93章 旧事扑朔恨成空:3541  第94章 旧事扑朔恨成空:3235  第95章 离思寄雪幽怨深:3778  第96章 离思寄雪幽怨深:3460
          第97章 离思寄雪幽怨深:5044  第98章 无晴银竹有情心:3471  第99章 无晴银竹有情心:3242  第100章 元垠竞武华灯上:4048  第101章 挽星抚剑琴瑟鸣:3332  第102章 星河清佩云雨歇:3396
          第103章 星河清佩云雨歇:3120  第104章 暗毒乍起养剑围:3229  第105章 暗毒乍起养剑围:3422  第106章 暗毒乍起养剑围:3833  第107章 暗毒乍起养剑围:3527  第108章 狂蜂浪蝶惊初蕊:3260
          第109章 心猿意马钗摇香:3181  第110章 鸳鸯双缨南城外:3301  第111章 市隐寒舍绝字房:3110  第112章 晴山蓝帕织造局:3201  第113章 鲜做赤豆桂花羹:3215  第114章 霞袂飞花祥瑞坊:3223
          第115章 五陵剑侠恰风华:4616  第116章 五陵剑侠恰风华:3733  第117章 五陵剑侠恰风华:4146  第118章 推涛作浪离间计:3430  第119章 推涛作浪离间计:3215  第120章 推涛作浪离间计:3553
          第121章 推涛作浪离间计:3360  第122章 正和长街七夕夜:3550  第123章 红鸾星动宫徴羽:3210  第124章 红鸾星动宫徴羽:3629  第125章 密阁盗旨夜幕沉:3789  第126章 密阁盗旨夜幕沉:3646
          第127章 白衫娉婷帐幔深:4022  第128章 黑裳玄青笼机城:3430  第129章 黑裳玄青笼机城:3128  第130章 黑裳玄青笼机城:3166  第131章 黑裳玄青笼机城:3520  第132章 别有心思与日增:4184
          第133章 正青密谋缉嫌凶:3969  第134章 正青密谋缉嫌凶:3831  第135章 陈公巷甲观春居:3291  第136章 碎云湖畔话玄机:3948  第137章 铁梨木成宣金甲:3381  第138章 落花离枝散碧海:3124
          第139章 落花离枝散碧海:3137  第140章 百两黄金诓赌棍:3650  第141章 重云晦月晓星沉:3550  第142章 重云晦月晓星沉:3738  第143章 重云晦月晓星沉:4040  第144章 火烧琴木焦尸悬:3411
          第145章 灭门铁铺孤女还:4070  第146章 灭门铁铺孤女还:3576  第147章 灭门铁铺孤女还:3685  第148章 两坛绝酿凌波仙:4368  第149章 焚香索命云遮天:3665  第150章 山雨骤来言无信:3141
          第151章 山雨骤来言无信:3872  第152章 点黛石牌义剑尊:3762  第153章 暖茶轻盏杀意绵:3181  第154章 凌波公子断玉颜:3602  第155章 凌波公子断玉颜:3385  第156章 凌波公子断玉颜:3839
          第157章 凌波公子断玉颜:3628  第158章 凌波公子断玉颜:3906  第159章 伤筋动骨一百天:4853  第160章 伤筋动骨一百天:3372  第161章 伤筋动骨一百天:3204  第162章 伤筋动骨一百天:3438
          第163章 枝头赤梅映清雪:3772  第164章 柔荑抚玉浅青下:3849  第165章 初做羹汤试灶旁:3800  第166章 旧去羊脂新烟紫:4001  第167章 风雪绕枝猎湖鱼:4509  第168章 殷殷慈母至杏篱:4041
          第169章 殷殷慈母至杏篱:3263  第170章 潇潇瑞雪兆丰年:4254  第171章 潇潇瑞雪兆丰年:5106  第172章 断刀嵌骨爱生嫌:3683  第173章 断刀嵌骨爱生嫌:4046  第174章 登龙夺彩询秘事:4209
          第175章 登龙夺彩询秘事:3676  第176章 余情未尽平添怨:3194  第177章 安野伯府埋杀机:3603  第178章 安野伯府埋杀机:3800  第179章 燕王旧部引余悸:3520  第180章 燕王旧部引余悸:5598
          第181章 香消玉殒事东窗:3982  第182章 寒山深雪夺宝藏:3864  第183章 寒山深雪夺宝藏:3289  第184章 寒山深雪夺宝藏:3337  第185章 寒山深雪夺宝藏:3308  第186章 寒山深雪夺宝藏:3344
          第187章 不知身是黄泉客:5124  第188章 却有隐秘为人说:3776  第189章 却有隐秘为人说:4451  第190章 残疑成谶情意休:4249  第191章 残疑成谶情意休:3216  第192章 零落成泥入九幽:3992
          第193章 零落成泥入九幽:3456  第194章 身不由己苟残生:4002  第195章 身不由己苟残生:3887  第196章 兴师问罪两盟争:4164  第197章 兴师问罪两盟争:5057  第198章 兴师问罪两盟争:4365
          第199章 兴师问罪两盟争:4672  第200章 春日柔暖凉入夜:4192  第201章 夏风抚窗流光斜:4213  第202章 造锦织绣探瀚日:4269  第203章 鹬蚌相争虎啸坪:4780  第204章 坠龙潜渊亲相见:3131
          第205章 坠龙潜渊亲相见:4488  第206章 念子情深梦如烟:3202  第207章 闲听流言知祸事:3866  第208章 染血双缨断金枝:3665  第209章 染血双缨断金枝:4014  第210章 秋雨涤心洗梧桐:4728
          第211章 手眼通天匿乘风:3442  第212章 囹圄蒙尘破桎梏:3861  第213章 囹圄蒙尘破桎梏:3898  第214章 寒斋逢别行陌路:4276  第215章 寒斋逢别行陌路:4209  第216章 相邀赤石谋望塞:5407
          第217章 东窗密泄事垂败:4267  第218章 东窗密泄事垂败:4055  第219章 丹砂博弈刀兵见:5621  第220章 丹砂博弈刀兵见:3522  第221章 丹砂博弈刀兵见:5409  第222章 霁月不照正云台:5481
          第223章 疑雾半消仇渐明:5389  第224章 心弦缭乱表衷情:4442  第225章 心弦缭乱表衷情:3204  第226章 国泰民安灯上祈:5709  第227章 临渊图鱼计中谋:4111  第228章 临渊图鱼计中谋:4217
          第229章 临渊图鱼计中谋:4825  第230章 诛仇雪恨剑下求:4690  第231章 诛仇雪恨剑下求:5357  第232章 谰言诳语脱罪辜:6763  第233章 风情月意两心诉:5287  第234章 蛟嘶龙吼世事乱:4654
          第235章 蛟嘶龙吼世事乱:5171  第236章 沐恩成仇狼子僭:5683  第237章 尊主案前彻骨寒:4364  第238章 向暖阁底梅花篆:5186  第239章 且入清州谋新局:5439  第240章 且入清州谋新局:4352
          第241章 且入清州谋新局:4486  第242章 但往陆府窃生机:3551  第243章 但往陆府窃生机:3428  第244章 但往陆府窃生机:3837  第245章 连用刑罚惩草民:4553  第246章 欲擒故纵诈珍方:4499
          第247章 勒星果干三分半:4489  第248章 凌云此去无再返:5186  第249章 雪烬春庭尘埃定:4586  第250章 妄将陈岁询晚风:4916  第251章 命曲终断琴音散:6266  第252章 伏机暗藏鸿门宴:7207
          第253章 云霭裁光映初白:6122  第254章 云霭裁光映初白:6204  第255章 倾心如愿霁时来:16367

11:13:07  夜色名为温柔 (肆典) [完结+番外]  216p→173章  1896KB  OK
          https://www.52shuku.net/gl/04_b/bkcrt.html
          第1章 握手:4138  第2章 改编:4470  第3章 吃饭:3616  第4章 彩排:3277  第5章 选择:3710  第6章 继续:2125
          第7章 偶遇:3087  第8章 采访:2551  第9章 巧合:2876  第10章 上心:3073  第11章 孽缘:3176  第12章 回家:3831
          第13章 捉弄:4419  第14章 对唱:3554  第15章 排练:3716  第16章 约会:3174  第17章 马甲:3528  第18章 我家:3523
          第19章 醉了:2500  第20章 驯化:2497  第21章 套路:3079  第22章 挨打:3160  第23章 喜欢:3292  第24章 衣服:3544
          第25章 钥匙:3132  第26章 上班:3142  第27章 地狱:3105  第28章 微醺:3326  第29章 例会:3227  第30章 生病:3235
          第31章 食言:3624  第32章 想象:3215  第33章 卧室:3059  第34章 剧本:3224  第35章 不必:3085  第36章 终止:3321
          第37章 寻人:3531  第38章 咬钩:3267  第39章 挫败:3940  第40章 睡觉:3559  第41章 小姨:3314  第42章 爱了:3379
          第43章 侧幕:3427  第44章 幕后:3388  第45章 被耍:3076  第46章 疯狂:3220  第47章 挨着:3357  第48章 爱恨:3745
          第49章 魔鬼:3022  第50章 报恩:3238  第51章 试探:3920  第52章 沉香:3431  第53章 困境:3233  第54章 青梅:3860
          第55章 咱们:3284  第56章 吵架:3206  第57章 挽发:3599  第58章 夜话:3689  第59章 家底:3825  第60章 决定:3283
          第61章 回礼:3403  第62章 兴致:3280  第63章 百合:3331  第64章 这夜:3343  第65章 输赢:3873  第66章 奖励:3070
          第67章 发烧:3171  第68章 脾气:3307  第69章 小满:3853  第70章 拜访:5705  第71章 命好:3444  第72章 扇子:4099
          第73章 无情:3615  第74章 要不:4913  第75章 畅谈:3284  第76章 合谋:3431  第77章 问答:3563  第78章 揣度:3421
          第79章 粘人:3305  第80章 逐客:3739  第81章 亲吗:4978  第82章 想亲:3262  第83章 真行:3592  第84章 文酬:4651
          第85章 偷家:2324  第86章 倒贴:3802  第87章 坐排:3199  第88章 充电:3175  第89章 睡衣:3042  第90章 认识:3473
          第91章 对比:3374  第92章 前奏:3181  第93章 等她:5350  第94章 仪式:3278  第95章 亲亲:3356  第96章 不亲:3960
          第97章 刺痛:4129  第98章 哈哈:3332  第99章 伴侣:3095  第100章 妈妈:3420  第101章 回家:6273  第102章 感情:4160
          第103章 回来:4415  第104章 金主:3177  第105章 问题:3174  第106章 照片:3240  第107章 表白:4641  第108章 剖白:3635
          第109章 私心:3907  第110章 期待:3530  第111章 化了:3186  第112章 方式:3743  第113章 作戏:3089  第114章 启蒙:3425
          第115章 看见:4636  第116章 推断:1925  第117章 顽劣:6215  第118章 回报:3771  第119章 觉醒:3964  第120章 下棋:3489
          第121章 纵容:4304  第122章 正好:3968  第123章 言和:4214  第124章 利用:4680  第125章 暂时:3377  第126章 无题:3386
          第127章 初恋:3498  第128章 害羞:3335  第129章 祖宅:3327  第130章 犹豫:3586  第131章 爱人:6873  第132章 确认:3162
          第133章 狼群:4933  第134章 大运:3979  第135章 托举:3041  第136章 离京:3516  第137章 狼妖:3899  第138章 敲打:5408
          第139章 取悦:3149  第140章 答案:3076  第141章 娘家:4514  第142章 万字（一）:3986  第143章 万字（二）:3954  第144章 万字（三）:3989
          第145章 浪漫:3499  第146章 巡演:3618  第147章 不怕:3269  第148章 暗号:3282  第149章 哭笑:2302  第150章 法典:3139
          第151章 喘息:4859  第152章 彩带:3790  第153章 老师:3818  第154章 唱和:2826  第155章 呸呸:4687  第156章 你走:4120
          第157章 毁神:2390  第158章 是谁:3349  第159章 敬候:3986  第160章 进京:3011  第161章 命令:3836  第162章 媚粉:3194
          第163章 求我:3403  第164章 特权:3471  第165章 傻了:6342  第166章 明朗:4194  第167章 夜色:3894  第168章 等你:5969
          第169章 惊蛰:2547  第170章 掌心:3591  第171章 番外（一）:5117  第172章 番外（二）:5330  第173章 番外（三）:4400

11:14:06  听说我是“万人迷” (莳苏晩) [完结]  144p→132章  1305KB  OK
          https://www.52shuku.net/gl/04_b/bkcrr.html
          第1章 旧爱:3186  第2章 情敌:3230  第3章 追逐:3885  第4章 协议:3029  第5章 给予:3094  第6章 “约会”:3077
          第7章 逃避:3195  第8章 生日:3029  第9章 礼物:3029  第10章 离开:3085  第11章 怒火:3148  第12章 悔恨:3062
          第13章 谎言:3029  第14章 警告:3098  第15章 联盟:3120  第16章 社长:3089  第17章 “约会”:3172  第18章 计划:3061
          第19章 学妹:2218  第20章 嫉妒:2001  第21章 低头:2291  第22章 败犬:10076  第23章 疯子:10185  第24章 偏爱:3200
          第25章 执念:3220  第26章 痴迷:3235  第27章 祭品:3260  第28章 网友:3465  第29章 实习:3244  第30章 拆散:3224
          第31章 “同居”:3256  第32章 幻想:3226  第33章 试探:3315  第34章 放手:3185  第35章 挣扎:3183  第36章 人情:3189
          第37章 丢失:3182  第38章 小偷:3248  第39章 思念:3187  第40章 惭愧:3204  第41章 宴会:3192  第42章 警告:3194
          第43章 误会:3236  第44章 嫉妒:3210  第45章 计划:3222  第46章 花心:3184  第47章 爱情:3222  第48章 合作:3173
          第49章 反击:3226  第50章 恶龙:3170  第51章 上钩:3173  第52章 悔改:3187  第53章 欲望:3188  第54章 醉酒:3171
          第55章 争执:3172  第56章 对立:3181  第57章 失败:3172  第58章 听话:3183  第59章 同化:3172  第60章 协商:3213
          第61章 后悔:3191  第62章 病友:3214  第63章 合谋:3168  第64章 过年:3192  第65章 真心:3171  第66章 空壳:3208
          第67章 母亲:3182  第68章 朋友:3171  第69章 谎言:3173  第70章 威胁:3191  第71章 拜访:3225  第72章 共眠:3179
          第73章 忠一:3248  第74章 过去:3211  第75章 留宿:3178  第76章 家庭:3186  第77章 对方:3193  第78章 自爱:3189
          第79章 情色:3187  第80章 青梅:3175  第81章 泡沫:3169  第82章 野犬:3169  第83章 母女:3170  第84章 坦诚:3169
          第85章 烟花:3200  第86章 宽容:3176  第87章 追逐:3187  第88章 驯服:3215  第89章 零分:3273  第90章 伪装:3242
          第91章 爱情:3213  第92章 心机:3191  第93章 备胎:3209  第94章 旧帐:3174  第95章 沉沦:3206  第96章 遇霖:3216
          第97章 前任:3242  第98章 秘密:3198  第99章 母亲:3242  第100章 旧友:3259  第101章 交换:3171  第102章 秘密:3246
          第103章 好友:3193  第104章 离校:3269  第105章 谎言:3175  第106章 利用:3189  第107章 恶魔:3206  第108章 女人:3170
          第109章 挖掘:3177  第110章 肮脏:3191  第111章 嫉妒:3229  第112章 点燃:3175  第113章 危机:3326  第114章 叛徒:3201
          第115章 荒唐:3178  第116章 醒悟:3187  第117章 乐章:3197  第118章 良心:3185  第119章 探监:3177  第120章 入网:3201
          第121章 真心:3256  第122章 共鸣:3173  第123章 舆论:3178  第124章 眼泪:3175  第125章 明牌:3176  第126章 天真:3173
          第127章 誓言:3181  第128章 证据:3217  第129章 真相:3170  第130章 扭曲:3178  第131章 离别:3214  第132章 结局:3853

11:14:43  变身末世系统，把宿主的活干了 (文侠墨客) [完结]  93p→70章  775KB  OK
          https://www.52shuku.net/gl/04_b/bkcqV.html
          第1章 变身末世系统:4274  第2章 清纯小白花:4818  第3章 终结者李奈:4732  第4章 漂亮女医生打针真狠:3744  第5章 凌晨，丧尸出现:3713  第6章 谁把我抱走了？:3096
          第7章 两位恶女慢慢斗:4635  第8章 基地的女主人米西可:4226  第9章 恶女大姐大的新宠也是恶女？！:3163  第10章 啊对对对，我就是系统:3288  第11章 这个恶女这么好骗啊:3094  第12章 蠢系统还是有点子聪明:3603
          第13章 美女与丧尸:4710  第14章 升职险中求:3951  第15章 我家女仆在跟我的女宠偷情:3540  第16章 鸯鸯鸯戏水:3808  第17章 触发线索人物默克:3721  第18章 哦豁，不能变身了！:4308
          第19章 系统也是有脾气的！:5316  第20章 警告！系统机体遭到严重破坏:3139  第21章 你们两个趁我昏迷干了啥？:3676  第22章 3恶女1系统凑一车:3124  第23章 膝盖中了一枪:9  第24章 到底是谁背叛谁:3546
          第25章 你相信我吗？:3300  第26章 抢假系统抢得真欢:3807  第27章 抱得美系统归:4675  第28章 绑定新宿主:3972  第29章 你好，我对你的身体很感兴趣:3570  第30章 听我给你卖可怜:4203
          第31章 背着“核弹”的白发魔女林静汝:3615  第32章 信任危机大爆炸:4151  第33章 给你个动物园代理园长当当:3079  第34章 我会履行承诺给你自由:2758  第35章 她追她逃:3520  第36章 真是一场野兽大乱斗啊 1:4029
          第37章 一场火蚂蚁与热武器大战:3611  第38章 天下没有白给的洞穴:3309  第39章 看着你死:3436  第40章 我自愿自投罗网:3223  第41章 你要怎么离开:3651  第42章 拒绝打针:3828
          第43章 超时危机:3755  第44章 当植物人的七天:3290  第45章 想跳个舞吗？:3390  第46章 50万个丧尸=1万积分:3637  第47章 当场被抓咯:3204  第48章 项链×小说:4175
          第49章 超级丧尸大危机:2898  第50章 任务恶女1号完成:3590  第51章 不记得死过多少回:4096  第52章 “happy birthday to you~”:3398  第53章 还期待生日会呢？一脚踢飞:4016  第54章 虚假姐妹情:3429
          第55章 专业保镖“李奈”:3559  第56章 戚水寒获得自由后 上:3152  第57章 戚水寒获得自由后 下:4194  第58章 大发好心收留:3059  第59章 这主意可真险:3340  第60章 李奈我真成宿主了！:3153
          第61章 密谋:3268  第62章 蔷薇集团:3494  第63章 营救计划:3274  第64章 杀母仇人:3149  第65章 你相信系统会听话？:3695  第66章 基地危机:2996
          第67章 没用的李奈:3092  第68章 暗物质:3763  第69章 再见，李奈:4159  第70章 大结局:4200

11:15:08  春朝 (顷稔) [完结]  66p→61章  552KB  OK
          https://www.52shuku.net/gl/04_b/bkcqR.html
          第1章:3019  第2章:3000  第3章:3062  第4章:3013  第5章:3034  第6章:3107
          第7章:3079  第8章:2201  第9章:2098  第10章:2294  第11章:2304  第12章:2206
          第13章:2044  第14章:3034  第15章:2001  第16章:1562  第17章:741  第18章:2021
          第19章:3809  第20章:3726  第21章:3005  第22章:1810  第23章:3107  第24章:3090
          第25章:2246  第26章:3000  第27章:3012  第28章:3910  第29章:2981  第30章:3269
          第31章:3298  第32章:3179  第33章:3043  第34章:3065  第35章:3182  第36章:3114
          第37章:3374  第38章:3537  第39章:3835  第40章:3296  第41章:3316  第42章:3496
          第43章:3105  第44章:3021  第45章:3079  第46章:3182  第47章:3000  第48章:3019
          第49章:3154  第50章:3131  第51章:3183  第52章:3059  第53章:3056  第54章:3063
          第55章:3190  第56章:3351  第57章:3135  第58章:3070  第59章:3102  第60章:3542
          第61章:3038

11:15:34  烂人真心 (浊鸢鱼) [完结]  60p→45章  530KB  OK
          https://www.52shuku.net/gl/03_b/bkcqA.html
          第1章 学姐你好:1896  第2章 过来:2053  第3章 所以呢:1794  第4章 我自愿:3111  第5章 秘密:2467  第6章 演戏:3948
          第7章 不要:3016  第8章 谜底:3978  第9章 我是倪阳:2973  第10章 游戏:3722  第11章 宣传单:5030  第12章 某人:3151
          第13章 告白:4677  第14章 雨夜:5092  第15章 消失:2916  第16章 报道:2589  第17章 风波:2894  第18章 生日:3002
          第19章 棒球棍:4498  第20章 怪物:5480  第21章 歪嘴蟹:3589  第22章 告别:3366  第23章 厨余垃圾:4291  第24章 好运:5055
          第25章 朝阳:3252  第26章 花香:4063  第27章 预感:3075  第28章 纸袋:4126  第29章 日记:4382  第30章 旧日回饮:5133
          第31章 冒犯:3673  第32章 审判:4414  第33章 烹调技术:5063  第34章 规则:4130  第35章 电梯:4277  第36章 夕阳:5211
          第37章 晚宴:4344  第38章 母亲:3270  第39章 钢笔:4390  第40章 爱:5260  第41章 流感:3358  第42章 偏见:4291
          第43章 优点:5032  第44章 梦:5141  第45章 河乌:5395

11:16:02  我的逃亡春天 (柒余幺) [完结]  67p→59章  614KB  OK
          https://www.52shuku.net/gl/03_b/bkcq9.html
          第1章:3001  第2章:3258  第3章:3054  第4章:3017  第5章:3174  第6章:3076
          第7章:3238  第8章:3125  第9章:3245  第10章:3387  第11章:3831  第12章:3339
          第13章:3390  第14章:3153  第15章:3287  第16章:3176  第17章:3902  第18章:3431
          第19章:3511  第20章:3161  第21章:3326  第22章:3176  第23章:3036  第24章:3398
          第25章:3317  第26章:3237  第27章:3902  第28章:3135  第29章:3667  第30章:3633
          第31章:3464  第32章:3273  第33章:3309  第34章:3359  第35章:3047  第36章:3171
          第37章:3534  第38章:3437  第39章:4371  第40章:3403  第41章:3273  第42章:3735
          第43章:3101  第44章:4037  第45章:3544  第46章:4726  第47章:3010  第48章:3104
          第49章:3430  第50章:4329  第51章:3900  第52章:3365  第53章:3195  第54章:3159
          第55章:3106  第56章:3390  第57章:4184  第58章:5237  第59章:4593

11:16:53  和回避型拉扯三年后 (二十渡) [完结]  136p→98章  1161KB  OK
          https://www.52shuku.net/gl/03_b/bkcq8.html
          第1章:3608  第2章:3741  第3章:3610  第4章:3209  第5章:3408  第6章:3323
          第7章:3380  第8章:3542  第9章:3676  第10章:3613  第11章:3833  第12章:3952
          第13章:3551  第14章:3963  第15章:3821  第16章:4102  第17章:3691  第18章:3866
          第19章:3778  第20章:4188  第21章:3735  第22章:3756  第23章:3660  第24章:3813
          第25章:3650  第26章:3893  第27章:4157  第28章:4279  第29章:4473  第30章:3402
          第31章:3468  第32章:3932  第33章:3983  第34章:4264  第35章:4102  第36章:3902
          第37章:3554  第38章:3662  第39章:3537  第40章:4046  第41章:3651  第42章:3716
          第43章:4007  第44章:4554  第45章:3903  第46章:4127  第47章:3519  第48章:3926
          第49章:3818  第50章:4089  第51章:3559  第52章:3462  第53章:5200  第54章:3553
          第55章:4132  第56章:3568  第57章:4238  第58章:3916  第59章:3621  第60章:3828
          第61章:3355  第62章:3537  第63章:3738  第64章:4976  第65章:5366  第66章:3741
          第67章:3751  第68章:3203  第69章:4543  第70章:4433  第71章:5003  第72章:3928
          第73章:3294  第74章:4284  第75章:4126  第76章:3945  第77章:3424  第78章:3327
          第79章:3372  第80章:3563  第81章:3460  第82章:4209  第83章:3470  第84章:3529
          第85章:4261  第86章:4491  第87章:4298  第88章:3449  第89章:4124  第90章:4485
          第91章:3723  第92章:4043  第93章:4263  第94章:3871  第95章:5648  第96章:5157
          第97章:4534  第98章:3699

11:18:04  冰川之下 (卡刺的鱼) [完结+番外]  187p→192章  1714KB  OK
          https://www.52shuku.net/gl/03_b/bkcq7.html
          第1章 初遇:2228  第2章 不喜:2274  第3章 避雨:2306  第4章 同床共枕:2747  第5章 接近:2703  第6章 家法:2102
          第7章 胃病:2446  第8章 拥抱:2014  第9章 朋友:2199  第10章 保护:2433  第11章 失去:2785  第12章 讨回公道:2035
          第13章 往事:2264  第14章 照片:2222  第15章 火车:2468  第16章 伤口:2128  第17章 深入了解:2444  第18章 交心:2548
          第19章 奶奶来访:2384  第20章 情侣装:2564  第21章 替酒:2402  第22章 一夜好眠:2104  第23章 分别:2180  第24章 儿时伙伴:2143
          第25章 分裂:2180  第26章 维护:2736  第27章 醉酒:2186  第28章 唯一:2143  第29章 入套:2516  第30章 事变:2283
          第31章 唤醒:2804  第32章 中秋:2207  第33章 月光下的表白:2343  第34章 生日:2395  第35章 挑衅:2340  第36章 分离:2207
          第37章 新年快乐:2346  第38章 接受:2125  第39章 决裂:2322  第40章 毕业:2408  第41章 好久不见:2555  第42章 了无牵挂:2395
          第43章 新的开始:2160  第44章 转折:2357  第45章 忘记:2336  第46章 等待:2444  第47章 回归正轨:2008  第48章 探望:3114
          第49章 实习生活:2284  第50章 成长:2084  第51章 追捕:2548  第52章 重逢:2157  第53章 宣之于口的爱情:2220  第54章 久违的拥抱:2547
          第55章 我喜欢你:2311  第56章 你好，女朋友:2151  第57章 师娘您好:2222  第58章 审讯:2446  第59章 神秘的符号:2549  第60章 勿忘我:2723
          第61章 老夫老妻:2849  第62章 棒棒糖:2334  第63章 程恩:2091  第64章 箱中谜尸:2517  第65章 试探:2433  第66章 我相信你:2193
          第67章 认尸:2450  第68章 误会:2202  第69章 新进展:2205  第70章 迷雾渐散:2374  第71章 孟虹:2441  第72章 蛛丝马迹:2479
          第73章 你没有机会:2190  第74章 互道相思:2035  第75章 所谓信任:2345  第76章 别扭的两个人:2532  第77章 挑逗:2458  第78章 遗憾:2743
          第79章 买车:2254  第80章 以吻封缄:2452  第81章 过往:2666  第82章 徐华:3026  第83章 骆耀知:2293  第84章 父女对峙:2266
          第85章 干妈:2918  第86章 平安符:2352  第87章 见义勇为:2351  第88章 表妹杜染:2357  第89章 维生素:2063  第90章 父女:2515
          第91章 大练兵:2208  第92章 肺炎:2045  第93章 提车:2095  第94章 痕迹:2689  第95章 邻桌:2090  第96章 较量:2157
          第97章 隔墙有耳:2615  第98章 言行不符:2155  第99章 酒过三巡:2451  第100章 处境:2662  第101章 质问:2878  第102章 规划未来:2575
          第103章 催婚:3000  第104章 邀请做客:2125  第105章 反抗:2993  第106章 带你回家:2740  第107章 撩拨:3212  第108章 晚睡:2535
          第109章 绑架:3097  第110章 急救:2954  第111章 乌鹭:2578  第112章 承诺:2848  第113章 认亲:3926  第114章 开庭:2157
          第115章 楚遥安:2157  第116章 祭拜:2990  第117章 故地重游:2550  第118章 程思:2664  第119章 报案:2449  第120章 地下水道:3010
          第121章 未婚先孕:2626  第122章 欲盖弥彰:2834  第123章 争着做凶手:3011  第124章 正义:3216  第125章 救赎:2595  第126章 真相大白:2270
          第127章 夜市:3064  第128章 医患纠纷:3868  第129章 季宁:2511  第130章 大哥的谈话:3561  第131章 辩护律师:2702  第132章 调侃:3319
          第133章 洗手间的爱意:2813  第134章 冲突:3035  第135章 暴露:2330  第136章 过往:2135  第137章 解救人质:2802  第138章 背叛的真相:2731
          第139章 爆炸:3314  第140章 最后一课:3978  第141章 联合行动:2556  第142章 苏榆临:3104  第143章 收网行动:3048  第144章 落网:3415
          第145章 羁押:3358  第146章 白衣人:2804  第147章 庭审结果:3625  第148章 执念:2891  第149章 生日礼物:3085  第150章 认真学习:3168
          第151章 入局:3061  第152章 陷害:2538  第153章 破局:2778  第154章 打铁花:3709  第155章 学姐:4199  第156章 识破:6030
          第157章 同进退:5061  第158章 拼死抵抗:3667  第159章 放手:2986  第160章 互相牵挂:4636  第161章 愿望成真:3509  第162章 聚众闹事:4524
          第163章 拜年:4325  第164章 布局:4552  第165章 许漾:4000  第166章 季家的小公主:4691  第167章 地下黑拳:4130  第168章 牺牲:4631
          第169章 悼念:3281  第170章 生死线:6915  第171章 过户:4595  第172章 冰川之下:4656  第173章 替代:4413  第174章 黑幕初破:4489
          第175章 无人山林:6850  第176章 家宴:3658  第177章:4687  第178章 以身入局:7432  第179章 游轮旅行:3456  第180章 生死一线:7048
          第181章 蓝色生死恋:6283  第182章 虚与实:3305  第183章 烬别:6443  第184章 心如死灰:4266  第185章 故地重游:3185  第186章 最后的礼物:3456
          第187章 最后一面:5872  第188章 再见:4307  第189章 国外往事[番外]:3203  第190章 雨落无声[番外]:2928  第191章 青梅青梅[番外]:5419  第192章 兰香成诀[番外]:2573

11:18:16  低端者 (南胡唐) [完结]  21p→29章  188KB  OK
          https://www.52shuku.net/gl/03_b/bkcqt.html
          第1章 发癫1:2600  第2章 发癫2:2203  第3章 发癫3:2286  第4章 发癫4:2720  第5章 发癫5:2266  第6章 发癫6:1674
          第7章 发癫7:2129  第8章 发癫8:2245  第9章 发癫9:1674  第10章 发癫10:1649  第11章 发癫11:1643  第12章 发癫12:2707
          第13章 发癫13:3397  第14章 发癫14:2219  第15章 发癫15:1838  第16章 发癫16:2684  第17章 发癫17:2955  第18章 发癫18:2901
          第19章 发癫19:1651  第20章 发癫20:1821  第21章 发癫21:1566  第22章 发癫22:2292  第23章 发癫23:1659  第24章 发癫24:2059
          第25章 发癫25:2034  第26章 发癫26:2310  第27章 发癫27:2636  第28章 发癫28:2694  第29章 发癫29（完）:1826

11:19:11  请愿[灵异] (Ghostslist) [完结]  121p→112章  1056KB  OK
          https://www.52shuku.net/gl/03_b/bkcqs.html
          第1章:3447  第2章:3088  第3章:4406  第4章:3142  第5章:3115  第6章:3111
          第7章:3700  第8章:3027  第9章:3094  第10章:3074  第11章:3163  第12章:3146
          第13章:3102  第14章:3118  第15章:3126  第16章:3096  第17章:3117  第18章:3088
          第19章:3125  第20章:3077  第21章:3056  第22章:3061  第23章:3073  第24章:3105
          第25章:3127  第26章:3224  第27章:3054  第28章:3298  第29章:3039  第30章:3044
          第31章:3061  第32章:3103  第33章:3041  第34章:3063  第35章:3039  第36章:3132
          第37章:3069  第38章:3349  第39章:3050  第40章:3077  第41章:3045  第42章:3055
          第43章:3047  第44章:3126  第45章:3117  第46章:3041  第47章:3066  第48章:3037
          第49章:3090  第50章:3029  第51章:3082  第52章:3013  第53章:3053  第54章:3070
          第55章:3083  第56章:3055  第57章:3064  第58章:3082  第59章:3086  第60章:3070
          第61章:3049  第62章:3176  第63章:3030  第64章:3041  第65章:3031  第66章:3039
          第67章:3038  第68章:3033  第69章:3039  第70章:3053  第71章:3055  第72章:3071
          第73章:3038  第74章:3076  第75章:3053  第76章:3070  第77章:3028  第78章:3046
          第79章:3102  第80章:3030  第81章:3024  第82章:3064  第83章:3057  第84章:3045
          第85章:3099  第86章:3013  第87章:3059  第88章:3032  第89章:3032  第90章:3107
          第91章:3037  第92章:3025  第93章:3135  第94章:3018  第95章:3026  第96章:3073
          第97章:3074  第98章:3049  第99章:3675  第100章:3030  第101章:3112  第102章:3039
          第103章:3294  第104章:3141  第105章:3048  第106章:3152  第107章:3134  第108章:3035
          第109章:3158  第110章:3126  第111章:3210  第112章:2905

11:19:44  无面 (话三更) [完结]  78p  (无章节标记)  685KB  OK
          https://www.52shuku.net/gl/02_b/bkcpb.html
          全文: 229743字

11:21:13  卿之许来 (一心风华) [完结+番外]  231p  (无章节标记)  1982KB  OK
          https://www.52shuku.net/gl/02_b/bkcpa.html
          全文: 665326字

11:22:02  颂之，如歌 (一心风华) [完结]  131p→101章  1139KB  OK
          https://www.52shuku.net/gl/02_b/bkcoZ.html
          第一章:2338  第二章:2467  第三章:2091  第四章:2863  第五章:2383  第六章:2752
          第七章:2390  第八章:1736  第九章:2416  第十章:2060  第十一章:3053  第十二章:2326
          第十三章:2402  第十四章:2265  第十五章:2090  第十六章:2652  第十七章:2626  第十八章:2411
          第十九章:2382  第二十章:2692  第二十一章:2731  第二十二章:2549  第二十三章:2349  第二十四章:2299
          第二十五章:2734  第二十六章:2931  第二十七章:2573  第二十八章:3171  第二十九章:2968  第三十章:3443
          第三十一章:3245  第三十二章:2863  第三十三章:2888  第三十四章:3838  第三十五章:2908  第三十六章:2093
          第三十七章:2860  第三十八章:3031  第三十九章:2853  第四十章:4498  第四十一章:2549  第四十二章:3662
          第四十三章:3134  第四十四章:3194  第四十五章:3605  第四十六章:3575  第四十七章:3175  第四十八章:3871
          第四十九章:30  第五十章:4214  第五十一章:3426  第五十二章:3996  第五十三章:4238  第五十四章:3943
          第五十五章:5233  第五十六章:4572  第五十七章:5320  第五十八章:4975  第五十九章:4135  第六十章:4168
          第六十一章:4225  第六十二章:4701  第六十三章:4645  第六十四章:5008  第六十五章:4207  第六十六章:4167
          第六十七章:4396  第六十八章:4609  第六十九章:6669  第七十章:4571  第七十一章:4217  第七十二章:4494
          第七十三章:6458  第七十四章:4871  第七十五章:4078  第七十六章:4845  第七十七章:4864  第七十八章:4348
          第七十九章:4465  第八十章:4150  第八十一章:5054  第八十二章:5039  第八十三章:4205  第八十四章:3546
          第八十五章:3994  第八十六章:3871  第八十七章:3358  第八十八章:4347  第八十九章:4804  第九十章:4175
          第九十一章:5273  第九十二章:3566  第九十三章:4647  第九十四章:5338  第九十五章:6066  第九十六章:5087
          第九十七章:6105  第九十八章:6368  第九十九章:4357  第一百章:6745  第一百零一章 终章:7508

11:23:24  如何抛弃养成系徒儿 (爱吃披萨的cc) [完结]  220p→188章  1964KB  OK
          https://www.52shuku.net/gl/02_b/bkcoW.html
          第1章 山下来了颗麦子拜师、吃饭:3806  第2章 麦子改名叫越桥你喜欢这个名字吗？……:3150  第3章 越桥乖哭吧哭吧亮光、温暖，还有一个……:3853  第4章 越桥，师尊走啦我也只要有师尊一个师……:3156  第5章 哪里来的叫花子脸怎么这么红？:3115  第6章 麦子好我叫桃子给朋友出头，一点儿都……:3652
          第7章 桃子桃子救救我摔死没人给你收拾。……:3053  第8章 不好那里有妖怪图册所记，紫君子。……:3224  第9章 宗主求求轻点打你个不成器的东西！……:3620  第10章 惟愿能报答师恩这不是教人房/中/术……:3257  第11章 师尊的手镯裂了山上岁月易过。……:3453  第12章 师尊来救越桥啦鱼眼注意到杜越桥……:3297
          第13章 师尊拉她入被窝摇晃晃站在三十上，刺……:3568  第14章 师尊做了个噩梦楚剑衣做了一个很……:3568  第15章 魂兮魂兮离故园夜间下了一场寒雨……:3745  第16章 抱抱我吧求求你苍茫云烟间。……:3290  第17章 向你讨点报酬罢有水击石声，哗啦……:3397  第18章 元亨阁暗窥姻缘瀑布之上。……:3580
          第19章 无恶不作楚剑衣楚剑衣好疲惫，也好憔……:3231  第20章 师尊让她打擂台把尾巴夹好了，不能惹……:3132  第21章 你的血比药还冷“楚剑衣，你的血，真……:3447  第22章 师尊与她渐破冰杜越桥，我们好好谈谈……:3198  第23章 师徒夜话释前嫌抱我，哄我，和我一起……:3107  第24章 我很喜欢师尊的师尊，我愿意跟你走……:3838
          第25章 是我配不上师尊哄哄哭包徒儿:4963  第26章 师尊咱们去拉镖师尊，有鬼啊！:3530  第27章 这欺世盗名之徒师尊，你信我！:3268  第28章 可把师尊气坏了师尊，不能杀人！……:3185  第29章 九曲乐坊曲池柳救命香方。……:3384  第30章 真相原来是这样火烧人渣:3570
          第31章 师尊被她害惨了少主犯法，与庶民同罪……:3320  第32章 师尊挨了好多鞭她给我磕头，要我放了……:3134  第33章 一定要保护师尊不必为我伤害自己。……:3337  第34章 不要着急着长大师尊还在你身边，还能……:3276  第35章 阴招都使给师尊发丝凌乱，面颊潮/红……:3566  第36章 为师心里不舒服陷进背德的欢愉，不知……:3137
          第37章 启程！逍遥剑派稚子无辜。女子无辜。……:3332  第38章 你和郑五娘睡罢她还比不上一匹马么。……:3153  第39章 有为师给你撑腰是个榆木脑袋。……:3160  第40章 站起来，反抗啊惧意消失得无影无踪。……:3163  第41章 冷心冷情的罗刹心痛得难以自抑。:3533  第42章 杜越桥的赎罪记师尊还要我吗？:3577
          第43章 总会与师尊并肩和师尊泡澡。:4544  第44章 江南桃源北逍遥桃源山的桃花扎根疆北……:3324  第45章 老太君有请二位怜爱女儿的慈母。……:3242  第46章 师尊与凌老太君外室生的野种。:3001  第47章 我七日后便回来你不许骗人，我在家等……:3435  第48章 拜托了，无赖！手刃仇人，就在当下—……:3105
          第49章 不姓楚便是外人逆女，你要弑父不成！……:3305  第50章 徒儿闷气生着呢杜越桥，我回来了……:3043  第51章 才不要小师妹呢连句师尊都不愿意喊？……:3094  第52章 只有你一个徒儿叩拜师尊。:3189  第53章 没关系的啦师尊万里挑不出一个的天才……:3470  第54章 师尊收她为徒吧天造地设，名师高徒。……:3286
          第55章 多谢你二位嘞！她恨你，你争知。:3464  第56章 我想去比试比试羞辱她。:4071  第57章 桥姐姐去哪儿了她娘难道会搭理她吗？……:3913  第58章 她为什么可以哭你是要哭的啊…………:3716  第59章 你不要吓师尊啊杜越桥不能死！……:3047  第60章 雪夜孤灯未成眠她重新将人牢牢锁在怀……:3006
          第61章 你还有师尊能靠不要打，要抱。……:3154  第62章 此生不愿辜负君那我呢楚剑衣，那我呢……:3461  第63章 师尊抱抱贴贴！大胆！竟敢扒师尊衣服……:3377  第64章 桥姐姐请嫁给我有心上人了？那我做小……:3144  第65章 顶好顶好的师尊随意地肆意地生长吧，……:3126  第66章 被这女人看光了师尊给她上药。……:2948
          第67章 一支梅花寄君恩亵渎师尊。:3374  第68章 枯梅复生君有情落入一个再熟悉不过的……:3345  第69章 就叫你桥桥儿罢杜师傅asmr:3902  第70章 心的距离拉近了现在还觉得自己不如人……:3161  第71章 别这样看着为师原来是吃了没文化的亏……:3437  第72章 冥冥之志惛惛事无惛惛之事者，无赫赫……:3016
          第73章 透明人般被漠视青梅青梅，两小无猜。……:3087  第74章 风雪仆仆贺生辰紫君子花簪。:3233  第75章 生辰夜独守空房疆北冬无梅。……:3437  第76章 雪夜千里赴山庄三十二朵。我数了一夜……:3496  第77章 轻拢慢捻抹复挑女体n式。:3753  第78章 其身正不令而行衣裳凌乱的雌鸳鸯。……:4257
          第79章 师尊不可辱！！吵哭了。:3441  第80章 是学剑的好苗子日后闯出祸来，不可说……:3737  第81章 逍遥剑派好女风对你产生不该有的感情……:3469  第82章 分明是她的乖徒我……心疼师尊。……:3029  第83章 这叫厚积而薄发不可以如此肖想师尊，……:3075  第84章 初见赛湖好风光将她带到了一个广阔无……:3228
          第85章 不是风动是心动为师为你捏了朵梨花，……:3788  第86章 属于师尊的温度对得起自己就好。:3085  第87章 加油为师看好你擦干净嘴边的血。……:3082  第88章 我不服，她作弊混淆是非，颠倒黑白。……:3169  第89章 实至名归第一名师尊心动。:3078  第90章 喊了五百声师尊喊师尊时，却常常有泪……:3148
          第91章 她是喜欢师尊的这不是爱，是亵渎，是……:3017  第92章 徒儿长大不中留多半是心上有人了。:3328  第93章 师尊吃自己的醋谁准她心上有人！:3232  第94章 师尊流血她流水非要掐腰抽屁股才肯承……:3204  第95章 错吃醋怒压徒儿被她压在身下，无助地……:3144  第96章 又让师尊错吃醋那个姐姐脾气很差，长……:3001
          第97章 师尊下场打鸳鸯就告诉她，她们俩不合……:3088  第98章 入陵宫见大娘子镇海一战，你到底顶替……:3033  第99章 大娘子叙当年事你还记得楚鸿影吗？:3417  第100章 师尊往事难回首像个孩子一样崩溃地哭……:3283  第101章 亏欠楚希微良多出了逍遥剑派，便带你……:3120  第102章 被窝里出个师尊怎样才能让师尊好受些……:3015
          第103章 为师宫寒你暖暖不能对师尊的衣服做那……:3167  第104章 勇护师尊受重伤伤着了我的人，你们今……:3022  第105章 迎接痛楚的到来杜越桥……安全了。……:3202  第106章 中的竟然是情毒和杜越桥欢爱的，是她……:3743  第107章 梦与师尊赴良宵杜越桥，你喜欢为师？……:3026  第108章 钓系师尊已上线就你有小情人，不许为……:3049
          第109章 轮到桥桥吃飞醋我是……师娘的替身吗……:3101  第110章 师尊她又勾又钓师尊你怎么不穿衣服！……:3026  第111章 叶夫人不是贱人海霁？给叶家找了个女……:3199  第112章 叶家姐妹修罗场海霁：你说的野男人，……:3289  第113章 桃源山有千万金海霁叶真副cp往事:3466  第114章 根本没有旧情人为师和你小情人掉水里……:3149
          第115章 被师尊拽上床了你以为，为师喜欢你？……:3439  第116章 鸳鸯被里藏乖徒前有狼后有虎，师尊成……:3309  第117章 谁能来哄哄师尊她只是想……要个人来……:3288  第118章 师恩浩荡无可替师尊入了她的情。梦？……:3184  第119章 楚剑衣，喜欢她答应你的求欢求爱、巫……:3287  第120章 希微不敢怨恨您要怪就怪我，别错怪越……:3107
          第121章 师尊会离开我吗她是未嫁先死的鬼新娘……:3247  第122章 毫不犹豫甩开她你要希微，不要桥桥儿……:3275  第123章 是谁盗走了尸体是凌奉微？还有楚希微……:3077  第124章 小姨你对不起我现在知道后悔了？:3233  第125章 开启南海新地图师尊，璇玑盘好像被我……:3225  第126章 和师尊越走越远变成熟悉而客气的陌生……:3191
          第127章 你哭起来，很烦师尊不是准许我哭吗？……:3218  第128章 没有你这个徒儿赤。裸裸站在师尊面前……:3472  第129章 师尊她们欺负我师傅护不住你，师傅对……:3600  第130章 不许再心疼师尊师尊，你饿不饿，困不……:3386  第131章 就像是在度蜜月师尊心疼不已，师尊幡……:3314  第132章 漫天星雨祝生辰师尊为她下了场流星雨……:3848
          第133章 你走吧离开南海你是折花，还是移花呢……:3194  第134章 失控地强吻师尊我们师徒缘分已尽。……:3171  第135章 师尊为计之深远她要和她生同衾死同穴……:3175  第136章 杀夫杀父杀兄杀弟杀夫杀父，杀兄杀弟……:3223  第137章 不人不鬼楚希微楚剑衣脆弱得近乎一碰……:3458  第138章 希微想照顾小姨这是下三滥的手段吗，……:3513
          第139章 楚小剑仙的祭阵其实她也很害怕。……:3029  第140章 可以一命抵一命我说过要保护她。……:4073  第141章 红衣女侠救的你没有喜欢的人在身边，……:3321  第142章 谁让她们喊师尊哪怕喊一声师尊呢，这……:3247  第143章 你师尊在这儿呢师尊能在徒儿面前抬不……:3227  第144章 把师尊气哭了～她那么冷硬的人也会流……:3569
          第145章 团圆夜崩溃痛哭阿娘，你在哪里啊，剑……:4362  第146章 你何必惺惺作假杜越桥，你以为我看不……:3502  第147章 可恶可恨可耻！求你行行好，让我住在……:3244  第148章 想尽办法刁难她杜越桥凭什么不生气？……:3385  第149章 师尊哭着喊阿娘是徒儿不孝，让师尊受……:3777  第150章 绑住楚剑衣也是楚剑1:3597
          第151章 蒙眼师尊怎么没经验啊。:4618  第152章 浴室慢一点……为师年纪大了，受不住……:4309  第153章 桥桥的事后评论师尊↗，师尊↘，师尊……:3819  第154章 鉴心真人楚遗仙师尊，给你讲个睡前故……:3701  第155章 师尊我们成亲吧杜越桥，阿娘同意你娶……:4500  第156章 亲她抱她举高高谁又在外面敲门？！！……:3382
          第157章 前有宗主后师尊好刺激。:3567  第158章 杀了你们啊啊啊剖腹取鼎。……:3548  第159章 为她求一线生机去极北之地吧，小友。……:3513  第160章 我已是废人一个茫茫四海，无以家为也……:3629  第161章 北宫之女婴儿子桥桥听我讲故事嘛～……:3298  第162章 人间大祸临头啦小桥桥闯大祸。……:4196
          第163章 敢对少主动私刑师徒**，那更有意思……:3565  第164章 桃源山勾结罪犯一介女子之身。一山孤……:3566  第165章 带一枝桃花走吧今年桃花开得格外……:3382  第166章 遇到什么难事了楚长老，我没家了。……:3631  第167章 小姨的巴掌好香为祸天下，你可认罪？……:3383  第168章 剜了她的眼睛去小姨，我们最好欠彼此……:4748
          第169章 桥桥好聪明啊～怎么能剜掉人家眼睛呢……:3587  第170章 月寒日暖来煎人寿唯见月寒日暖，来煎……:4566  第171章 青天高，黄地厚吾不识青天高黄地厚。:3279  第172章 我也能让小姨爽她骗你上床，和自己师……:4826  第173章 有热闹都不去凑枯木逢春就是很容易。……:3418  第174章 海霁待你不薄啊越桥，海霁死了。……:3316
          第175章 她娘是低贱伶人把她压在榻上，强要了……:4026  第176章 死癫公疯子疯子他们是同病相怜的人。……:3768  第177章 她以为她不知道抱紧一点，为师想你。……:3600  第178章 种种如过眼云烟外祖对不住你。:4279  第179章 楚大小姐暖暖床辱我师尊，不可饶恕！……:3836  第180章 双修（1）需要……师尊与我双修。……:3556
          第181章 双修（2）我们偷偷地做，不告诉外人……:3997  第182章 桥桥觉得好看吗好看的，真如神女一般……:3549  第183章 杀无法熬也无法杀他爹个屁滚尿流！……:3235  第184章 最终一战（一）父女相残。:3419  第185章 最终一战（二）此时此刻，另一边……:3754  第186章 最终一战（三）看见女人安然无恙……:3529
          第187章 最终一战（四）她的剑招一开始击……:3130  第188章 大结局正文完镇守……:4852

11:23:34  匿在光影下 (幽幽不默) [完结]  10p  (无章节标记)  76KB  OK
          https://www.52shuku.net/gl/01_b/bkcoE.html
          全文: 25357字

11:23:44  真假千金先婚后爱了 (幽幽不默) [完结]  24p  (无章节标记)  198KB  OK
          https://www.52shuku.net/gl/01_b/bkcoD.html
          全文: 66028字

11:23:53  万人迷她又在钓我 (幽幽不默) [完结]  21p→20章  183KB  OK
          https://www.52shuku.net/gl/01_b/bkcoC.html
          第1章四对耳环:3165  第2章九大囧事:3017  第3章一堆资料:3055  第4章综艺准备:3107  第5章众人初见:3166  第6章抽签选房:3024
          第7章六十元钱:3163  第8章共享晚餐:3088  第9章再遇选择:3129  第10章渔村之行:3053  第11章小鱼吃虾米:3101  第12章能第一绝不第二:3092
          第13章临阵倒戈林晚清:3026  第14章妖孽大嫂:3196  第15章山木呆妹:3216  第16章小姬崽崽:3037  第17章岑宝回国:3075  第18章修罗场:2183
          第19章先来后到:2616  第20章官宣告白:2509

11:24:27  和大秦公主开饭馆的日子 (铅华如初) [完结]  85p→43章  777KB  OK
          https://www.52shuku.net/gl/31_b/bkcnb.html
          第一章 庖厨惊变，初遇子衿:9746  第二章 庖厨初展艺，豆香动频阳:8231  第三章 羊肉泡馍香，贵客慕名来:7530  第四章 明月食肆开张，赵氏套餐风靡:9529  第五章 商业间谍现，将计就计施:7503  第六章 早点新创意，食客排长龙:7952
          第七章 分店开业忙，标准立规范:7965  第八章 贵客临门，御厨来挑战:10251  第九章 东巡消息至，机遇危机并存:9776  第十章 精心备御宴，暗流渐涌动:10075  第十一章 御驾亲临，简在帝心:9682  第十二章 金匾扬名，暗箭难防:6566
          第十三章 连锁扩张，物流先行:8580  第十四章 农庄建设，土豆丰收:7148  第十五章 美食传情报，网络初建成:5965  第十六章 竞争对手联手，商业大战起:5960  第十七章 创新外卖模式，配送网络扩大:7095  第十八章 子衿展才华，经营显锋芒:6313
          第十九章 秦王再关注，机遇又降临:5735  第二十章 风雨欲来，坚定前行:4835  第二十一章 宴席生财，账目分明:4972  第二十二章 加速扩张，咸阳布局:5455  第二十三章 岁末分红，厚赏凝心:2618  第二十四章 上元灯会，情定今宵:6074
          第二十五章 系统推波，感情加速:6299  第二十六章 子衿病发，明月心焦:6230  第二十七章 身份疑云，秦王追问:4445  第二十八章 殿前陈情，金石为开? ?:5595  第二十九章 秦王赐婚，锦瑟初张:4859  第三十章 红烛解语，玉戒鉴心:7929
          第三十一章 新婚燕尔，蓝图新绘:6175  第三十二章 子衿有孕，喜忧参半:5284  第三十三章 暗流涌动，稳渡危机:4326  第三十四章 麟儿降世，名动频阳:3506  第三十五章 献种之功，泽被苍生:3772  第三十六章 商业帝国，隐形首富:2940
          第三十七章 昭襄薨逝，结交新主:3571  第三十八章 始皇亲政，雪中送炭:3766  第三十九章 一统六国，美食开路:2677  第四十章 帝国肇始，急流勇退:4520  第四十一章 言传身教，薪火相传:4760  第四十二章 番外：岁月静好，初心不改:1663
          第四十三章 最终章：人间至味是寻常:2762

11:24:52  黑化系统 (云染墨画) [完结+番外]  59p→58章  497KB  OK
          https://www.52shuku.net/gl/31_b/bkcna.html
          第1章 顶级杀手:1503  第2章 懂事的孩子:2242  第3章 沉默的孩子:2695  第4章 愤怒的孩子:2481  第5章 崩溃的孩子:4312  第6章 黑化任务…失败？！:2422
          第7章 少女的心事:2686  第8章 少女的心事:2437  第9章 少女的心事:3250  第10章 少女的心事:2789  第11章 少女的心事:2442  第12章 少女的心事:2540
          第13章 少女的心碎:3020  第14章 少女的破灭:4207  第15章 潜规则:2723  第16章 潜规则:2850  第17章 潜规则:2413  第18章 潜规则:2728
          第19章 潜规则:2673  第20章 潜规则:2359  第21章 世界黑化启动:3070  第22章 世界黑化启动:3068  第23章 主角光环:2655  第24章 花朵的祈祷:2244
          第25章 花朵的祈祷:2204  第26章 花朵的祈祷:2805  第27章 花朵的祈祷—花牌:2222  第28章 花朵的祈祷:2443  第29章 花朵的祈祷:3820  第30章 花朵的祈祷:2212
          第31章 花朵的祈祷:2179  第32章 花朵的祈祷:2269  第33章 花朵的祈祷:3141  第34章 花朵的祈祷:2197  第35章 试探:2030  第36章 忧郁的画师:2154
          第37章 忧郁的画师:2519  第38章 忧郁的画师:2217  第39章 忧郁的画师:2041  第40章 忧郁的画师:2267  第41章 忧郁的画师:2416  第42章 忧郁的画师:2448
          第43章 忧郁的画师:2479  第44章 忧郁的画师:2051  第45章 忧郁的画师:2539  第46章 忧郁的画师:2280  第47章 忧郁的画师:2806  第48章 忧郁的画师—终章篇:4566
          第49章 争锋对决:2538  第50章 引路人的坚守:5478  第51章 引路人的坚守:4574  第52章 引路人的坚守:5598  第53章 引路人的坚守:2449  第54章 引路人的坚守:2085
          第55章 引路人的坚守:2645  第56章 引路人的坚守:2863  第57章 引路人的坚守:5215  第58章 番外：主神游戏:2694

11:25:29  御用主演 (殷寒山) [完结]  91p→79章  814KB  OK
          https://www.52shuku.net/gl/31_b/bkcmZ.html
          第1章:4383  第2章:4209  第3章:3896  第4章:3148  第5章:3219  第6章:3079
          第7章:2654  第8章:3173  第9章:2936  第10章:3134  第11章:3207  第12章:3504
          第13章:2742  第14章:2527  第15章:3067  第16章:2551  第17章:2791  第18章:3654
          第19章:3598  第20章:3433  第21章:3272  第22章:3157  第23章:2656  第24章:2413
          第25章:3401  第26章:3588  第27章:3675  第28章:2527  第29章:1859  第30章:3405
          第31章:3180  第32章:3542  第33章:3610  第34章:3647  第35章:2519  第36章:3030
          第37章:3450  第38章:3184  第39章:3439  第40章:3627  第41章:3392  第42章:3594
          第43章:3130  第44章:2820  第45章:3642  第46章:3202  第47章:4531  第48章:3580
          第49章:5190  第50章:3415  第51章:3663  第52章:3001  第53章:3633  第54章:3460
          第55章:3453  第56章:3223  第57章:3920  第58章:4762  第59章:3339  第60章:4027
          第61章:3707  第62章:4950  第63章:3425  第64章:3624  第65章:3638  第66章:3297
          第67章:2568  第68章:3469  第69章:4906  第70章:2069  第71章:2146  第72章:5863
          第73章:3631  第74章:3762  第75章:3365  第76章:4101  第77章:6226  第78章 。:514
          第79章 大纲完结:3697

11:25:46  声闻于野 (文南喵) [完结]  44p  (无章节标记)  378KB  OK
          https://www.52shuku.net/gl/30_b/bkcmG.html
          全文: 127491字

11:26:33  长相思 (松山听雨) [完结]  116p  (无章节标记)  969KB  OK
          https://www.52shuku.net/gl/30_b/bkcmF.html
          全文: 322103字

11:27:10  [风声同人] 风声玉梦 (萨孤) [完结+番外]  96p→68章  871KB  OK
          https://www.52shuku.net/gl/30_b/bkcmE.html
          第1章 登上密码船的第一天:4679  第2章 登上密码船的第二天:3680  第3章 还是登上密码船的第二天:3087  第4章 登上密码船的第96个小时:3621  第5章 登上密码船的第97个小时:3228  第6章 登上密码船的倒数第二天:3717
          第7章 登上密码船的倒数第一天:3672  第8章 登上密码船的最后一天:3320  第9章 下船前夕:4783  第10章 终于走下了密码船:4040  第11章 还得去接近她:4200  第12章 展示记忆力的时刻到了:4530
          第13章 那就来比一比:4728  第14章 两人之间的差距:3393  第15章 高野五十弦:3705  第16章 未能参透的书或人:4474  第17章 不会放弃的存在:4776  第18章 入裘庄的第一个夜晚:4476
          第19章 还在进入的第一个夜晚:4462  第20章 拉开的审判序幕:4955  第21章 聒噪的顾上尉:4428  第22章 异变征兆:4066  第23章 今夕何夕与子同舟:4672  第24章 死亡只是另一个开始:5595
          第25章 悠闲怡然的早晨:4006  第26章 笔迹查验:4836  第27章 才要开始死人的:4195  第28章 又是一次试探的庆功宴:4154  第29章 大厅对峙:4893  第30章 真假老汉最后试探:4875
          第31章 二十五岁的生日:4744  第32章 与两个人的交锋:5156  第33章 五人进四人出:4096  第34章 注定死亡的交易:5281  第35章 往事化为灰烬:3533  第36章 审判龙川肥原:5393
          第37章 疑惑与转机:4316  第38章 是生是死:3427  第39章 远远还没有结束:4215  第40章 又一次的裘庄捉鬼（修）:4718  第41章 疑云重重:3038  第42章 有些人过度自信:4560
          第43章 可能也是非常的默契:3418  第44章 葬身裘庄:4228  第45章 金蝉脱壳:4849  第46章 因为就得那么做:5064  第47章 要尽快恢复:4739  第48章 还有没想明白的事:3875
          第49章 危机突袭:4057  第50章 什么都没剩下:4968  第51章 此番别离:4040  第52章 好像没什么用:4306  第53章 望春华年五十弦:4262  第54章 冷:4724
          第55章 蝴蝶已经飞出牢笼:3343  第56章 坏心眼的望春:3811  第57章 难受啊:4743  第58章 献祭计划:5500  第59章 美好的时间:5351  第60章 赌对了:3041
          第61章 焕然一新:4695  第62章 不言欢喜不言爱:4587  第63章 正文完结的倒数第二章:4061  第64章 正文完结:4518  第65章 无忧日记（一）:4339  第66章 无忧日记（二）:3692
          第67章 无忧日记（三）:2483  第68章 无忧日记（四）:2681

11:28:37  快穿之攻略病娇女配 (末班车上的空心人) [完结]  233p→189章  2021KB  OK
          https://www.52shuku.net/gl/29_b/bkclN.html
          第1章:3117  第2章:3153  第3章:2952  第4章:2995  第5章:2377  第6章:2900
          第7章:2972  第8章:2941  第9章:2885  第10章:3238  第11章:2928  第12章:3147
          第13章:3690  第14章:3114  第15章:3512  第16章:3861  第17章:3344  第18章:3239
          第19章:3301  第20章:3003  第21章:3459  第22章:3249  第23章:2938  第24章:2227
          第25章:11257  第26章:3257  第27章:3298  第28章:3271  第29章:3951  第30章:3585
          第31章:3251  第32章:3610  第33章:3701  第34章:3613  第35章:3223  第36章:3345
          第37章:3244  第38章:4231  第39章:5270  第40章:3244  第41章:3915  第42章:3236
          第43章:4313  第44章:3957  第45章:3918  第46章:4926  第47章:4931  第48章:4659
          第49章:3913  第50章:3638  第51章:4248  第52章:3601  第53章:5674  第54章:3935
          第55章:3253  第56章:3239  第57章:3250  第58章:3249  第59章:3252  第60章:4271
          第61章:3238  第62章:3592  第63章:4286  第64章:3600  第65章:3279  第66章:3265
          第67章:4586  第68章:3247  第69章:4010  第70章:4658  第71章:3631  第72章:3245
          第73章:3612  第74章:3259  第75章:3622  第76章:3250  第77章:3583  第78章:3338
          第79章:3258  第80章:3312  第81章:3564  第82章:3243  第83章:3209  第84章:4284
          第85章:4243  第86章:3636  第87章:3227  第88章:5251  第89章:3594  第90章:3621
          第91章:3263  第92章:3355  第93章:3893  第94章:3338  第95章:3231  第96章:3677
          第97章:5581  第98章:4299  第99章:3267  第100章:3282  第101章:3282  第102章:3692
          第103章:3470  第104章:3638  第105章:3277  第106章:3280  第107章:3258  第108章:3250
          第109章:3218  第110章:3263  第111章:3242  第112章:3294  第113章:3318  第114章:3297
          第115章:4233  第116章:3643  第117章:3267  第118章:3323  第119章:3315  第120章:3297
          第121章:3267  第122章:3268  第123章:4265  第124章:3274  第125章:3303  第126章:3613
          第127章:3217  第128章:3308  第129章:3255  第130章:4263  第131章:3248  第132章:3276
          第133章:3293  第134章:4292  第135章:4398  第136章:3237  第137章:3642  第138章:3603
          第139章:4299  第140章:4264  第141章:3267  第142章:3304  第143章:3319  第144章:3255
          第145章:3560  第146章:3269  第147章:3287  第148章:3259  第149章:3322  第150章:3335
          第151章:3290  第152章:3267  第153章:3307  第154章:3219  第155章:3237  第156章:3905
          第157章:3657  第158章:3621  第159章:3284  第160章:3581  第161章:3264  第162章:3294
          第163章:3223  第164章:3282  第165章:3608  第166章:3237  第167章:3224  第168章:3223
          第169章:3910  第170章:3276  第171章:3314  第172章:3279  第173章:3302  第174章:3280
          第175章:3268  第176章:3260  第177章:3324  第178章:3257  第179章:3308  第180章:3233
          第181章:3238  第182章:3274  第183章:3294  第184章:3287  第185章:3340  第186章:3642
          第187章:4269  第188章:3239  第189章:6972

11:30:12  海的女儿[西幻] (烹鲲) [完结]  241p→210章  2115KB  OK
          https://www.52shuku.net/gl/29_b/bkclM.html
          第1章:3217  第2章:3135  第3章:3290  第4章:3267  第5章:3355  第6章:3315
          第7章:3330  第8章:3181  第9章:3118  第10章:3233  第11章:3182  第12章:3248
          第13章:3156  第14章:3317  第15章:3237  第16章:3158  第17章:3286  第18章:3164
          第19章:3307  第20章:3209  第21章:3183  第22章:3158  第23章:3170  第24章:3264
          第25章:3164  第26章:3956  第27章:3443  第28章:3547  第29章:3191  第30章:3247
          第31章:3283  第32章:3148  第33章:3144  第34章:3249  第35章:3198  第36章:3187
          第37章:3191  第38章:3107  第39章:3304  第40章:3773  第41章:3283  第42章:3532
          第43章:3507  第44章:3337  第45章:3152  第46章:3313  第47章:3457  第48章:3609
          第49章:3488  第50章:3421  第51章:3324  第52章:3480  第53章:3207  第54章:3080
          第55章:3406  第56章:3282  第57章:3263  第58章:3810  第59章:3406  第60章:3227
          第61章:3239  第62章:3456  第63章:3451  第64章:3372  第65章:3515  第66章:3562
          第67章:3270  第68章:3304  第69章:3196  第70章:3267  第71章:3393  第72章:3577
          第73章:3245  第74章:3224  第75章:3284  第76章:3232  第77章:3218  第78章:3316
          第79章:3266  第80章:3214  第81章:3322  第82章:3252  第83章:3394  第84章:3329
          第85章:3253  第86章:3219  第87章:3201  第88章:3377  第89章:3336  第90章:3408
          第91章:3258  第92章:3297  第93章:3241  第94章:3521  第95章:3251  第96章:3232
          第97章:3314  第98章:3286  第99章:3357  第100章:3342  第101章:3251  第102章:3493
          第103章:3554  第104章:3179  第105章:3280  第106章:3398  第107章:3352  第108章:3383
          第109章:3311  第110章:3293  第111章:3191  第112章:3333  第113章:3273  第114章:3258
          第115章:3236  第116章:3255  第117章:3404  第118章:3279  第119章:3218  第120章:3399
          第121章:3282  第122章:3196  第123章:3247  第124章:4120  第125章:3208  第126章:3261
          第127章:3389  第128章:3462  第129章:3332  第130章:3177  第131章:3297  第132章:3547
          第133章:3280  第134章:3333  第135章:3183  第136章:3815  第137章:3990  第138章:3447
          第139章:3807  第140章:3376  第141章:3481  第142章:3583  第143章:3599  第144章:3588
          第145章:3303  第146章:3427  第147章:3367  第148章:3697  第149章:3258  第150章:3354
          第151章:3327  第152章:5308  第153章:3349  第154章:3298  第155章:3330  第156章:3527
          第157章:3331  第158章:3737  第159章:3285  第160章:3295  第161章:3216  第162章:3363
          第163章:3264  第164章:3321  第165章:3302  第166章:3911  第167章:3324  第168章:3752
          第169章:3338  第170章:3807  第171章:3403  第172章:3833  第173章:3523  第174章:3516
          第175章:3620  第176章:3451  第177章:3550  第178章:3508  第179章:3238  第180章:3438
          第181章:3223  第182章:3638  第183章:3444  第184章:3234  第185章:3220  第186章:3175
          第187章:3233  第188章:3257  第189章:3278  第190章:3225  第191章:3208  第192章:3302
          第193章:3274  第194章:3533  第195章:3205  第196章:3231  第197章:3353  第198章:3263
          第199章:3224  第200章:3222  第201章:3307  第202章:3210  第203章:3301  第204章:3236
          第205章:3186  第206章:3695  第207章:3284  第208章:3205  第209章:3385  第210章:5568

11:30:50  肮脏的我们出身泥泞 (我牙不好) [完结]  99p→86章  853KB  OK
          https://www.52shuku.net/gl/29_b/bkclL.html
          第1章:3768  第2章:3338  第3章:4037  第4章:3259  第5章:3452  第6章:3346
          第7章:3429  第8章:3479  第9章:3196  第10章:2938  第11章:3530  第12章:3075
          第13章:3154  第14章:3397  第15章:3334  第16章:3533  第17章:3401  第18章:3059
          第19章:3239  第20章:3181  第21章:3251  第22章:3257  第23章:3432  第24章:3124
          第25章:3314  第26章:3212  第27章:3179  第28章:3264  第29章:3189  第30章:3095
          第31章:3234  第32章:3242  第33章:3091  第34章:3110  第35章:3291  第36章:3143
          第37章:3078  第38章:3194  第39章:2876  第40章:3731  第41章:3218  第42章:3065
          第43章:3094  第44章:3082  第45章:3170  第46章:3388  第47章:3049  第48章:3150
          第49章:3469  第50章:3508  第51章:3359  第52章:3114  第53章:3178  第54章:3098
          第55章:3336  第56章:3051  第57章:3182  第58章:3204  第59章:3458  第60章:3058
          第61章:3307  第62章:3056  第63章:3869  第64章:3159  第65章:3209  第66章:3387
          第67章:3247  第68章:3159  第69章:3139  第70章:3392  第71章:3331  第72章:3162
          第73章:3461  第74章:3249  第75章:3165  第76章:3121  第77章:3713  第78章:3202
          第79章:3266  第80章:3119  第81章:3384  第82章:3410  第83章:3184  第84章:3350
          第85章:3176  第86章:3708

11:31:19  执镜照我 (十三刹) [完结]  69p→65章  616KB  OK
          https://www.52shuku.net/gl/29_b/bkclB.html
          第1章 戴安娜:3629  第2章 穿越:3236  第3章 余娜:3377  第4章 早餐:3024  第5章 租房:3031  第6章 上学:3027
          第7章 邻居:3000  第8章 雨:3047  第9章 雨停:3050  第10章 姐姐:2019  第11章 同桌:5012  第12章 国庆:2114
          第13章 天台:3604  第14章 灯泡:3399  第15章 决赛:3013  第16章 丧彪:3010  第17章 鞋子:3015  第18章 生日:3027
          第19章 题:3006  第20章 表姐:3005  第21章 你回来啦:3008  第22章 天地:3454  第23章 晚会:1254  第24章 爸爸:3042
          第25章 别墅:3122  第26章 冬:3102  第27章 家:3029  第28章 想见你:3033  第29章 新年快乐:3169  第30章 等:3041
          第31章 河:3380  第32章 纸:3239  第33章 梦:3032  第34章 菠萝:3067  第35章 友人:3115  第36章 开学:3068
          第37章 少时:3039  第38章 回家:3121  第39章 夜话:3005  第40章 分别:3042  第41章 出发:3025  第42章 日出:3079
          第43章 约定:3032  第44章 新仇:3021  第45章 朋友:3001  第46章 新班:3034  第47章 加油:3019  第48章 再梦:3458
          第49章 低头:3220  第50章 思绪:3232  第51章 马脚:3052  第52章 十七:4221  第53章 两人:3183  第54章 少年:3244
          第55章 庆幸:3762  第56章 黎明前:3013  第57章 毕业:3792  第58章 在路上:3146  第59章 告白:3087  第60章 恶果:3037
          第61章 五年:3017  第62章 来意:3031  第63章 重逢:3634  第64章 小成年人:3086  第65章 我们:3248

11:32:25  谁还不是主角了 (姜澄) [完结+番外]  174p→119章  1498KB  OK
          https://www.52shuku.net/gl/29_b/bkclA.html
          第1章 秘密:3395  第2章 好轴:2418  第3章 好怪:3504  第二章有点短！所以两章连着来了！:19  第4章 交集:3247  第5章 邀请:4636
          第6章 见你:3347  第7章 挺美:4264  第8章 认可:2534  第9章 暗恋:3548  第10章 界限:2901  第11章 矛盾:2860
          第12章 回来:3658  第13章 义务:3529  第14章 情缘:3610  第15章 心思:3589  第16章 糊涂:4980  第17章 家常（1）:4609
          第18章 家常（2）:3947  第19章 话疗:4815  第20章 疼痛:3885  第21章 坦白:4318  第22章 真实:3747  第23章 很秀:3785
          第24章 输了:4189  第25章 主动:4117  第26章 惊人:4224  第27章 贪心:4283  第28章 危机:4944  第29章 因你:7061
          第30章 宿舍:4614  第31章 准备:4081  第32章 步调:4204  第33章 查寝:4251  第34章 班味:4591  第35章 无力:4814
          第36章 主动:4210  第37章 辅食:994  第38章 有病:4629  第39章 意义:5006  第40章 回家:4326  第41章 聪明:4135
          第42章 平静:4779  第43章 惶惑:3897  第44章 发软:4629  第45章 真相:4533  第46章 伤疤:4654  第47章 咒诅:3641
          第48章 卑劣:4177  第49章 无序:3654  第50章 阵痛:4282  第51章 问题:4291  第52章 专业:1903  第53章 愧疚:4634
          第54章 中毒:3583  第55章 探病:4584  第56章 隐秘:4726  第57章 医嘱:4010  第58章 教育:5149  第59章 忍者:3624
          第60章 乱流:4898  第61章 驯化:4332  第62章 难言:3845  第63章 无语:3764  第64章 开解:5240  第65章 检讨:3419
          第66章 笔录:5002  第67章 弥补:5049  第68章 分辨:5000  第69章 见过:3763  第70章 星火:4164  第71章 变化:5249
          第72章 面基:3848  第73章 诈醉:5052  第74章 小赌:2826  第75章 活动:4990  第76章 1%:4044  第77章 等待:4838
          第78章 奔见:4802  第79章 等你:4563  第80章 身边:4539  第81章 炸弹:4262  第82章 吻别:4514  第83章 焦虑:4038
          第84章 自转:4834  第85章 归心:4133  第86章 在家:4810  第87章 难寐:4113  第88章 公平:4077  第89章 生日:4556
          第90章 生日（2）:4595  第91章 不易:4632  第92章 冻雨:4369  第93章 小试:5012  第94章 交手:3801  第95章 家访:5091
          第96章 死了:4212  第97章 补丁01——可怜天下:4364  第98章 棋逢:3731  第99章 孤掷:4550  第100章 更难:4256  第101章 补丁02——就等着吧:1873
          第102章 交代:3235  第103章 唱戏:4455  第104章 见缝:4024  第105章 来了:5429  第106章 放松:4143  第107章 黎明:4770
          第108章 补丁 03——有喜有忧:4512  第109章 补丁04——新年笑料:4283  第110章 补丁05——尽人事听天命:3890  第111章 补丁 06——不速之猫:4534  第112章 补丁 07——情之杳杳:6318  第113章 补丁08——事关温良:6618
          第114章 补丁09——“照顾伤员”:4464  第115章 补丁 10——攻守逆转:3517  第116章 补丁 11——独自旅行:4289  第117章 补丁 12——独自旅行:6844  第118章 后记:9051

11:33:50  西东 (姜澄) [完结+番外]  229p→141章  2038KB  OK
          https://www.52shuku.net/gl/29_b/bkcl9.html
          第1章 起初:4586  第2章 生意:3808  第3章 淼淼:5738  第4章 破碎:3700  第5章 可惜:4540  第6章 投喂:4705
          第7章 坐坐:5385  第8章 听说:5782  第9章 口拙:4887  第10章 娇柔:5117  第11章 拉扯:4096  第12章 可爱:4381
          第13章 企图:4653  第14章 戒断:3885  第15章 是命:5467  第16章 稀客:4461  第17章 回见:5678  第18章 很痛:6301
          第19章 界限:3837  第20章 幽会:5855  第21章 离谱:4695  第22章 保证:4194  第23章 边缘:5325  第24章 包养:4502
          第25章 暖窝:4964  第26章 矜持:5332  第27章 闲着:4006  第28章 朋友:4748  第29章 我在:4507  第30章 跨年:4236
          第31章 欢欣:5743  第32章 害怕:4340  第33章 克制:4387  第34章 来去:4584  第35章 让让:4747  第36章 新欢:4665
          第37章 关系:5072  第38章 初恋:4601  第39章 珍惜:4562  第40章 闲忙:5348  第41章 约会:4908  第42章 好心:4601
          第43章 掐死:5761  第44章 春天:4390  第45章 脆弱:6699  第46章 番外：呆鹅学吻:3598  第47章 话疗:4637  第48章 清净:4295
          第49章 私密:5103  第50章 能吗:4710  第51章 学习:5221  第52章 疤痕:5229  第53章 小别:6432  第54章 坚定:4800
          第55章 感性:4749  第56章 亲子:5809  第57章 变好:5601  第58章 信任:4561  第59章 发酵:5022  第60章 补偿:4088
          第61章 抢食:6755  第62章 疏忽:6839  第63章 装乖:5201  第64章 错了:4653  第65章 夜谈:3906  第66章 回去:5365
          第67章 私奔:4171  第68章 晚起:5067  第69章 DISS:4584  第70章 差距:5472  第71章 烂醉:4467  第72章 远虑:5468
          第73章 关切:4573  第74章 重话:4680  第75章 代际:4542  第76章 啃你:3737  第77章 磨合:5889  第78章 回笼:4580
          第79章 谨慎:4200  第80章 愿望:5045  第81章 辛劳:5302  第82章 忿怒:6184  第83章 平息:4411  第84章 女儿:4934
          第85章 否定:5483  第86章 薄待:3973  第87章 闻闻:5830  第88章 落差:4695  第89章 来客:4490  第90章 旁观:4379
          第91章 氛围:4111  第92章 再回:4470  第93章 浪漫:4809  第94章 未来:4486  第95章 背道:5417  第96章 躁烦:4460
          第97章 秋思:4883  第98章 对线:4603  第99章 轻贱:4510  第100章 顽固:4972  第101章 眼泪:4326  第102章 值得:4076
          第103章 包容:4279  第104章 像你:5670  第105章 麻烦:7394  第106章 向好:4230  第107章 圣诞:6036  第108章 有根:4375
          第109章 再探:4828  第110章 谢谢:4420  第111章 消极:4057  第112章 烟火:4908  第113章 温柔:4862  第114章 干汤:5913
          第115章 瑟缩:4288  第116章 养你:4919  第117章 血脉:4532  第118章 候鸟:3920  第119章 等着:5271  第120章 从此:6079
          第121章 新生:5157  第122章 坏心:4415  第123章 阵痛:4938  第124章 需求:5485  第125章 暑期:4322  第126章 偷闲:4438
          第127章 消化:4741  第128章 无望:4675  第129章 没事:4985  第130章 照顾:4615  第131章 代班:4428  第132章 放野:5834
          第133章 将军:4914  第134章 打算:4623  第135章 挺轴:4414  第136章 适应:4534  第137章 一心:4911  第138章 去往:3981
          第139章 番外：台风有雨:5840  第140章 番外：学会告别:6170  第141章 后记:5930

11:34:32  钱花花 (笋沙丁) [完结]  109p→74章  916KB  OK
          https://www.52shuku.net/gl/28_b/bkcly.html
          第1章 死后重生:3899  第2章 我不耐看吗:2232  第3章 抓小偷啦:2845  第4章 恶毒女配登场:3586  第5章 兴师问罪:3674  第6章 她信仰的:3771
          第7章 我就是特殊:4040  第8章 女厕秘话:4246  第9章 一个玩笑:3982  第10章 绝美闺蜜情:3681  第11章 天上的星星:4514  第12章 玩偶服:4373
          第13章 争执:4576  第14章 和好了:3416  第15章 接力赛开始:4686  第16章 赛后聚餐:4056  第17章 骗人的嘴:4308  第18章 冷静一下:4468
          第19章 好好学习:3972  第20章 飞天小鸡:4716  第21章 一个愿望:4636  第22章 真假千金:4706  第23章 一瞬间长大:5173  第24章 烧吧:4501
          第25章 年幼的恶魔:3735  第26章 木头脑子:4445  第27章 学神送祝福:4731  第28章 秘密武器:5014  第29章 黎小开:5380  第30章 目睹:3664
          第31章 你就演吧:4177  第32章 挺吉利的:4373  第33章 玄学与过山车:3776  第34章 共享的秘密:3862  第35章 二十一次:5628  第36章 山楂糖:4133
          第37章 乔妈炖鹅的乔:3298  第38章 做蛋糕咯:4788  第39章 生日快乐:3748  第40章 人鱼之歌:4708  第41章 钢针雨:4137  第42章 下次见:4013
          第43章 百香果茶:3277  第44章 花开富贵保卫战:3608  第45章 镜中自我:3712  第46章 眼睛好热:3225  第47章 生父梁辉:4483  第48章 你爸长得真像你:4462
          第49章 女将军和皇后:4046  第50章 小挂钩:3061  第51章 海猪:3714  第52章 看鬼:3298  第53章 烤鱼联盟:4077  第54章 谍影重重:4209
          第55章 少年犯:4291  第56章 重逢:3740  第57章 烦闷:3817  第58章 你发疯，我发癫:3794  第59章 错过就是死了:7300  第60章 衣柜开了:3315
          第61章 笔记本:3530  第62章 超度我:3845  第63章 你再说一次…:4412  第64章 谁女朋友这么好看:3282  第65章 粉色小天才:5184  第66章 我错了:3737
          第67章 姐妹:4190  第68章 打是亲骂是爱:3914  第69章 月黑风高鬼上门:4053  第70章 装满的玻璃罐:3184  第71章 狼狈为奸啊:3396  第72章 高！考！啦！:4941
          第73章 散伙饭:3873  第74章 完:3948

